user_id,movie_id,rating
1,7,3
1,15,4
1,26,3
1,31,4
1,61,2
1,93,5
1,107,3
1,110,1
1,122,3
1,124,2
1,125,2
1,128,3
1,130,4
1,137,4
1,154,3
1,156,3
1,175,4
1,184,3
1,185,2
1,191,3
1,197,3
1,202,3
1,206,2
1,207,2
1,233,2
1,240,3
1,253,4
1,255,4
1,261,4
1,263,3
1,266,3
1,267,3
1,269,3
1,292,4
1,308,3
1,315,2
1,316,3
1,332,5
1,337,3
1,345,4
1,346,3
1,348,5
1,352,3
1,368,4
1,375,3
2,3,4
2,8,4
2,9,3
2,10,3
2,11,1
2,12,3
2,13,4
2,15,2
2,16,4
2,19,3
2,20,3
2,23,4
2,27,4
2,29,3
2,31,3
2,34,3
2,35,4
2,36,3
2,44,4
2,47,4
2,52,3
2,54,3
2,57,3
2,63,3
2,66,2
2,73,3
2,76,3
2,77,3
2,79,3
2,80,4
2,85,3
2,87,4
2,89,2
2,90,4
2,93,3
2,98,2
2,102,5
2,103,2
2,104,3
2,107,2
2,110,4
2,111,2
2,113,3
2,114,1
2,117,2
2,119,3
2,120,2
2,122,5
2,126,4
2,130,3
2,131,3
2,136,2
2,137,4
2,138,4
2,139,3
2,142,5
2,143,3
2,144,3
2,147,4
2,150,5
2,151,3
2,152,2
2,153,4
2,154,3
2,157,2
2,159,3
2,160,4
2,161,4
2,164,4
2,174,2
2,175,3
2,177,4
2,179,4
2,180,2
2,184,4
2,186,4
2,187,4
2,188,3
2,190,4
2,198,4
2,200,3
2,201,3
2,202,3
2,206,3
2,208,4
2,210,2
2,212,3
2,213,4
2,215,3
2,216,4
2,217,4
2,220,3
2,221,4
2,223,4
2,225,4
2,228,4
2,231,4
2,232,4
2,233,3
2,234,3
2,235,3
2,236,3
2,237,3
2,239,3
2,240,5
2,242,3
2,250,2
2,252,3
2,255,4
2,256,5
2,258,3
2,260,4
2,261,3
2,262,3
2,266,3
2,270,4
2,271,4
2,272,2
2,275,4
2,276,2
2,277,3
2,283,3
2,284,3
2,286,3
2,290,3
2,291,3
2,293,2
2,296,4
2,300,3
2,307,3
2,308,4
2,309,4
2,311,3
2,314,4
2,315,2
2,317,3
2,319,4
2,328,4
2,329,4
2,330,3
2,331,3
2,333,2
2,334,3
2,336,3
2,338,4
2,339,4
2,342,3
2,344,4
2,345,3
2,346,4
2,347,5
2,348,4
2,350,2
2,354,4
2,355,3
2,356,3
2,361,4
2,364,4
2,366,2
2,368,3
2,370,5
2,371,3
2,372,2
2,375,3
2,379,4
2,380,4
2,381,4
2,384,4
2,388,4
2,390,3
2,391,3
2,393,4
2,394,3
2,399,4
3,1,4
3,4,4
3,5,4
3,8,5
3,9,5
3,15,3
3,17,5
3,24,5
3,27,3
3,29,4
3,33,3
3,34,4
3,38,4
3,48,5
3,50,5
3,53,4
3,64,4
3,71,5
3,74,5
3,80,5
3,87,4
3,88,4
3,98,4
3,114,5
3,122,3
3,125,4
3,127,5
3,135,4
3,136,4
3,138,3
3,144,5
3,154,4
3,156,4
3,160,4
3,181,4
3,182,4
3,186,4
3,188,3
3,195,3
3,198,4
3,206,3
3,210,2
3,217,3
3,227,3
3,252,4
3,255,5
3,262,3
3,263,4
3,269,4
3,281,2
3,286,3
3,296,4
3,297,5
3,300,3
3,301,4
3,305,4
3,315,3
3,316,4
3,319,4
3,333,3
3,338,5
3,340,4
3,345,4
3,348,5
3,356,5
3,357,4
3,360,4
3,368,4
3,375,5
3,384,5
3,391,3
4,5,3
4,31,4
4,35,4
4,49,5
4,63,5
4,64,4
4,76,4
4,79,4
4,80,4
4,87,5
4,88,4
4,94,4
4,95,5
4,107,3
4,112,5
4,126,4
4,128,4
4,146,5
4,158,3
4,160,4
4,164,5
4,184,4
4,198,3
4,200,4
4,209,4
4,211,4
4,213,5
4,243,4
4,249,4
4,255,5
4,277,4
4,306,3
4,315,3
4,329,4
4,333,4
4,335,3
4,336,4
4,345,3
4,348,5
4,355,5
4,356,4
4,365,4
4,372,3
4,376,4
4,387,5
4,388,4
4,392,4
4,393,4
5,10,3
5,26,4
5,38,4
5,42,3
5,48,3
5,74,4
5,77,4
5,107,3
5,122,3
5,137,4
5,139,3
5,143,3
5,153,3
5,160,4
5,183,4
5,200,2
5,253,4
5,269,3
5,284,3
5,295,3
5,301,3
5,303,4
5,309,3
5,310,3
5,315,3
5,316,4
5,319,4
5,326,4
5,327,3
5,328,4
5,333,4
5,340,4
5,354,3
5,357,4
5,373,3
6,3,4
6,6,4
6,7,3
6,12,4
6,16,3
6,29,4
6,34,4
6,38,3
6,42,2
6,50,3
6,55,3
6,59,4
6,60,3
6,67,4
6,70,2
6,71,3
6,76,3
6,79,3
6,80,4
6,87,3
6,88,4
6,91,1
6,97,4
6,100,3
6,110,2
6,122,3
6,125,2
6,181,3
6,184,4
6,185,2
6,188,3
6,190,3
6,202,3
6,207,2
6,213,3
6,215,3
6,216,2
6,217,3
6,220,4
6,230,4
6,234,4
6,237,3
6,238,3
6,240,4
6,244,4
6,247,2
6,253,4
6,258,3
6,261,3
6,264,3
6,266,4
6,269,4
6,272,4
6,275,4
6,281,4
6,282,5
6,284,3
6,289,4
6,295,3
6,301,2
6,305,4
6,308,2
6,313,4
6,315,4
6,318,4
6,319,2
6,327,3
6,330,3
6,332,4
6,333,2
6,334,3
6,339,4
6,341,2
6,344,4
6,345,3
6,350,4
6,355,3
6,357,5
6,363,2
6,373,3
6,376,3
6,391,2
6,394,2
7,2,2
7,9,3
7,24,3
7,35,4
7,58,4
7,60,2
7,64,4
7,73,3
7,96,3
7,130,4
7,172,4
7,180,2
7,223,4
7,226,4
7,254,4
7,266,3
7,273,3
7,288,3
7,313,3
7,319,4
7,329,4
7,330,4
7,348,4
7,350,3
7,352,4
7,353,3
7,354,3
7,356,4
8,2,3
8,8,3
8,11,1
8,19,2
8,28,3
8,31,2
8,38,3
8,39,4
8,40,3
8,42,2
8,47,3
8,50,3
8,53,2
8,54,3
8,60,2
8,67,4
8,69,3
8,71,4
8,73,3
8,74,4
8,76,3
8,78,3
8,79,3
8,82,2
8,83,4
8,87,4
8,93,3
8,110,1
8,111,3
8,117,2
8,120,2
8,121,2
8,122,3
8,124,3
8,125,4
8,130,4
8,134,3
8,137,3
8,139,2
8,142,3
8,143,3
8,146,2
8,151,3
8,152,3
8,154,3
8,161,2
8,166,3
8,174,2
8,177,3
8,183,3
8,184,3
8,189,4
8,193,3
8,195,3
8,201,3
8,202,3
8,203,3
8,208,3
8,216,3
8,217,5
8,220,3
8,223,4
8,227,1
8,228,2
8,232,2
8,240,3
8,243,4
8,245,4
8,246,2
8,249,2
8,253,3
8,255,4
8,256,4
8,257,4
8,269,2
8,272,2
8,276,3
8,277,3
8,287,3
8,293,2
8,296,3
8,300,2
8,301,2
8,307,4
8,308,2
8,312,4
8,315,2
8,316,3
8,321,2
8,323,3
8,329,4
8,330,3
8,333,3
8,337,3
8,339,4
8,345,3
8,346,3
8,348,4
8,350,2
8,352,3
8,353,3
8,356,3
8,357,3
8,358,3
8,366,2
8,370,5
8,372,3
8,375,4
8,382,3
8,384,3
8,389,2
8,393,3
8,394,2
9,12,4
9,23,4
9,34,5
9,44,4
9,48,5
9,74,4
9,80,5
9,89,4
9,97,4
9,114,4
9,121,5
9,122,4
9,125,4
9,129,5
9,132,5
9,134,5
9,170,3
9,177,4
9,189,4
9,209,4
9,220,2
9,227,5
9,234,4
9,255,4
9,258,4
9,266,4
9,291,3
9,300,4
9,301,4
9,315,2
9,316,5
9,319,5
9,327,2
9,331,3
9,333,4
9,336,5
9,337,4
9,339,4
9,345,3
9,350,4
9,351,5
9,354,3
9,364,5
9,381,5
9,388,5
10,10,4
10,11,1
10,12,3
10,13,3
10,20,3
10,26,3
10,29,4
10,31,3
10,34,3
10,47,2
10,48,3
10,52,3
10,57,2
10,73,2
10,80,5
10,88,4
10,92,3
10,93,4
10,127,3
10,147,4
10,168,4
10,184,3
10,203,3
10,206,4
10,232,4
10,251,5
10,253,3
10,255,4
10,258,4
10,259,4
10,276,3
10,278,4
10,288,3
10,290,3
10,293,2
10,302,4
10,307,4
10,316,5
10,319,3
10,331,5
10,339,4
10,357,3
10,362,3
10,368,3
10,380,4
10,384,4
10,385,3
11,3,4
11,8,3
11,13,5
11,20,4
11,23,4
11,50,5
11,52,3
11,54,3
11,74,4
11,88,3
11,93,5
11,95,5
11,98,4
11,127,4
11,174,3
11,176,3
11,189,5
11,190,2
11,222,3
11,234,4
11,237,4
11,250,5
11,253,5
11,255,4
11,263,4
11,316,4
11,325,5
11,328,5
11,332,4
11,348,5
11,353,5
11,371,5
11,378,4
11,381,4
11,384,5
11,394,4
12,5,4
12,8,3
12,9,3
12,11,2
12,13,3
12,15,3
12,20,3
12,23,3
12,30,4
12,34,3
12,35,2
12,38,3
12,69,4
12,73,3
12,74,4
12,79,4
12,80,4
12,86,2
12,87,3
12,88,2
12,90,2
12,97,2
12,103,3
12,107,3
12,109,2
12,115,3
12,116,4
12,122,4
12,124,3
12,125,3
12,127,2
12,130,4
12,134,3
12,137,4
12,145,4
12,146,2
12,151,4
12,153,3
12,154,4
12,156,4
12,163,2
12,164,4
12,166,1
12,169,3
12,180,3
12,183,4
12,185,3
12,187,4
12,188,2
12,189,3
12,190,1
12,191,2
12,193,3
12,198,4
12,200,3
12,206,3
12,207,2
12,208,4
12,212,2
12,213,4
12,217,4
12,218,3
12,220,3
12,232,4
12,236,3
12,237,2
12,238,2
12,240,3
12,247,4
12,249,3
12,253,4
12,255,3
12,260,3
12,261,2
12,268,3
12,269,2
12,276,3
12,278,3
12,283,5
12,285,3
12,290,3
12,296,4
12,299,3
12,300,4
12,301,3
12,307,3
12,308,4
12,315,3
12,316,4
12,319,4
12,320,3
12,328,4
12,329,3
12,330,3
12,332,5
12,333,3
12,336,3
12,337,3
12,345,3
12,346,2
12,351,4
12,352,3
12,353,4
12,356,4
12,357,4
12,360,3
12,363,3
12,368,3
12,370,4
12,373,3
12,374,2
12,381,4
12,388,3
12,393,3
12,396,4
12,398,3
12,399,3
13,1,5
13,2,4
13,5,5
13,6,4
13,7,3
13,8,4
13,9,5
13,10,5
13,12,4
13,13,5
13,15,4
13,18,4
13,19,5
13,24,4
13,25,3
13,26,4
13,27,3
13,29,4
13,31,3
13,33,3
13,38,5
13,44,4
13,49,4
13,52,3
13,53,3
13,59,3
13,61,5
13,63,4
13,64,4
13,71,4
13,72,3
13,73,3
13,74,5
13,76,3
13,78,4
13,79,5
13,80,5
13,82,5
13,84,4
13,85,4
13,87,4
13,88,4
13,89,4
13,93,5
13,96,3
13,97,3
13,98,4
13,103,4
13,105,3
13,109,3
13,110,4
13,111,3
13,113,5
13,114,5
13,115,4
13,116,5
13,119,2
13,120,4
13,127,5
13,128,4
13,129,5
13,130,5
13,134,5
13,137,5
13,138,4
13,139,3
13,142,4
13,143,3
13,147,4
13,151,4
13,153,4
13,155,5
13,156,5
13,160,5
13,164,5
13,166,2
13,169,4
13,170,3
13,172,3
13,173,4
13,176,3
13,182,3
13,183,3
13,184,4
13,186,3
13,187,4
13,189,2
13,191,4
13,195,5
13,200,3
13,205,4
13,206,4
13,210,4
13,211,4
13,212,2
13,213,3
13,216,4
13,217,5
13,218,4
13,219,4
13,221,4
13,223,5
13,227,5
13,233,4
13,234,4
13,235,3
13,237,3
13,238,4
13,239,4
13,244,5
13,245,4
13,246,4
13,248,3
13,249,4
13,252,3
13,253,4
13,254,5
13,255,4
13,258,4
13,259,5
13,260,4
13,261,3
13,266,4
13,269,4
13,272,4
13,275,5
13,277,4
13,278,4
13,280,4
13,281,4
13,283,5
13,284,4
13,285,4
13,286,2
13,288,4
13,290,3
13,291,4
13,293,3
13,294,3
13,295,4
13,296,4
13,297,4
13,298,4
13,300,5
13,305,5
13,306,3
13,308,3
13,309,4
13,311,4
13,313,3
13,314,4
13,315,3
13,316,5
13,321,5
13,322,4
13,323,5
13,327,4
13,329,5
13,330,5
13,331,3
13,333,3
13,335,5
13,337,3
13,338,4
13,339,4
13,341,3
13,343,3
13,345,3
13,346,4
13,348,5
13,350,3
13,351,3
13,353,4
13,354,4
13,356,3
13,357,5
13,358,3
13,360,5
13,363,3
13,365,3
13,368,4
13,369,3
13,370,5
13,372,3
13,374,3
13,375,5
13,378,3
13,379,4
13,380,5
13,384,4
13,385,4
13,387,4
13,388,5
13,389,5
13,391,4
13,394,3
13,395,3
13,397,3
13,399,4
14,3,5
14,13,5
14,23,5
14,25,4
14,31,5
14,41,4
14,44,3
14,67,4
14,104,2
14,110,3
14,118,4
14,122,4
14,146,4
14,158,5
14,163,5
14,164,5
14,175,4
14,198,4
14,210,4
14,233,5
14,249,5
14,266,4
14,277,5
14,284,4
14,293,3
14,315,4
14,330,4
14,350,4
14,351,5
14,353,5
14,357,5
14,370,5
14,379,5
14,393,4
15,12,4
15,35,4
15,44,3
15,64,4
15,67,5
15,79,4
15,93,5
15,115,4
15,143,4
15,154,4
15,161,4
15,191,3
15,200,5
15,217,4
15,234,4
15,252,5
15,253,5
15,258,4
15,281,3
15,286,4
15,290,5
15,295,4
15,299,4
15,301,4
15,309,4
15,315,4
15,316,4
15,330,5
15,346,4
15,353,4
15,370,4
15,377,5
15,382,5
15,390,4
16,6,2
16,8,4
16,25,2
16,28,3
16,34,3
16,67,4
16,76,3
16,85,2
16,88,3
16,90,2
16,94,4
16,98,3
16,110,4
16,115,3
16,138,3
16,143,3
16,144,3
16,148,3
16,151,1
16,177,4
16,223,4
16,232,3
16,233,3
16,240,3
16,245,4
16,255,4
16,266,1
16,273,3
16,276,3
16,283,3
16,296,3
16,297,3
16,301,3
16,315,2
16,320,3
16,326,3
16,330,4
16,337,2
16,344,2
16,345,2
16,346,3
16,368,3
16,384,4
16,388,4
16,393,4
17,6,3
17,10,3
17,13,3
17,22,3
17,30,2
17,34,4
17,35,4
17,48,4
17,59,4
17,71,5
17,74,4
17,87,4
17,88,3
17,119,2
17,122,3
17,124,4
17,127,4
17,128,3
17,130,3
17,138,3
17,150,4
17,154,3
17,159,4
17,160,4
17,167,5
17,172,4
17,189,4
17,204,4
17,206,2
17,226,3
17,234,3
17,237,3
17,241,2
17,242,2
17,250,3
17,267,3
17,276,4
17,279,4
17,289,3
17,301,2
17,312,3
17,314,3
17,315,2
17,319,4
17,326,4
17,328,4
17,333,3
17,343,2
17,345,2
17,346,3
17,348,5
17,361,3
17,370,4
17,377,4
17,382,4
18,6,4
18,8,3
18,10,4
18,11,1
18,12,4
18,13,4
18,17,2
18,20,4
18,33,4
18,34,4
18,39,3
18,41,4
18,54,3
18,63,5
18,66,4
18,74,4
18,78,3
18,79,3
18,80,5
18,84,3
18,88,4
18,90,3
18,93,4
18,103,3
18,111,3
18,115,2
18,120,3
18,122,4
18,129,5
18,134,4
18,142,4
18,144,4
18,146,3
18,147,4
18,153,5
18,158,2
18,162,5
18,168,4
18,169,4
18,172,3
18,184,3
18,190,3
18,200,4
18,206,4
18,208,4
18,211,3
18,212,2
18,213,3
18,217,4
18,232,5
18,233,4
18,234,5
18,237,3
18,240,5
18,242,4
18,244,3
18,247,5
18,252,4
18,255,5
18,259,5
18,261,3
18,264,4
18,269,5
18,275,3
18,288,3
18,295,3
18,300,3
18,316,5
18,327,3
18,328,4
18,331,3
18,332,3
18,336,5
18,338,4
18,343,4
18,346,4
18,348,4
18,350,2
18,353,3
18,354,5
18,355,4
18,357,2
18,360,5
18,364,4
18,365,2
18,368,4
18,369,3
18,370,5
18,376,4
18,384,4
19,8,3
19,9,5
19,10,2
19,15,4
19,34,4
19,56,3
19,88,3
19,122,3
19,171,3
19,190,3
19,193,3
19,213,4
19,215,3
19,237,4
19,252,4
19,256,5
19,261,2
19,264,4
19,308,4
19,316,3
19,347,5
19,384,3
20,8,4
20,15,3
20,23,4
20,25,3
20,34,4
20,42,3
20,54,3
20,73,3
20,74,3
20,76,2
20,79,3
20,87,3
20,94,2
20,110,3
20,130,3
20,154,3
20,163,3
20,169,3
20,175,2
20,185,3
20,190,3
20,193,4
20,197,4
20,198,3
20,217,4
20,220,3
20,234,4
20,237,3
20,255,5
20,261,3
20,289,3
20,299,3
20,301,4
20,309,3
20,311,2
20,316,4
20,321,3
20,323,4
20,329,4
20,332,4
20,333,4
20,338,3
20,356,5
20,357,3
20,363,3
20,364,4
20,366,3
20,374,4
20,376,4
20,384,4
20,385,2
21,11,3
21,15,4
21,23,5
21,34,5
21,51,3
21,67,5
21,71,4
21,78,4
21,84,4
21,85,3
21,87,3
21,96,3
21,107,2
21,118,4
21,122,5
21,127,4
21,130,4
21,131,4
21,138,3
21,147,4
21,150,5
21,151,4
21,160,4
21,163,4
21,173,4
21,180,4
21,184,4
21,190,3
21,193,4
21,198,4
21,200,5
21,206,3
21,236,4
21,243,4
21,246,4
21,252,4
21,255,4
21,256,5
21,259,3
21,279,4
21,284,4
21,285,3
21,290,3
21,313,5
21,316,5
21,333,3
21,337,5
21,346,4
21,348,5
21,350,4
21,353,4
21,360,5
21,364,5
21,369,4
21,370,5
21,372,4
22,9,4
22,23,4
22,29,3
22,42,3
22,47,2
22,53,2
22,67,4
22,78,3
22,87,4
22,122,3
22,125,3
22,139,3
22,146,3
22,159,4
22,160,3
22,163,4
22,172,2
22,175,2
22,191,3
22,197,3
22,208,4
22,210,2
22,213,4
22,237,5
22,239,4
22,240,3
22,244,5
22,246,3
22,255,3
22,258,3
22,269,3
22,277,4
22,284,3
22,286,3
22,288,3
22,299,4
22,304,4
22,316,3
22,328,4
22,329,4
22,336,3
22,345,3
22,353,3
22,356,4
22,357,4
22,362,2
22,379,4
23,10,3
23,11,2
23,34,3
23,48,4
23,80,3
23,82,2
23,87,3
23,93,3
23,98,2
23,107,1
23,114,3
23,122,3
23,137,4
23,160,4
23,163,2
23,194,3
23,210,2
23,211,2
23,217,3
23,228,3
23,232,3
23,237,3
23,239,3
23,241,2
23,258,2
23,294,2
23,299,4
23,313,3
23,355,2
23,364,3
23,385,3
23,388,4
23,394,3
23,399,3
24,3,5
24,5,4
24,6,4
24,8,4
24,9,3
24,10,4
24,12,4
24,15,4
24,17,4
24,25,4
24,28,3
24,29,4
24,31,3
24,33,3
24,37,5
24,40,4
24,42,3
24,45,4
24,48,5
24,49,5
24,51,4
24,54,4
24,60,4
24,62,4
24,64,5
24,65,3
24,67,5
24,70,2
24,71,5
24,73,4
24,74,5
24,76,4
24,79,5
24,80,5
24,83,4
24,87,4
24,88,4
24,93,4
24,97,4
24,99,4
24,100,4
24,101,3
24,103,2
24,104,3
24,109,4
24,110,4
24,111,5
24,116,4
24,120,5
24,122,5
24,125,4
24,127,4
24,128,4
24,129,5
24,130,5
24,131,4
24,134,4
24,137,5
24,138,3
24,139,4
24,143,4
24,144,4
24,147,4
24,149,5
24,152,4
24,154,5
24,156,5
24,159,3
24,162,5
24,164,5
24,167,5
24,169,2
24,172,3
24,173,5
24,178,4
24,181,5
24,185,3
24,190,3
24,195,4
24,200,4
24,201,3
24,206,5
24,208,4
24,213,4
24,214,4
24,217,5
24,219,5
24,223,5
24,225,5
24,228,4
24,232,4
24,233,4
24,234,5
24,236,5
24,237,4
24,244,5
24,246,4
24,252,4
24,254,5
24,255,5
24,257,4
24,261,4
24,266,5
24,269,5
24,271,5
24,275,4
24,277,5
24,283,4
24,284,4
24,286,3
24,287,3
24,290,5
24,293,3
24,300,4
24,301,4
24,303,5
24,305,3
24,309,3
24,314,4
24,315,3
24,316,4
24,319,5
24,320,4
24,323,5
24,325,4
24,330,4
24,333,3
24,338,4
24,339,5
24,343,4
24,345,4
24,346,4
24,348,5
24,351,4
24,352,5
24,353,4
24,354,5
24,357,5
24,361,4
24,363,4
24,366,3
24,367,4
24,368,4
24,370,5
24,372,5
24,376,4
24,381,5
24,382,5
24,384,5
24,385,5
24,388,5
24,390,4
24,395,3
24,396,4
25,18,4
25,19,3
25,20,3
25,24,3
25,28,3
25,63,3
25,64,4
25,82,4
25,84,5
25,87,3
25,88,3
25,95,4
25,98,2
25,107,1
25,110,2
25,122,3
25,153,4
25,160,4
25,167,4
25,186,3
25,189,4
25,198,2
25,200,3
25,206,4
25,210,4
25,233,2
25,257,3
25,266,4
25,269,3
25,275,4
25,299,4
25,303,4
25,309,4
25,315,3
25,316,4
25,325,4
25,333,3
25,345,2
25,348,4
25,362,3
25,370,4
25,372,2
25,379,4
26,6,3
26,24,4
26,35,3
26,48,3
26,50,3
26,57,3
26,67,4
26,76,3
26,87,4
26,137,4
26,143,2
26,151,4
26,203,3
26,232,3
26,237,3
26,244,3
26,253,3
26,258,3
26,261,4
26,272,3
26,281,4
26,284,3
26,310,3
26,316,4
26,319,3
26,326,4
26,327,4
26,329,4
26,331,3
26,335,4
26,336,3
26,339,4
26,340,3
26,345,3
26,346,3
26,365,2
26,391,3
27,3,3
27,22,3
27,23,4
27,27,2
27,34,4
27,35,5
27,48,4
27,80,4
27,133,3
27,159,2
27,161,3
27,186,3
27,205,3
27,211,3
27,280,3
27,293,4
27,301,4
27,333,2
27,349,2
27,353,3
27,386,3
28,7,3
28,8,3
28,15,3
28,25,3
28,31,2
28,34,3
28,35,3
28,42,3
28,43,3
28,44,4
28,72,3
28,74,3
28,80,4
28,82,4
28,88,3
28,122,4
28,125,3
28,127,4
28,138,3
28,148,3
28,154,3
28,160,3
28,163,3
28,180,3
28,181,4
28,206,4
28,212,2
28,220,3
28,223,3
28,227,3
28,240,4
28,241,2
28,243,2
28,245,3
28,251,3
28,255,3
28,266,2
28,269,3
28,289,4
28,292,3
28,307,3
28,308,3
28,314,3
28,319,3
28,329,5
28,334,3
28,335,3
28,345,4
28,351,4
28,375,4
28,381,4
29,15,4
29,19,5
29,38,4
29,41,4
29,50,4
29,71,5
29,75,4
29,80,4
29,83,4
29,84,4
29,104,2
29,111,3
29,116,5
29,119,2
29,122,5
29,130,4
29,139,3
29,162,5
29,173,3
29,182,4
29,184,4
29,196,4
29,235,4
29,257,2
29,275,3
29,294,3
29,296,3
29,309,3
29,316,4
29,323,4
29,348,5
29,354,4
29,355,3
29,400,4
30,2,3
30,5,3
30,12,3
30,15,4
30,19,3
30,23,4
30,25,4
30,31,4
30,41,2
30,48,4
30,52,3
30,62,4
30,73,3
30,87,5
30,88,4
30,122,4
30,125,4
30,127,4
30,146,4
30,151,4
30,155,4
30,164,4
30,172,3
30,173,4
30,185,3
30,188,5
30,189,4
30,199,4
30,201,2
30,205,3
30,217,3
30,222,4
30,234,4
30,244,2
30,255,5
30,266,3
30,267,3
30,282,4
30,284,4
30,288,3
30,289,4
30,291,4
30,292,3
30,293,3
30,297,4
30,301,4
30,307,3
30,309,3
30,319,2
30,333,3
30,334,3
30,335,3
30,346,3
30,348,4
30,349,4
30,351,4
30,354,4
30,355,3
30,360,4
30,382,3
30,388,3
30,392,4
30,393,4
31,11,3
31,19,4
31,20,4
31,23,4
31,27,3
31,67,5
31,87,4
31,88,4
31,95,5
31,124,5
31,125,3
31,144,5
31,151,5
31,152,4
31,154,4
31,172,4
31,184,3
31,198,3
31,212,3
31,213,3
31,226,4
31,227,5
31,236,4
31,237,5
31,247,3
31,252,4
31,261,3
31,262,4
31,269,4
31,272,4
31,275,3
31,277,3
31,284,4
31,291,5
31,295,3
31,296,4
31,297,4
31,316,3
31,319,4
31,327,2
31,337,4
31,339,5
31,344,4
31,346,5
31,348,4
31,357,5
31,368,5
31,372,2
31,374,5
31,382,4
31,388,4
31,394,4
31,396,3
32,2,4
32,13,4
32,17,4
32,20,4
32,31,3
32,34,3
32,36,4
32,64,5
32,67,4
32,73,4
32,76,4
32,80,5
32,85,3
32,88,3
32,110,4
32,115,4
32,122,4
32,125,3
32,132,3
32,146,3
32,153,3
32,173,4
32,175,4
32,182,5
32,184,2
32,200,3
32,217,4
32,231,5
32,232,3
32,234,3
32,237,3
32,253,3
32,255,5
32,269,5
32,276,4
32,298,4
32,308,4
32,316,4
32,319,2
32,329,5
32,339,3
32,343,4
32,346,3
32,354,3
32,355,3
32,362,4
32,381,5
32,384,4
32,394,3
33,11,1
33,12,4
33,15,3
33,21,3
33,24,2
33,34,3
33,54,3
33,73,3
33,80,5
33,84,3
33,99,4
33,121,4
33,127,4
33,128,4
33,132,3
33,143,3
33,144,5
33,192,2
33,206,4
33,210,5
33,233,3
33,245,4
33,255,3
33,258,4
33,262,2
33,277,3
33,291,2
33,294,3
33,315,3
33,331,4
33,371,4
34,5,3
34,8,3
34,12,3
34,19,3
34,24,5
34,27,3
34,76,4
34,78,4
34,88,3
34,95,5
34,115,3
34,120,4
34,122,3
34,130,3
34,139,3
34,166,3
34,169,5
34,181,3
34,200,3
34,217,4
34,238,2
34,243,4
34,246,4
34,247,4
34,261,4
34,288,4
34,296,4
34,299,4
34,301,4
34,315,4
34,349,3
34,352,3
34,363,3
34,373,3
34,389,3
35,2,3
35,3,3
35,8,3
35,9,3
35,11,2
35,15,3
35,17,3
35,22,3
35,23,3
35,25,3
35,31,1
35,32,2
35,48,3
35,60,3
35,67,4
35,71,4
35,88,3
35,110,2
35,120,4
35,125,2
35,128,3
35,145,4
35,167,4
35,168,3
35,175,3
35,181,4
35,197,4
35,198,3
35,200,3
35,208,2
35,212,2
35,217,3
35,219,4
35,226,4
35,227,2
35,230,3
35,235,3
35,237,3
35,244,3
35,249,3
35,251,4
35,255,3
35,269,2
35,273,3
35,275,2
35,297,3
35,298,2
35,299,3
35,315,1
35,319,3
35,322,3
35,329,4
35,333,3
35,334,4
35,336,4
35,338,2
35,351,3
35,355,3
35,357,4
35,361,3
35,362,2
35,373,3
35,380,2
35,384,3
35,385,3
35,394,2
35,396,2
36,2,3
36,6,5
36,8,5
36,9,3
36,10,3
36,11,3
36,12,4
36,13,4
36,14,2
36,15,4
36,19,4
36,20,3
36,22,5
36,24,4
36,26,5
36,27,4
36,28,3
36,29,4
36,30,4
36,31,4
36,34,4
36,36,5
36,38,4
36,42,4
36,44,3
36,48,3
36,50,5
36,58,4
36,59,3
36,63,5
36,66,4
36,68,4
36,71,4
36,73,4
36,74,4
36,76,4
36,77,4
36,79,4
36,80,5
36,81,4
36,82,4
36,84,4
36,87,4
36,88,5
36,90,4
36,92,4
36,99,4
36,103,4
36,108,4
36,113,4
36,117,3
36,120,3
36,122,4
36,125,4
36,127,4
36,130,4
36,131,4
36,134,5
36,139,3
36,142,3
36,146,4
36,147,4
36,152,3
36,156,4
36,159,5
36,164,5
36,166,3
36,168,4
36,172,5
36,174,4
36,175,3
36,180,3
36,181,4
36,185,3
36,189,5
36,190,4
36,193,4
36,197,3
36,198,4
36,199,4
36,200,5
36,202,4
36,205,4
36,206,4
36,208,5
36,210,4
36,211,3
36,212,3
36,213,5
36,216,4
36,217,5
36,221,3
36,222,5
36,223,4
36,227,4
36,228,3
36,232,4
36,233,3
36,237,3
36,238,3
36,244,4
36,245,5
36,247,4
36,249,4
36,255,5
36,256,4
36,257,3
36,258,5
36,259,5
36,261,3
36,266,4
36,267,3
36,268,4
36,269,5
36,271,5
36,274,4
36,275,4
36,277,4
36,278,4
36,281,5
36,283,4
36,284,4
36,285,4
36,287,5
36,289,4
36,290,4
36,291,4
36,293,3
36,298,5
36,299,4
36,300,4
36,301,4
36,302,5
36,303,4
36,305,5
36,306,3
36,307,4
36,309,4
36,310,4
36,315,3
36,319,4
36,321,4
36,323,5
36,324,5
36,326,4
36,329,5
36,330,4
36,331,4
36,332,4
36,333,4
36,334,4
36,337,4
36,339,4
36,343,4
36,345,3
36,350,4
36,353,4
36,354,4
36,355,3
36,357,4
36,362,5
36,363,3
36,366,2
36,368,5
36,375,5
36,377,4
36,378,4
36,379,5
36,381,3
36,382,4
36,384,5
36,385,3
36,386,4
36,388,5
36,389,3
36,391,3
36,392,4
36,393,4
36,394,4
36,400,4
37,9,3
37,12,4
37,19,3
37,21,2
37,27,4
37,31,4
37,33,4
37,42,3
37,48,4
37,54,4
37,64,5
37,67,4
37,70,1
37,76,3
37,85,3
37,87,4
37,89,3
37,91,4
37,110,4
37,123,3
37,125,3
37,137,4
37,153,3
37,164,5
37,167,4
37,172,3
37,176,4
37,189,4
37,191,4
37,194,2
37,217,3
37,238,3
37,245,4
37,249,5
37,254,3
37,255,5
37,269,5
37,301,3
37,308,3
37,315,4
37,318,4
37,321,4
37,326,3
37,330,4
37,333,3
37,342,3
37,345,4
37,346,3
37,347,4
37,360,4
37,366,2
37,368,5
37,370,5
37,381,5
37,384,4
37,385,3
37,388,4
37,390,4
38,8,3
38,9,3
38,10,1
38,12,2
38,15,2
38,25,4
38,34,2
38,44,3
38,61,2
38,64,3
38,73,2
38,76,2
38,79,3
38,80,4
38,83,3
38,88,3
38,92,3
38,95,4
38,115,2
38,138,2
38,146,3
38,152,3
38,159,4
38,167,4
38,170,3
38,202,3
38,203,3
38,226,3
38,227,2
38,237,2
38,238,2
38,249,3
38,257,2
38,261,2
38,269,3
38,272,3
38,287,3
38,289,3
38,301,2
38,305,2
38,313,3
38,319,3
38,326,3
38,333,2
38,335,3
38,350,3
38,352,3
38,357,4
38,360,2
38,391,3
38,394,2
38,397,2
39,2,3
39,3,4
39,9,3
39,13,5
39,15,4
39,20,3
39,23,3
39,24,4
39,25,4
39,26,4
39,27,3
39,28,4
39,34,4
39,40,4
39,44,4
39,48,4
39,49,5
39,52,3
39,64,3
39,67,5
39,68,2
39,69,3
39,71,3
39,72,3
39,73,3
39,74,3
39,75,3
39,79,4
39,82,2
39,84,5
39,87,3
39,88,4
39,95,3
39,99,3
39,105,3
39,110,1
39,111,5
39,112,3
39,115,3
39,117,3
39,122,2
39,123,3
39,126,5
39,130,4
39,132,4
39,137,4
39,139,4
39,156,3
39,159,3
39,163,4
39,166,3
39,169,4
39,170,4
39,172,3
39,184,4
39,188,3
39,191,3
39,194,4
39,197,3
39,198,2
39,201,4
39,202,3
39,206,3
39,211,2
39,217,3
39,220,3
39,224,2
39,225,2
39,228,3
39,232,2
39,233,2
39,234,4
39,237,3
39,244,3
39,245,4
39,246,4
39,255,4
39,256,3
39,258,4
39,261,3
39,269,4
39,272,4
39,273,3
39,277,4
39,281,2
39,285,3
39,297,3
39,298,4
39,301,3
39,302,4
39,307,3
39,312,3
39,313,3
39,315,3
39,316,4
39,319,3
39,321,3
39,323,4
39,326,4
39,328,4
39,329,3
39,333,3
39,335,5
39,339,5
39,344,3
39,345,3
39,346,4
39,347,4
39,348,5
39,353,3
39,355,3
39,357,5
39,360,4
39,362,3
39,365,3
39,368,4
39,370,4
39,379,4
39,381,3
39,382,4
39,383,4
39,384,3
39,388,5
39,390,3
39,391,2
39,392,3
39,394,3
39,396,4
40,8,3
40,12,4
40,13,4
40,14,2
40,24,4
40,27,3
40,29,4
40,34,3
40,53,3
40,64,5
40,78,4
40,80,5
40,129,4
40,130,5
40,137,5
40,142,5
40,143,3
40,160,5
40,183,5
40,201,4
40,208,4
40,234,4
40,240,4
40,254,4
40,255,4
40,269,4
40,270,4
40,292,3
40,297,4
40,330,5
40,348,4
40,357,5
40,363,4
40,371,4
40,377,4
40,396,3
41,6,4
41,8,4
41,27,3
41,47,4
41,54,3
41,76,4
41,79,4
41,84,3
41,87,3
41,120,3
41,125,3
41,128,5
41,151,3
41,184,5
41,202,4
41,205,4
41,216,4
41,232,5
41,234,4
41,239,3
41,255,4
41,269,5
41,281,4
41,288,5
41,289,4
41,354,3
41,361,4
41,378,3
42,5,4
42,23,5
42,31,3
42,35,4
42,48,5
42,61,3
42,66,3
42,73,3
42,76,2
42,80,5
42,87,4
42,96,3
42,103,3
42,114,4
42,115,3
42,122,5
42,125,4
42,127,2
42,139,4
42,151,4
42,157,4
42,159,3
42,176,4
42,186,3
42,187,4
42,202,4
42,206,4
42,213,4
42,217,4
42,219,5
42,251,4
42,259,4
42,261,3
42,266,4
42,283,4
42,289,4
42,294,2
42,296,3
42,318,4
42,319,3
42,321,4
42,331,3
42,364,4
42,382,4
43,5,3
43,7,4
43,10,2
43,12,3
43,13,5
43,16,3
43,18,4
43,20,3
43,25,4
43,34,4
43,38,5
43,42,3
43,43,4
43,53,3
43,54,4
43,55,2
43,56,2
43,57,3
43,63,4
43,64,4
43,65,3
43,67,4
43,68,4
43,69,3
43,71,4
43,76,5
43,79,4
43,80,4
43,82,4
43,84,4
43,85,3
43,88,3
43,90,3
43,93,4
43,96,2
43,98,4
43,103,4
43,110,3
43,114,4
43,117,3
43,122,3
43,125,3
43,127,4
43,131,3
43,132,2
43,143,3
43,144,3
43,146,3
43,150,4
43,151,4
43,154,5
43,159,4
43,164,4
43,167,3
43,169,5
43,189,5
43,191,3
43,199,4
43,201,3
43,205,4
43,206,3
43,207,3
43,215,4
43,217,3
43,219,5
43,223,4
43,224,3
43,232,4
43,233,4
43,237,4
43,239,3
43,240,3
43,245,4
43,246,2
43,248,3
43,255,4
43,258,3
43,262,3
43,263,4
43,266,4
43,274,4
43,275,4
43,277,4
43,278,3
43,281,3
43,283,4
43,286,3
43,291,5
43,308,3
43,310,4
43,315,2
43,316,5
43,318,4
43,319,3
43,320,3
43,331,4
43,335,4
43,339,4
43,346,3
43,348,5
43,350,3
43,353,3
43,354,2
43,355,2
43,357,4
43,363,3
43,368,4
43,370,4
43,372,3
43,381,3
43,384,4
43,385,4
43,388,4
43,400,4
44,22,5
44,32,3
44,34,3
44,42,3
44,66,3
44,79,4
44,80,4
44,110,3
44,122,3
44,142,4
44,151,3
44,154,4
44,159,3
44,160,4
44,186,3
44,202,4
44,206,4
44,213,4
44,217,4
44,255,4
44,269,5
44,285,4
44,293,3
44,302,4
44,315,3
44,319,5
44,320,3
44,342,3
44,348,4
44,353,3
44,354,3
44,360,5
44,370,5
44,384,5
44,397,3
45,2,4
45,6,4
45,8,4
45,11,3
45,12,5
45,13,5
45,15,4
45,28,5
45,34,4
45,40,3
45,46,5
45,48,5
45,61,4
45,71,4
45,74,5
45,76,3
45,77,5
45,79,4
45,80,5
45,84,4
45,86,4
45,95,5
45,98,4
45,111,3
45,117,3
45,120,3
45,134,5
45,137,5
45,142,5
45,143,3
45,151,4
45,153,5
45,154,5
45,156,5
45,164,5
45,167,5
45,172,4
45,177,4
45,181,4
45,183,4
45,184,5
45,198,4
45,200,5
45,217,5
45,223,4
45,232,4
45,234,5
45,237,4
45,255,4
45,256,5
45,257,3
45,261,4
45,281,5
45,292,4
45,306,4
45,309,4
45,316,4
45,317,5
45,319,5
45,321,5
45,325,4
45,326,4
45,330,4
45,332,5
45,333,4
45,346,4
45,348,5
45,351,4
45,354,5
45,357,5
45,363,4
45,364,5
45,381,5
45,384,5
45,390,3
45,396,5
45,399,3
45,400,4
46,13,3
46,18,4
46,19,2
46,48,3
46,79,3
46,93,4
46,143,2
46,184,3
46,190,3
46,195,3
46,217,3
46,222,3
46,226,3
46,251,3
46,255,3
46,261,3
46,269,3
46,284,3
46,293,1
46,304,3
46,315,2
46,319,4
46,320,2
46,333,3
46,339,3
46,348,4
46,353,2
46,355,3
46,361,2
46,366,2
46,382,3
46,396,2
46,399,3
47,3,3
47,5,3
47,9,2
47,12,2
47,13,3
47,17,4
47,23,3
47,25,2
47,26,3
47,31,1
47,34,3
47,42,2
47,44,3
47,46,3
47,48,3
47,50,3
47,63,2
47,74,4
47,78,4
47,79,3
47,80,3
47,82,2
47,84,3
47,87,2
47,88,2
47,94,2
47,95,3
47,107,1
47,109,2
47,110,2
47,113,3
47,115,2
47,120,3
47,125,3
47,128,2
47,135,3
47,136,3
47,137,5
47,142,4
47,143,2
47,144,3
47,146,3
47,151,3
47,160,5
47,169,2
47,172,2
47,175,2
47,177,2
47,182,4
47,186,2
47,190,3
47,191,2
47,197,3
47,202,2
47,206,3
47,208,3
47,212,2
47,240,4
47,244,4
47,246,2
47,247,2
47,248,2
47,249,2
47,252,4
47,254,4
47,257,2
47,261,2
47,266,3
47,269,3
47,275,3
47,276,3
47,277,4
47,281,3
47,288,2
47,293,2
47,296,3
47,302,3
47,303,4
47,306,2
47,316,4
47,319,3
47,332,4
47,333,4
47,338,3
47,339,4
47,343,2
47,344,3
47,345,4
47,348,4
47,351,3
47,354,2
47,357,3
47,360,3
47,362,3
47,366,2
47,368,2
47,370,4
47,375,2
47,379,4
47,381,4
47,382,3
47,384,5
47,387,2
47,388,4
47,392,3
47,393,3
47,396,2
47,399,2
48,2,4
48,3,4
48,8,2
48,13,4
48,25,4
48,29,3
48,38,3
48,48,3
48,76,4
48,84,4
48,88,3
48,94,3
48,104,2
48,115,4
48,122,3
48,125,4
48,137,5
48,139,4
48,140,3
48,150,4
48,157,4
48,176,3
48,178,4
48,181,4
48,189,5
48,191,3
48,198,4
48,201,2
48,213,4
48,219,5
48,221,3
48,228,3
48,234,3
48,253,4
48,255,3
48,275,4
48,277,4
48,284,3
48,292,3
48,297,5
48,301,3
48,308,3
48,309,5
48,315,3
48,316,4
48,332,5
48,335,4
48,348,5
48,357,4
48,368,4
48,369,4
48,384,5
49,3,4
49,9,2
49,10,3
49,11,2
49,14,1
49,15,3
49,23,4
49,25,2
49,27,3
49,28,4
49,29,4
49,31,2
49,35,3
49,38,4
49,41,4
49,47,3
49,48,4
49,50,5
49,53,4
49,54,3
49,59,3
49,67,5
49,71,4
49,73,3
49,74,4
49,76,3
49,79,4
49,81,4
49,83,3
49,84,4
49,85,2
49,88,2
49,93,3
49,103,2
49,106,3
49,107,3
49,109,2
49,110,3
49,113,4
49,114,4
49,115,3
49,122,4
49,125,4
49,127,4
49,131,4
49,132,2
49,134,4
49,139,4
49,143,3
49,146,3
49,147,4
49,151,4
49,152,4
49,153,3
49,154,4
49,156,5
49,171,3
49,172,3
49,177,5
49,180,2
49,181,3
49,182,4
49,184,3
49,186,4
49,189,4
49,190,2
49,193,3
49,194,4
49,198,4
49,200,3
49,202,2
49,204,4
49,205,3
49,206,3
49,209,4
49,210,3
49,211,2
49,213,3
49,216,3
49,217,3
49,223,5
49,225,3
49,232,3
49,233,4
49,237,3
49,238,3
49,240,4
49,245,4
49,253,4
49,254,2
49,255,3
49,256,4
49,259,4
49,261,3
49,266,3
49,269,4
49,275,2
49,282,4
49,283,3
49,284,4
49,290,3
49,291,4
49,293,2
49,300,3
49,302,3
49,303,3
49,306,3
49,308,3
49,309,2
49,315,2
49,316,4
49,317,2
49,318,3
49,320,2
49,321,2
49,323,4
49,325,3
49,328,3
49,331,3
49,333,3
49,336,4
49,338,4
49,345,4
49,346,4
49,348,4
49,350,3
49,353,4
49,356,3
49,360,3
49,363,3
49,365,3
49,366,3
49,368,3
49,372,3
49,376,4
49,377,3
49,379,4
49,381,4
49,384,4
49,387,5
49,390,2
49,392,3
49,393,3
49,396,2
49,397,2
49,399,2
50,12,4
50,15,3
50,17,2
50,24,3
50,26,4
50,31,3
50,34,4
50,48,5
50,54,3
50,63,3
50,64,4
50,73,3
50,80,4
50,87,4
50,88,4
50,98,3
50,116,4
50,122,3
50,128,4
50,134,3
50,135,5
50,139,3
50,143,4
50,147,3
50,160,2
50,169,3
50,172,3
50,181,4
50,184,4
50,186,4
50,205,3
50,211,4
50,214,4
50,227,5
50,233,3
50,234,4
50,237,3
50,269,4
50,276,4
50,277,4
50,284,3
50,289,4
50,290,4
50,291,5
50,293,4
50,309,4
50,329,4
50,333,4
50,346,4
50,348,5
50,350,3
50,351,4
50,353,2
50,354,5
50,357,5
50,359,3
50,370,4
50,384,5
50,396,3
51,8,4
51,29,4
51,40,4
51,87,4
51,88,3
51,93,4
51,107,2
51,113,5
51,129,5
51,143,4
51,160,4
51,162,5
51,169,4
51,173,4
51,213,4
51,253,4
51,254,4
51,269,4
51,270,4
51,278,4
51,299,4
51,301,3
51,326,2
51,333,4
51,346,5
51,356,4
51,360,4
51,365,2
51,384,4
51,389,3
51,391,4
52,3,4
52,5,3
52,6,3
52,8,3
52,11,3
52,13,3
52,18,3
52,23,5
52,25,4
52,27,3
52,29,4
52,34,3
52,42,3
52,44,3
52,48,3
52,52,3
52,54,4
52,60,2
52,61,3
52,64,4
52,66,3
52,73,3
52,74,3
52,76,4
52,79,3
52,80,5
52,84,3
52,86,3
52,88,3
52,92,4
52,93,3
52,108,2
52,114,4
52,121,2
52,122,4
52,128,3
52,133,4
52,139,2
52,146,3
52,151,3
52,155,4
52,156,4
52,160,3
52,163,4
52,167,3
52,169,3
52,170,4
52,171,4
52,184,3
52,185,2
52,189,4
52,201,3
52,202,3
52,211,4
52,212,3
52,219,3
52,223,3
52,225,3
52,228,3
52,234,3
52,240,3
52,246,3
52,249,3
52,255,4
52,266,2
52,269,4
52,276,4
52,293,2
52,295,4
52,300,4
52,307,3
52,308,4
52,314,3
52,316,5
52,319,2
52,337,2
52,338,3
52,344,3
52,346,3
52,347,2
52,348,5
52,354,4
52,357,2
52,373,2
52,384,4
52,391,5
52,394,3
52,396,3
52,399,3
53,3,3
53,31,2
53,54,3
53,66,3
53,80,4
53,84,5
53,87,3
53,110,3
53,126,5
53,130,4
53,147,3
53,181,3
53,198,3
53,202,3
53,229,3
53,234,3
53,240,3
53,244,3
53,250,3
53,300,4
53,315,4
53,333,3
53,346,3
53,353,3
53,357,5
54,2,4
54,5,3
54,6,3
54,8,3
54,9,3
54,10,4
54,11,3
54,12,3
54,14,2
54,15,4
54,16,3
54,17,4
54,18,3
54,19,4
54,20,4
54,22,4
54,23,3
54,24,3
54,25,3
54,27,3
54,28,3
54,31,2
54,33,3
54,34,3
54,37,3
54,38,5
54,39,4
54,40,4
54,41,3
54,42,4
54,43,3
54,44,4
54,48,4
54,50,5
54,51,3
54,53,4
54,54,3
54,55,4
54,58,5
54,59,3
54,60,3
54,61,3
54,63,3
54,64,4
54,65,2
54,66,3
54,67,4
54,68,3
54,69,3
54,70,3
54,71,5
54,73,2
54,74,4
54,76,3
54,78,4
54,81,4
54,83,3
54,84,4
54,85,3
54,87,4
54,88,4
54,89,3
54,90,4
54,93,4
54,94,3
54,95,4
54,97,3
54,98,3
54,99,4
54,101,3
54,102,4
54,104,2
54,106,5
54,107,2
54,108,4
54,109,4
54,110,4
54,111,3
54,114,4
54,115,4
54,117,3
54,118,3
54,119,4
54,121,3
54,122,4
54,124,3
54,125,3
54,128,4
54,129,3
54,130,5
54,134,3
54,135,4
54,136,3
54,137,5
54,139,2
54,141,4
54,143,2
54,144,4
54,146,4
54,147,5
54,149,3
54,154,4
54,155,5
54,156,4
54,160,3
54,161,5
54,162,4
54,163,4
54,164,5
54,166,3
54,167,4
54,171,3
54,172,3
54,173,5
54,174,2
54,175,4
54,177,4
54,181,5
54,184,4
54,186,3
54,187,3
54,189,4
54,190,3
54,195,4
54,197,4
54,198,5
54,199,4
54,200,3
54,201,2
54,203,3
54,205,3
54,206,4
54,207,2
54,208,4
54,210,3
54,212,3
54,215,4
54,216,4
54,219,5
54,220,3
54,221,3
54,223,5
54,224,3
54,226,4
54,227,2
54,228,3
54,230,4
54,231,4
54,232,3
54,234,3
54,236,4
54,239,3
54,240,4
54,241,3
54,242,2
54,244,4
54,245,4
54,246,3
54,247,4
54,249,4
54,250,4
54,252,3
54,253,4
54,254,3
54,255,4
54,256,5
54,257,3
54,258,4
54,259,3
54,261,3
54,262,3
54,263,3
54,264,3
54,266,3
54,269,4
54,275,4
54,276,4
54,277,3
54,282,4
54,284,3
54,285,3
54,288,4
54,293,2
54,296,3
54,297,3
54,298,4
54,299,3
54,300,4
54,301,3
54,302,4
54,303,3
54,308,4
54,309,4
54,310,5
54,313,3
54,315,3
54,316,4
54,318,3
54,319,5
54,321,4
54,323,3
54,324,3
54,326,3
54,327,3
54,329,5
54,331,4
54,333,3
54,338,4
54,339,4
54,341,3
54,344,3
54,345,2
54,346,3
54,348,4
54,350,1
54,351,3
54,352,5
54,354,4
54,355,3
54,356,4
54,358,3
54,360,4
54,362,3
54,363,4
54,364,3
54,366,3
54,368,3
54,369,3
54,370,5
54,373,3
54,375,4
54,377,4
54,379,3
54,381,4
54,382,4
54,383,3
54,384,5
54,385,3
54,386,4
54,389,4
54,390,5
54,391,4
54,392,4
54,394,3
54,396,3
54,397,2
54,400,3
55,11,3
55,12,3
55,13,4
55,18,3
55,20,3
55,34,3
55,64,4
55,70,2
55,71,3
55,78,3
55,115,2
55,130,2
55,161,4
55,176,3
55,186,3
55,198,2
55,224,2
55,255,3
55,271,3
55,286,1
55,300,3
55,316,4
55,319,2
55,320,3
55,327,2
55,333,2
55,335,2
55,346,3
55,377,3
56,9,3
56,10,2
56,22,3
56,42,3
56,122,3
56,155,4
56,167,3
56,170,3
56,200,3
56,202,3
56,246,2
56,277,3
56,283,3
56,284,2
56,287,3
56,290,4
56,310,4
56,316,3
56,320,4
56,333,3
56,346,2
56,348,4
56,365,2
56,370,4
56,372,3
56,375,3
56,377,4
56,381,3
57,1,4
57,28,4
57,50,3
57,61,2
57,80,4
57,84,4
57,86,2
57,88,1
57,97,3
57,113,3
57,125,3
57,139,3
57,153,3
57,159,3
57,198,2
57,219,4
57,254,2
57,284,2
57,306,2
57,320,3
57,326,5
57,329,4
57,338,2
57,343,3
57,356,4
57,366,1
57,379,4
57,399,3
58,3,3
58,5,2
58,7,4
58,9,3
58,11,2
58,25,4
58,28,2
58,29,3
58,30,2
58,31,3
58,34,3
58,36,4
58,38,4
58,39,2
58,51,4
58,54,4
58,61,3
58,63,4
58,65,3
58,67,3
58,71,4
58,73,3
58,76,3
58,79,2
58,81,4
58,84,5
58,85,1
58,87,3
58,88,3
58,93,3
58,96,3
58,98,2
58,110,3
58,114,3
58,125,3
58,131,4
58,134,3
58,142,3
58,143,2
58,154,2
58,159,3
58,169,4
58,181,4
58,184,3
58,190,3
58,202,4
58,205,3
58,206,3
58,207,2
58,208,2
58,213,4
58,216,2
58,217,4
58,223,5
58,228,2
58,233,3
58,240,3
58,246,2
58,253,3
58,254,4
58,258,3
58,266,2
58,267,4
58,269,3
58,275,2
58,277,4
58,278,2
58,283,4
58,286,3
58,290,3
58,293,4
58,300,3
58,312,3
58,315,2
58,316,4
58,323,2
58,334,3
58,338,2
58,352,2
58,353,4
58,355,3
58,363,3
58,367,3
58,368,3
58,370,4
58,373,2
58,381,4
58,388,3
58,392,4
58,393,4
58,394,4
58,397,3
58,398,3
59,5,3
59,6,3
59,7,2
59,8,2
59,12,2
59,13,4
59,14,2
59,17,2
59,25,4
59,31,3
59,34,4
59,36,2
59,38,3
59,47,4
59,48,4
59,59,3
59,61,2
59,71,4
59,79,3
59,81,2
59,83,3
59,87,4
59,93,4
59,103,2
59,112,3
59,120,3
59,122,4
59,123,3
59,135,5
59,139,3
59,145,4
59,146,2
59,154,3
59,157,3
59,172,3
59,181,2
59,189,4
59,191,2
59,194,2
59,197,3
59,206,3
59,220,3
59,223,4
59,224,2
59,226,3
59,230,4
59,238,3
59,239,4
59,240,3
59,241,2
59,242,3
59,244,5
59,249,3
59,258,3
59,261,3
59,266,4
59,269,2
59,271,4
59,276,5
59,284,3
59,287,4
59,293,3
59,295,3
59,296,4
59,301,4
59,306,3
59,309,4
59,315,2
59,316,4
59,325,3
59,333,2
59,341,2
59,344,3
59,345,4
59,348,5
59,351,4
59,354,3
59,370,3
59,379,4
59,380,3
59,391,3
59,393,4
59,396,3
60,13,4
60,29,3
60,34,3
60,35,3
60,61,3
60,85,3
60,86,3
60,127,3
60,144,5
60,151,4
60,160,5
60,173,4
60,177,5
60,202,4
60,232,5
60,237,3
60,240,5
60,255,5
60,258,4
60,266,4
60,275,3
60,280,3
60,290,4
60,316,4
60,370,5
60,371,4
60,374,2
60,381,3
60,394,4
60,396,5
61,2,4
61,3,5
61,4,4
61,8,4
61,11,2
61,15,4
61,19,4
61,25,3
61,27,4
61,29,3
61,30,4
61,31,3
61,34,3
61,48,4
61,50,4
61,53,3
61,54,4
61,61,3
61,63,3
61,64,3
61,67,5
61,71,4
61,72,3
61,74,4
61,76,3
61,79,3
61,80,4
61,81,4
61,82,3
61,84,4
61,85,3
61,87,3
61,88,3
61,90,3
61,93,5
61,94,3
61,105,3
61,107,3
61,110,2
61,111,3
61,113,5
61,120,4
61,125,3
61,127,3
61,131,3
61,137,4
61,138,3
61,142,3
61,143,3
61,146,4
61,147,4
61,148,3
61,150,3
61,151,3
61,156,4
61,157,3
61,160,4
61,165,4
61,166,2
61,167,5
61,169,3
61,171,3
61,172,4
61,173,4
61,175,3
61,176,3
61,177,3
61,180,2
61,181,4
61,188,4
61,189,5
61,190,4
61,198,3
61,199,3
61,206,4
61,209,3
61,210,4
61,212,3
61,213,4
61,214,3
61,217,4
61,220,3
61,222,4
61,225,4
61,230,4
61,232,4
61,233,3
61,237,3
61,239,4
61,242,3
61,243,3
61,246,3
61,248,3
61,249,3
61,252,4
61,253,4
61,256,5
61,261,3
61,263,5
61,267,4
61,268,3
61,270,4
61,272,4
61,274,4
61,279,4
61,283,3
61,284,4
61,289,4
61,290,4
61,293,3
61,297,3
61,298,2
61,299,4
61,301,3
61,302,4
61,313,3
61,319,3
61,322,3
61,323,3
61,329,4
61,333,4
61,337,3
61,338,4
61,342,3
61,343,3
61,344,4
61,345,3
61,348,5
61,349,3
61,351,3
61,353,3
61,354,3
61,356,4
61,357,4
61,359,3
61,363,4
61,364,4
61,365,2
61,366,3
61,368,4
61,372,3
61,373,4
61,377,3
61,378,4
61,379,4
61,382,5
61,385,3
61,388,5
61,389,3
61,391,2
61,392,3
61,393,4
61,396,4
61,399,3
62,3,4
62,5,2
62,11,3
62,13,4
62,17,3
62,26,5
62,30,3
62,34,3
62,42,3
62,44,4
62,45,4
62,48,3
62,49,4
62,50,5
62,66,3
62,67,4
62,80,4
62,85,3
62,98,3
62,109,2
62,110,3
62,119,2
62,122,4
62,125,3
62,129,5
62,130,2
62,137,4
62,155,3
62,213,5
62,217,4
62,219,4
62,223,4
62,228,4
62,232,4
62,233,4
62,240,3
62,253,4
62,255,4
62,260,5
62,264,4
62,269,3
62,277,4
62,284,4
62,290,4
62,301,4
62,307,4
62,315,3
62,324,5
62,329,4
62,330,4
62,333,4
62,340,2
62,344,3
62,345,3
62,354,4
62,357,5
62,364,4
62,366,3
62,370,5
62,377,4
62,387,4
62,389,3
62,390,4
62,394,3
62,398,4
63,2,2
63,6,3
63,10,3
63,13,5
63,24,5
63,42,3
63,48,4
63,56,3
63,64,2
63,67,3
63,73,3
63,76,3
63,87,4
63,93,3
63,98,3
63,118,3
63,122,3
63,133,4
63,164,5
63,172,4
63,181,4
63,184,4
63,197,3
63,206,3
63,208,3
63,215,3
63,222,4
63,234,3
63,235,3
63,240,3
63,255,4
63,257,3
63,258,4
63,277,4
63,282,4
63,303,4
63,305,3
63,309,3
63,315,4
63,317,5
63,319,3
63,325,3
63,326,4
63,327,3
63,332,3
63,333,4
63,344,4
63,345,2
63,346,3
63,348,4
63,350,3
63,354,3
63,360,4
63,365,3
63,369,4
63,372,2
63,381,4
63,396,3
64,6,3
64,10,3
64,12,2
64,20,4
64,23,4
64,27,3
64,31,3
64,42,3
64,43,2
64,48,3
64,54,2
64,56,2
64,61,3
64,62,4
64,71,2
64,73,3
64,74,3
64,79,1
64,84,3
64,88,3
64,93,3
64,95,3
64,107,2
64,110,3
64,114,2
64,115,3
64,122,4
64,125,4
64,127,3
64,139,1
64,140,2
64,155,3
64,161,3
64,182,3
64,185,2
64,198,2
64,201,2
64,205,2
64,211,2
64,220,3
64,230,1
64,234,3
64,237,2
64,249,2
64,260,3
64,272,2
64,277,2
64,298,5
64,299,2
64,300,2
64,301,2
64,313,3
64,315,2
64,319,3
64,321,2
64,348,4
64,351,3
64,354,4
64,355,3
64,363,3
64,370,4
64,375,3
64,384,2
64,386,2
64,390,3
64,394,3
64,396,3
64,398,4
65,7,4
65,8,4
65,9,4
65,12,4
65,13,5
65,18,4
65,31,4
65,35,5
65,38,4
65,44,5
65,69,4
65,74,4
65,80,5
65,87,5
65,88,4
65,95,4
65,98,4
65,100,4
65,108,3
65,120,5
65,122,4
65,127,5
65,138,4
65,139,4
65,146,4
65,151,4
65,156,5
65,159,5
65,172,5
65,181,5
65,189,5
65,190,3
65,200,5
65,204,4
65,206,5
65,212,4
65,220,4
65,223,5
65,233,4
65,237,5
65,249,3
65,255,4
65,275,4
65,292,4
65,293,3
65,308,5
65,312,4
65,316,5
65,319,4
65,320,5
65,322,5
65,323,5
65,329,5
65,333,5
65,345,4
65,348,5
65,352,5
65,354,4
65,355,4
65,357,5
65,364,5
65,367,3
65,369,5
65,370,5
65,377,4
65,384,5
65,388,5
66,8,3
66,9,4
66,41,3
66,54,4
66,74,4
66,88,3
66,107,3
66,114,5
66,133,3
66,149,3
66,160,4
66,187,4
66,201,4
66,210,4
66,223,3
66,237,3
66,269,4
66,345,4
66,357,3
66,362,4
66,365,4
66,392,5
66,393,3
67,10,4
67,13,4
67,27,5
67,28,5
67,32,3
67,45,3
67,52,3
67,67,5
67,73,4
67,78,4
67,88,4
67,103,2
67,124,4
67,129,4
67,130,3
67,132,2
67,134,4
67,138,3
67,141,3
67,144,4
67,149,4
67,158,4
67,190,4
67,225,5
67,228,5
67,237,4
67,257,4
67,273,3
67,277,3
67,290,4
67,291,4
67,301,4
67,307,3
67,315,2
67,323,4
67,325,4
67,328,5
67,339,4
67,345,3
67,346,5
67,351,4
67,355,5
67,356,4
67,365,4
67,375,4
67,377,4
67,381,3
67,392,5
67,394,2
67,400,4
68,3,4
68,6,3
68,8,3
68,10,3
68,12,2
68,13,4
68,25,3
68,31,2
68,33,3
68,38,4
68,65,2
68,71,4
68,73,3
68,74,3
68,76,3
68,79,4
68,88,4
68,91,1
68,99,4
68,122,2
68,125,3
68,126,4
68,130,4
68,137,3
68,138,3
68,142,4
68,147,3
68,156,5
68,181,4
68,189,3
68,201,2
68,202,3
68,213,3
68,237,3
68,244,5
68,248,3
68,249,3
68,255,3
68,261,3
68,271,4
68,281,5
68,286,2
68,297,4
68,308,3
68,326,4
68,329,4
68,332,4
68,333,3
68,336,4
68,346,2
68,348,4
68,353,2
68,357,5
68,368,4
68,380,4
68,396,3
69,3,4
69,7,4
69,13,5
69,21,3
69,45,3
69,48,4
69,56,3
69,64,4
69,77,4
69,78,2
69,79,3
69,80,4
69,86,3
69,87,4
69,88,2
69,93,4
69,98,3
69,109,2
69,110,2
69,114,4
69,115,3
69,125,4
69,127,4
69,128,2
69,130,4
69,137,4
69,146,4
69,151,3
69,154,4
69,160,4
69,174,2
69,177,3
69,183,5
69,194,4
69,219,3
69,225,2
69,232,4
69,234,4
69,237,3
69,245,4
69,249,4
69,250,3
69,251,3
69,258,3
69,261,1
69,265,2
69,269,3
69,271,4
69,286,3
69,290,4
69,292,2
69,296,2
69,303,5
69,313,4
69,315,2
69,316,3
69,325,3
69,333,3
69,339,4
69,342,2
69,345,2
69,354,3
69,360,3
69,364,4
69,370,4
69,384,4
69,390,3
69,393,4
69,400,3
70,2,3
70,3,4
70,5,3
70,13,4
70,20,5
70,23,4
70,25,3
70,26,3
70,28,3
70,29,2
70,31,3
70,34,3
70,40,2
70,42,3
70,47,3
70,48,3
70,57,3
70,61,3
70,66,2
70,67,4
70,69,3
70,72,4
70,73,4
70,74,3
70,78,3
70,79,4
70,80,4
70,84,3
70,86,3
70,87,3
70,88,3
70,93,3
70,97,3
70,98,3
70,103,2
70,104,2
70,105,2
70,108,4
70,110,3
70,121,3
70,122,3
70,124,3
70,125,3
70,127,4
70,129,5
70,132,2
70,135,4
70,137,2
70,139,2
70,140,3
70,142,5
70,143,3
70,146,3
70,148,3
70,149,3
70,153,4
70,154,2
70,156,4
70,159,3
70,160,4
70,164,3
70,170,4
70,174,3
70,177,3
70,181,4
70,184,3
70,186,3
70,198,4
70,200,3
70,201,4
70,202,3
70,204,4
70,205,4
70,210,4
70,213,3
70,214,5
70,217,4
70,223,3
70,227,3
70,235,3
70,239,3
70,244,4
70,245,4
70,246,3
70,254,3
70,255,4
70,258,4
70,261,3
70,263,3
70,266,2
70,269,3
70,284,4
70,287,3
70,289,4
70,290,3
70,291,4
70,292,3
70,295,3
70,300,3
70,304,5
70,308,3
70,309,3
70,310,4
70,315,2
70,317,4
70,319,3
70,320,3
70,321,2
70,326,3
70,328,3
70,329,4
70,331,3
70,333,2
70,335,3
70,337,3
70,339,4
70,342,3
70,346,4
70,347,4
70,350,3
70,351,3
70,354,3
70,355,4
70,357,4
70,359,2
70,360,4
70,362,3
70,364,4
70,370,4
70,372,2
70,375,3
70,381,4
70,383,2
70,387,4
70,391,3
70,393,3
70,399,4
71,5,4
71,10,4
71,12,3
71,15,3
71,22,4
71,24,2
71,33,2
71,42,3
71,43,3
71,52,4
71,61,3
71,69,4
71,74,5
71,78,4
71,80,4
71,81,4
71,87,4
71,95,4
71,97,3
71,103,3
71,107,3
71,125,4
71,131,3
71,139,4
71,154,3
71,159,2
71,160,4
71,162,5
71,163,4
71,167,5
71,176,4
71,181,4
71,189,5
71,202,4
71,213,4
71,219,3
71,225,3
71,235,3
71,237,4
71,242,3
71,243,4
71,244,5
71,253,3
71,255,3
71,258,3
71,266,5
71,271,4
71,277,3
71,288,4
71,293,3
71,313,4
71,315,3
71,316,4
71,320,3
71,326,4
71,329,5
71,333,3
71,339,4
71,345,4
71,350,3
71,351,3
71,353,3
71,355,3
71,363,3
71,368,4
71,370,5
71,372,4
71,376,4
71,377,4
71,379,4
71,384,4
71,392,3
71,393,3
72,8,3
72,10,4
72,18,3
72,25,4
72,33,2
72,41,3
72,48,3
72,50,4
72,53,4
72,71,4
72,79,4
72,87,3
72,89,3
72,93,3
72,95,3
72,106,3
72,110,3
72,122,4
72,152,3
72,160,4
72,193,4
72,216,3
72,230,3
72,240,3
72,255,3
72,266,3
72,299,3
72,316,5
72,321,4
72,339,3
72,346,4
72,348,5
72,354,3
72,355,3
72,372,2
72,374,2
72,377,3
72,379,4
72,388,4
72,396,2
72,400,4
73,9,2
73,28,3
73,29,3
73,42,4
73,54,2
73,69,3
73,87,2
73,93,4
73,110,2
73,114,3
73,119,3
73,120,3
73,125,4
73,130,3
73,134,4
73,139,3
73,150,4
73,160,3
73,167,3
73,172,3
73,189,4
73,202,3
73,217,2
73,224,4
73,225,2
73,233,3
73,244,4
73,252,4
73,257,2
73,265,2
73,266,3
73,269,4
73,272,4
73,278,3
73,295,3
73,315,3
73,319,3
73,325,3
73,326,3
73,333,4
73,337,4
73,344,3
73,354,4
73,355,3
73,370,5
73,380,3
73,384,5
73,390,3
73,393,4
73,394,3
74,13,4
74,31,4
74,34,3
74,76,2
74,93,3
74,130,4
74,142,4
74,153,3
74,160,4
74,167,4
74,189,3
74,194,4
74,202,4
74,222,4
74,232,4
74,269,3
74,309,2
74,319,5
74,329,3
74,330,3
74,339,4
74,353,4
74,363,3
74,376,4
74,386,2
75,2,3
75,5,4
75,8,4
75,9,3
75,10,4
75,11,3
75,12,3
75,13,4
75,15,3
75,19,5
75,22,4
75,23,5
75,25,4
75,28,4
75,29,4
75,30,3
75,31,4
75,32,4
75,34,4
75,39,4
75,41,3
75,42,4
75,44,4
75,50,4
75,53,4
75,54,4
75,55,4
75,58,3
75,59,3
75,63,4
75,64,4
75,73,4
75,74,4
75,76,4
75,77,5
75,78,4
75,79,3
75,80,5
75,84,4
75,85,2
75,86,3
75,87,3
75,88,4
75,90,2
75,92,4
75,93,4
75,95,4
75,97,3
75,98,3
75,101,2
75,103,3
75,109,2
75,110,4
75,113,5
75,116,5
75,119,2
75,120,3
75,122,4
75,126,5
75,128,4
75,129,5
75,130,4
75,133,4
75,134,3
75,135,4
75,137,3
75,139,3
75,143,4
75,151,3
75,154,3
75,156,3
75,164,5
75,166,3
75,167,4
75,168,4
75,169,3
75,172,3
75,175,4
75,176,3
75,177,5
75,180,3
75,181,4
75,182,3
75,184,3
75,186,3
75,188,5
75,193,3
75,195,3
75,197,4
75,200,4
75,201,2
75,202,4
75,205,4
75,208,5
75,212,3
75,216,3
75,217,5
75,219,4
75,221,4
75,225,4
75,226,4
75,227,3
75,231,5
75,233,4
75,234,4
75,237,3
75,240,4
75,244,3
75,245,3
75,246,4
75,249,4
75,251,3
75,253,4
75,254,5
75,255,4
75,257,2
75,258,4
75,261,3
75,266,4
75,267,4
75,269,5
75,270,3
75,272,4
75,275,3
75,276,3
75,277,4
75,281,4
75,283,5
75,284,3
75,286,3
75,289,3
75,290,4
75,291,3
75,293,3
75,294,2
75,297,4
75,298,4
75,299,3
75,300,3
75,301,4
75,302,4
75,306,3
75,307,3
75,308,4
75,309,3
75,313,4
75,316,3
75,319,4
75,320,3
75,326,4
75,327,3
75,329,4
75,330,4
75,331,4
75,332,5
75,333,3
75,337,4
75,338,4
75,339,3
75,343,3
75,346,4
75,347,4
75,348,4
75,351,3
75,352,3
75,353,3
75,354,4
75,356,5
75,357,4
75,360,3
75,361,3
75,362,4
75,363,3
75,364,5
75,366,4
75,368,4
75,370,5
75,371,3
75,372,2
75,377,3
75,379,4
75,380,4
75,381,5
75,383,3
75,384,5
75,386,4
75,388,5
75,393,4
75,394,2
75,396,3
75,397,3
75,398,4
75,400,4
76,4,4
76,5,3
76,8,3
76,9,3
76,10,3
76,11,1
76,12,4
76,13,3
76,15,3
76,18,2
76,23,5
76,29,3
76,30,3
76,31,3
76,38,4
76,47,4
76,48,4
76,52,3
76,62,4
76,63,3
76,64,5
76,65,1
76,67,4
76,71,5
76,73,4
76,76,4
76,80,4
76,81,2
76,86,4
76,88,4
76,90,3
76,99,3
76,100,4
76,104,3
76,107,3
76,110,3
76,119,3
76,121,3
76,122,3
76,125,3
76,127,3
76,129,4
76,130,3
76,131,3
76,132,3
76,133,3
76,134,4
76,137,4
76,138,3
76,139,3
76,144,4
76,146,5
76,154,3
76,155,4
76,156,4
76,160,3
76,161,3
76,162,3
76,176,3
76,177,4
76,180,1
76,181,3
76,182,3
76,184,3
76,189,3
76,190,4
76,193,4
76,198,4
76,200,3
76,202,4
76,208,3
76,211,2
76,213,3
76,217,4
76,219,4
76,222,5
76,223,4
76,225,3
76,227,3
76,234,3
76,237,3
76,240,3
76,245,2
76,247,3
76,249,4
76,253,3
76,256,5
76,257,3
76,261,4
76,262,3
76,267,3
76,269,5
76,270,2
76,275,3
76,280,3
76,284,3
76,289,3
76,290,3
76,294,2
76,309,2
76,311,3
76,313,3
76,315,3
76,319,3
76,321,3
76,326,3
76,327,3
76,333,3
76,334,4
76,337,3
76,338,3
76,339,3
76,341,2
76,346,3
76,348,4
76,352,3
76,353,3
76,354,4
76,355,2
76,356,4
76,357,3
76,359,4
76,361,3
76,362,4
76,364,4
76,366,2
76,370,5
76,373,2
76,374,1
76,377,4
76,379,4
76,380,4
76,384,4
76,387,4
76,388,5
76,390,3
76,392,4
76,394,2
76,399,4
76,400,2
77,2,2
77,10,3
77,11,2
77,13,3
77,18,2
77,23,3
77,25,4
77,34,5
77,43,4
77,55,3
77,60,3
77,73,4
77,76,3
77,79,4
77,80,4
77,87,4
77,93,4
77,115,4
77,122,5
77,132,4
77,133,4
77,137,4
77,142,4
77,160,4
77,167,5
77,173,3
77,175,4
77,195,4
77,200,4
77,202,4
77,206,4
77,217,4
77,219,4
77,223,5
77,233,4
77,236,4
77,237,4
77,239,4
77,240,3
77,247,5
77,255,4
77,258,4
77,269,4
77,284,4
77,289,4
77,290,4
77,300,4
77,303,4
77,304,5
77,315,3
77,327,3
77,329,4
77,332,5
77,333,3
77,338,5
77,346,4
77,348,5
77,351,3
77,353,3
77,355,4
77,356,4
77,366,3
77,377,4
77,380,4
77,381,4
77,382,4
77,387,3
77,388,5
77,389,3
78,1,4
78,5,4
78,8,3
78,12,3
78,14,3
78,29,2
78,31,4
78,35,5
78,40,4
78,41,3
78,43,4
78,45,4
78,50,4
78,54,1
78,63,2
78,67,4
78,69,4
78,70,2
78,78,4
78,83,4
78,85,3
78,87,4
78,88,3
78,93,5
78,103,4
78,105,3
78,110,2
78,115,3
78,122,3
78,125,4
78,127,4
78,130,4
78,137,5
78,147,2
78,151,4
78,152,5
78,160,4
78,162,5
78,165,4
78,169,2
78,172,4
78,182,3
78,185,3
78,186,3
78,190,3
78,191,4
78,198,3
78,200,4
78,205,4
78,209,4
78,213,3
78,215,4
78,217,4
78,233,2
78,237,4
78,240,4
78,242,3
78,246,4
78,255,4
78,261,3
78,264,3
78,266,5
78,269,5
78,273,3
78,275,3
78,277,4
78,301,3
78,306,2
78,316,5
78,326,5
78,333,3
78,345,3
78,346,4
78,348,5
78,352,4
78,353,4
78,357,4
78,360,4
78,370,3
78,372,4
78,388,5
78,393,4
78,395,4
78,397,3
78,400,4
79,6,2
79,13,4
79,31,1
79,33,2
79,34,3
79,36,3
79,41,4
79,48,3
79,60,2
79,63,4
79,67,4
79,79,3
79,80,3
79,84,4
79,87,3
79,98,3
79,104,3
79,109,2
79,110,3
79,115,3
79,120,2
79,122,1
79,125,3
79,127,2
79,128,4
79,131,2
79,138,2
79,143,2
79,145,4
79,146,3
79,165,2
79,167,3
79,169,3
79,177,3
79,187,3
79,191,2
79,198,3
79,205,2
79,210,3
79,213,2
79,217,3
79,222,2
79,223,4
79,233,3
79,234,4
79,242,2
79,250,3
79,255,3
79,256,4
79,260,2
79,269,2
79,276,3
79,284,2
79,289,3
79,293,3
79,298,3
79,299,4
79,302,3
79,309,4
79,316,5
79,329,4
79,332,4
79,333,4
79,336,3
79,338,1
79,339,4
79,344,3
79,346,2
79,348,4
79,350,3
79,368,3
79,373,3
79,384,3
79,387,3
79,388,4
80,3,3
80,6,3
80,11,2
80,15,3
80,28,3
80,49,4
80,54,3
80,67,4
80,73,2
80,74,2
80,88,2
80,90,2
80,98,3
80,99,3
80,103,3
80,106,3
80,120,3
80,122,3
80,127,4
80,142,3
80,151,4
80,159,4
80,164,4
80,182,2
80,202,3
80,204,3
80,220,2
80,221,2
80,234,4
80,237,3
80,246,3
80,254,3
80,269,2
80,277,3
80,290,3
80,301,2
80,304,3
80,315,2
80,329,2
80,348,3
80,351,2
80,357,3
80,362,2
80,363,3
80,366,1
80,381,3
80,388,2
80,394,2
80,398,2
81,6,4
81,8,4
81,12,4
81,15,2
81,38,4
81,48,3
81,53,4
81,82,3
81,88,4
81,93,4
81,110,3
81,111,2
81,122,4
81,130,4
81,142,4
81,149,4
81,187,4
81,191,4
81,193,4
81,217,3
81,226,4
81,227,2
81,237,4
81,244,3
81,255,5
81,258,3
81,267,2
81,269,5
81,297,3
81,301,3
81,307,4
81,310,3
81,313,3
81,316,3
81,319,2
81,325,4
81,326,3
81,327,4
81,333,3
81,335,3
81,352,3
81,357,3
81,364,3
81,370,5
81,382,4
82,5,4
82,8,2
82,10,3
82,25,4
82,28,2
82,30,2
82,34,3
82,38,2
82,48,4
82,50,3
82,60,1
82,63,2
82,67,4
82,74,4
82,77,5
82,78,3
82,93,3
82,95,3
82,98,3
82,103,3
82,116,4
82,119,1
82,122,3
82,130,3
82,132,3
82,134,4
82,142,3
82,143,2
82,159,3
82,161,3
82,167,3
82,175,2
82,181,3
82,185,2
82,189,3
82,190,3
82,198,3
82,200,2
82,213,3
82,220,2
82,230,3
82,237,3
82,240,3
82,244,4
82,245,3
82,249,3
82,255,3
82,266,3
82,269,3
82,276,2
82,289,3
82,316,3
82,320,3
82,327,3
82,336,3
82,337,3
82,338,4
82,353,3
82,354,3
82,357,4
82,366,2
82,370,4
82,377,5
82,382,4
82,383,2
82,386,2
82,388,5
82,390,2
82,397,2
83,8,3
83,9,3
83,10,3
83,30,4
83,31,4
83,33,3
83,34,4
83,48,4
83,67,3
83,73,4
83,74,3
83,79,3
83,84,4
83,88,4
83,96,2
83,114,3
83,124,4
83,151,4
83,156,3
83,157,3
83,160,3
83,173,2
83,181,3
83,184,4
83,198,3
83,203,3
83,206,2
83,218,3
83,220,3
83,227,5
83,230,2
83,234,4
83,255,4
83,266,4
83,267,2
83,275,3
83,290,4
83,302,3
83,309,2
83,315,3
83,321,2
83,329,4
83,330,3
83,333,3
83,335,2
83,337,3
83,345,2
83,353,3
83,366,2
83,368,4
83,370,4
83,376,4
83,383,3
83,384,4
83,391,2
83,392,3
84,9,2
84,31,3
84,48,4
84,53,4
84,60,2
84,69,3
84,71,3
84,73,4
84,74,3
84,79,3
84,88,4
84,93,4
84,134,3
84,143,1
84,154,4
84,163,3
84,167,3
84,168,2
84,185,3
84,187,4
84,188,3
84,202,4
84,206,4
84,213,4
84,220,4
84,244,4
84,257,3
84,261,3
84,269,4
84,299,3
84,316,4
84,319,4
84,341,3
84,354,4
84,356,5
84,370,5
84,388,5
84,396,3
84,397,3
85,2,4
85,3,4
85,6,4
85,9,3
85,15,4
85,19,5
85,44,4
85,48,4
85,50,5
85,54,4
85,71,4
85,76,3
85,79,4
85,81,3
85,85,4
85,87,4
85,88,2
85,90,3
85,103,4
85,111,4
85,115,4
85,122,4
85,137,4
85,138,4
85,139,4
85,143,2
85,154,5
85,160,4
85,172,4
85,191,3
85,194,4
85,202,4
85,235,3
85,240,5
85,247,5
85,250,5
85,252,4
85,258,3
85,260,3
85,272,4
85,284,4
85,288,3
85,291,3
85,300,4
85,302,3
85,303,4
85,305,3
85,310,5
85,316,4
85,326,3
85,328,4
85,333,3
85,334,5
85,335,4
85,344,4
85,351,4
85,353,4
85,354,4
85,357,5
85,364,4
85,368,4
85,382,4
85,387,3
85,394,4
86,6,2
86,8,4
86,9,2
86,27,4
86,29,3
86,31,3
86,34,3
86,42,2
86,50,5
86,56,3
86,64,3
86,67,3
86,69,3
86,72,4
86,76,2
86,80,4
86,81,3
86,87,4
86,109,2
86,115,4
86,136,2
86,138,3
86,160,4
86,184,3
86,191,2
86,211,3
86,248,1
86,255,4
86,256,4
86,257,2
86,258,3
86,260,4
86,268,2
86,277,3
86,300,4
86,314,3
86,316,4
86,331,3
86,355,4
86,356,5
86,360,3
86,364,3
86,368,4
86,370,4
86,380,2
86,385,3
86,391,3
86,393,4
87,3,3
87,5,3
87,24,3
87,25,4
87,29,3
87,44,3
87,48,4
87,49,5
87,56,2
87,59,4
87,64,4
87,74,3
87,76,2
87,79,3
87,80,4
87,81,3
87,84,3
87,85,3
87,91,3
87,93,3
87,122,3
87,125,4
87,127,4
87,130,3
87,134,4
87,149,3
87,151,3
87,153,4
87,154,4
87,160,3
87,172,3
87,175,3
87,177,4
87,180,2
87,185,2
87,190,2
87,198,3
87,202,4
87,210,4
87,217,4
87,227,3
87,234,3
87,237,3
87,239,3
87,244,3
87,253,3
87,255,4
87,260,4
87,267,4
87,290,3
87,295,2
87,301,4
87,306,2
87,327,3
87,345,2
87,353,4
87,354,4
87,360,3
87,370,5
87,398,3
87,400,3
88,4,2
88,5,3
88,6,3
88,9,3
88,12,3
88,18,3
88,23,3
88,44,4
88,48,3
88,56,4
88,67,4
88,73,3
88,74,3
88,76,4
88,84,4
88,93,3
88,98,1
88,119,2
88,122,3
88,139,3
88,143,2
88,151,3
88,156,4
88,167,3
88,184,4
88,190,4
88,202,4
88,206,3
88,213,3
88,217,3
88,232,4
88,247,3
88,259,4
88,269,5
88,290,3
88,300,2
88,301,4
88,302,3
88,309,3
88,310,4
88,316,4
88,320,4
88,326,3
88,348,4
88,357,3
88,371,3
88,382,3
88,384,4
89,2,3
89,3,4
89,8,4
89,9,4
89,13,4
89,14,4
89,15,4
89,17,3
89,20,3
89,21,4
89,23,4
89,24,3
89,25,4
89,26,5
89,28,4
89,29,2
89,31,3
89,32,3
89,34,3
89,39,5
89,43,3
89,47,3
89,48,4
89,53,3
89,54,3
89,58,3
89,63,4
89,64,3
89,67,4
89,70,2
89,74,4
89,80,4
89,83,4
89,84,3
89,87,4
89,90,4
89,91,2
89,97,2
89,98,3
89,110,2
89,111,5
89,115,3
89,119,2
89,122,3
89,125,4
89,127,5
89,128,4
89,129,4
89,130,3
89,133,4
89,134,3
89,136,2
89,139,3
89,143,4
89,146,4
89,148,3
89,151,3
89,153,4
89,154,3
89,156,4
89,159,3
89,167,4
89,176,3
89,181,4
89,182,4
89,186,2
89,189,4
89,190,2
89,193,2
89,198,2
89,200,3
89,201,2
89,202,4
89,205,5
89,206,3
89,211,3
89,216,4
89,223,4
89,228,4
89,232,4
89,233,4
89,237,3
89,243,3
89,245,3
89,252,4
89,253,4
89,255,5
89,259,5
89,260,4
89,261,4
89,265,3
89,272,3
89,273,4
89,275,3
89,276,3
89,277,3
89,278,4
89,284,3
89,288,4
89,290,4
89,293,4
89,295,3
89,300,3
89,301,3
89,303,4
89,304,4
89,308,4
89,311,2
89,314,3
89,316,4
89,319,3
89,320,4
89,326,4
89,328,4
89,329,3
89,330,3
89,333,3
89,337,5
89,339,5
89,340,3
89,345,3
89,346,4
89,348,5
89,350,4
89,351,4
89,352,3
89,353,4
89,355,4
89,357,4
89,360,3
89,362,4
89,363,3
89,364,5
89,368,4
89,370,5
89,379,4
89,382,4
89,384,4
89,385,2
89,386,2
89,387,4
89,388,3
89,392,4
89,394,3
89,396,3
89,399,3
89,400,2
90,15,3
90,24,3
90,27,4
90,34,4
90,39,4
90,41,3
90,50,5
90,64,4
90,74,4
90,76,3
90,79,3
90,80,4
90,84,4
90,87,2
90,90,3
90,103,3
90,107,3
90,130,1
90,134,4
90,146,2
90,175,3
90,181,3
90,187,3
90,193,4
90,198,3
90,226,5
90,232,4
90,245,3
90,249,4
90,254,4
90,255,4
90,259,5
90,261,3
90,275,3
90,276,4
90,277,4
90,287,4
90,296,4
90,299,4
90,319,3
90,328,5
90,331,3
90,339,3
90,343,3
90,345,3
90,348,4
90,351,3
90,354,4
90,356,4
90,357,3
90,360,3
90,366,2
90,369,4
90,372,2
90,392,4
90,394,3
90,400,2
91,5,4
91,8,4
91,11,3
91,12,4
91,15,4
91,23,5
91,33,4
91,35,5
91,63,5
91,64,4
91,67,4
91,73,4
91,75,5
91,76,4
91,82,4
91,86,4
91,87,5
91,88,4
91,110,3
91,113,5
91,115,5
91,124,4
91,130,5
91,133,3
91,136,4
91,139,4
91,146,4
91,159,3
91,160,3
91,169,4
91,172,4
91,175,4
91,187,4
91,198,4
91,205,5
91,225,5
91,232,5
91,237,4
91,244,4
91,247,4
91,253,4
91,255,5
91,262,4
91,284,4
91,290,4
91,300,4
91,301,4
91,316,5
91,319,4
91,321,4
91,327,4
91,333,4
91,335,4
91,337,4
91,343,4
91,354,5
91,365,3
91,368,5
91,370,5
91,371,5
91,382,4
91,384,5
91,389,5
91,392,5
91,396,4
92,6,2
92,31,4
92,74,2
92,78,3
92,79,3
92,87,2
92,107,2
92,110,3
92,150,4
92,151,1
92,233,2
92,253,3
92,254,2
92,262,2
92,263,2
92,269,4
92,288,2
92,296,1
92,320,2
92,326,5
92,329,3
92,330,3
92,344,3
92,348,4
92,354,3
92,359,2
92,362,3
92,363,3
93,2,4
93,6,4
93,10,4
93,12,4
93,13,4
93,20,4
93,36,4
93,38,3
93,48,4
93,50,4
93,79,5
93,80,5
93,87,4
93,88,3
93,90,4
93,93,5
93,139,3
93,140,4
93,146,3
93,151,2
93,156,5
93,160,3
93,164,4
93,186,3
93,210,3
93,212,2
93,219,5
93,222,4
93,234,4
93,235,3
93,247,4
93,258,4
93,260,4
93,277,4
93,284,4
93,300,3
93,309,4
93,313,4
93,314,3
93,315,3
93,316,5
93,327,3
93,331,4
93,333,4
93,335,4
93,348,4
93,357,4
93,366,2
93,370,5
93,393,3
94,2,3
94,5,2
94,8,4
94,10,3
94,23,3
94,25,3
94,30,3
94,43,2
94,48,5
94,63,2
94,66,4
94,67,4
94,73,4
94,78,2
94,80,3
94,87,4
94,88,3
94,97,2
94,103,4
94,113,3
94,122,5
94,125,3
94,137,3
94,142,3
94,149,3
94,150,5
94,151,4
94,153,3
94,154,3
94,156,3
94,161,3
94,167,4
94,173,2
94,177,3
94,181,3
94,190,3
94,205,3
94,220,3
94,224,3
94,237,3
94,238,3
94,239,3
94,240,3
94,254,3
94,259,4
94,262,2
94,263,4
94,266,3
94,267,4
94,269,3
94,277,3
94,280,2
94,283,3
94,288,3
94,302,4
94,305,3
94,308,4
94,314,3
94,315,3
94,316,3
94,325,3
94,327,2
94,329,3
94,330,3
94,336,3
94,345,1
94,351,4
94,355,3
94,357,4
94,360,3
94,370,5
94,375,4
94,380,3
94,384,4
94,388,4
94,394,2
94,396,3
95,10,4
95,27,5
95,48,4
95,50,5
95,52,4
95,61,4
95,74,5
95,88,4
95,104,3
95,107,5
95,111,5
95,120,5
95,122,5
95,125,4
95,164,5
95,185,4
95,187,5
95,189,5
95,194,5
95,200,5
95,202,5
95,208,3
95,211,4
95,217,5
95,227,5
95,232,5
95,234,5
95,246,4
95,253,5
95,266,5
95,267,5
95,269,5
95,274,4
95,281,4
95,284,4
95,290,4
95,302,5
95,313,5
95,315,3
95,316,4
95,329,5
95,330,3
95,331,5
95,332,5
95,339,5
95,345,4
95,346,4
95,348,5
95,352,4
95,357,5
95,384,5
95,395,4
95,396,3
96,7,2
96,8,3
96,9,2
96,61,3
96,63,4
96,67,3
96,69,2
96,74,3
96,88,3
96,93,2
96,111,3
96,124,3
96,149,4
96,213,4
96,230,3
96,237,3
96,269,3
96,290,3
96,299,4
96,313,3
96,319,4
96,333,2
96,345,2
96,353,2
96,354,4
96,388,3
97,3,4
97,8,3
97,15,3
97,29,4
97,30,4
97,47,4
97,48,4
97,58,3
97,73,4
97,74,3
97,80,5
97,87,4
97,88,4
97,93,3
97,107,3
97,111,3
97,121,4
97,122,3
97,135,5
97,151,3
97,158,4
97,167,3
97,175,3
97,193,4
97,198,3
97,200,4
97,204,5
97,205,4
97,218,5
97,225,4
97,232,4
97,240,3
97,257,4
97,270,3
97,272,4
97,277,3
97,281,4
97,285,2
97,288,4
97,290,4
97,300,3
97,315,3
97,326,4
97,334,4
97,338,5
97,345,3
97,348,4
97,351,4
97,354,3
97,367,3
97,368,5
97,370,4
97,377,4
97,380,3
97,391,3
97,400,3
98,3,3
98,6,4
98,11,1
98,19,2
98,23,4
98,34,3
98,44,4
98,48,3
98,53,2
98,67,5
98,73,3
98,76,3
98,79,3
98,80,4
98,84,3
98,87,2
98,90,3
98,99,3
98,104,2
98,113,4
98,114,3
98,122,4
98,128,3
98,131,4
98,133,3
98,136,3
98,137,4
98,138,2
98,143,2
98,154,3
98,167,4
98,172,3
98,173,3
98,177,3
98,182,4
98,186,3
98,198,4
98,202,3
98,208,2
98,216,2
98,218,3
98,221,2
98,234,3
98,237,3
98,240,3
98,255,4
98,259,4
98,269,3
98,282,5
98,288,3
98,298,3
98,299,3
98,307,4
98,309,3
98,318,3
98,320,3
98,321,3
98,327,3
98,331,3
98,333,3
98,336,4
98,339,3
98,348,4
98,350,2
98,351,3
98,354,4
98,359,3
98,360,4
98,377,4
98,379,5
98,386,3
98,393,4
99,11,2
99,15,3
99,38,4
99,39,3
99,43,3
99,53,3
99,74,4
99,76,3
99,79,4
99,82,3
99,88,4
99,93,4
99,95,4
99,103,2
99,110,2
99,116,4
99,133,2
99,134,4
99,139,3
99,170,3
99,172,4
99,181,3
99,184,3
99,191,4
99,217,2
99,240,3
99,256,5
99,269,4
99,277,4
99,308,4
99,315,3
99,319,3
99,324,5
99,331,3
99,351,4
99,354,4
99,385,3
99,394,2
99,396,3
100,2,4
100,7,4
100,44,4
100,47,5
100,67,3
100,73,3
100,80,3
100,92,4
100,122,4
100,125,3
100,131,3
100,159,4
100,160,4
100,223,4
100,255,4
100,272,3
100,273,3
100,290,4
100,294,2
100,298,4
100,348,4
100,353,3
100,354,3
100,355,2
100,366,3
100,370,3
100,389,4
100,391,3
100,396,2
101,11,1
101,12,4
101,13,4
101,19,4
101,24,4
101,25,3
101,29,4
101,44,4
101,48,3
101,49,3
101,60,3
101,67,4
101,71,4
101,76,2
101,79,4
101,80,4
101,84,3
101,87,4
101,88,4
101,95,3
101,109,2
101,111,3
101,116,4
101,122,5
101,125,3
101,130,4
101,135,5
101,137,4
101,142,4
101,151,4
101,153,3
101,159,4
101,181,4
101,187,4
101,198,4
101,206,4
101,210,2
101,211,4
101,213,4
101,234,4
101,238,5
101,253,4
101,255,5
101,258,3
101,259,4
101,262,3
101,266,4
101,269,5
101,281,3
101,290,4
101,295,3
101,302,5
101,309,2
101,316,4
101,319,4
101,320,4
101,333,2
101,336,4
101,344,5
101,357,5
101,360,4
101,368,4
101,370,5
101,378,4
101,379,5
101,384,4
101,386,3
102,9,4
102,12,4
102,18,4
102,34,4
102,48,3
102,52,4
102,60,4
102,62,4
102,67,5
102,74,4
102,81,4
102,84,3
102,88,5
102,97,3
102,103,4
102,109,3
102,110,4
102,122,5
102,125,5
102,134,4
102,137,4
102,151,3
102,201,3
102,202,5
102,239,4
102,240,3
102,242,4
102,254,4
102,255,5
102,258,4
102,269,5
102,284,4
102,288,4
102,290,5
102,298,4
102,300,4
102,302,4
102,308,4
102,315,4
102,319,4
102,321,4
102,346,4
102,360,4
102,375,4
102,379,5
102,384,5
103,4,3
103,5,5
103,7,3
103,25,4
103,38,4
103,61,4
103,73,4
103,80,5
103,84,4
103,87,4
103,88,5
103,119,4
103,122,5
103,129,5
103,139,4
103,142,5
103,151,4
103,153,5
103,160,3
103,174,3
103,198,4
103,200,3
103,201,3
103,208,4
103,212,3
103,216,4
103,224,4
103,232,5
103,236,5
103,290,3
103,307,5
103,327,4
103,339,5
103,343,4
103,346,4
103,353,5
103,366,3
103,394,2
104,5,4
104,8,3
104,9,3
104,12,3
104,23,2
104,35,3
104,41,2
104,43,3
104,87,3
104,93,3
104,176,3
104,189,4
104,191,4
104,196,3
104,212,3
104,252,2
104,254,3
104,255,4
104,269,3
104,278,3
104,293,3
104,297,3
104,319,2
104,320,3
104,339,5
104,348,4
104,355,2
105,4,3
105,6,3
105,8,3
105,11,2
105,13,3
105,29,2
105,34,4
105,41,3
105,54,3
105,59,5
105,67,4
105,73,4
105,74,4
105,77,3
105,80,5
105,87,5
105,88,3
105,114,5
105,116,4
105,122,3
105,125,4
105,127,4
105,130,5
105,133,5
105,152,4
105,157,4
105,159,4
105,160,4
105,171,4
105,180,2
105,181,2
105,182,4
105,184,5
105,190,2
105,200,3
105,202,4
105,206,3
105,207,3
105,208,3
105,213,3
105,220,3
105,224,3
105,225,3
105,232,3
105,234,3
105,235,3
105,237,4
105,239,5
105,245,4
105,266,4
105,269,3
105,272,5
105,273,3
105,276,3
105,277,4
105,281,3
105,284,2
105,288,5
105,290,5
105,291,4
105,299,3
105,301,4
105,309,4
105,316,4
105,317,4
105,319,3
105,321,3
105,326,3
105,329,4
105,335,5
105,345,4
105,346,2
105,353,3
105,355,1
105,360,3
105,363,3
105,368,4
105,377,5
105,379,5
105,381,3
105,384,3
105,391,2
105,392,4
105,396,3
106,10,3
106,24,4
106,27,4
106,31,3
106,41,3
106,42,3
106,73,3
106,74,2
106,83,3
106,86,3
106,88,4
106,92,4
106,93,2
106,115,3
106,125,3
106,130,3
106,147,3
106,153,5
106,164,4
106,190,3
106,195,3
106,200,3
106,208,2
106,213,4
106,216,3
106,221,3
106,225,3
106,234,3
106,237,3
106,241,2
106,242,4
106,243,4
106,266,4
106,269,4
106,284,2
106,286,3
106,319,2
106,329,4
106,330,3
106,333,3
106,338,4
106,341,2
106,342,3
106,345,2
106,348,4
106,354,4
106,355,2
106,362,4
106,363,3
106,370,4
106,377,4
106,395,2
106,397,2
107,7,3
107,9,3
107,14,3
107,21,4
107,26,4
107,27,4
107,31,4
107,71,4
107,73,4
107,77,5
107,79,4
107,88,4
107,92,4
107,95,5
107,113,5
107,122,4
107,125,4
107,128,4
107,129,4
107,130,4
107,134,5
107,142,5
107,146,4
107,156,4
107,159,3
107,173,5
107,189,5
107,190,2
107,192,3
107,209,4
107,216,2
107,220,3
107,224,4
107,234,4
107,238,3
107,239,4
107,281,5
107,284,4
107,289,5
107,299,4
107,312,4
107,315,3
107,316,3
107,319,4
107,328,4
107,345,3
107,354,4
107,371,5
107,372,3
107,390,4
108,13,4
108,31,2
108,39,5
108,87,4
108,88,3
108,104,3
108,110,1
108,115,3
108,125,3
108,137,5
108,138,3
108,168,3
108,191,5
108,226,5
108,250,3
108,284,3
108,316,4
108,366,2
108,368,4
108,370,5
108,385,4
109,3,4
109,5,4
109,7,3
109,9,2
109,12,3
109,15,4
109,31,2
109,34,3
109,42,3
109,48,2
109,68,3
109,71,4
109,88,3
109,106,3
109,122,4
109,134,4
109,138,3
109,149,4
109,151,4
109,153,4
109,154,4
109,156,4
109,165,4
109,172,3
109,193,3
109,217,3
109,221,4
109,228,3
109,230,4
109,232,4
109,233,3
109,234,3
109,255,3
109,261,3
109,277,3
109,286,3
109,296,4
109,301,2
109,309,2
109,315,3
109,316,4
109,319,4
109,326,4
109,329,4
109,332,5
109,339,3
109,346,3
109,348,5
109,356,3
109,368,4
109,384,5
109,385,3
109,396,4
110,10,3
110,11,2
110,13,3
110,25,3
110,29,3
110,31,3
110,34,3
110,41,3
110,43,3
110,48,4
110,50,5
110,53,3
110,67,4
110,74,4
110,88,3
110,119,1
110,122,5
110,130,3
110,132,3
110,133,4
110,137,3
110,143,3
110,152,2
110,154,4
110,171,3
110,181,3
110,186,2
110,189,3
110,190,3
110,191,3
110,198,2
110,206,3
110,211,4
110,214,3
110,217,3
110,220,3
110,239,3
110,246,3
110,255,3
110,261,2
110,266,4
110,269,4
110,270,3
110,275,3
110,277,4
110,281,2
110,288,5
110,289,4
110,304,4
110,319,3
110,325,4
110,326,3
110,327,1
110,329,3
110,333,3
110,343,3
110,345,2
110,353,3
110,354,3
110,365,1
110,372,3
110,380,4
110,384,4
110,387,3
110,391,2
111,2,5
111,3,3
111,8,4
111,11,2
111,13,4
111,19,3
111,20,3
111,21,3
111,22,5
111,23,4
111,24,3
111,27,4
111,29,3
111,30,3
111,31,4
111,32,3
111,34,3
111,35,4
111,38,4
111,42,2
111,43,3
111,48,5
111,51,4
111,54,3
111,61,1
111,64,3
111,65,2
111,66,4
111,67,4
111,73,4
111,74,5
111,76,3
111,79,3
111,80,3
111,84,4
111,87,3
111,88,3
111,90,2
111,91,2
111,92,2
111,93,2
111,110,3
111,122,2
111,126,4
111,127,3
111,130,3
111,133,2
111,137,3
111,138,2
111,141,2
111,142,4
111,143,2
111,151,2
111,152,2
111,153,3
111,154,3
111,156,4
111,158,3
111,159,2
111,162,3
111,163,4
111,165,2
111,172,4
111,173,3
111,175,3
111,184,3
111,186,3
111,187,3
111,189,3
111,193,4
111,195,2
111,198,2
111,200,2
111,202,4
111,203,2
111,207,2
111,208,3
111,210,3
111,213,3
111,217,3
111,223,3
111,230,3
111,232,3
111,234,3
111,235,2
111,237,2
111,239,2
111,240,3
111,242,2
111,249,4
111,252,3
111,253,4
111,256,5
111,257,3
111,261,3
111,264,3
111,269,5
111,271,5
111,276,3
111,277,3
111,278,2
111,284,3
111,285,3
111,287,4
111,288,4
111,290,3
111,293,4
111,297,3
111,299,3
111,300,4
111,301,4
111,305,3
111,308,2
111,313,4
111,315,4
111,318,4
111,321,2
111,323,3
111,325,1
111,326,4
111,329,4
111,331,4
111,332,5
111,333,3
111,337,2
111,339,2
111,342,2
111,343,4
111,344,3
111,350,2
111,355,1
111,357,4
111,362,3
111,363,3
111,365,3
111,368,5
111,377,4
111,379,4
111,381,3
111,384,3
111,385,2
111,386,3
111,387,2
111,389,4
111,399,2
111,400,2
112,3,5
112,15,3
112,18,4
112,20,4
112,31,4
112,32,4
112,48,4
112,53,4
112,86,4
112,87,4
112,88,5
112,94,2
112,96,3
112,98,2
112,109,3
112,110,3
112,122,4
112,125,3
112,130,3
112,142,5
112,146,4
112,153,4
112,157,4
112,163,4
112,174,4
112,186,4
112,199,4
112,210,4
112,215,5
112,226,4
112,232,4
112,236,3
112,238,2
112,245,4
112,253,5
112,269,3
112,277,4
112,284,4
112,288,5
112,301,3
112,315,3
112,323,5
112,330,3
112,335,5
112,339,4
112,340,3
112,346,4
112,350,4
112,354,5
112,370,5
112,379,5
112,383,4
112,386,3
112,387,4
112,393,4
112,394,3
113,12,4
113,31,2
113,34,4
113,87,3
113,88,4
113,95,4
113,117,3
113,122,4
113,138,3
113,142,4
113,147,4
113,160,4
113,171,2
113,177,4
113,189,5
113,200,4
113,250,4
113,256,5
113,262,2
113,267,5
113,293,3
113,300,4
113,307,4
113,313,3
113,329,4
113,333,3
113,354,3
113,360,4
113,395,4
114,10,3
114,41,2
114,58,4
114,71,4
114,73,4
114,76,2
114,87,3
114,127,3
114,146,3
114,152,2
114,189,3
114,216,2
114,231,3
114,232,3
114,237,4
114,239,3
114,240,4
114,244,3
114,246,2
114,252,2
114,255,4
114,261,3
114,284,3
114,291,3
114,293,2
114,309,2
114,320,2
114,326,4
114,327,3
114,351,4
114,384,3
114,393,3
114,399,2
115,2,3
115,5,4
115,8,4
115,9,3
115,13,4
115,15,3
115,24,4
115,42,3
115,48,4
115,54,3
115,63,2
115,72,4
115,73,3
115,88,4
115,93,3
115,110,2
115,134,4
115,137,3
115,151,4
115,159,4
115,160,3
115,164,3
115,175,3
115,176,2
115,200,4
115,208,2
115,223,5
115,233,3
115,246,3
115,247,3
115,251,3
115,255,5
115,261,3
115,269,3
115,276,4
115,283,3
115,309,3
115,315,4
115,319,3
115,320,3
115,325,3
115,333,2
115,338,4
115,345,2
115,353,4
115,366,1
115,378,3
115,381,4
115,391,2
115,393,3
115,396,3
115,399,3
116,2,4
116,44,5
116,53,4
116,87,5
116,106,4
116,142,5
116,153,5
116,164,5
116,187,4
116,202,5
116,210,4
116,217,5
116,240,4
116,253,4
116,300,4
116,353,5
116,357,5
117,10,4
117,64,4
117,76,4
117,80,4
117,87,3
117,107,2
117,113,3
117,114,2
117,151,2
117,182,4
117,201,2
117,205,4
117,226,5
117,232,3
117,240,4
117,247,3
117,261,3
117,277,2
117,319,2
117,345,2
117,351,4
117,363,3
117,370,5
118,9,3
118,10,2
118,27,2
118,29,2
118,31,2
118,35,3
118,40,3
118,48,3
118,67,4
118,69,4
118,80,4
118,87,4
118,93,4
118,110,2
118,113,3
118,115,3
118,122,3
118,124,3
118,131,3
118,142,3
118,143,3
118,156,4
118,167,3
118,172,2
118,184,3
118,193,2
118,200,3
118,206,3
118,217,3
118,220,2
118,237,3
118,240,4
118,246,3
118,253,4
118,254,3
118,255,3
118,256,3
118,261,2
118,266,4
118,269,3
118,284,4
118,288,3
118,290,2
118,301,3
118,309,3
118,315,1
118,316,3
118,322,4
118,328,4
118,332,5
118,333,3
118,337,4
118,348,5
118,356,4
118,361,2
118,368,4
118,370,3
118,375,3
118,380,3
118,383,3
118,385,2
118,396,2
119,1,4
119,2,5
119,3,5
119,7,3
119,9,4
119,17,5
119,24,3
119,29,5
119,54,5
119,59,5
119,63,4
119,64,5
119,67,5
119,69,4
119,71,5
119,74,4
119,80,5
119,85,3
119,87,4
119,88,3
119,111,5
119,115,4
119,117,2
119,121,4
119,127,4
119,129,5
119,130,5
119,136,5
119,137,5
119,143,4
119,149,4
119,164,4
119,166,3
119,184,3
119,189,4
119,200,3
119,202,4
119,213,4
119,219,4
119,220,4
119,222,4
119,228,4
119,232,4
119,233,3
119,236,4
119,240,4
119,245,4
119,246,3
119,255,5
119,258,4
119,259,4
119,261,4
119,266,4
119,269,5
119,271,5
119,275,4
119,288,5
119,296,4
119,297,4
119,299,5
119,314,5
119,315,4
119,319,3
119,320,5
119,330,5
119,333,5
119,338,4
119,353,4
119,354,4
119,357,5
119,364,4
119,366,3
119,376,4
119,380,4
119,385,4
119,390,4
119,396,4
119,400,3
120,10,4
120,11,2
120,23,3
120,27,3
120,31,2
120,36,3
120,71,4
120,82,3
120,84,5
120,87,3
120,88,3
120,90,3
120,98,4
120,111,3
120,112,3
120,122,3
120,127,5
120,131,3
120,142,5
120,144,4
120,160,4
120,163,3
120,169,2
120,181,3
120,214,4
120,237,3
120,255,3
120,277,4
120,278,4
120,288,5
120,297,5
120,311,3
120,316,5
120,319,4
120,322,5
120,327,3
120,331,3
120,333,3
120,345,4
120,362,3
120,363,3
120,380,4
121,3,4
121,5,2
121,7,2
121,10,2
121,17,3
121,24,2
121,26,3
121,28,3
121,29,2
121,33,2
121,34,2
121,50,4
121,54,3
121,61,3
121,62,3
121,63,3
121,74,2
121,88,3
121,96,3
121,107,3
121,126,4
121,130,3
121,134,4
121,136,3
121,144,4
121,152,2
121,153,3
121,177,3
121,189,3
121,190,2
121,198,2
121,221,3
121,226,4
121,233,2
121,234,3
121,239,3
121,240,3
121,255,4
121,272,4
121,276,2
121,277,4
121,278,3
121,281,3
121,284,2
121,290,2
121,291,3
121,292,4
121,302,3
121,315,2
121,316,4
121,329,3
121,336,3
121,339,4
121,345,3
121,346,3
121,348,4
121,351,3
121,352,1
121,354,3
121,363,2
121,368,4
121,370,5
121,372,2
121,377,4
121,384,3
121,388,4
122,1,5
122,2,3
122,6,3
122,7,2
122,8,4
122,10,2
122,11,2
122,12,4
122,13,3
122,15,3
122,25,3
122,29,3
122,33,3
122,48,3
122,53,3
122,54,3
122,60,2
122,63,3
122,66,2
122,67,5
122,72,3
122,73,3
122,77,3
122,83,5
122,87,3
122,90,3
122,91,3
122,92,4
122,93,3
122,109,2
122,110,3
122,114,3
122,115,3
122,122,4
122,130,4
122,138,3
122,143,3
122,145,4
122,146,4
122,154,4
122,164,4
122,169,4
122,172,3
122,173,3
122,175,2
122,186,3
122,190,3
122,199,3
122,200,3
122,203,4
122,206,1
122,213,3
122,216,3
122,217,3
122,218,4
122,220,5
122,224,3
122,226,4
122,228,4
122,233,5
122,234,3
122,237,4
122,240,5
122,242,4
122,243,3
122,244,3
122,246,3
122,255,5
122,257,3
122,259,4
122,260,3
122,261,3
122,264,4
122,266,3
122,269,4
122,273,3
122,277,4
122,283,4
122,284,3
122,288,4
122,289,3
122,290,3
122,295,3
122,300,4
122,301,4
122,304,4
122,306,2
122,307,3
122,309,3
122,310,4
122,313,4
122,315,3
122,316,3
122,326,4
122,329,3
122,333,4
122,336,3
122,337,4
122,339,4
122,346,4
122,348,4
122,350,3
122,351,4
122,353,3
122,354,4
122,355,4
122,358,2
122,360,3
122,362,3
122,363,3
122,367,3
122,370,4
122,376,3
122,381,4
122,382,3
122,384,5
122,386,2
122,387,3
122,388,5
122,391,3
122,392,4
122,399,3
123,1,3
123,2,3
123,3,3
123,4,4
123,5,3
123,6,3
123,7,1
123,8,3
123,9,2
123,12,4
123,13,5
123,14,2
123,15,3
123,17,2
123,20,4
123,23,4
123,24,4
123,27,1
123,28,4
123,33,1
123,35,3
123,37,2
123,40,2
123,43,3
123,44,2
123,45,3
123,47,3
123,48,3
123,50,4
123,51,2
123,52,2
123,54,2
123,59,3
123,61,3
123,63,3
123,64,3
123,66,3
123,67,3
123,69,3
123,70,3
123,72,2
123,73,4
123,76,2
123,79,3
123,80,4
123,81,2
123,82,3
123,83,3
123,86,2
123,87,3
123,90,3
123,91,3
123,92,4
123,93,3
123,95,4
123,97,3
123,98,2
123,106,3
123,107,3
123,108,3
123,109,2
123,110,3
123,111,3
123,112,3
123,115,3
123,117,2
123,118,3
123,120,3
123,122,4
123,126,4
123,127,3
123,128,3
123,130,3
123,131,3
123,132,3
123,133,3
123,134,4
123,135,3
123,137,2
123,138,4
123,139,4
123,140,2
123,142,4
123,143,3
123,146,4
123,147,3
123,151,3
123,153,3
123,154,3
123,155,3
123,156,3
123,158,4
123,159,3
123,160,3
123,161,3
123,163,4
123,164,3
123,166,1
123,167,3
123,172,3
123,173,3
123,174,3
123,175,2
123,176,2
123,177,2
123,181,3
123,184,3
123,186,3
123,187,3
123,189,3
123,190,3
123,191,2
123,193,3
123,194,3
123,195,3
123,197,4
123,198,3
123,201,2
123,202,3
123,203,3
123,205,4
123,206,2
123,207,4
123,208,4
123,211,3
123,212,2
123,213,3
123,215,3
123,216,2
123,217,4
123,219,4
123,220,3
123,221,3
123,222,3
123,223,4
123,226,4
123,227,2
123,230,3
123,234,4
123,235,3
123,237,3
123,238,2
123,239,3
123,240,3
123,244,5
123,245,2
123,246,3
123,247,3
123,249,2
123,252,3
123,253,3
123,254,3
123,255,3
123,256,3
123,258,2
123,259,4
123,260,4
123,263,2
123,266,3
123,267,2
123,269,4
123,277,3
123,280,3
123,281,4
123,282,4
123,283,4
123,284,2
123,288,3
123,289,2
123,290,3
123,292,3
123,293,3
123,295,3
123,297,3
123,298,3
123,299,3
123,302,3
123,303,3
123,305,4
123,307,3
123,308,3
123,309,2
123,311,2
123,314,3
123,315,3
123,319,3
123,320,4
123,321,3
123,322,2
123,323,4
123,324,3
123,325,3
123,326,3
123,327,3
123,328,4
123,330,4
123,332,4
123,333,3
123,336,3
123,337,2
123,338,3
123,339,4
123,340,3
123,341,1
123,342,2
123,343,2
123,344,3
123,346,3
123,347,3
123,348,5
123,350,2
123,351,4
123,354,3
123,355,2
123,356,4
123,357,4
123,360,3
123,362,4
123,363,3
123,364,3
123,366,3
123,368,4
123,369,2
123,370,4
123,371,3
123,378,4
123,379,4
123,381,4
123,382,4
123,384,4
123,385,2
123,387,2
123,388,3
123,389,3
123,390,4
123,391,3
123,393,4
123,394,3
123,399,3
124,9,4
124,34,4
124,38,5
124,42,3
124,49,4
124,81,3
124,85,2
124,87,4
124,90,2
124,125,4
124,134,4
124,142,4
124,161,5
124,181,3
124,186,4
124,187,4
124,193,3
124,246,4
124,260,3
124,267,3
124,290,4
124,297,4
124,316,4
124,319,2
124,333,2
124,337,3
124,344,3
124,355,2
124,378,3
124,386,4
124,388,4
124,394,3
125,15,4
125,36,4
125,41,4
125,67,5
125,69,3
125,73,4
125,83,4
125,111,3
125,113,5
125,116,5
125,130,4
125,139,5
125,151,3
125,152,4
125,216,4
125,233,4
125,258,5
125,269,5
125,278,4
125,290,4
125,293,3
125,316,5
125,331,3
125,334,4
125,348,5
125,350,3
125,354,3
125,368,4
125,370,4
125,384,5
125,387,4
126,2,3
126,8,4
126,15,4
126,23,3
126,24,3
126,34,4
126,42,3
126,50,3
126,68,3
126,82,4
126,88,3
126,95,4
126,105,4
126,110,2
126,116,4
126,119,4
126,120,4
126,125,4
126,127,4
126,129,4
126,159,5
126,164,5
126,171,3
126,175,3
126,176,3
126,177,4
126,187,3
126,190,2
126,193,4
126,198,3
126,201,4
126,205,3
126,213,3
126,219,4
126,226,3
126,232,5
126,252,4
126,255,4
126,260,4
126,272,4
126,277,5
126,290,4
126,311,4
126,320,5
126,329,4
126,333,4
126,344,4
126,353,2
126,373,3
126,385,4
126,386,3
126,394,4
126,400,3
127,1,3
127,8,4
127,10,3
127,25,3
127,35,3
127,80,4
127,87,5
127,98,3
127,103,2
127,105,4
127,127,4
127,130,4
127,138,2
127,139,3
127,151,3
127,163,3
127,181,4
127,198,2
127,205,4
127,208,4
127,237,4
127,298,3
127,299,4
127,301,3
127,319,4
127,320,3
127,345,4
127,365,2
127,383,3
127,385,3
127,396,3
128,6,4
128,10,5
128,12,3
128,14,2
128,15,5
128,26,5
128,27,4
128,38,5
128,42,4
128,44,5
128,48,4
128,50,4
128,54,3
128,61,3
128,71,4
128,73,3
128,74,4
128,80,5
128,88,3
128,93,4
128,105,3
128,107,2
128,109,3
128,115,3
128,135,5
128,136,4
128,153,5
128,162,4
128,172,4
128,190,4
128,217,4
128,227,5
128,234,4
128,260,4
128,269,4
128,271,4
128,277,2
128,285,4
128,290,5
128,306,3
128,309,4
128,315,2
128,316,4
128,346,5
128,348,5
128,351,4
128,357,4
128,368,4
128,370,5
128,373,3
128,374,4
128,379,4
128,384,5
128,388,5
128,390,4
128,392,4
128,394,3
128,396,3
128,399,4
128,400,4
129,8,3
129,9,3
129,24,4
129,31,2
129,33,3
129,34,3
129,35,3
129,38,3
129,40,3
129,44,4
129,48,4
129,67,5
129,78,3
129,87,4
129,88,4
129,91,3
129,93,4
129,110,2
129,122,3
129,130,4
129,146,4
129,151,3
129,152,4
129,154,4
129,155,3
129,160,3
129,163,3
129,167,4
129,176,2
129,187,5
129,213,4
129,215,3
129,232,4
129,240,3
129,254,4
129,266,3
129,269,3
129,279,5
129,283,4
129,290,3
129,291,4
129,301,3
129,314,3
129,316,4
129,320,4
129,321,3
129,326,4
129,333,3
129,337,3
129,348,4
129,351,3
129,370,5
129,371,5
129,372,3
129,384,5
129,397,4
130,5,3
130,8,4
130,10,4
130,12,4
130,15,3
130,25,4
130,38,5
130,42,3
130,44,4
130,59,4
130,68,3
130,87,4
130,88,5
130,90,4
130,99,3
130,107,2
130,130,4
130,163,5
130,166,2
130,184,5
130,186,3
130,189,4
130,193,4
130,201,4
130,203,4
130,205,4
130,206,4
130,216,3
130,217,4
130,226,5
130,227,4
130,237,3
130,247,4
130,255,5
130,258,5
130,269,5
130,277,4
130,284,2
130,287,3
130,288,4
130,292,3
130,299,3
130,315,3
130,326,4
130,329,4
130,333,3
130,346,4
130,348,5
130,357,3
130,370,5
130,376,4
130,383,3
130,389,4
130,392,4
130,394,4
130,398,4
130,400,3
131,2,2
131,9,3
131,10,4
131,30,2
131,64,4
131,69,3
131,74,5
131,79,4
131,84,3
131,87,3
131,88,3
131,92,4
131,110,3
131,122,4
131,127,4
131,129,5
131,137,5
131,139,4
131,153,3
131,160,4
131,177,3
131,181,3
131,198,3
131,207,2
131,223,3
131,232,3
131,234,3
131,237,4
131,246,3
131,249,4
131,258,3
131,271,4
131,290,4
131,293,3
131,305,4
131,307,4
131,308,4
131,313,3
131,315,3
131,316,4
131,320,4
131,334,3
131,341,3
131,343,3
131,345,3
131,348,4
131,353,3
131,354,4
131,357,3
131,358,3
131,360,4
131,361,3
131,370,5
131,372,3
131,373,3
131,376,4
131,379,4
131,387,4
131,390,3
131,392,4
131,397,3
132,2,4
132,3,4
132,6,4
132,8,3
132,15,2
132,23,4
132,24,3
132,27,3
132,28,4
132,30,4
132,31,3
132,43,3
132,44,5
132,45,4
132,48,4
132,50,4
132,52,3
132,53,2
132,54,4
132,63,3
132,64,5
132,67,5
132,68,5
132,71,5
132,73,4
132,74,3
132,76,3
132,79,4
132,80,5
132,82,3
132,84,5
132,87,5
132,93,5
132,94,2
132,104,2
132,110,3
132,116,5
132,119,3
132,122,3
132,125,4
132,128,5
132,129,3
132,130,5
132,134,4
132,137,4
132,138,3
132,139,4
132,142,5
132,148,5
132,150,4
132,151,3
132,154,3
132,160,4
132,169,3
132,173,4
132,175,4
132,184,4
132,186,3
132,189,4
132,190,3
132,197,4
132,198,3
132,202,3
132,216,3
132,223,5
132,232,4
132,233,4
132,234,4
132,237,3
132,243,3
132,246,3
132,247,3
132,251,4
132,258,4
132,259,5
132,260,4
132,262,3
132,269,4
132,274,4
132,275,4
132,277,5
132,284,4
132,285,4
132,288,4
132,289,4
132,290,4
132,301,4
132,308,4
132,309,5
132,315,3
132,326,4
132,329,4
132,332,5
132,333,3
132,336,4
132,337,4
132,341,3
132,346,3
132,348,5
132,350,4
132,352,4
132,356,3
132,363,3
132,366,2
132,367,3
132,368,4
132,381,2
132,387,4
132,388,5
132,391,3
132,392,4
132,394,4
133,5,3
133,35,3
133,40,2
133,48,3
133,60,2
133,67,5
133,79,5
133,80,4
133,84,4
133,87,3
133,107,2
133,109,2
133,130,3
133,139,2
133,143,1
133,152,3
133,153,3
133,181,4
133,202,3
133,217,4
133,223,4
133,232,3
133,240,3
133,246,3
133,268,3
133,282,4
133,289,4
133,290,3
133,313,3
133,318,4
133,319,4
133,333,3
133,339,4
133,344,2
133,351,2
133,370,5
133,398,3
133,400,2
134,2,3
134,4,4
134,5,3
134,6,4
134,7,2
134,8,3
134,9,4
134,10,3
134,11,3
134,12,2
134,14,2
134,17,4
134,20,4
134,22,4
134,23,4
134,24,3
134,29,4
134,30,3
134,31,3
134,34,4
134,35,3
134,44,2
134,48,4
134,54,3
134,58,3
134,61,3
134,63,2
134,64,4
134,66,3
134,68,3
134,69,3
134,71,4
134,74,4
134,76,3
134,78,3
134,79,2
134,80,4
134,87,4
134,88,3
134,90,4
134,95,4
134,103,3
134,104,3
134,109,3
134,110,3
134,111,2
134,115,4
134,117,2
134,118,3
134,125,4
134,127,4
134,128,3
134,131,4
134,135,4
134,136,3
134,137,3
134,150,3
134,152,3
134,156,3
134,160,4
134,163,3
134,166,3
134,169,3
134,171,1
134,182,4
134,184,4
134,187,4
134,189,5
134,190,2
134,191,2
134,195,4
134,198,2
134,200,3
134,202,3
134,209,4
134,216,2
134,219,4
134,223,4
134,229,3
134,231,2
134,234,3
134,237,3
134,240,3
134,245,4
134,246,2
134,247,3
134,249,4
134,253,2
134,255,4
134,256,4
134,258,3
134,259,4
134,261,3
134,266,4
134,269,4
134,272,4
134,278,4
134,281,4
134,284,3
134,290,3
134,291,3
134,299,4
134,300,5
134,301,4
134,308,4
134,309,4
134,310,4
134,312,2
134,313,4
134,315,2
134,319,4
134,325,3
134,327,3
134,329,3
134,333,3
134,334,3
134,336,3
134,338,3
134,346,4
134,347,3
134,348,4
134,351,3
134,354,3
134,355,3
134,357,4
134,360,3
134,361,4
134,364,4
134,366,2
134,368,3
134,370,4
134,371,4
134,372,4
134,384,3
134,386,3
134,391,3
134,392,3
134,399,3
134,400,3
135,3,4
135,6,2
135,12,4
135,19,3
135,23,3
135,29,3
135,30,4
135,31,3
135,37,2
135,42,4
135,43,3
135,60,1
135,64,4
135,72,3
135,73,5
135,76,4
135,79,3
135,80,5
135,85,2
135,86,3
135,93,4
135,98,4
135,103,3
135,114,4
135,122,3
135,123,3
135,124,4
135,125,3
135,127,3
135,130,4
135,131,3
135,138,4
135,141,3
135,142,4
135,154,3
135,159,4
135,160,4
135,163,4
135,174,2
135,177,3
135,184,3
135,186,4
135,189,5
135,190,3
135,192,2
135,193,2
135,194,3
135,202,4
135,207,2
135,211,3
135,213,4
135,216,3
135,217,5
135,221,3
135,223,3
135,226,5
135,227,3
135,231,5
135,237,3
135,240,3
135,255,5
135,258,3
135,260,3
135,261,4
135,269,4
135,271,4
135,274,4
135,275,3
135,277,3
135,284,4
135,289,3
135,290,4
135,293,3
135,295,3
135,296,3
135,299,5
135,301,3
135,304,4
135,308,3
135,309,4
135,315,2
135,316,4
135,319,3
135,321,4
135,327,3
135,330,5
135,332,4
135,333,3
135,335,3
135,338,4
135,339,5
135,341,4
135,342,2
135,346,4
135,348,4
135,355,3
135,360,3
135,364,5
135,368,4
135,372,2
135,373,3
135,380,4
135,382,3
135,387,4
135,392,4
135,393,3
136,6,3
136,10,4
136,13,4
136,15,3
136,29,4
136,30,4
136,34,3
136,42,3
136,48,3
136,61,4
136,79,4
136,86,4
136,93,3
136,110,3
136,118,3
136,120,3
136,122,2
136,139,5
136,144,4
136,154,4
136,159,4
136,168,3
136,173,2
136,183,4
136,184,4
136,202,4
136,206,3
136,210,4
136,211,3
136,213,3
136,216,3
136,217,3
136,223,4
136,227,2
136,234,3
136,237,4
136,240,3
136,245,2
136,247,4
136,249,5
136,255,3
136,256,4
136,275,3
136,276,3
136,277,4
136,278,3
136,286,4
136,289,4
136,293,4
136,295,5
136,299,5
136,313,3
136,315,4
136,330,4
136,332,5
136,338,4
136,341,3
136,345,4
136,346,2
136,348,4
136,350,5
136,370,5
136,375,4
136,378,5
136,379,5
136,383,4
136,388,4
136,396,3
137,9,3
137,15,4
137,33,2
137,40,4
137,51,4
137,64,3
137,80,5
137,114,3
137,117,2
137,125,3
137,134,3
137,139,3
137,147,4
137,160,3
137,161,3
137,176,3
137,178,3
137,202,4
137,213,5
137,233,3
137,240,3
137,247,4
137,249,4
137,255,3
137,258,4
137,276,4
137,304,5
137,319,4
137,326,3
137,332,5
137,344,3
137,350,4
137,352,4
137,356,4
137,359,3
137,382,4
138,6,2
138,11,2
138,22,4
138,23,3
138,54,3
138,76,3
138,81,3
138,104,2
138,150,3
138,163,3
138,168,2
138,187,3
138,228,3
138,241,3
138,248,3
138,274,3
138,275,3
138,299,3
138,306,2
138,316,4
138,321,3
138,325,1
138,343,3
138,351,3
138,375,4
138,381,3
138,397,2
139,6,4
139,8,4
139,11,1
139,12,3
139,13,4
139,19,4
139,25,4
139,26,4
139,27,3
139,29,4
139,40,3
139,44,4
139,48,4
139,49,4
139,50,2
139,52,3
139,59,5
139,61,2
139,63,3
139,64,3
139,65,3
139,67,5
139,71,5
139,76,2
139,79,5
139,87,4
139,88,3
139,90,3
139,93,4
139,103,3
139,113,5
139,117,2
139,120,4
139,122,3
139,125,3
139,127,5
139,129,3
139,135,3
139,142,4
139,143,2
139,146,4
139,151,4
139,156,4
139,160,4
139,161,4
139,164,4
139,167,4
139,175,3
139,191,3
139,197,5
139,198,4
139,213,4
139,220,3
139,227,2
139,231,3
139,232,4
139,233,3
139,234,3
139,246,3
139,255,5
139,256,4
139,258,4
139,260,3
139,261,4
139,269,3
139,275,4
139,277,4
139,284,2
139,286,3
139,288,5
139,289,4
139,291,3
139,292,4
139,293,3
139,301,3
139,302,4
139,304,5
139,314,3
139,315,3
139,316,4
139,318,2
139,319,3
139,326,3
139,329,4
139,334,3
139,337,2
139,344,2
139,346,3
139,351,2
139,353,3
139,354,4
139,355,2
139,360,5
139,363,3
139,370,4
139,375,4
139,378,4
139,381,3
139,386,3
139,391,3
139,400,2
140,3,3
140,5,3
140,8,3
140,22,4
140,27,4
140,34,3
140,60,3
140,73,4
140,76,3
140,79,3
140,80,5
140,89,4
140,98,3
140,104,2
140,107,3
140,115,3
140,119,3
140,125,4
140,128,4
140,132,4
140,138,3
140,160,4
140,182,3
140,231,4
140,234,3
140,235,2
140,240,4
140,243,4
140,247,5
140,261,3
140,277,4
140,284,3
140,301,3
140,316,4
140,317,4
140,319,4
140,335,3
140,337,3
140,338,4
140,339,4
140,344,4
140,354,4
140,363,4
140,365,3
140,370,5
140,386,2
140,387,4
140,391,4
140,393,4
141,8,2
141,10,3
141,11,1
141,12,3
141,13,4
141,15,3
141,17,2
141,21,3
141,25,4
141,29,2
141,31,2
141,33,2
141,37,2
141,38,4
141,47,2
141,48,4
141,50,3
141,52,3
141,67,3
141,76,2
141,80,5
141,83,3
141,84,3
141,86,3
141,87,3
141,88,3
141,93,4
141,95,3
141,104,2
141,107,2
141,109,1
141,110,3
141,113,4
141,115,3
141,117,2
141,127,4
141,133,4
141,135,3
141,137,3
141,139,2
141,144,3
141,147,3
141,151,3
141,153,3
141,159,3
141,160,3
141,164,3
141,168,4
141,169,2
141,172,3
141,173,3
141,175,3
141,191,2
141,193,3
141,196,2
141,197,4
141,198,4
141,201,2
141,202,3
141,205,3
141,206,3
141,211,3
141,213,4
141,217,3
141,220,2
141,223,3
141,230,3
141,231,2
141,232,3
141,236,3
141,237,1
141,240,3
141,241,2
141,246,2
141,253,3
141,254,4
141,255,4
141,256,3
141,258,3
141,261,2
141,263,4
141,271,4
141,273,3
141,277,3
141,283,2
141,284,4
141,288,2
141,292,3
141,293,1
141,295,3
141,297,3
141,299,3
141,305,2
141,307,2
141,308,3
141,313,3
141,315,3
141,316,3
141,326,3
141,327,2
141,329,3
141,330,3
141,331,2
141,332,5
141,333,2
141,335,3
141,336,4
141,338,2
141,339,3
141,346,2
141,348,4
141,351,3
141,354,3
141,356,4
141,357,3
141,364,3
141,373,2
141,374,3
141,381,2
141,384,4
141,386,3
141,388,5
141,394,1
141,395,3
141,400,3
142,9,3
142,13,4
142,20,4
142,23,4
142,24,4
142,27,4
142,30,4
142,40,2
142,44,4
142,52,3
142,61,3
142,63,3
142,72,4
142,73,3
142,74,4
142,76,4
142,77,5
142,80,5
142,81,3
142,87,3
142,88,4
142,93,5
142,98,3
142,114,4
142,116,4
142,122,3
142,125,4
142,127,4
142,138,3
142,142,3
142,147,4
142,156,5
142,169,3
142,181,3
142,184,4
142,185,2
142,189,4
142,197,5
142,202,5
142,217,4
142,232,4
142,254,4
142,255,5
142,268,4
142,278,4
142,285,3
142,290,3
142,292,3
142,303,4
142,305,5
142,309,4
142,315,3
142,316,5
142,319,4
142,329,5
142,333,3
142,350,4
142,355,3
142,357,4
142,361,3
142,362,2
142,383,4
142,384,4
143,3,5
143,6,4
143,7,3
143,8,4
143,10,4
143,11,3
143,12,5
143,13,4
143,14,4
143,17,4
143,20,4
143,22,3
143,23,5
143,24,4
143,25,4
143,26,5
143,27,4
143,28,5
143,29,4
143,30,5
143,33,3
143,34,4
143,35,5
143,38,4
143,39,5
143,40,4
143,41,5
143,42,5
143,43,4
143,44,5
143,47,4
143,48,4
143,49,4
143,50,5
143,52,4
143,54,4
143,55,5
143,56,3
143,58,5
143,59,5
143,60,2
143,61,5
143,63,4
143,64,5
143,66,3
143,67,5
143,68,3
143,71,5
143,73,4
143,74,5
143,75,4
143,76,4
143,77,5
143,79,5
143,80,5
143,81,5
143,82,3
143,84,4
143,86,3
143,87,5
143,90,5
143,91,4
143,92,5
143,93,5
143,95,4
143,100,4
143,102,4
143,103,4
143,104,4
143,106,4
143,107,4
143,110,4
143,113,5
143,114,4
143,115,4
143,116,5
143,117,3
143,119,4
143,120,5
143,121,4
143,122,5
143,125,4
143,127,5
143,128,5
143,129,5
143,130,4
143,131,5
143,132,4
143,134,5
143,135,5
143,136,4
143,137,3
143,138,4
143,139,4
143,143,3
143,144,5
143,145,4
143,146,5
143,147,4
143,151,5
143,153,5
143,156,5
143,158,4
143,161,5
143,162,5
143,163,4
143,166,2
143,167,5
143,169,3
143,173,5
143,175,4
143,177,5
143,178,5
143,184,5
143,185,3
143,186,4
143,187,4
143,188,5
143,189,5
143,191,4
143,193,4
143,196,3
143,198,4
143,200,5
143,201,4
143,202,5
143,205,4
143,206,4
143,207,3
143,208,4
143,210,5
143,211,4
143,212,4
143,213,4
143,215,4
143,216,5
143,217,5
143,219,5
143,223,5
143,224,3
143,226,5
143,227,4
143,228,4
143,229,4
143,232,5
143,233,5
143,234,4
143,235,4
143,236,4
143,237,4
143,240,5
143,242,4
143,244,4
143,245,5
143,246,4
143,248,4
143,250,5
143,251,5
143,252,4
143,256,5
143,257,2
143,258,4
143,259,5
143,260,5
143,263,4
143,265,4
143,266,4
143,267,4
143,269,5
143,271,5
143,272,4
143,273,4
143,274,4
143,277,4
143,278,5
143,280,5
143,284,4
143,287,4
143,288,5
143,289,5
143,291,4
143,293,3
143,294,3
143,296,5
143,303,5
143,304,4
143,305,4
143,306,4
143,308,4
143,309,5
143,310,5
143,311,5
143,313,5
143,315,4
143,316,5
143,318,4
143,320,4
143,322,4
143,323,5
143,324,5
143,325,4
143,327,4
143,329,4
143,330,5
143,331,5
143,332,5
143,333,4
143,334,5
143,335,5
143,336,4
143,337,5
143,338,4
143,339,5
143,343,5
143,344,5
143,345,4
143,346,5
143,347,5
143,348,5
143,350,4
143,351,4
143,353,4
143,354,4
143,356,4
143,357,5
143,360,5
143,361,4
143,362,3
143,363,4
143,364,5
143,365,4
143,368,5
143,369,5
143,370,5
143,372,4
143,373,4
143,375,4
143,377,4
143,380,5
143,381,5
143,384,5
143,385,4
143,386,4
143,387,4
143,388,4
143,390,4
143,394,3
143,396,3
143,397,4
143,398,5
143,399,5
144,4,2
144,5,3
144,6,3
144,7,3
144,8,3
144,10,3
144,11,2
144,12,4
144,13,5
144,15,4
144,18,3
144,24,3
144,28,4
144,29,3
144,31,4
144,33,2
144,40,4
144,42,3
144,48,4
144,52,3
144,56,2
144,57,4
144,63,4
144,67,5
144,69,3
144,74,3
144,76,4
144,79,4
144,80,4
144,84,5
144,88,4
144,90,4
144,93,3
144,101,3
144,110,3
144,111,4
144,113,5
144,116,5
144,117,2
144,120,3
144,121,4
144,122,3
144,124,4
144,125,3
144,130,4
144,134,4
144,138,3
144,139,3
144,141,3
144,142,4
144,143,3
144,151,3
144,153,5
144,154,5
144,155,2
144,158,4
144,161,5
144,166,2
144,167,4
144,171,2
144,173,4
144,176,3
144,181,3
144,184,4
144,185,3
144,189,4
144,197,4
144,199,4
144,202,4
144,205,4
144,207,4
144,211,3
144,213,5
144,214,3
144,215,4
144,216,2
144,219,5
144,222,4
144,223,3
144,224,2
144,228,3
144,230,4
144,234,3
144,235,3
144,237,3
144,244,5
144,247,4
144,253,4
144,255,4
144,258,4
144,261,4
144,266,4
144,267,4
144,271,5
144,275,4
144,276,3
144,277,4
144,284,3
144,285,2
144,286,3
144,287,4
144,291,4
144,293,3
144,296,4
144,299,5
144,300,5
144,301,4
144,302,4
144,308,4
144,309,5
144,315,3
144,316,4
144,318,3
144,319,4
144,324,5
144,325,3
144,326,4
144,328,5
144,329,4
144,331,4
144,333,5
144,337,4
144,338,3
144,339,4
144,346,3
144,347,3
144,348,4
144,350,3
144,351,2
144,353,4
144,354,3
144,355,3
144,356,3
144,357,4
144,363,3
144,364,3
144,368,3
144,369,2
144,370,4
144,375,5
144,382,5
144,384,4
144,387,5
144,388,3
144,390,3
144,394,3
144,400,4
145,5,3
145,8,3
145,12,3
145,19,3
145,34,3
145,36,2
145,44,4
145,70,2
145,80,3
145,93,3
145,104,1
145,110,2
145,121,3
145,124,3
145,127,4
145,146,3
145,151,3
145,165,4
145,169,2
145,175,2
145,184,3
145,190,2
145,207,2
145,213,2
145,216,2
145,217,2
145,220,2
145,235,2
145,246,2
145,253,4
145,255,3
145,262,1
145,264,2
145,269,3
145,274,4
145,277,3
145,286,3
145,288,3
145,301,3
145,313,3
145,314,3
145,316,3
145,319,4
145,328,5
145,329,3
145,333,2
145,335,3
145,346,4
145,348,4
145,354,3
145,373,2
145,379,3
145,381,3
145,383,3
145,385,4
145,387,2
145,388,4
146,10,2
146,15,3
146,16,2
146,31,1
146,50,3
146,64,3
146,67,5
146,76,3
146,84,4
146,85,3
146,87,3
146,88,4
146,90,3
146,102,2
146,107,3
146,109,3
146,110,3
146,111,3
146,113,3
146,119,2
146,122,2
146,127,3
146,130,4
146,132,3
146,137,4
146,150,4
146,165,2
146,172,3
146,173,3
146,174,2
146,190,2
146,199,2
146,202,4
146,216,2
146,228,3
146,232,4
146,255,4
146,260,4
146,261,3
146,266,3
146,269,3
146,277,4
146,290,3
146,297,3
146,301,3
146,308,3
146,316,4
146,323,4
146,328,5
146,329,4
146,331,4
146,333,4
146,337,3
146,343,3
146,344,2
146,346,4
146,353,3
146,356,3
146,363,4
146,368,3
146,370,5
146,375,3
146,376,3
146,384,3
146,387,4
146,393,3
147,3,5
147,7,3
147,8,3
147,22,5
147,27,2
147,29,4
147,50,5
147,58,4
147,67,5
147,82,5
147,93,4
147,110,3
147,113,5
147,117,2
147,119,3
147,120,4
147,122,3
147,125,4
147,139,4
147,143,3
147,159,5
147,175,3
147,197,4
147,199,4
147,201,3
147,205,3
147,207,3
147,216,2
147,228,4
147,240,3
147,243,4
147,246,4
147,255,3
147,258,3
147,261,2
147,272,5
147,273,4
147,283,4
147,290,3
147,299,4
147,306,3
147,315,2
147,316,3
147,318,4
147,321,4
147,329,4
147,346,5
147,355,3
147,371,4
147,380,4
147,384,5
147,385,4
147,392,5
147,396,4
148,1,4
148,2,3
148,3,4
148,5,3
148,6,4
148,7,4
148,8,4
148,9,3
148,10,4
148,11,3
148,12,3
148,13,5
148,16,4
148,19,4
148,22,4
148,24,4
148,29,3
148,31,4
148,34,5
148,36,3
148,38,4
148,39,5
148,40,3
148,42,4
148,43,4
148,44,4
148,47,4
148,50,4
148,51,3
148,53,4
148,54,4
148,58,4
148,59,4
148,60,2
148,61,2
148,63,4
148,64,4
148,66,5
148,69,4
148,73,4
148,75,4
148,76,3
148,77,4
148,78,4
148,79,4
148,80,3
148,82,4
148,84,4
148,86,3
148,87,4
148,88,4
148,89,4
148,91,2
148,92,2
148,93,4
148,97,4
148,99,3
148,100,4
148,104,3
148,107,3
148,108,3
148,110,3
148,111,4
148,114,5
148,116,5
148,118,3
148,120,4
148,121,4
148,122,4
148,124,4
148,125,4
148,126,5
148,127,5
148,128,4
148,129,4
148,130,5
148,131,4
148,132,4
148,134,5
148,136,4
148,137,4
148,138,4
148,139,4
148,142,4
148,143,3
148,144,5
148,146,3
148,148,4
148,149,4
148,150,4
148,151,4
148,153,4
148,154,4
148,156,5
148,158,4
148,159,5
148,160,3
148,161,4
148,164,5
148,166,2
148,167,4
148,169,4
148,170,4
148,172,4
148,173,4
148,174,3
148,178,3
148,180,3
148,181,2
148,184,4
148,189,3
148,190,3
148,193,3
148,194,3
148,196,3
148,197,4
148,199,4
148,201,3
148,202,4
148,206,4
148,207,3
148,209,2
148,210,3
148,211,4
148,212,3
148,213,5
148,215,4
148,216,2
148,217,4
148,218,4
148,219,5
148,220,3
148,221,3
148,226,4
148,227,3
148,228,4
148,230,4
148,232,3
148,237,4
148,238,3
148,239,3
148,240,2
148,241,2
148,243,3
148,244,4
148,245,4
148,246,3
148,247,3
148,249,4
148,251,3
148,252,4
148,254,3
148,255,4
148,258,4
148,261,3
148,262,3
148,263,5
148,264,4
148,266,3
148,267,4
148,269,4
148,271,4
148,274,4
148,277,4
148,278,4
148,281,3
148,282,4
148,283,5
148,284,3
148,287,4
148,289,4
148,290,4
148,291,4
148,292,3
148,295,4
148,297,5
148,300,4
148,301,4
148,304,5
148,306,4
148,308,4
148,309,4
148,311,2
148,312,4
148,313,4
148,315,3
148,316,4
148,318,4
148,319,4
148,320,4
148,323,3
148,326,4
148,327,3
148,328,4
148,329,3
148,330,4
148,331,3
148,332,5
148,333,4
148,334,2
148,335,3
148,338,4
148,340,2
148,342,2
148,343,3
148,344,3
148,345,3
148,346,5
148,347,4
148,348,5
148,349,4
148,351,4
148,352,3
148,353,3
148,357,5
148,358,3
148,359,3
148,362,3
148,363,3
148,366,3
148,368,4
148,370,4
148,375,5
148,376,3
148,377,5
148,379,5
148,380,4
148,382,4
148,383,4
148,385,3
148,386,3
148,387,3
148,389,3
148,390,3
148,391,3
148,394,4
148,396,3
149,8,4
149,10,4
149,20,3
149,25,3
149,26,5
149,27,5
149,29,3
149,48,4
149,53,4
149,54,3
149,59,4
149,85,4
149,87,4
149,93,4
149,99,4
149,111,5
149,112,5
149,122,3
149,125,4
149,139,4
149,160,4
149,169,4
149,197,5
149,217,4
149,227,4
149,240,3
149,269,4
149,272,4
149,302,3
149,316,4
149,321,3
149,329,5
149,333,4
149,335,4
149,341,4
149,351,3
149,357,3
149,372,3
149,396,2
150,2,5
150,6,5
150,7,4
150,8,4
150,12,3
150,17,4
150,18,3
150,24,3
150,25,4
150,30,4
150,31,4
150,34,5
150,36,4
150,47,4
150,48,5
150,49,5
150,59,4
150,67,4
150,71,5
150,76,4
150,79,4
150,81,3
150,83,5
150,84,4
150,87,4
150,90,2
150,92,4
150,98,4
150,118,2
150,122,3
150,136,2
150,147,5
150,154,4
150,163,4
150,164,5
150,165,5
150,182,4
150,191,5
150,197,5
150,201,4
150,213,4
150,217,4
150,227,4
150,228,3
150,232,5
150,233,2
150,237,4
150,239,4
150,240,4
150,244,3
150,253,5
150,256,5
150,258,5
150,269,3
150,272,4
150,275,3
150,276,4
150,284,3
150,288,4
150,290,4
150,291,4
150,296,4
150,297,4
150,301,4
150,308,4
150,309,4
150,315,4
150,316,5
150,319,4
150,322,4
150,337,3
150,342,4
150,346,3
150,348,5
150,350,3
150,353,3
150,354,4
150,357,4
150,364,5
150,371,5
150,372,4
150,376,3
150,377,5
150,380,4
150,384,5
150,388,5
150,392,5
150,395,3
151,3,4
151,8,4
151,12,3
151,23,3
151,47,3
151,48,4
151,59,4
151,60,3
151,67,5
151,68,3
151,70,2
151,73,3
151,74,3
151,77,4
151,79,4
151,80,3
151,81,2
151,84,4
151,88,3
151,91,2
151,93,4
151,98,4
151,105,2
151,109,2
151,110,2
151,114,4
151,125,3
151,127,4
151,128,1
151,129,4
151,131,3
151,138,3
151,142,5
151,146,4
151,149,3
151,150,3
151,151,4
151,159,3
151,160,4
151,164,3
151,165,4
151,186,3
151,189,4
151,197,3
151,200,3
151,201,3
151,202,3
151,206,4
151,207,2
151,213,3
151,223,5
151,232,4
151,233,3
151,239,4
151,252,3
151,253,4
151,254,3
151,255,4
151,258,3
151,266,4
151,269,4
151,277,3
151,291,5
151,299,3
151,314,3
151,315,4
151,316,3
151,318,3
151,319,3
151,321,3
151,323,5
151,326,4
151,329,4
151,334,4
151,348,4
151,353,4
151,354,4
151,363,2
151,364,3
151,366,2
151,368,3
151,372,4
151,378,4
151,380,4
151,382,4
151,399,4
152,3,3
152,5,3
152,7,3
152,9,3
152,12,4
152,15,2
152,27,4
152,29,3
152,48,4
152,49,3
152,68,3
152,69,3
152,73,3
152,74,3
152,75,4
152,76,5
152,77,4
152,84,3
152,87,4
152,88,5
152,93,4
152,115,3
152,127,3
152,137,3
152,139,3
152,142,5
152,147,4
152,154,4
152,156,3
152,160,4
152,164,4
152,167,4
152,173,4
152,177,4
152,181,4
152,184,4
152,186,4
152,187,3
152,191,3
152,202,4
152,203,3
152,209,3
152,210,1
152,213,3
152,216,4
152,217,3
152,223,4
152,224,3
152,232,3
152,237,4
152,251,4
152,253,4
152,258,3
152,261,5
152,266,5
152,269,4
152,273,3
152,275,4
152,282,4
152,283,3
152,284,4
152,286,3
152,289,4
152,290,5
152,306,3
152,309,4
152,310,3
152,315,4
152,316,4
152,319,4
152,320,3
152,321,4
152,323,4
152,329,5
152,334,4
152,340,3
152,345,2
152,348,4
152,353,4
152,357,3
152,360,3
152,362,4
152,370,5
152,375,3
152,376,3
152,379,4
152,384,4
152,387,3
152,395,3
152,400,4
153,1,2
153,2,2
153,3,4
153,5,2
153,6,4
153,7,3
153,8,3
153,9,2
153,11,1
153,12,3
153,13,3
153,15,3
153,16,3
153,17,4
153,20,3
153,23,3
153,24,3
153,26,3
153,27,2
153,28,2
153,29,2
153,30,3
153,31,2
153,33,1
153,34,4
153,37,2
153,38,3
153,39,3
153,40,2
153,42,2
153,44,3
153,45,4
153,47,3
153,50,3
153,51,2
153,52,2
153,53,3
153,54,3
153,60,3
153,61,1
153,63,3
153,64,4
153,67,3
153,68,2
153,69,3
153,71,3
153,73,2
153,74,3
153,79,3
153,81,3
153,82,1
153,83,2
153,84,3
153,85,2
153,86,3
153,87,2
153,88,3
153,89,2
153,93,3
153,94,3
153,95,2
153,98,3
153,102,3
153,103,2
153,104,2
153,106,3
153,108,2
153,110,2
153,111,2
153,113,4
153,115,2
153,116,3
153,118,1
153,121,3
153,122,2
153,123,4
153,124,3
153,125,2
153,126,3
153,127,3
153,128,2
153,129,3
153,130,3
153,131,3
153,132,3
153,133,4
153,134,4
153,137,4
153,138,3
153,139,3
153,140,3
153,142,5
153,146,2
153,148,3
153,150,2
153,151,3
153,152,3
153,153,3
153,154,2
153,155,4
153,158,2
153,159,3
153,160,4
153,161,3
153,162,3
153,164,4
153,168,2
153,171,3
153,172,3
153,175,3
153,176,2
153,177,3
153,180,3
153,183,4
153,184,3
153,185,3
153,186,2
153,187,3
153,189,3
153,190,3
153,193,3
153,194,2
153,197,4
153,198,3
153,201,2
153,204,4
153,205,3
153,206,2
153,209,3
153,210,4
153,211,2
153,213,2
153,216,2
153,218,2
153,219,3
153,220,2
153,223,3
153,225,2
153,226,4
153,227,2
153,228,3
153,232,3
153,233,2
153,234,3
153,235,2
153,236,4
153,237,2
153,240,3
153,243,2
153,245,3
153,246,3
153,247,3
153,249,2
153,252,2
153,253,3
153,255,4
153,258,3
153,259,3
153,261,3
153,266,3
153,267,3
153,271,3
153,272,1
153,273,2
153,274,3
153,275,4
153,276,4
153,277,3
153,278,3
153,281,2
153,282,4
153,283,3
153,286,2
153,287,2
153,288,3
153,289,3
153,290,3
153,291,3
153,292,2
153,294,3
153,295,2
153,297,3
153,299,3
153,300,3
153,301,3
153,302,2
153,304,4
153,306,2
153,307,3
153,308,3
153,309,3
153,310,3
153,312,1
153,313,3
153,314,3
153,316,4
153,317,3
153,318,3
153,319,2
153,320,2
153,321,3
153,322,2
153,325,2
153,326,2
153,327,3
153,328,4
153,329,3
153,331,2
153,333,2
153,334,3
153,335,3
153,337,3
153,339,3
153,341,2
153,344,3
153,345,3
153,348,4
153,350,2
153,351,3
153,353,1
153,355,2
153,356,5
153,357,3
153,360,2
153,363,3
153,364,3
153,368,3
153,369,3
153,370,4
153,372,3
153,375,3
153,377,3
153,378,2
153,379,4
153,380,3
153,381,3
153,382,3
153,385,2
153,388,5
153,389,3
153,390,2
153,391,3
153,392,3
153,394,1
153,396,3
154,2,4
154,8,3
154,47,3
154,48,4
154,74,3
154,78,4
154,125,3
154,147,5
154,151,4
154,175,2
154,184,4
154,190,2
154,216,3
154,217,4
154,234,3
154,245,4
154,255,4
154,269,4
154,276,4
154,277,4
154,299,5
154,301,4
154,307,3
154,313,4
154,315,3
154,316,5
154,334,4
154,345,3
154,360,3
154,368,3
154,373,3
154,379,5
154,383,3
154,386,4
154,390,4
154,396,3
155,2,3
155,5,2
155,6,3
155,13,3
155,19,3
155,34,2
155,64,3
155,67,3
155,73,3
155,74,4
155,79,3
155,80,4
155,87,3
155,93,3
155,106,3
155,109,2
155,114,3
155,115,2
155,122,4
155,128,3
155,130,3
155,143,3
155,154,3
155,157,2
155,160,4
155,162,4
155,172,3
155,187,3
155,205,3
155,207,2
155,213,4
155,219,3
155,236,3
155,237,3
155,242,2
155,253,4
155,255,4
155,261,4
155,266,4
155,277,3
155,280,3
155,285,3
155,299,3
155,300,2
155,301,4
155,305,3
155,306,2
155,313,3
155,316,5
155,321,3
155,324,3
155,329,4
155,331,3
155,346,4
155,348,5
155,356,4
155,359,3
155,368,4
155,372,3
155,381,4
155,388,3
155,393,4
156,3,5
156,5,4
156,8,4
156,10,4
156,12,3
156,15,3
156,21,4
156,24,3
156,31,4
156,33,3
156,34,5
156,38,4
156,42,4
156,43,3
156,48,4
156,50,5
156,51,3
156,53,4
156,54,3
156,57,3
156,60,2
156,71,5
156,76,3
156,80,4
156,82,5
156,83,4
156,84,4
156,87,5
156,88,3
156,91,3
156,98,3
156,102,2
156,104,3
156,109,2
156,111,3
156,117,3
156,119,3
156,120,3
156,122,4
156,124,5
156,125,3
156,126,5
156,129,5
156,130,3
156,137,3
156,144,4
156,156,4
156,160,4
156,166,2
156,167,5
156,169,3
156,182,3
156,184,4
156,189,4
156,190,3
156,198,3
156,202,5
156,203,4
156,206,3
156,207,4
156,210,4
156,211,4
156,213,4
156,220,3
156,223,4
156,231,3
156,232,4
156,234,5
156,240,3
156,245,4
156,249,4
156,253,5
156,254,4
156,255,5
156,259,5
156,261,4
156,263,5
156,266,4
156,269,5
156,271,5
156,274,3
156,275,5
156,277,4
156,281,3
156,284,4
156,288,5
156,293,3
156,301,3
156,302,3
156,305,5
156,313,4
156,315,3
156,316,4
156,319,4
156,320,4
156,322,4
156,325,3
156,331,3
156,332,5
156,333,3
156,334,4
156,335,4
156,339,5
156,341,3
156,344,4
156,345,4
156,348,5
156,351,4
156,354,4
156,355,3
156,356,4
156,357,5
156,360,4
156,370,4
156,375,5
156,377,3
156,384,5
156,386,2
156,392,4
156,395,4
157,2,2
157,33,2
157,47,3
157,67,4
157,74,2
157,81,3
157,87,4
157,98,3
157,110,2
157,122,3
157,127,3
157,128,3
157,144,3
157,154,2
157,159,3
157,160,3
157,164,5
157,184,2
157,198,2
157,200,3
157,205,3
157,207,2
157,216,2
157,263,3
157,277,3
157,301,3
157,316,3
157,326,3
157,351,3
157,353,3
157,357,3
157,368,2
157,384,3
158,6,2
158,9,3
158,12,3
158,29,3
158,42,3
158,60,2
158,67,4
158,81,2
158,95,3
158,110,2
158,113,4
158,122,3
158,125,2
158,146,2
158,153,4
158,156,4
158,170,4
158,189,2
158,219,3
158,257,2
158,264,3
158,277,3
158,319,4
158,323,2
158,333,2
158,398,3
159,10,2
159,11,3
159,22,4
159,34,3
159,64,3
159,73,3
159,76,2
159,79,3
159,112,3
159,125,4
159,142,3
159,144,4
159,148,3
159,160,2
159,169,4
159,173,3
159,184,3
159,195,4
159,196,3
159,212,2
159,223,3
159,225,4
159,227,4
159,232,5
159,234,3
159,266,4
159,272,3
159,275,3
159,277,3
159,284,4
159,293,3
159,296,4
159,316,3
159,319,4
159,326,4
159,329,3
159,333,3
159,335,3
159,346,4
159,348,5
159,353,3
159,354,3
159,363,3
159,373,3
160,2,3
160,5,3
160,6,4
160,11,2
160,18,4
160,25,4
160,31,5
160,34,3
160,48,4
160,54,4
160,67,5
160,70,2
160,80,4
160,82,3
160,87,4
160,90,4
160,103,3
160,120,4
160,121,4
160,139,4
160,146,4
160,151,5
160,154,4
160,164,5
160,169,4
160,195,5
160,198,3
160,203,4
160,205,4
160,206,3
160,216,2
160,222,4
160,223,4
160,234,5
160,255,4
160,258,4
160,261,3
160,269,5
160,274,3
160,281,3
160,284,3
160,293,3
160,297,5
160,299,5
160,316,4
160,319,3
160,327,3
160,330,4
160,333,3
160,352,4
160,354,4
160,357,3
160,360,5
160,361,4
160,368,4
160,370,3
160,387,4
160,399,4
161,6,4
161,8,2
161,11,3
161,12,3
161,15,3
161,59,5
161,67,4
161,80,5
161,87,3
161,93,4
161,97,4
161,98,3
161,102,4
161,110,3
161,122,4
161,127,3
161,139,4
161,158,4
161,184,3
161,186,3
161,191,4
161,197,3
161,206,3
161,209,3
161,213,4
161,226,4
161,235,3
161,238,4
161,244,5
161,246,3
161,264,2
161,269,4
161,272,4
161,295,3
161,309,2
161,312,3
161,327,4
161,354,3
161,360,3
161,368,3
161,392,4
161,393,4
162,5,4
162,8,3
162,29,3
162,44,4
162,48,3
162,74,3
162,76,3
162,80,5
162,81,4
162,109,3
162,129,5
162,143,4
162,144,5
162,161,4
162,166,3
162,181,4
162,193,3
162,194,2
162,198,4
162,200,3
162,202,5
162,210,3
162,216,2
162,223,4
162,224,4
162,234,4
162,249,4
162,255,5
162,258,3
162,267,4
162,269,5
162,290,4
162,296,4
162,301,3
162,315,2
162,319,3
162,345,2
162,348,5
162,350,4
162,357,3
162,370,5
162,375,4
162,384,5
162,386,3
162,393,3
163,2,4
163,5,4
163,6,4
163,8,3
163,9,4
163,11,2
163,12,3
163,13,3
163,15,3
163,17,3
163,18,3
163,26,3
163,28,2
163,29,3
163,30,3
163,35,3
163,42,4
163,44,4
163,48,4
163,54,3
163,59,4
163,60,2
163,61,2
163,71,4
163,73,4
163,74,4
163,76,3
163,79,4
163,80,5
163,84,4
163,87,3
163,88,3
163,92,3
163,93,3
163,96,2
163,104,3
163,109,3
163,113,4
163,115,3
163,116,5
163,122,4
163,129,4
163,137,3
163,139,3
163,142,4
163,145,4
163,150,3
163,151,3
163,154,3
163,156,4
163,163,3
163,173,3
163,175,4
163,177,4
163,178,4
163,181,2
163,182,4
163,184,4
163,185,3
163,187,4
163,193,3
163,194,4
163,196,3
163,198,3
163,210,3
163,212,3
163,213,4
163,217,4
163,219,4
163,223,4
163,226,4
163,227,4
163,228,2
163,230,4
163,234,4
163,235,3
163,237,2
163,240,2
163,244,4
163,247,3
163,253,3
163,255,4
163,258,3
163,259,5
163,260,4
163,262,3
163,264,4
163,266,4
163,269,4
163,271,5
163,272,4
163,273,3
163,277,4
163,283,4
163,284,4
163,285,2
163,288,4
163,290,4
163,293,4
163,295,2
163,297,4
163,298,4
163,299,4
163,301,3
163,307,4
163,309,3
163,315,3
163,316,4
163,317,3
163,319,3
163,321,3
163,323,4
163,325,3
163,328,3
163,332,5
163,337,3
163,338,4
163,339,3
163,345,3
163,347,3
163,348,4
163,350,3
163,351,5
163,354,3
163,357,3
163,360,3
163,366,3
163,370,4
163,377,2
163,380,4
163,382,4
163,384,5
163,385,3
163,387,3
163,388,5
163,392,5
163,394,3
163,396,4
163,397,3
163,399,3
164,5,2
164,7,2
164,8,3
164,19,4
164,24,3
164,27,3
164,44,3
164,52,3
164,71,4
164,76,3
164,84,4
164,87,4
164,88,3
164,138,3
164,153,3
164,173,3
164,184,3
164,190,2
164,212,2
164,233,3
164,234,4
164,245,3
164,246,3
164,255,3
164,258,3
164,284,3
164,290,3
164,293,3
164,319,3
164,325,4
164,334,4
164,344,3
164,346,4
164,350,4
164,368,4
164,370,4
164,381,3
164,384,4
164,389,3
165,1,3
165,2,3
165,3,4
165,5,3
165,6,3
165,7,4
165,9,4
165,10,4
165,11,3
165,12,3
165,13,5
165,14,3
165,15,2
165,19,4
165,22,4
165,23,4
165,24,4
165,25,5
165,26,3
165,27,3
165,28,3
165,30,4
165,31,4
165,33,2
165,34,4
165,35,4
165,40,3
165,42,4
165,43,3
165,44,4
165,47,3
165,48,4
165,49,4
165,50,5
165,52,3
165,53,4
165,54,2
165,56,4
165,57,3
165,59,2
165,60,2
165,61,3
165,62,3
165,63,4
165,66,3
165,70,3
165,71,3
165,72,3
165,73,3
165,74,4
165,79,4
165,80,4
165,82,3
165,84,4
165,86,3
165,87,3
165,88,3
165,89,4
165,93,4
165,94,3
165,95,3
165,97,3
165,98,3
165,101,2
165,103,3
165,104,3
165,106,3
165,107,1
165,109,3
165,110,2
165,111,4
165,113,4
165,114,4
165,115,3
165,116,3
165,117,3
165,118,3
165,122,4
165,124,4
165,125,3
165,127,3
165,129,4
165,130,4
165,131,4
165,132,3
165,133,4
165,135,3
165,136,4
165,137,3
165,139,4
165,140,3
165,142,4
165,143,4
165,145,4
165,146,3
165,148,4
165,149,5
165,153,4
165,156,5
165,158,5
165,159,3
165,160,3
165,161,4
165,163,4
165,164,4
165,165,4
165,167,4
165,169,4
165,170,4
165,171,3
165,172,3
165,174,3
165,175,3
165,176,3
165,178,3
165,180,3
165,183,4
165,184,3
165,185,3
165,189,3
165,190,2
165,191,3
165,193,4
165,194,4
165,198,3
165,200,4
165,201,4
165,202,4
165,203,2
165,205,3
165,206,4
165,208,3
165,211,3
165,212,3
165,216,2
165,217,4
165,219,5
165,220,3
165,221,2
165,223,5
165,225,4
165,227,4
165,228,3
165,229,3
165,232,4
165,233,3
165,234,3
165,235,3
165,236,3
165,237,4
165,239,4
165,244,4
165,245,4
165,247,4
165,249,3
165,252,4
165,253,3
165,254,4
165,255,4
165,257,2
165,258,4
165,259,4
165,260,4
165,261,3
165,266,4
165,267,4
165,268,3
165,269,4
165,276,4
165,277,4
165,278,4
165,281,3
165,283,3
165,284,4
165,285,3
165,286,4
165,287,3
165,288,5
165,289,3
165,290,4
165,291,4
165,293,3
165,294,2
165,296,3
165,298,4
165,299,5
165,300,4
165,301,4
165,302,3
165,303,4
165,304,5
165,305,4
165,307,3
165,308,4
165,309,3
165,310,4
165,313,4
165,315,3
165,316,4
165,317,5
165,318,3
165,319,3
165,320,4
165,323,4
165,324,4
165,326,4
165,327,3
165,329,4
165,330,4
165,332,4
165,333,4
165,334,3
165,336,3
165,339,5
165,348,5
165,350,4
165,352,4
165,354,4
165,355,4
165,356,4
165,357,4
165,359,3
165,360,4
165,363,4
165,365,4
165,366,3
165,367,3
165,368,4
165,370,4
165,371,4
165,373,4
165,375,4
165,378,4
165,380,3
165,382,4
165,383,4
165,384,4
165,385,3
165,388,4
165,390,3
165,391,3
165,392,4
165,393,3
165,394,3
165,395,3
165,396,3
165,398,3
165,399,3
166,5,4
166,6,3
166,8,5
166,11,2
166,12,3
166,13,4
166,17,4
166,21,3
166,22,5
166,27,3
166,28,4
166,29,3
166,31,4
166,34,4
166,36,4
166,38,5
166,41,3
166,42,3
166,48,3
166,49,4
166,53,3
166,54,3
166,55,5
166,60,4
166,61,2
166,64,4
166,73,3
166,76,3
166,78,4
166,79,5
166,82,4
166,83,3
166,84,4
166,85,4
166,88,5
166,93,4
166,95,3
166,98,4
166,103,3
166,104,4
166,107,2
166,109,3
166,110,4
166,113,3
166,116,4
166,121,3
166,122,5
166,125,3
166,127,4
166,130,4
166,137,5
166,143,4
166,151,3
166,153,5
166,155,5
166,156,4
166,158,4
166,160,5
166,161,4
166,163,3
166,167,5
166,172,4
166,174,2
166,177,4
166,185,4
166,186,5
166,191,3
166,197,4
166,198,4
166,200,3
166,207,3
166,210,3
166,212,4
166,213,3
166,216,5
166,217,4
166,219,4
166,220,3
166,222,4
166,223,5
166,226,5
166,228,3
166,232,3
166,235,3
166,239,4
166,240,5
166,245,4
166,246,3
166,249,4
166,253,3
166,255,5
166,258,2
166,260,4
166,264,2
166,269,4
166,270,4
166,273,4
166,277,4
166,278,4
166,283,3
166,284,3
166,287,3
166,290,2
166,291,3
166,292,3
166,293,3
166,298,5
166,300,3
166,303,4
166,307,3
166,314,4
166,316,5
166,319,5
166,321,3
166,323,4
166,325,4
166,326,3
166,328,5
166,329,4
166,330,3
166,333,3
166,334,5
166,344,5
166,345,3
166,346,4
166,348,5
166,349,4
166,350,3
166,351,4
166,353,5
166,359,4
166,363,3
166,368,4
166,369,4
166,380,3
166,384,5
166,386,4
166,387,4
166,393,4
166,394,3
166,399,4
167,2,3
167,11,2
167,12,4
167,18,3
167,22,4
167,24,4
167,26,4
167,29,1
167,34,4
167,35,4
167,45,4
167,50,5
167,54,3
167,63,4
167,64,4
167,67,4
167,74,4
167,76,3
167,79,4
167,80,5
167,84,3
167,87,3
167,88,3
167,93,3
167,95,4
167,96,2
167,115,3
167,122,3
167,125,4
167,130,4
167,135,3
167,137,4
167,142,4
167,143,3
167,149,4
167,156,4
167,159,4
167,160,3
167,166,2
167,167,4
167,181,3
167,190,2
167,193,2
167,198,4
167,207,2
167,214,4
167,216,2
167,217,5
167,227,3
167,228,4
167,229,4
167,233,3
167,234,3
167,237,3
167,238,3
167,240,5
167,244,5
167,253,4
167,254,4
167,255,4
167,257,3
167,266,5
167,275,3
167,284,2
167,287,4
167,288,4
167,289,3
167,290,3
167,297,5
167,298,3
167,299,3
167,301,3
167,309,3
167,311,3
167,316,4
167,318,4
167,319,4
167,323,4
167,326,4
167,328,4
167,329,3
167,333,4
167,344,2
167,345,3
167,348,4
167,350,4
167,355,2
167,356,3
167,357,4
167,359,3
167,362,3
167,363,3
167,369,3
167,381,4
167,384,5
167,387,3
167,389,3
167,394,3
167,396,4
168,8,3
168,23,4
168,28,2
168,35,4
168,42,3
168,44,3
168,46,4
168,54,3
168,67,4
168,73,5
168,74,4
168,84,4
168,87,3
168,88,3
168,110,2
168,111,3
168,122,3
168,125,4
168,140,3
168,147,3
168,156,4
168,159,4
168,197,4
168,206,2
168,224,2
168,234,3
168,244,5
168,255,4
168,269,4
168,280,3
168,281,3
168,286,4
168,294,3
168,298,3
168,299,3
168,301,2
168,311,3
168,313,3
168,315,3
168,319,3
168,328,3
168,331,2
168,337,4
168,345,3
168,346,4
168,351,3
168,353,3
168,354,5
168,363,2
168,379,4
168,380,3
168,392,3
168,398,4
168,400,2
169,11,1
169,17,3
169,23,5
169,25,3
169,42,4
169,44,3
169,53,3
169,60,3
169,64,3
169,67,4
169,73,3
169,74,5
169,76,3
169,79,4
169,80,5
169,88,5
169,93,3
169,98,2
169,105,2
169,109,2
169,110,4
169,114,3
169,120,3
169,122,3
169,125,4
169,130,3
169,137,5
169,142,5
169,146,4
169,153,4
169,172,3
169,173,3
169,180,4
169,181,4
169,189,4
169,198,4
169,201,3
169,202,4
169,208,4
169,219,4
169,232,4
169,235,3
169,239,3
169,246,2
169,266,3
169,269,4
169,277,4
169,284,5
169,293,2
169,295,3
169,299,4
169,301,4
169,307,4
169,308,4
169,316,4
169,320,3
169,330,4
169,337,4
169,339,4
169,350,4
169,356,3
169,357,3
169,359,3
169,366,3
169,372,3
169,379,5
169,381,5
169,382,5
169,384,3
169,385,3
169,388,4
169,390,4
169,391,3
169,395,3
169,399,4
170,1,5
170,8,4
170,17,5
170,34,4
170,42,4
170,44,4
170,54,3
170,75,4
170,110,4
170,122,5
170,130,3
170,134,5
170,147,5
170,176,4
170,181,4
170,185,3
170,226,5
170,227,3
170,235,3
170,254,5
170,258,4
170,260,5
170,261,4
170,276,4
170,316,5
170,330,4
170,331,3
170,333,4
170,338,4
170,348,5
170,352,4
170,368,4
170,384,5
171,3,3
171,5,4
171,8,2
171,10,3
171,12,2
171,13,3
171,18,3
171,22,4
171,26,3
171,28,2
171,30,2
171,46,3
171,47,2
171,49,3
171,58,3
171,63,1
171,64,4
171,70,1
171,73,3
171,79,2
171,80,3
171,84,2
171,93,2
171,95,3
171,96,2
171,98,2
171,102,3
171,110,2
171,111,1
171,113,3
171,122,3
171,125,2
171,130,2
171,151,2
171,152,1
171,153,3
171,156,4
171,160,3
171,163,2
171,173,2
171,174,1
171,181,3
171,182,3
171,189,2
171,191,4
171,202,3
171,210,2
171,214,3
171,217,3
171,219,2
171,220,2
171,223,3
171,227,2
171,228,3
171,232,4
171,234,2
171,235,1
171,242,3
171,244,4
171,245,2
171,261,2
171,273,1
171,277,2
171,282,3
171,284,3
171,286,1
171,290,2
171,294,2
171,298,4
171,299,3
171,301,2
171,303,3
171,312,2
171,315,3
171,323,4
171,325,3
171,330,3
171,333,2
171,336,4
171,344,2
171,345,2
171,351,3
171,352,1
171,356,3
171,368,3
171,382,2
171,396,2
172,1,3
172,2,3
172,7,3
172,8,3
172,9,3
172,11,2
172,12,3
172,17,4
172,19,5
172,23,4
172,24,3
172,25,3
172,27,2
172,29,4
172,31,2
172,34,3
172,35,3
172,42,3
172,44,5
172,47,4
172,50,4
172,53,4
172,54,4
172,55,3
172,63,4
172,64,4
172,65,1
172,67,4
172,71,4
172,73,3
172,74,4
172,75,5
172,76,3
172,79,3
172,83,4
172,87,3
172,95,3
172,98,4
172,103,3
172,104,2
172,107,2
172,108,3
172,110,3
172,112,3
172,119,4
172,122,4
172,125,5
172,127,4
172,131,3
172,132,2
172,133,4
172,137,4
172,139,3
172,146,3
172,152,3
172,154,4
172,156,4
172,161,4
172,164,3
172,169,3
172,171,2
172,174,2
172,175,3
172,183,5
172,189,4
172,190,3
172,198,3
172,200,3
172,202,3
172,209,4
172,210,3
172,212,2
172,213,3
172,216,4
172,217,4
172,223,5
172,228,3
172,230,4
172,232,4
172,233,3
172,234,3
172,237,4
172,244,4
172,245,3
172,246,3
172,253,4
172,254,3
172,255,3
172,261,3
172,269,4
172,272,3
172,277,3
172,281,3
172,284,3
172,286,3
172,288,3
172,296,3
172,301,5
172,302,3
172,307,4
172,308,4
172,313,3
172,315,2
172,319,5
172,320,3
172,325,3
172,326,3
172,333,4
172,335,4
172,338,4
172,339,4
172,343,3
172,348,4
172,350,3
172,351,3
172,355,2
172,356,3
172,357,3
172,359,3
172,360,2
172,363,3
172,364,4
172,368,3
172,370,5
172,372,2
172,378,4
172,379,4
172,380,5
172,382,4
172,383,3
172,384,5
172,386,5
172,388,4
172,390,4
172,393,3
172,395,2
172,396,4
173,6,5
173,8,3
173,11,2
173,12,3
173,13,5
173,14,2
173,19,3
173,23,3
173,25,4
173,29,4
173,33,3
173,34,4
173,38,5
173,48,4
173,61,2
173,63,4
173,67,5
173,73,3
173,78,4
173,80,4
173,81,3
173,82,3
173,86,4
173,87,4
173,91,3
173,93,5
173,95,4
173,103,4
173,104,3
173,115,3
173,119,3
173,122,3
173,125,3
173,127,4
173,128,3
173,139,4
173,149,5
173,150,5
173,154,4
173,159,4
173,160,4
173,163,3
173,167,4
173,169,3
173,172,3
173,184,3
173,198,3
173,202,4
173,205,4
173,213,4
173,217,4
173,218,3
173,219,5
173,222,4
173,223,4
173,234,5
173,239,3
173,244,4
173,246,3
173,252,5
173,253,4
173,254,4
173,255,4
173,256,5
173,258,5
173,259,5
173,260,4
173,263,4
173,266,3
173,269,5
173,270,3
173,273,3
173,275,5
173,277,4
173,281,4
173,284,4
173,286,4
173,288,4
173,292,3
173,293,3
173,297,4
173,299,4
173,301,4
173,309,4
173,316,4
173,319,4
173,320,3
173,323,4
173,330,4
173,331,4
173,333,4
173,334,4
173,335,4
173,344,3
173,348,5
173,351,3
173,357,5
173,364,4
173,368,4
173,371,4
173,378,4
173,381,4
173,382,4
173,386,3
173,387,3
173,391,4
173,392,5
173,393,4
173,395,4
173,396,3
174,6,3
174,8,3
174,11,3
174,12,3
174,13,4
174,15,3
174,22,4
174,25,3
174,27,2
174,30,3
174,31,1
174,34,3
174,48,4
174,64,3
174,65,2
174,67,5
174,68,2
174,73,3
174,76,2
174,77,3
174,80,5
174,87,3
174,88,2
174,107,3
174,114,4
174,125,3
174,127,3
174,133,3
174,138,2
174,143,3
174,152,4
174,153,3
174,184,3
174,186,2
174,189,4
174,193,3
174,200,3
174,213,3
174,217,5
174,222,3
174,224,2
174,228,4
174,231,3
174,238,3
174,239,4
174,240,3
174,246,4
174,253,3
174,254,3
174,255,3
174,258,4
174,261,3
174,263,5
174,266,4
174,284,1
174,286,2
174,288,3
174,291,3
174,296,3
174,304,4
174,307,3
174,309,4
174,314,4
174,315,2
174,316,4
174,319,4
174,326,3
174,327,2
174,329,5
174,333,3
174,337,3
174,338,2
174,343,3
174,345,4
174,346,4
174,347,4
174,351,3
174,353,3
174,356,3
174,357,3
174,359,2
174,360,4
174,363,2
174,368,2
174,370,5
174,382,4
174,384,3
174,391,2
174,394,3
175,3,4
175,5,3
175,8,2
175,12,3
175,13,4
175,15,3
175,16,3
175,24,3
175,27,3
175,29,2
175,39,5
175,63,3
175,71,4
175,74,3
175,79,3
175,84,3
175,110,2
175,144,4
175,146,3
175,167,5
175,168,3
175,175,3
175,190,3
175,198,2
175,201,3
175,206,4
175,209,3
175,217,3
175,243,2
175,247,3
175,277,3
175,278,4
175,289,3
175,307,3
175,311,3
175,319,2
175,320,4
175,333,3
175,338,3
175,346,4
175,353,4
175,357,4
175,368,4
175,370,4
175,382,4
175,388,2
175,394,1
176,8,3
176,9,4
176,30,3
176,88,3
176,106,3
176,107,3
176,108,4
176,111,3
176,154,3
176,156,3
176,160,4
176,169,4
176,181,3
176,189,3
176,193,3
176,204,4
176,217,3
176,226,4
176,239,4
176,254,4
176,267,3
176,269,4
176,277,4
176,284,4
176,289,2
176,302,4
176,315,3
176,316,3
176,327,3
176,351,4
176,354,3
176,360,3
176,364,4
176,375,4
176,380,3
176,392,3
177,10,3
177,19,4
177,27,4
177,28,3
177,38,3
177,39,5
177,44,3
177,60,2
177,61,3
177,71,4
177,73,3
177,79,3
177,80,5
177,84,3
177,87,4
177,93,3
177,98,3
177,110,3
177,115,4
177,118,3
177,120,4
177,122,4
177,124,4
177,125,3
177,127,4
177,131,3
177,134,4
177,135,4
177,138,3
177,144,4
177,146,2
177,151,5
177,153,4
177,168,3
177,174,3
177,175,3
177,190,3
177,199,4
177,200,3
177,202,3
177,213,3
177,215,3
177,219,3
177,223,4
177,232,4
177,237,4
177,245,3
177,254,3
177,255,3
177,258,2
177,261,3
177,284,2
177,290,2
177,293,3
177,294,4
177,301,4
177,303,4
177,304,4
177,315,3
177,316,4
177,318,3
177,322,5
177,325,4
177,336,4
177,337,3
177,339,4
177,343,2
177,345,4
177,348,4
177,351,3
177,353,4
177,354,3
177,357,3
177,359,3
177,364,4
177,368,3
177,370,4
177,375,4
177,382,3
177,384,4
177,388,3
177,390,3
177,391,4
177,399,3
177,400,2
178,6,4
178,32,3
178,44,4
178,79,3
178,80,5
178,88,4
178,96,4
178,120,3
178,125,3
178,137,4
178,139,4
178,150,4
178,159,4
178,213,5
178,217,4
178,231,3
178,232,4
178,233,3
178,254,4
178,269,5
178,283,4
178,290,4
178,291,4
178,316,4
178,319,4
178,336,4
178,357,3
178,364,4
178,384,4
178,388,5
178,392,4
179,6,2
179,10,3
179,25,3
179,33,1
179,66,3
179,67,5
179,68,3
179,73,3
179,74,3
179,76,3
179,80,4
179,88,3
179,93,3
179,122,5
179,130,3
179,147,4
179,149,4
179,167,3
179,191,3
179,198,2
179,210,4
179,217,4
179,223,4
179,227,3
179,233,3
179,237,3
179,239,4
179,269,4
179,278,4
179,289,3
179,301,3
179,305,4
179,316,4
179,320,3
179,342,2
179,360,4
179,370,4
179,390,2
180,5,4
180,6,2
180,7,3
180,8,4
180,9,3
180,10,4
180,11,1
180,12,3
180,13,4
180,15,4
180,19,3
180,20,4
180,21,3
180,23,4
180,25,3
180,26,3
180,27,3
180,28,4
180,29,3
180,30,3
180,31,2
180,33,2
180,34,3
180,37,4
180,39,4
180,41,4
180,43,3
180,48,3
180,49,4
180,50,4
180,52,3
180,53,3
180,54,3
180,55,4
180,57,4
180,58,5
180,59,3
180,63,4
180,64,5
180,69,4
180,71,4
180,72,2
180,74,3
180,76,3
180,78,3
180,79,4
180,80,5
180,82,4
180,83,3
180,84,3
180,89,3
180,93,3
180,94,3
180,95,4
180,97,3
180,98,4
180,100,4
180,107,3
180,108,3
180,109,2
180,110,4
180,111,3
180,112,2
180,113,5
180,114,5
180,119,2
180,124,4
180,126,5
180,128,4
180,130,3
180,132,2
180,133,3
180,137,4
180,138,4
180,142,5
180,146,3
180,147,5
180,152,3
180,153,3
180,159,4
180,160,5
180,161,5
180,166,1
180,169,3
180,172,4
180,174,2
180,175,2
180,176,3
180,181,4
180,182,5
180,186,3
180,188,4
180,189,4
180,191,3
180,194,3
180,197,3
180,200,3
180,201,2
180,202,3
180,204,2
180,205,3
180,210,3
180,211,3
180,212,3
180,213,4
180,216,3
180,217,5
180,223,4
180,227,3
180,228,4
180,230,2
180,233,3
180,234,3
180,236,5
180,237,3
180,238,3
180,239,4
180,240,3
180,252,3
180,253,4
180,254,4
180,255,4
180,256,5
180,258,4
180,260,3
180,261,3
180,262,2
180,263,3
180,266,2
180,269,3
180,272,2
180,275,3
180,276,4
180,277,4
180,278,3
180,281,4
180,284,4
180,288,4
180,290,4
180,291,4
180,293,2
180,295,3
180,298,3
180,300,3
180,301,3
180,303,3
180,306,2
180,308,4
180,313,4
180,314,3
180,315,2
180,316,5
180,317,4
180,319,4
180,320,3
180,323,4
180,326,4
180,327,3
180,330,4
180,331,4
180,333,2
180,334,4
180,335,3
180,337,3
180,338,3
180,339,3
180,341,3
180,342,3
180,343,4
180,345,3
180,346,4
180,347,4
180,348,3
180,350,4
180,351,3
180,352,4
180,354,4
180,355,3
180,356,4
180,357,4
180,360,3
180,364,4
180,368,3
180,369,3
180,370,5
180,371,4
180,372,2
180,373,4
180,374,3
180,375,4
180,376,4
180,377,3
180,379,4
180,381,4
180,382,4
180,384,4
180,385,4
180,388,3
180,392,3
180,393,3
180,394,2
180,399,3
181,2,4
181,12,3
181,31,4
181,54,3
181,60,3
181,74,5
181,79,3
181,80,4
181,87,5
181,88,4
181,98,3
181,110,4
181,117,5
181,118,3
181,122,5
181,125,4
181,127,3
181,129,4
181,152,4
181,184,3
181,190,4
181,206,3
181,213,3
181,217,5
181,246,3
181,253,5
181,255,4
181,263,3
181,269,5
181,289,4
181,296,4
181,301,3
181,302,4
181,313,4
181,316,4
181,319,4
181,332,5
181,336,5
181,346,5
181,350,3
181,368,4
181,379,4
181,384,5
182,6,4
182,11,4
182,12,4
182,18,5
182,27,5
182,29,4
182,30,4
182,50,5
182,54,5
182,60,4
182,61,4
182,71,5
182,74,5
182,79,5
182,84,4
182,96,5
182,99,4
182,158,5
182,180,5
182,186,4
182,190,2
182,195,5
182,197,5
182,198,4
182,216,4
182,217,5
182,218,5
182,246,4
182,255,5
182,266,4
182,276,5
182,278,5
182,284,4
182,303,5
182,315,3
182,316,5
182,320,5
182,346,5
182,348,5
182,350,5
182,356,5
182,357,5
182,363,5
182,368,5
182,378,4
182,379,4
182,381,5
183,6,4
183,11,2
183,28,4
183,48,3
183,53,5
183,61,3
183,73,5
183,84,4
183,87,4
183,115,3
183,146,4
183,153,4
183,185,3
183,201,4
183,212,4
183,216,4
183,228,3
183,240,4
183,253,4
183,255,4
183,273,3
183,276,4
183,299,4
183,316,5
183,334,4
183,339,4
183,345,4
183,350,4
183,353,4
183,357,3
183,363,4
183,380,5
183,384,4
183,398,4
184,15,3
184,18,4
184,24,4
184,34,4
184,38,4
184,44,3
184,48,3
184,71,4
184,76,5
184,88,4
184,98,2
184,99,3
184,128,4
184,129,3
184,134,4
184,167,3
184,201,2
184,208,3
184,213,4
184,217,4
184,236,5
184,237,2
184,246,3
184,258,4
184,286,3
184,289,4
184,296,3
184,299,3
184,309,4
184,313,4
184,327,3
184,333,3
184,368,4
184,370,4
184,373,3
184,384,4
184,388,5
184,392,4
185,5,3
185,6,4
185,10,3
185,11,3
185,13,4
185,24,4
185,25,4
185,26,4
185,29,3
185,31,4
185,34,3
185,44,4
185,48,3
185,52,2
185,53,4
185,54,4
185,63,3
185,64,4
185,67,4
185,69,3
185,73,4
185,77,4
185,78,3
185,79,5
185,80,3
185,84,4
185,86,3
185,87,4
185,88,4
185,100,3
185,101,4
185,103,2
185,110,3
185,115,4
185,116,5
185,119,3
185,125,3
185,127,4
185,130,4
185,131,4
185,135,2
185,138,4
185,144,3
185,146,4
185,154,4
185,169,3
185,184,4
185,198,3
185,200,4
185,204,4
185,210,3
185,211,3
185,212,3
185,213,4
185,217,4
185,220,3
185,222,4
185,223,4
185,232,3
185,237,3
185,240,4
185,242,4
185,247,3
185,255,5
185,260,4
185,261,3
185,263,5
185,266,4
185,272,4
185,276,2
185,283,4
185,288,5
185,290,4
185,299,4
185,300,4
185,302,5
185,307,3
185,308,5
185,315,3
185,316,4
185,318,4
185,329,5
185,330,5
185,333,4
185,346,3
185,350,3
185,353,3
185,363,3
185,365,3
185,368,4
185,370,5
185,382,4
185,384,5
185,390,3
185,392,3
185,394,3
186,2,3
186,3,5
186,4,3
186,10,4
186,22,3
186,29,3
186,30,3
186,34,4
186,35,3
186,38,4
186,42,3
186,45,4
186,48,4
186,57,4
186,64,5
186,76,3
186,77,4
186,79,4
186,87,5
186,88,3
186,93,3
186,107,2
186,122,5
186,125,5
186,139,2
186,152,3
186,172,3
186,193,4
186,198,3
186,211,3
186,213,4
186,214,4
186,217,4
186,226,4
186,229,4
186,233,3
186,236,4
186,243,4
186,246,3
186,251,3
186,253,5
186,261,4
186,262,2
186,266,4
186,277,3
186,288,3
186,289,4
186,298,4
186,301,2
186,308,3
186,313,3
186,316,5
186,318,3
186,319,3
186,323,4
186,328,5
186,329,4
186,333,3
186,334,4
186,338,4
186,339,4
186,340,2
186,345,3
186,346,4
186,348,5
186,352,4
186,354,5
186,357,3
186,372,4
186,376,4
186,379,5
186,381,4
186,384,5
186,396,3
186,398,4
187,3,5
187,8,4
187,27,3
187,29,4
187,34,5
187,40,4
187,44,5
187,63,4
187,73,4
187,76,3
187,83,4
187,87,4
187,90,4
187,93,4
187,101,3
187,102,2
187,103,3
187,109,3
187,114,4
187,121,4
187,122,4
187,125,4
187,143,2
187,154,3
187,164,3
187,167,4
187,181,4
187,191,4
187,195,4
187,213,4
187,234,4
187,243,4
187,244,5
187,246,4
187,255,5
187,260,4
187,261,4
187,264,4
187,269,4
187,294,3
187,298,4
187,299,4
187,309,5
187,313,5
187,315,4
187,316,4
187,319,3
187,320,4
187,326,4
187,329,4
187,333,4
187,351,4
187,356,5
187,379,5
187,381,3
187,384,4
187,391,3
188,25,4
188,35,4
188,71,5
188,80,4
188,88,4
188,95,5
188,97,4
188,98,3
188,109,3
188,122,4
188,125,4
188,127,4
188,146,3
188,153,4
188,189,4
188,211,3
188,226,4
188,232,5
188,261,3
188,277,4
188,284,3
188,317,5
188,320,3
188,329,5
188,332,5
188,346,4
188,350,4
189,5,2
189,6,2
189,8,4
189,11,3
189,28,3
189,31,3
189,47,4
189,50,4
189,53,4
189,60,3
189,61,5
189,63,4
189,67,4
189,70,4
189,74,3
189,76,3
189,84,3
189,93,4
189,97,4
189,115,2
189,122,4
189,125,3
189,128,4
189,130,4
189,132,4
189,146,3
189,147,3
189,160,4
189,169,4
189,172,4
189,177,3
189,181,4
189,188,5
189,189,4
189,194,3
189,195,5
189,204,4
189,205,4
189,213,5
189,217,4
189,232,5
189,233,3
189,237,4
189,240,4
189,244,5
189,245,3
189,248,4
189,253,4
189,256,5
189,258,4
189,278,5
189,293,4
189,309,3
189,313,5
189,315,4
189,321,3
189,326,4
189,329,4
189,332,5
189,333,3
189,335,4
189,337,3
189,371,5
189,380,4
189,381,5
189,388,3
189,390,4
189,395,3
189,396,3
189,399,2
190,8,4
190,9,2
190,11,3
190,31,4
190,42,3
190,64,4
190,67,5
190,69,3
190,71,4
190,76,4
190,79,4
190,80,5
190,84,4
190,87,4
190,88,3
190,90,4
190,110,4
190,111,4
190,118,3
190,139,4
190,142,5
190,146,3
190,150,4
190,182,3
190,191,3
190,195,5
190,198,3
190,210,3
190,213,4
190,219,5
190,227,4
190,233,3
190,234,4
190,235,3
190,237,4
190,240,4
190,261,3
190,266,3
190,284,4
190,294,2
190,301,4
190,308,4
190,309,4
190,311,3
190,317,5
190,319,4
190,332,5
190,333,3
190,351,4
190,354,3
190,357,4
190,363,4
190,379,4
190,382,3
190,384,5
190,394,2
190,396,3
191,2,3
191,7,5
191,8,4
191,9,5
191,10,4
191,11,4
191,12,4
191,18,5
191,19,5
191,22,5
191,23,4
191,25,5
191,27,5
191,28,5
191,29,5
191,31,4
191,33,4
191,34,5
191,36,4
191,40,5
191,42,5
191,43,4
191,44,4
191,48,5
191,51,5
191,53,5
191,54,5
191,59,5
191,60,3
191,63,4
191,66,4
191,67,5
191,69,5
191,71,5
191,74,5
191,79,5
191,80,5
191,82,5
191,84,4
191,88,5
191,89,5
191,90,5
191,92,5
191,93,5
191,94,4
191,95,5
191,98,4
191,107,5
191,109,4
191,115,4
191,122,4
191,125,5
191,139,4
191,140,3
191,143,5
191,145,5
191,147,5
191,151,5
191,152,5
191,153,5
191,154,5
191,156,5
191,160,5
191,162,5
191,163,4
191,172,5
191,175,5
191,181,4
191,184,5
191,186,4
191,191,5
191,198,4
191,202,5
191,203,5
191,206,4
191,211,4
191,214,5
191,218,4
191,219,5
191,223,5
191,225,5
191,228,5
191,232,5
191,233,5
191,234,5
191,237,5
191,238,3
191,240,4
191,242,5
191,244,5
191,245,4
191,251,5
191,254,5
191,255,4
191,256,5
191,261,4
191,262,5
191,266,5
191,269,5
191,272,5
191,275,5
191,277,5
191,278,5
191,281,5
191,283,5
191,284,5
191,288,5
191,289,5
191,290,5
191,293,3
191,298,4
191,299,5
191,301,5
191,303,4
191,309,4
191,311,5
191,313,5
191,314,4
191,315,4
191,316,5
191,318,5
191,323,5
191,328,5
191,330,4
191,332,5
191,333,5
191,335,4
191,336,5
191,337,5
191,340,3
191,343,4
191,344,4
191,348,5
191,351,5
191,352,5
191,353,5
191,354,4
191,355,5
191,357,5
191,362,4
191,365,5
191,368,5
191,369,5
191,370,5
191,376,5
191,377,5
191,380,5
191,381,5
191,382,5
191,384,5
191,385,4
191,388,5
191,389,5
191,392,5
191,394,5
191,396,3
191,400,5
192,48,5
192,61,3
192,63,4
192,80,5
192,94,2
192,153,4
192,161,4
192,171,3
192,217,4
192,226,4
192,255,5
192,258,4
192,269,5
192,275,4
192,291,4
192,305,4
192,317,4
192,327,3
192,329,4
192,345,4
192,364,4
192,366,2
192,392,5
193,3,4
193,23,4
193,29,3
193,48,4
193,61,2
193,67,5
193,76,3
193,92,3
193,127,4
193,154,5
193,156,3
193,165,4
193,188,4
193,198,3
193,217,4
193,234,3
193,237,3
193,276,4
193,291,4
193,315,3
193,316,5
193,345,4
193,348,5
193,353,3
193,357,3
193,370,4
193,379,5
194,2,4
194,5,5
194,6,3
194,7,2
194,13,4
194,15,4
194,17,5
194,24,3
194,29,3
194,31,2
194,34,4
194,48,4
194,67,5
194,71,4
194,77,5
194,84,4
194,85,4
194,88,3
194,90,3
194,93,3
194,105,4
194,110,4
194,111,3
194,114,4
194,122,3
194,125,3
194,131,4
194,137,5
194,148,3
194,152,4
194,154,4
194,156,4
194,167,4
194,184,3
194,189,5
194,191,3
194,205,4
194,210,4
194,217,4
194,221,3
194,240,3
194,244,5
194,261,4
194,264,3
194,269,3
194,277,4
194,284,3
194,290,3
194,296,3
194,319,5
194,322,4
194,328,5
194,330,5
194,331,3
194,338,3
194,343,4
194,345,4
194,346,3
194,348,5
194,356,4
194,358,4
194,378,5
194,385,3
194,391,4
195,11,2
195,15,3
195,23,3
195,29,3
195,38,5
195,42,3
195,48,3
195,54,4
195,65,3
195,74,4
195,79,4
195,88,3
195,97,3
195,109,3
195,110,3
195,125,4
195,127,3
195,134,5
195,137,4
195,139,3
195,142,4
195,144,4
195,151,4
195,154,4
195,159,4
195,160,3
195,161,4
195,172,4
195,174,4
195,175,3
195,177,2
195,200,4
195,203,3
195,208,4
195,213,3
195,220,4
195,227,4
195,254,3
195,263,3
195,274,4
195,276,4
195,284,4
195,288,3
195,290,4
195,293,4
195,296,3
195,299,4
195,301,3
195,316,3
195,325,4
195,345,3
195,351,3
195,354,3
195,357,4
195,375,4
195,384,4
195,399,3
196,6,3
196,17,4
196,20,3
196,22,5
196,26,4
196,34,2
196,39,3
196,45,3
196,58,3
196,63,3
196,67,4
196,77,3
196,78,3
196,79,2
196,85,2
196,93,3
196,98,3
196,110,2
196,114,4
196,125,3
196,130,2
196,147,3
196,153,3
196,167,4
196,177,3
196,189,3
196,191,3
196,195,4
196,197,3
196,198,3
196,200,3
196,206,3
196,216,1
196,234,4
196,237,3
196,246,3
196,253,3
196,254,4
196,255,4
196,264,3
196,265,4
196,268,3
196,277,3
196,282,4
196,284,2
196,290,4
196,313,3
196,315,3
196,318,2
196,325,3
196,329,4
196,333,3
196,346,4
196,356,3
196,364,3
196,381,3
196,385,4
197,1,4
197,3,5
197,4,4
197,5,4
197,6,3
197,8,4
197,10,4
197,11,4
197,12,3
197,15,4
197,17,4
197,18,3
197,19,5
197,21,4
197,22,5
197,23,4
197,24,4
197,25,4
197,27,3
197,28,4
197,30,4
197,31,3
197,33,4
197,34,5
197,36,5
197,37,4
197,38,5
197,40,4
197,41,5
197,42,4
197,43,3
197,44,4
197,45,4
197,47,3
197,48,4
197,49,4
197,51,3
197,54,5
197,56,3
197,57,4
197,64,5
197,67,5
197,68,3
197,69,3
197,70,3
197,71,5
197,73,3
197,76,4
197,77,5
197,79,5
197,80,5
197,82,4
197,84,4
197,85,4
197,87,5
197,88,3
197,92,4
197,93,5
197,95,5
197,96,4
197,98,4
197,101,5
197,103,4
197,104,2
197,105,4
197,106,4
197,108,3
197,109,3
197,110,4
197,115,4
197,117,3
197,119,3
197,120,5
197,121,4
197,122,2
197,124,5
197,125,4
197,127,4
197,128,4
197,130,4
197,131,4
197,132,3
197,136,3
197,137,5
197,138,4
197,140,2
197,143,3
197,144,5
197,146,4
197,147,4
197,149,3
197,151,4
197,152,5
197,153,5
197,154,4
197,157,3
197,161,5
197,163,3
197,164,5
197,167,5
197,168,4
197,169,3
197,172,5
197,173,4
197,175,4
197,176,4
197,178,5
197,180,3
197,181,4
197,182,3
197,183,4
197,184,4
197,186,4
197,187,4
197,189,5
197,190,3
197,193,4
197,197,5
197,198,4
197,202,5
197,203,4
197,204,3
197,206,5
197,208,5
197,211,3
197,212,2
197,213,5
197,214,5
197,216,3
197,217,5
197,218,3
197,219,5
197,221,3
197,222,3
197,223,4
197,227,5
197,228,5
197,230,4
197,231,5
197,232,5
197,233,4
197,234,4
197,235,3
197,236,3
197,237,4
197,239,4
197,240,5
197,244,5
197,245,4
197,246,3
197,249,4
197,251,5
197,253,4
197,254,4
197,255,3
197,261,3
197,263,5
197,264,4
197,267,4
197,269,3
197,271,5
197,272,5
197,273,3
197,274,4
197,275,3
197,277,5
197,278,4
197,280,3
197,286,2
197,287,5
197,288,4
197,289,4
197,290,5
197,293,2
197,294,4
197,296,4
197,298,3
197,299,4
197,300,5
197,301,4
197,302,5
197,303,4
197,304,4
197,307,3
197,308,4
197,309,5
197,310,5
197,313,4
197,318,4
197,319,5
197,320,4
197,321,3
197,322,5
197,323,5
197,324,4
197,325,4
197,326,4
197,327,3
197,328,5
197,330,5
197,331,4
197,334,4
197,335,4
197,336,4
197,338,3
197,339,4
197,340,3
197,342,2
197,343,5
197,344,4
197,345,5
197,346,4
197,347,4
197,351,4
197,353,5
197,354,4
197,355,4
197,356,4
197,357,5
197,358,3
197,360,4
197,361,4
197,362,3
197,363,4
197,364,4
197,365,4
197,367,5
197,368,4
197,369,3
197,370,4
197,372,3
197,373,3
197,374,4
197,377,2
197,379,5
197,380,4
197,382,5
197,383,4
197,384,4
197,385,4
197,387,4
197,389,4
197,390,4
197,391,4
197,392,5
197,393,4
197,394,4
197,396,3
197,399,3
197,400,4
198,8,3
198,13,5
198,19,4
198,34,3
198,41,3
198,53,4
198,71,3
198,72,3
198,76,2
198,78,4
198,79,5
198,80,4
198,87,3
198,88,4
198,93,5
198,97,3
198,111,4
198,122,3
198,125,3
198,138,3
198,143,4
198,151,3
198,160,4
198,164,5
198,191,3
198,198,4
198,213,4
198,217,3
198,228,3
198,242,3
198,249,3
198,255,3
198,276,4
198,288,5
198,302,4
198,314,3
198,316,4
198,323,4
198,325,4
198,345,3
198,348,4
198,351,4
198,357,5
198,360,3
198,362,3
198,364,3
198,366,1
198,384,4
198,385,3
198,388,4
199,9,2
199,42,3
199,63,3
199,80,4
199,85,2
199,107,2
199,110,2
199,125,3
199,139,3
199,151,3
199,155,3
199,160,4
199,164,4
199,172,3
199,198,2
199,208,3
199,213,3
199,227,3
199,247,3
199,249,3
199,255,3
199,264,2
199,290,3
199,295,2
199,315,3
199,316,3
199,319,3
199,323,3
199,333,2
199,335,3
199,340,3
199,341,2
199,364,3
199,372,2
199,382,4
200,6,3
200,8,3
200,11,1
200,25,3
200,30,4
200,31,3
200,33,4
200,38,3
200,42,2
200,48,4
200,66,3
200,67,4
200,69,1
200,73,3
200,81,3
200,84,5
200,87,4
200,88,3
200,93,4
200,98,2
200,107,2
200,112,3
200,122,4
200,127,3
200,139,3
200,142,4
200,156,3
200,160,3
200,163,3
200,172,3
200,174,1
200,175,3
200,177,4
200,181,3
200,194,3
200,200,3
200,205,5
200,207,3
200,220,3
200,226,4
200,232,3
200,233,2
200,236,5
200,237,4
200,240,4
200,246,3
200,252,2
200,254,3
200,266,2
200,267,3
200,269,3
200,281,4
200,282,4
200,289,4
200,297,3
200,298,4
200,300,3
200,313,3
200,315,2
200,327,3
200,330,3
200,333,3
200,334,4
200,336,4
200,339,4
200,340,3
200,343,2
200,344,3
200,357,3
200,361,2
200,364,4
200,368,4
200,372,2
200,378,4
200,379,4
200,384,3
200,385,3
200,387,4
200,390,4
200,391,4
200,396,1
200,400,3
201,6,4
201,8,3
201,12,4
201,13,4
201,19,5
201,34,3
201,35,4
201,48,4
201,67,3
201,73,3
201,74,4
201,79,5
201,80,5
201,89,4
201,107,3
201,119,2
201,137,5
201,139,3
201,171,3
201,181,4
201,209,4
201,225,4
201,245,5
201,254,3
201,286,3
201,289,4
201,298,5
201,310,4
201,315,3
201,316,4
201,317,5
201,320,4
201,333,4
201,346,5
201,353,4
201,354,3
201,382,5
201,385,4
201,393,4
201,394,3
201,396,3
202,2,2
202,12,3
202,14,3
202,34,4
202,52,4
202,79,3
202,84,3
202,106,3
202,109,3
202,110,3
202,125,4
202,139,3
202,151,5
202,160,4
202,167,4
202,190,4
202,198,3
202,213,4
202,261,2
202,277,4
202,289,3
202,293,4
202,315,3
202,316,4
202,319,5
202,330,4
202,335,4
202,346,4
202,391,3
202,394,3
203,23,3
203,31,2
203,64,3
203,67,4
203,71,4
203,73,4
203,87,2
203,88,3
203,98,4
203,127,3
203,138,2
203,143,3
203,172,2
203,182,3
203,213,3
203,232,3
203,253,4
203,263,3
203,266,3
203,275,2
203,277,3
203,284,2
203,301,3
203,316,4
203,319,2
203,333,4
203,338,4
203,370,5
203,380,4
203,385,3
203,391,3
203,399,3
204,5,3
204,8,3
204,9,4
204,12,3
204,31,2
204,40,4
204,76,3
204,88,3
204,93,3
204,107,3
204,110,2
204,113,4
204,115,3
204,116,4
204,122,4
204,125,3
204,133,4
204,139,4
204,170,4
204,200,3
204,202,4
204,213,3
204,217,3
204,237,3
204,252,3
204,253,4
204,256,5
204,284,2
204,301,5
204,326,4
204,339,3
204,369,2
204,395,4
205,8,3
205,11,2
205,12,4
205,29,3
205,41,3
205,48,3
205,54,3
205,67,4
205,81,3
205,87,4
205,88,2
205,115,3
205,122,3
205,130,3
205,146,4
205,147,3
205,154,3
205,167,2
205,177,3
205,205,3
205,228,3
205,247,3
205,255,4
205,267,4
205,269,4
205,278,4
205,281,3
205,284,3
205,293,3
205,301,3
205,314,3
205,315,2
205,319,3
205,333,2
205,345,2
205,347,3
205,353,4
205,360,2
205,368,4
205,380,4
205,384,4
205,397,3
206,2,4
206,3,4
206,11,2
206,12,3
206,19,2
206,25,3
206,28,3
206,30,3
206,34,3
206,39,3
206,48,4
206,50,3
206,61,3
206,62,3
206,67,4
206,71,4
206,74,2
206,76,3
206,80,4
206,87,4
206,88,2
206,98,3
206,103,4
206,107,3
206,109,2
206,120,3
206,122,3
206,130,3
206,134,3
206,135,3
206,137,3
206,142,4
206,146,3
206,159,4
206,160,2
206,163,3
206,172,4
206,182,3
206,184,4
206,198,4
206,205,2
206,206,3
206,211,2
206,212,1
206,213,3
206,217,4
206,219,3
206,221,2
206,226,5
206,233,3
206,236,3
206,237,3
206,240,4
206,245,3
206,247,3
206,248,3
206,251,2
206,253,4
206,254,4
206,257,2
206,258,3
206,260,4
206,269,3
206,270,3
206,272,5
206,284,2
206,290,3
206,291,4
206,293,2
206,301,3
206,302,5
206,303,4
206,315,4
206,316,4
206,320,4
206,326,3
206,333,4
206,345,4
206,346,2
206,351,2
206,353,2
206,368,4
206,370,5
206,375,4
206,378,5
206,386,3
206,392,4
206,393,4
206,396,4
206,400,4
207,2,3
207,5,3
207,15,3
207,18,3
207,21,3
207,42,3
207,48,3
207,54,4
207,60,3
207,70,1
207,73,3
207,79,3
207,80,5
207,82,2
207,88,3
207,93,4
207,107,2
207,112,3
207,115,4
207,118,2
207,130,4
207,131,4
207,134,3
207,146,3
207,149,4
207,167,5
207,172,4
207,197,4
207,198,3
207,210,3
207,211,3
207,213,4
207,223,5
207,228,3
207,233,2
207,239,5
207,240,5
207,266,4
207,287,2
207,297,3
207,301,3
207,311,4
207,315,3
207,319,4
207,328,4
207,333,3
207,337,3
207,345,2
207,354,3
207,392,4
208,2,4
208,11,2
208,13,4
208,22,4
208,30,3
208,34,4
208,42,3
208,47,2
208,58,3
208,67,4
208,69,3
208,73,4
208,74,3
208,76,4
208,81,2
208,86,3
208,87,3
208,88,4
208,110,3
208,111,3
208,115,3
208,125,4
208,131,4
208,142,5
208,146,4
208,159,4
208,160,3
208,182,4
208,185,2
208,198,5
208,205,4
208,206,3
208,211,3
208,223,4
208,225,3
208,231,3
208,246,3
208,252,3
208,254,4
208,256,4
208,266,3
208,277,3
208,290,3
208,291,3
208,293,3
208,301,3
208,305,4
208,306,3
208,307,3
208,308,3
208,309,4
208,314,3
208,316,4
208,329,3
208,333,3
208,337,3
208,339,3
208,341,3
208,346,2
208,349,3
208,353,2
208,354,4
208,356,4
208,357,3
208,366,2
208,368,3
208,376,4
208,383,3
208,384,3
208,387,4
208,397,2
209,5,4
209,6,2
209,7,2
209,9,2
209,10,3
209,13,3
209,15,3
209,17,2
209,20,4
209,22,3
209,23,4
209,24,3
209,27,2
209,34,3
209,40,2
209,44,3
209,47,4
209,48,3
209,54,3
209,59,2
209,67,3
209,73,3
209,74,3
209,80,4
209,82,4
209,83,4
209,84,4
209,86,3
209,87,3
209,88,3
209,108,2
209,109,3
209,113,5
209,116,4
209,125,3
209,128,2
209,130,3
209,137,4
209,139,4
209,146,3
209,153,3
209,160,4
209,164,5
209,172,2
209,175,3
209,178,3
209,184,3
209,186,4
209,189,3
209,190,2
209,192,2
209,193,3
209,198,3
209,202,3
209,213,4
209,216,3
209,217,3
209,222,4
209,227,3
209,230,3
209,233,2
209,240,4
209,246,2
209,247,4
209,254,2
209,255,3
209,258,2
209,259,4
209,261,2
209,263,3
209,269,3
209,271,3
209,275,3
209,277,4
209,282,4
209,286,2
209,290,2
209,297,4
209,299,3
209,309,3
209,312,2
209,313,3
209,315,2
209,316,4
209,319,3
209,321,3
209,323,4
209,327,2
209,328,3
209,337,3
209,339,4
209,340,3
209,341,1
209,344,3
209,345,2
209,346,4
209,347,4
209,348,4
209,350,2
209,351,4
209,353,4
209,354,3
209,355,3
209,357,3
209,362,2
209,368,3
209,370,3
209,372,3
209,373,3
209,384,4
209,385,3
209,388,4
209,389,3
209,393,3
209,399,4
209,400,3
210,31,2
210,61,2
210,72,2
210,73,4
210,74,4
210,87,4
210,99,5
210,146,3
210,160,5
210,206,4
210,208,3
210,234,3
210,245,2
210,249,3
210,275,3
210,289,4
210,301,4
210,319,3
210,320,3
210,338,2
210,339,3
210,345,3
210,348,4
210,352,3
210,354,4
211,3,4
211,6,3
211,8,5
211,11,4
211,12,4
211,14,3
211,15,4
211,20,4
211,31,3
211,34,4
211,35,4
211,38,4
211,40,3
211,42,3
211,47,4
211,48,5
211,49,5
211,50,4
211,54,3
211,60,2
211,61,2
211,67,5
211,69,3
211,70,2
211,71,4
211,73,4
211,74,4
211,79,3
211,80,5
211,81,3
211,82,4
211,87,4
211,90,3
211,91,3
211,93,4
211,94,3
211,98,3
211,101,3
211,103,3
211,107,4
211,111,3
211,115,4
211,117,2
211,122,4
211,125,4
211,130,3
211,131,3
211,136,3
211,139,3
211,142,3
211,144,4
211,147,3
211,152,4
211,153,3
211,154,3
211,155,4
211,156,4
211,159,5
211,160,4
211,161,4
211,164,4
211,167,4
211,173,4
211,175,3
211,181,4
211,184,3
211,187,3
211,189,4
211,195,3
211,199,3
211,200,4
211,202,4
211,206,4
211,208,4
211,211,3
211,212,3
211,216,4
211,217,4
211,222,3
211,227,3
211,228,3
211,232,4
211,233,2
211,234,3
211,237,4
211,249,4
211,253,4
211,254,3
211,255,2
211,257,3
211,260,5
211,261,3
211,266,4
211,269,4
211,273,5
211,277,3
211,284,4
211,288,5
211,289,4
211,290,3
211,297,4
211,300,4
211,301,4
211,302,5
211,303,4
211,308,3
211,309,3
211,313,3
211,315,4
211,316,5
211,320,4
211,321,4
211,327,2
211,333,3
211,337,4
211,338,4
211,339,4
211,344,3
211,345,3
211,346,3
211,348,5
211,350,4
211,351,4
211,353,4
211,354,3
211,355,3
211,357,4
211,359,2
211,360,4
211,361,4
211,363,4
211,364,5
211,368,5
211,370,5
211,372,3
211,375,4
211,380,4
211,382,3
211,390,3
211,394,2
211,399,3
212,40,4
212,44,3
212,48,4
212,54,4
212,71,5
212,80,5
212,87,4
212,112,5
212,130,4
212,138,4
212,160,5
212,164,5
212,175,4
212,189,5
212,213,5
212,240,5
212,245,4
212,255,4
212,287,5
212,290,4
212,315,4
212,316,5
212,333,5
212,346,4
212,353,4
212,354,4
212,360,5
212,365,5
212,375,4
212,384,4
212,397,5
213,7,4
213,11,2
213,15,3
213,23,4
213,29,3
213,34,4
213,35,4
213,38,4
213,40,3
213,42,3
213,48,4
213,59,3
213,64,4
213,67,4
213,69,4
213,71,4
213,72,3
213,73,4
213,79,4
213,80,5
213,87,3
213,93,4
213,98,2
213,114,4
213,115,3
213,125,4
213,127,5
213,130,3
213,131,3
213,137,4
213,142,4
213,146,4
213,147,4
213,156,4
213,158,3
213,164,5
213,181,3
213,183,5
213,184,3
213,186,3
213,190,3
213,191,4
213,198,5
213,200,4
213,204,4
213,212,3
213,213,5
213,230,4
213,233,3
213,234,4
213,239,3
213,240,4
213,243,4
213,246,4
213,255,4
213,258,5
213,259,5
213,261,4
213,275,4
213,277,5
213,284,4
213,286,3
213,290,3
213,294,2
213,298,4
213,301,3
213,311,2
213,315,3
213,316,4
213,319,4
213,320,3
213,322,3
213,325,4
213,329,4
213,330,4
213,333,4
213,334,3
213,339,4
213,342,4
213,345,4
213,346,4
213,353,3
213,357,4
213,359,3
213,360,3
213,372,2
213,373,3
213,381,3
213,384,5
213,387,3
213,388,4
213,397,4
213,399,3
214,6,3
214,10,3
214,20,3
214,29,3
214,34,2
214,35,3
214,50,5
214,54,3
214,115,3
214,120,3
214,122,3
214,127,3
214,130,3
214,133,2
214,138,3
214,142,4
214,143,3
214,178,3
214,189,3
214,217,3
214,233,2
214,239,2
214,253,4
214,255,4
214,266,3
214,277,3
214,315,2
214,321,2
214,326,3
214,345,2
214,348,4
214,351,3
214,354,3
214,368,3
214,384,4
215,8,4
215,9,3
215,10,4
215,23,5
215,27,4
215,34,3
215,35,5
215,37,3
215,48,3
215,80,3
215,88,5
215,122,4
215,158,4
215,167,4
215,180,3
215,191,4
215,194,3
215,197,4
215,198,3
215,200,3
215,202,4
215,232,4
215,240,4
215,245,4
215,246,4
215,253,4
215,255,5
215,266,5
215,269,4
215,275,4
215,280,3
215,284,4
215,292,4
215,296,4
215,298,4
215,301,4
215,313,5
215,315,4
215,316,4
215,329,4
215,333,4
215,339,5
215,342,4
215,344,3
215,346,5
215,348,5
215,353,4
215,363,4
215,368,4
215,372,2
215,384,5
216,1,5
216,2,4
216,5,4
216,6,3
216,8,4
216,9,3
216,10,4
216,11,3
216,12,4
216,15,3
216,16,3
216,19,4
216,20,4
216,22,5
216,24,4
216,25,5
216,27,4
216,29,4
216,30,3
216,31,3
216,34,4
216,35,4
216,44,4
216,49,5
216,53,3
216,59,3
216,60,3
216,64,5
216,66,4
216,70,3
216,73,4
216,76,3
216,78,4
216,82,4
216,83,4
216,85,2
216,87,4
216,88,4
216,95,4
216,98,3
216,102,4
216,106,4
216,109,3
216,110,3
216,111,3
216,116,5
216,120,3
216,122,3
216,124,3
216,127,4
216,128,5
216,130,3
216,131,3
216,133,4
216,134,5
216,135,4
216,136,3
216,137,4
216,138,4
216,139,4
216,142,5
216,143,3
216,145,4
216,146,4
216,147,4
216,148,3
216,149,4
216,150,4
216,151,3
216,156,4
216,160,4
216,161,5
216,162,3
216,164,4
216,169,4
216,172,3
216,176,4
216,179,4
216,181,4
216,182,5
216,183,5
216,184,5
216,186,3
216,189,5
216,190,4
216,191,3
216,192,3
216,197,4
216,198,5
216,200,5
216,201,3
216,202,5
216,204,4
216,206,5
216,208,4
216,211,2
216,213,3
216,217,4
216,218,3
216,219,4
216,220,4
216,223,5
216,226,5
216,228,3
216,232,4
216,233,4
216,234,3
216,237,3
216,240,4
216,245,3
216,246,4
216,249,4
216,252,4
216,253,4
216,254,5
216,255,5
216,258,3
216,259,4
216,261,4
216,262,3
216,263,3
216,266,3
216,269,4
216,270,3
216,272,4
216,274,4
216,277,4
216,278,4
216,281,4
216,288,3
216,289,4
216,290,4
216,293,3
216,294,3
216,297,4
216,298,5
216,299,3
216,300,4
216,301,4
216,304,4
216,305,5
216,307,4
216,308,4
216,310,5
216,314,3
216,315,3
216,316,5
216,319,4
216,320,3
216,324,5
216,327,4
216,328,5
216,329,5
216,330,5
216,332,4
216,334,4
216,335,3
216,336,4
216,338,4
216,339,5
216,342,3
216,345,4
216,346,3
216,348,4
216,351,4
216,353,4
216,354,4
216,356,4
216,357,4
216,360,4
216,368,4
216,370,5
216,373,3
216,378,4
216,379,4
216,380,4
216,382,4
216,383,4
216,384,4
216,385,3
216,386,3
216,387,4
216,388,5
216,389,5
216,390,5
216,392,5
216,393,5
216,394,2
216,396,3
216,398,4
217,8,3
217,14,4
217,15,4
217,24,3
217,41,3
217,44,4
217,52,3
217,59,4
217,70,2
217,73,4
217,88,2
217,106,3
217,108,3
217,122,4
217,129,5
217,134,3
217,144,4
217,160,4
217,163,3
217,169,3
217,172,3
217,179,4
217,184,3
217,186,3
217,208,4
217,217,3
217,233,4
217,242,3
217,244,4
217,258,3
217,266,4
217,269,4
217,275,4
217,293,2
217,301,4
217,309,4
217,315,3
217,319,4
217,320,3
217,328,4
217,329,3
217,336,4
217,345,3
217,346,5
217,363,4
217,366,3
217,386,4
217,387,4
217,397,5
217,399,4
218,1,2
218,2,2
218,6,3
218,9,3
218,23,3
218,31,1
218,32,2
218,35,3
218,37,2
218,38,3
218,50,3
218,52,3
218,59,4
218,67,4
218,71,4
218,74,3
218,80,4
218,87,2
218,93,3
218,103,2
218,122,3
218,127,3
218,130,3
218,137,2
218,146,2
218,159,4
218,167,3
218,175,3
218,188,3
218,189,3
218,196,1
218,198,3
218,203,3
218,206,1
218,208,3
218,221,3
218,225,2
218,230,4
218,237,4
218,240,2
218,247,2
218,249,3
218,255,3
218,256,3
218,259,4
218,266,2
218,269,3
218,271,4
218,281,2
218,298,3
218,300,4
218,301,2
218,309,5
218,311,4
218,315,3
218,322,4
218,333,2
218,335,4
218,339,4
218,345,4
218,354,4
218,356,3
218,357,3
218,368,3
218,370,5
218,384,3
218,389,2
218,392,4
219,9,4
219,10,4
219,13,5
219,14,4
219,15,5
219,17,5
219,20,4
219,23,5
219,24,4
219,25,5
219,27,5
219,29,4
219,30,4
219,31,4
219,34,4
219,38,5
219,41,4
219,42,4
219,46,5
219,48,5
219,59,5
219,67,5
219,70,3
219,73,5
219,74,5
219,76,4
219,77,4
219,80,4
219,83,5
219,84,5
219,87,5
219,88,5
219,92,5
219,93,4
219,95,4
219,96,4
219,101,3
219,103,4
219,104,4
219,107,4
219,108,5
219,118,4
219,120,4
219,121,4
219,122,5
219,125,5
219,130,4
219,131,4
219,137,5
219,139,4
219,147,5
219,154,5
219,156,4
219,159,3
219,164,5
219,167,5
219,170,4
219,172,3
219,173,5
219,179,4
219,182,4
219,183,4
219,184,5
219,185,4
219,187,4
219,188,5
219,189,5
219,195,4
219,197,5
219,198,5
219,201,4
219,212,4
219,213,5
219,214,5
219,216,5
219,223,5
219,224,5
219,226,5
219,227,5
219,233,4
219,237,4
219,238,4
219,239,3
219,245,4
219,249,5
219,251,5
219,255,5
219,256,5
219,261,4
219,267,4
219,269,5
219,271,5
219,273,5
219,278,4
219,283,4
219,284,5
219,285,5
219,289,5
219,290,5
219,293,4
219,294,2
219,296,5
219,301,5
219,304,4
219,308,4
219,309,3
219,311,4
219,315,4
219,316,5
219,319,4
219,321,5
219,322,4
219,323,5
219,325,3
219,326,4
219,328,5
219,330,4
219,332,5
219,333,4
219,335,4
219,336,4
219,337,4
219,339,4
219,343,4
219,344,4
219,348,5
219,353,4
219,360,4
219,363,5
219,364,5
219,366,4
219,368,4
219,378,5
219,381,5
219,382,5
219,383,5
219,393,5
219,395,3
219,396,5
220,9,2
220,12,4
220,13,4
220,15,2
220,36,3
220,66,2
220,74,4
220,78,3
220,79,3
220,80,3
220,105,1
220,110,2
220,115,3
220,122,4
220,137,3
220,159,2
220,189,3
220,207,2
220,208,3
220,213,3
220,232,3
220,234,4
220,254,3
220,258,3
220,261,3
220,333,4
220,335,4
220,346,4
220,348,4
220,351,3
220,353,4
220,362,4
220,384,4
220,386,2
220,388,5
221,8,3
221,13,5
221,32,3
221,88,3
221,144,5
221,153,4
221,154,3
221,191,2
221,194,4
221,205,3
221,217,5
221,223,4
221,227,4
221,228,5
221,266,4
221,315,2
221,316,4
221,319,4
221,320,4
221,339,4
221,341,3
221,346,4
221,360,4
221,362,2
221,370,5
221,389,3
221,399,4
222,9,3
222,73,3
222,76,4
222,79,4
222,84,2
222,93,4
222,107,3
222,125,3
222,127,3
222,173,3
222,176,3
222,200,3
222,237,4
222,245,4
222,266,3
222,277,3
222,284,4
222,290,4
222,303,3
222,315,2
222,339,3
222,355,4
222,357,5
222,366,3
222,378,3
222,381,4
222,383,3
222,384,3
222,385,4
222,386,3
222,388,4
223,5,5
223,8,3
223,11,3
223,19,5
223,25,3
223,29,3
223,47,3
223,49,2
223,51,4
223,54,3
223,60,3
223,61,3
223,63,3
223,66,2
223,67,4
223,70,3
223,71,4
223,74,3
223,87,3
223,92,4
223,93,3
223,98,2
223,114,3
223,122,3
223,130,3
223,151,3
223,153,3
223,154,3
223,187,3
223,197,3
223,198,2
223,213,3
223,216,4
223,245,3
223,246,3
223,248,3
223,249,3
223,259,4
223,266,3
223,269,3
223,277,4
223,284,3
223,288,4
223,298,4
223,301,4
223,308,4
223,315,3
223,330,4
223,339,4
223,344,3
223,354,3
223,357,4
223,360,3
223,364,3
223,365,4
223,369,3
223,374,3
223,379,4
223,381,3
223,382,4
223,384,4
223,389,3
223,395,3
224,3,3
224,6,3
224,8,3
224,9,2
224,12,4
224,15,3
224,38,4
224,39,4
224,41,4
224,44,4
224,52,4
224,53,3
224,61,3
224,63,3
224,73,3
224,74,4
224,79,4
224,80,5
224,87,3
224,93,3
224,107,2
224,109,3
224,115,3
224,127,3
224,129,4
224,134,4
224,138,4
224,140,2
224,146,4
224,152,3
224,160,4
224,180,3
224,181,4
224,187,4
224,197,2
224,198,4
224,201,3
224,206,3
224,214,5
224,216,3
224,217,3
224,226,5
224,245,4
224,247,3
224,248,2
224,253,4
224,255,5
224,261,4
224,264,3
224,269,4
224,270,4
224,275,5
224,277,3
224,289,4
224,290,3
224,306,3
224,312,4
224,313,4
224,315,3
224,316,5
224,319,2
224,320,3
224,327,3
224,329,2
224,330,4
224,337,3
224,339,3
224,346,4
224,347,4
224,352,3
224,353,3
224,354,4
224,356,5
224,361,4
224,363,3
224,366,4
224,370,5
224,384,4
224,396,3
225,11,3
225,12,3
225,15,3
225,22,3
225,23,2
225,25,3
225,27,3
225,28,3
225,29,2
225,31,3
225,34,4
225,35,5
225,36,3
225,40,3
225,42,2
225,44,3
225,54,2
225,61,2
225,62,2
225,68,3
225,71,3
225,73,4
225,74,4
225,76,1
225,77,3
225,78,2
225,79,3
225,80,4
225,83,4
225,84,3
225,87,5
225,93,3
225,125,3
225,134,4
225,139,3
225,146,5
225,153,4
225,154,3
225,159,5
225,160,2
225,166,3
225,167,5
225,169,3
225,181,3
225,186,2
225,189,4
225,198,2
225,202,3
225,207,3
225,210,3
225,217,3
225,228,4
225,234,4
225,237,3
225,239,3
225,244,3
225,247,4
225,253,4
225,255,4
225,260,3
225,261,3
225,266,4
225,267,3
225,272,3
225,273,3
225,277,4
225,281,3
225,284,3
225,286,2
225,287,3
225,290,2
225,291,5
225,293,2
225,301,3
225,308,3
225,309,3
225,312,2
225,315,3
225,316,4
225,319,3
225,321,3
225,323,4
225,326,5
225,328,3
225,329,4
225,331,4
225,333,3
225,334,4
225,335,3
225,337,3
225,345,2
225,348,4
225,350,4
225,353,5
225,355,3
225,356,4
225,357,4
225,360,2
225,362,4
225,366,2
225,370,3
225,382,4
225,384,4
225,387,3
225,390,2
225,391,3
225,393,3
225,396,2
226,6,4
226,8,4
226,11,3
226,12,4
226,13,5
226,17,3
226,18,4
226,23,4
226,26,4
226,28,3
226,29,3
226,41,4
226,46,5
226,48,3
226,52,3
226,53,4
226,61,4
226,63,2
226,67,5
226,73,5
226,74,4
226,77,3
226,79,3
226,83,5
226,87,3
226,88,3
226,91,3
226,93,4
226,98,3
226,99,3
226,103,3
226,106,2
226,109,3
226,110,2
226,122,3
226,133,4
226,139,4
226,142,4
226,144,4
226,151,4
226,153,4
226,156,4
226,159,4
226,161,4
226,163,4
226,171,2
226,172,3
226,182,3
226,187,3
226,198,3
226,200,3
226,201,3
226,202,3
226,208,3
226,210,4
226,212,2
226,217,4
226,223,4
226,224,3
226,226,4
226,227,3
226,234,3
226,237,4
226,238,4
226,244,4
226,251,2
226,252,4
226,266,4
226,269,3
226,276,4
226,277,4
226,281,3
226,283,4
226,284,4
226,290,4
226,298,3
226,301,4
226,303,4
226,304,4
226,307,3
226,308,3
226,309,4
226,314,4
226,315,3
226,323,4
226,329,4
226,330,4
226,331,3
226,333,3
226,345,2
226,346,2
226,348,5
226,353,4
226,356,4
226,360,4
226,363,2
226,365,3
226,370,5
226,373,4
226,376,4
226,382,3
226,400,3
227,5,3
227,26,3
227,64,4
227,87,4
227,109,2
227,125,4
227,139,2
227,161,4
227,167,3
227,186,3
227,187,3
227,198,3
227,206,3
227,208,2
227,221,2
227,223,4
227,260,4
227,269,4
227,272,3
227,295,3
227,301,4
227,328,3
227,329,5
227,332,5
227,348,5
227,350,2
227,382,4
228,6,3
228,84,5
228,85,3
228,87,2
228,88,3
228,107,3
228,110,3
228,125,3
228,133,3
228,171,3
228,217,3
228,226,4
228,233,3
228,246,4
228,249,3
228,284,3
228,301,4
228,309,4
228,316,3
229,1,4
229,2,3
229,3,3
229,5,2
229,6,4
229,8,2
229,9,3
229,10,3
229,12,2
229,13,3
229,15,3
229,18,2
229,22,3
229,23,5
229,24,4
229,27,3
229,29,3
229,30,3
229,34,2
229,38,4
229,39,3
229,43,3
229,48,3
229,52,3
229,53,4
229,59,2
229,60,2
229,63,3
229,64,4
229,67,3
229,68,2
229,70,3
229,71,3
229,74,3
229,78,3
229,80,4
229,81,2
229,82,2
229,84,4
229,86,2
229,87,3
229,88,3
229,89,3
229,93,3
229,94,3
229,96,3
229,98,2
229,103,4
229,107,2
229,111,2
229,114,2
229,115,2
229,120,2
229,121,3
229,122,3
229,124,3
229,125,3
229,126,3
229,127,3
229,131,2
229,132,2
229,134,4
229,135,3
229,138,3
229,139,3
229,141,2
229,143,2
229,144,3
229,146,4
229,147,3
229,150,4
229,153,3
229,155,4
229,156,3
229,160,2
229,163,4
229,169,4
229,172,2
229,174,2
229,175,2
229,176,4
229,177,3
229,178,3
229,180,2
229,181,3
229,183,4
229,186,3
229,187,4
229,189,3
229,190,3
229,197,3
229,198,3
229,200,3
229,201,2
229,203,3
229,204,3
229,206,2
229,210,3
229,211,1
229,216,2
229,217,3
229,218,3
229,223,4
229,224,4
229,227,4
229,228,4
229,232,3
229,233,3
229,236,3
229,237,4
229,240,3
229,244,3
229,245,4
229,246,3
229,248,3
229,249,4
229,253,3
229,255,4
229,256,5
229,257,2
229,258,3
229,259,4
229,260,3
229,261,3
229,262,2
229,263,2
229,266,3
229,269,3
229,272,3
229,275,2
229,276,3
229,277,3
229,278,3
229,281,3
229,282,5
229,284,3
229,286,3
229,290,3
229,292,3
229,293,3
229,294,1
229,295,2
229,296,3
229,298,4
229,299,3
229,300,2
229,301,3
229,302,4
229,303,4
229,307,3
229,309,3
229,311,3
229,313,4
229,314,2
229,315,2
229,316,4
229,319,2
229,320,2
229,323,3
229,325,2
229,326,3
229,329,4
229,330,3
229,332,4
229,333,3
229,335,2
229,337,3
229,338,2
229,339,3
229,341,3
229,342,3
229,345,2
229,347,2
229,350,3
229,352,1
229,353,3
229,354,4
229,356,4
229,357,3
229,360,4
229,364,4
229,370,5
229,372,1
229,380,4
229,381,3
229,382,3
229,384,3
229,386,3
229,387,3
229,388,4
229,389,2
229,390,3
229,392,4
229,394,3
229,397,3
229,398,4
230,2,3
230,4,2
230,5,4
230,7,4
230,9,4
230,10,2
230,11,3
230,12,4
230,13,3
230,18,2
230,19,3
230,23,3
230,24,3
230,26,3
230,29,2
230,30,3
230,31,3
230,35,3
230,40,3
230,41,3
230,42,3
230,44,3
230,48,3
230,50,3
230,54,4
230,60,1
230,61,2
230,63,3
230,64,4
230,69,3
230,72,1
230,73,4
230,74,2
230,76,3
230,77,4
230,78,3
230,79,4
230,80,3
230,84,4
230,85,2
230,86,2
230,87,3
230,90,2
230,92,3
230,93,4
230,96,2
230,97,2
230,98,5
230,103,4
230,106,3
230,110,2
230,111,3
230,116,5
230,119,2
230,120,3
230,122,1
230,127,3
230,129,3
230,130,4
230,131,2
230,132,3
230,133,3
230,135,2
230,144,3
230,146,3
230,148,3
230,149,3
230,151,3
230,156,4
230,160,3
230,161,4
230,163,3
230,164,2
230,166,3
230,167,2
230,168,3
230,169,4
230,171,3
230,173,2
230,174,3
230,181,3
230,183,3
230,187,3
230,189,4
230,190,2
230,191,4
230,197,3
230,199,2
230,200,3
230,201,2
230,206,4
230,210,4
230,211,2
230,213,3
230,216,3
230,217,5
230,219,4
230,223,4
230,224,2
230,225,2
230,227,3
230,228,2
230,234,3
230,236,3
230,237,3
230,239,3
230,240,3
230,242,3
230,244,5
230,245,3
230,246,3
230,249,3
230,250,3
230,251,2
230,252,4
230,255,2
230,256,4
230,259,4
230,260,3
230,262,3
230,266,2
230,269,3
230,271,4
230,273,2
230,274,3
230,276,3
230,277,4
230,281,3
230,283,5
230,284,2
230,285,3
230,288,4
230,289,3
230,290,2
230,293,4
230,295,4
230,297,5
230,299,4
230,300,4
230,301,3
230,307,3
230,309,4
230,313,3
230,315,3
230,316,4
230,318,3
230,319,3
230,321,4
230,326,5
230,327,3
230,330,5
230,332,4
230,333,3
230,336,4
230,337,2
230,339,3
230,343,2
230,345,5
230,346,1
230,347,3
230,348,5
230,350,4
230,351,4
230,356,4
230,360,2
230,363,2
230,364,3
230,366,2
230,370,5
230,372,3
230,373,2
230,374,1
230,378,3
230,379,5
230,380,4
230,382,4
230,383,3
230,384,4
230,387,3
230,389,3
230,396,3
230,400,3
231,2,3
231,5,2
231,6,4
231,8,4
231,9,3
231,10,4
231,11,2
231,15,2
231,16,4
231,17,4
231,18,3
231,24,4
231,27,3
231,34,3
231,39,5
231,41,3
231,48,4
231,49,5
231,50,5
231,53,3
231,54,2
231,66,3
231,74,4
231,79,3
231,81,3
231,83,3
231,84,4
231,88,5
231,95,3
231,99,3
231,103,3
231,113,4
231,114,3
231,115,3
231,116,5
231,118,3
231,121,3
231,122,5
231,125,3
231,129,5
231,132,3
231,136,4
231,137,4
231,139,3
231,143,4
231,147,5
231,152,2
231,153,5
231,160,4
231,167,3
231,169,3
231,173,5
231,174,4
231,176,3
231,177,3
231,189,3
231,190,3
231,194,3
231,206,3
231,211,3
231,212,3
231,213,5
231,217,4
231,220,4
231,223,5
231,227,4
231,232,4
231,233,3
231,234,5
231,235,4
231,236,3
231,239,3
231,240,4
231,245,4
231,247,4
231,252,3
231,255,4
231,258,3
231,262,3
231,263,3
231,264,3
231,266,3
231,269,4
231,274,4
231,275,3
231,277,4
231,280,3
231,284,4
231,288,4
231,299,3
231,301,3
231,304,5
231,308,4
231,310,3
231,311,3
231,315,4
231,316,4
231,320,4
231,321,3
231,329,3
231,330,3
231,333,3
231,335,3
231,340,4
231,345,3
231,346,4
231,348,5
231,351,3
231,353,4
231,357,4
231,360,4
231,371,4
231,373,4
231,383,4
231,384,4
231,386,3
231,387,4
231,394,3
231,399,5
231,400,5
232,6,3
232,8,4
232,11,3
232,15,4
232,23,4
232,24,4
232,34,5
232,48,5
232,67,5
232,73,5
232,88,4
232,122,4
232,139,4
232,142,4
232,168,3
232,202,4
232,213,5
232,230,4
232,237,3
232,255,4
232,269,4
232,276,4
232,290,4
232,314,4
232,333,4
232,348,5
232,355,4
232,379,4
232,382,5
232,384,5
233,2,4
233,3,3
233,7,4
233,8,4
233,9,4
233,11,2
233,25,4
233,34,4
233,35,5
233,42,4
233,48,4
233,54,3
233,61,2
233,71,3
233,74,5
233,84,4
233,85,3
233,86,3
233,90,3
233,103,4
233,144,5
233,154,4
233,156,4
233,160,2
233,170,4
233,184,3
233,190,4
233,207,4
233,208,4
233,213,4
233,216,2
233,226,5
233,231,4
233,242,2
233,255,3
233,277,3
233,282,5
233,284,4
233,285,2
233,290,3
233,299,4
233,301,3
233,309,3
233,315,4
233,317,4
233,333,3
233,338,4
233,339,5
233,345,4
233,354,4
233,356,5
233,357,4
233,367,3
233,381,4
234,3,5
234,11,1
234,20,4
234,22,3
234,35,2
234,44,4
234,48,4
234,65,3
234,74,4
234,79,3
234,88,3
234,90,4
234,96,3
234,110,3
234,113,4
234,116,4
234,120,4
234,122,5
234,125,4
234,144,5
234,149,4
234,164,5
234,173,4
234,177,4
234,187,4
234,189,4
234,200,4
234,202,4
234,203,3
234,210,3
234,211,3
234,215,4
234,225,3
234,230,3
234,253,3
234,255,4
234,261,4
234,266,4
234,269,3
234,277,4
234,282,5
234,297,4
234,299,3
234,301,4
234,313,4
234,314,4
234,316,4
234,320,4
234,331,3
234,333,3
234,345,2
234,355,3
234,366,3
234,374,4
234,379,4
234,400,4
235,13,4
235,40,4
235,58,4
235,67,5
235,71,4
235,73,4
235,76,2
235,110,1
235,113,4
235,116,4
235,122,4
235,130,3
235,132,4
235,143,3
235,160,3
235,164,3
235,167,5
235,169,3
235,181,4
235,189,3
235,193,2
235,213,3
235,218,5
235,219,4
235,232,3
235,234,3
235,240,3
235,245,3
235,254,3
235,255,5
235,272,3
235,286,3
235,289,3
235,301,4
235,309,3
235,316,3
235,327,2
235,328,4
235,330,3
235,334,4
235,345,3
235,348,4
235,360,3
235,364,4
235,368,4
235,369,3
235,385,2
235,388,5
235,392,3
236,3,4
236,7,2
236,8,3
236,11,3
236,13,4
236,15,4
236,21,3
236,22,4
236,23,4
236,25,4
236,26,4
236,27,3
236,28,4
236,29,3
236,30,3
236,34,4
236,36,3
236,40,3
236,41,3
236,42,3
236,43,4
236,44,4
236,47,4
236,48,3
236,50,3
236,51,4
236,52,3
236,54,3
236,57,3
236,61,2
236,68,3
236,70,3
236,71,4
236,73,4
236,74,4
236,78,4
236,79,4
236,80,4
236,84,4
236,87,3
236,88,3
236,90,3
236,91,3
236,93,4
236,95,4
236,99,5
236,107,2
236,109,2
236,110,2
236,111,4
236,114,4
236,115,2
236,116,4
236,120,4
236,124,4
236,125,4
236,126,4
236,128,3
236,134,3
236,136,3
236,137,4
236,139,3
236,141,3
236,147,4
236,149,4
236,151,3
236,152,3
236,153,3
236,154,4
236,156,4
236,163,4
236,166,3
236,167,5
236,169,2
236,172,2
236,173,4
236,174,3
236,175,3
236,177,3
236,182,4
236,183,4
236,184,3
236,185,4
236,189,4
236,190,2
236,191,4
236,193,3
236,195,3
236,197,4
236,198,3
236,200,3
236,203,4
236,205,4
236,206,4
236,208,3
236,209,4
236,211,3
236,212,2
236,213,3
236,217,5
236,220,4
236,221,3
236,223,4
236,225,2
236,226,5
236,228,3
236,233,3
236,234,3
236,236,3
236,237,3
236,239,4
236,244,5
236,245,3
236,247,4
236,248,4
236,249,5
236,253,3
236,254,4
236,255,3
236,256,4
236,258,3
236,259,5
236,260,4
236,266,3
236,269,3
236,277,5
236,280,3
236,281,3
236,284,2
236,286,1
236,290,4
236,291,4
236,293,3
236,294,3
236,296,4
236,299,4
236,300,4
236,301,4
236,305,4
236,306,1
236,307,4
236,308,4
236,314,3
236,315,3
236,316,4
236,326,3
236,327,3
236,329,5
236,330,3
236,331,3
236,333,3
236,335,3
236,336,5
236,337,3
236,339,4
236,344,4
236,345,4
236,346,2
236,348,5
236,350,3
236,351,5
236,354,5
236,356,4
236,357,4
236,360,4
236,365,3
236,368,4
236,369,3
236,370,5
236,371,3
236,372,2
236,375,4
236,377,3
236,380,4
236,381,3
236,387,3
236,388,4
236,391,2
236,393,4
236,394,3
236,397,3
236,400,4
237,4,3
237,11,2
237,58,3
237,79,3
237,82,2
237,87,3
237,88,3
237,93,3
237,107,2
237,114,4
237,122,2
237,127,4
237,162,2
237,177,4
237,202,3
237,213,4
237,237,3
237,239,3
237,255,4
237,258,3
237,273,3
237,319,4
237,339,4
237,346,2
237,356,4
237,357,3
237,360,3
238,8,3
238,9,3
238,12,3
238,13,4
238,15,3
238,25,4
238,27,3
238,36,3
238,50,5
238,56,4
238,65,3
238,67,4
238,71,3
238,73,3
238,74,4
238,76,3
238,79,3
238,80,4
238,84,4
238,92,3
238,98,4
238,99,4
238,104,3
238,107,3
238,108,3
238,110,3
238,113,4
238,114,4
238,116,5
238,117,3
238,121,4
238,122,3
238,125,4
238,126,4
238,131,4
238,132,4
238,133,4
238,138,3
238,139,3
238,146,3
238,151,3
238,153,4
238,160,4
238,177,4
238,179,3
238,181,4
238,189,3
238,203,4
238,206,5
238,211,4
238,220,3
238,223,5
238,226,5
238,232,4
238,234,4
238,239,4
238,249,4
238,254,4
238,258,3
238,261,3
238,264,4
238,266,3
238,269,4
238,272,4
238,273,3
238,275,4
238,284,3
238,296,3
238,297,4
238,299,4
238,301,3
238,308,3
238,309,3
238,316,4
238,328,4
238,329,4
238,333,2
238,338,4
238,340,4
238,345,4
238,346,3
238,353,4
238,356,5
238,359,3
238,360,4
238,368,5
238,375,4
238,379,4
238,384,4
238,385,3
238,388,3
238,389,4
238,394,3
238,396,3
238,400,3
239,3,4
239,8,3
239,12,4
239,15,3
239,22,5
239,23,4
239,24,3
239,25,4
239,27,3
239,33,2
239,34,5
239,52,4
239,53,4
239,66,4
239,71,4
239,73,4
239,74,4
239,75,3
239,82,3
239,88,4
239,99,4
239,102,4
239,110,1
239,113,4
239,114,5
239,118,4
239,122,3
239,130,5
239,139,4
239,151,5
239,156,4
239,158,5
239,167,5
239,172,5
239,177,5
239,183,5
239,184,3
239,198,4
239,200,4
239,206,4
239,217,4
239,220,3
239,232,3
239,234,4
239,244,5
239,245,4
239,247,3
239,253,4
239,255,4
239,258,5
239,269,4
239,277,4
239,284,3
239,290,4
239,292,4
239,315,4
239,316,4
239,321,2
239,326,5
239,327,5
239,345,4
239,348,5
239,351,4
239,357,4
239,366,3
239,368,4
239,384,4
239,397,4
240,2,3
240,9,2
240,24,3
240,25,3
240,48,3
240,71,3
240,79,3
240,87,3
240,97,1
240,122,3
240,127,4
240,146,2
240,154,3
240,169,2
240,175,3
240,181,3
240,184,2
240,188,3
240,198,3
240,199,2
240,217,3
240,223,4
240,232,3
240,234,3
240,258,3
240,266,2
240,272,4
240,273,3
240,275,4
240,315,1
240,319,3
240,322,3
240,327,2
240,329,3
240,348,3
240,351,3
240,356,3
240,368,3
240,372,3
240,384,3
240,389,4
240,394,2
241,4,3
241,5,3
241,8,3
241,11,2
241,12,3
241,23,3
241,31,4
241,34,4
241,44,4
241,48,4
241,51,3
241,52,3
241,61,3
241,63,3
241,65,2
241,66,2
241,71,5
241,72,3
241,74,3
241,79,3
241,80,4
241,93,4
241,110,2
241,113,5
241,125,3
241,127,3
241,131,2
241,132,4
241,134,4
241,139,3
241,142,4
241,143,1
241,147,3
241,148,3
241,151,2
241,153,4
241,159,1
241,167,4
241,169,3
241,177,3
241,182,5
241,189,4
241,193,2
241,194,4
241,198,3
241,202,4
241,217,4
241,224,3
241,225,3
241,235,3
241,236,3
241,240,3
241,246,3
241,249,2
241,253,4
241,255,4
241,261,3
241,266,3
241,269,4
241,271,4
241,277,2
241,281,3
241,284,3
241,285,3
241,289,4
241,293,2
241,296,4
241,299,4
241,301,4
241,309,4
241,313,3
241,315,3
241,316,4
241,320,3
241,323,4
241,325,3
241,329,4
241,335,4
241,336,4
241,344,2
241,345,3
241,348,3
241,351,3
241,352,2
241,353,3
241,357,3
241,362,4
241,364,3
241,368,3
241,370,5
241,371,3
241,372,2
241,375,4
241,382,4
241,391,3
241,393,4
242,9,3
242,13,5
242,39,3
242,48,4
242,64,4
242,67,3
242,76,3
242,87,3
242,88,3
242,120,2
242,127,5
242,164,4
242,166,2
242,185,2
242,211,2
242,223,3
242,232,3
242,253,4
242,259,5
242,276,4
242,315,2
242,317,5
242,345,3
242,346,3
242,348,5
242,368,3
242,370,5
242,384,5
242,396,3
243,2,3
243,5,3
243,8,3
243,29,4
243,30,3
243,37,3
243,71,4
243,88,3
243,93,3
243,132,3
243,145,5
243,164,5
243,167,3
243,216,3
243,247,4
243,249,3
243,261,3
243,269,4
243,289,5
243,294,2
243,313,3
243,315,4
243,319,3
243,337,3
243,353,3
243,361,3
243,382,4
243,391,5
243,396,3
244,5,4
244,7,4
244,10,3
244,25,3
244,42,3
244,50,4
244,54,4
244,59,3
244,67,4
244,72,2
244,73,3
244,74,2
244,80,5
244,84,4
244,88,3
244,115,3
244,121,5
244,122,3
244,126,4
244,139,4
244,143,3
244,145,5
244,154,4
244,158,3
244,165,4
244,175,3
244,183,3
244,189,4
244,205,3
244,211,2
244,213,4
244,221,3
244,223,4
244,226,4
244,237,3
244,238,3
244,240,4
244,241,3
244,255,4
244,266,2
244,277,4
244,285,5
244,293,2
244,308,3
244,315,3
244,319,4
244,320,4
244,321,4
244,323,4
244,327,3
244,329,3
244,335,3
244,346,4
244,348,5
244,353,3
244,376,5
244,378,5
244,388,4
245,11,1
245,12,3
245,14,3
245,15,3
245,19,3
245,26,4
245,31,3
245,34,4
245,47,3
245,50,4
245,60,3
245,61,2
245,63,4
245,73,4
245,76,3
245,78,3
245,79,4
245,87,2
245,110,3
245,111,4
245,114,3
245,119,4
245,146,2
245,153,2
245,161,4
245,164,4
245,170,3
245,187,3
245,189,4
245,198,3
245,199,3
245,202,5
245,203,3
245,240,3
245,257,3
245,260,4
245,263,3
245,266,3
245,272,4
245,281,3
245,290,3
245,295,3
245,301,3
245,319,3
245,330,4
245,333,4
245,348,5
245,356,4
245,357,4
245,360,4
245,369,2
245,370,4
245,376,5
245,380,4
245,384,4
245,390,4
245,396,3
245,400,4
246,2,4
246,10,3
246,12,3
246,13,3
246,15,4
246,27,2
246,42,3
246,48,2
246,67,4
246,74,2
246,80,5
246,84,4
246,87,4
246,88,4
246,103,3
246,109,2
246,116,3
246,120,2
246,139,2
246,143,3
246,150,3
246,153,1
246,156,4
246,157,4
246,160,3
246,172,3
246,198,5
246,203,2
246,212,2
246,213,3
246,221,4
246,223,3
246,227,1
246,233,2
246,234,2
246,236,4
246,237,3
246,243,2
246,250,3
246,253,3
246,254,4
246,261,2
246,277,3
246,284,4
246,300,3
246,301,3
246,313,3
246,316,3
246,319,3
246,333,2
246,348,4
246,355,3
246,357,4
246,360,3
246,364,3
246,375,4
246,384,5
246,393,3
247,34,4
247,52,3
247,54,3
247,61,4
247,67,5
247,71,4
247,80,3
247,84,2
247,87,4
247,88,3
247,93,3
247,115,2
247,122,3
247,130,3
247,137,3
247,151,3
247,152,3
247,159,3
247,169,3
247,173,3
247,177,3
247,189,4
247,191,3
247,193,4
247,198,1
247,206,3
247,210,4
247,213,4
247,240,4
247,246,3
247,260,4
247,262,3
247,269,4
247,276,4
247,277,3
247,284,4
247,292,3
247,300,3
247,305,2
247,316,3
247,321,2
247,325,3
247,330,3
247,333,4
247,344,3
247,348,5
247,351,3
247,372,2
247,379,5
247,381,4
247,385,3
247,399,3
248,3,4
248,11,2
248,12,2
248,15,3
248,22,4
248,23,3
248,26,4
248,31,2
248,34,3
248,35,3
248,38,4
248,45,5
248,48,4
248,54,3
248,60,3
248,70,3
248,73,3
248,74,4
248,87,4
248,88,3
248,92,4
248,107,2
248,109,2
248,115,5
248,116,4
248,122,4
248,123,3
248,125,4
248,126,5
248,151,2
248,160,4
248,173,3
248,181,4
248,182,4
248,184,3
248,189,4
248,190,3
248,203,3
248,212,3
248,232,4
248,240,3
248,244,5
248,255,4
248,272,3
248,275,4
248,277,4
248,280,4
248,288,5
248,290,3
248,299,4
248,307,4
248,315,2
248,316,4
248,319,4
248,320,3
248,329,5
248,333,4
248,337,3
248,339,5
248,344,4
248,345,3
248,346,3
248,351,3
248,356,5
248,364,3
248,370,5
248,371,3
248,372,3
248,375,4
248,382,5
248,384,5
248,388,4
249,2,3
249,4,4
249,5,3
249,6,4
249,7,2
249,8,3
249,9,3
249,11,3
249,12,4
249,14,3
249,25,4
249,26,4
249,27,4
249,29,4
249,31,3
249,34,4
249,47,5
249,48,3
249,50,5
249,54,3
249,59,3
249,61,3
249,63,4
249,64,3
249,66,4
249,67,5
249,69,3
249,71,4
249,73,3
249,74,3
249,76,3
249,77,3
249,78,3
249,79,3
249,80,4
249,82,4
249,83,4
249,87,3
249,90,3
249,93,3
249,94,3
249,98,2
249,100,3
249,101,1
249,105,3
249,107,4
249,108,3
249,110,2
249,111,3
249,114,3
249,115,3
249,116,5
249,122,4
249,125,4
249,127,3
249,131,3
249,139,4
249,146,3
249,153,4
249,154,5
249,157,4
249,160,4
249,164,5
249,172,3
249,175,3
249,176,4
249,178,3
249,186,3
249,189,4
249,191,3
249,195,4
249,197,4
249,198,3
249,200,4
249,202,4
249,203,3
249,206,3
249,208,3
249,210,4
249,213,4
249,216,3
249,217,2
249,220,3
249,222,4
249,223,4
249,224,4
249,225,4
249,228,3
249,232,4
249,234,4
249,236,4
249,237,3
249,239,3
249,240,4
249,243,4
249,244,4
249,253,3
249,254,4
249,255,3
249,259,4
249,261,4
249,264,3
249,267,4
249,268,2
249,269,4
249,271,4
249,275,4
249,280,3
249,284,4
249,285,3
249,288,3
249,289,3
249,290,4
249,298,4
249,300,4
249,301,4
249,303,3
249,306,4
249,307,3
249,309,3
249,310,4
249,312,3
249,313,4
249,314,3
249,316,4
249,320,4
249,325,3
249,326,4
249,333,3
249,337,3
249,338,4
249,339,3
249,341,3
249,345,3
249,346,3
249,349,3
249,351,3
249,353,4
249,354,3
249,355,3
249,356,3
249,360,5
249,362,3
249,368,4
249,370,3
249,371,3
249,374,4
249,378,3
249,379,4
249,380,2
249,382,3
249,384,5
249,385,3
249,387,4
249,394,2
249,395,3
249,399,3
250,9,4
250,11,2
250,13,4
250,15,4
250,21,3
250,23,4
250,31,3
250,34,4
250,36,4
250,48,4
250,64,3
250,66,3
250,73,4
250,74,3
250,76,4
250,78,2
250,79,4
250,80,5
250,84,4
250,87,4
250,93,3
250,95,3
250,110,2
250,122,4
250,125,2
250,139,3
250,145,3
250,160,3
250,172,3
250,181,3
250,188,4
250,191,4
250,210,3
250,211,3
250,217,3
250,220,3
250,229,5
250,233,2
250,237,3
250,240,4
250,246,3
250,253,3
250,256,3
250,258,3
250,261,3
250,264,3
250,272,3
250,277,2
250,288,3
250,289,3
250,301,3
250,303,4
250,308,3
250,313,3
250,316,5
250,317,4
250,319,2
250,326,3
250,335,4
250,336,4
250,339,5
250,348,5
250,354,3
250,356,5
250,370,5
250,385,3
250,386,3
250,387,4
250,388,4
250,393,2
251,1,3
251,2,3
251,4,3
251,5,2
251,6,2
251,7,3
251,8,3
251,9,2
251,10,3
251,11,1
251,13,5
251,14,2
251,16,3
251,18,3
251,19,3
251,22,4
251,23,4
251,24,4
251,25,3
251,26,4
251,27,3
251,28,4
251,31,3
251,32,3
251,34,3
251,35,4
251,38,4
251,41,3
251,42,4
251,43,2
251,44,2
251,45,3
251,46,3
251,47,4
251,48,3
251,49,4
251,50,4
251,52,3
251,53,3
251,54,3
251,59,3
251,61,3
251,63,3
251,64,4
251,65,3
251,67,3
251,70,2
251,71,3
251,73,4
251,74,3
251,77,3
251,78,3
251,79,3
251,80,2
251,81,3
251,82,3
251,87,4
251,88,3
251,89,4
251,90,3
251,92,2
251,93,3
251,95,3
251,97,4
251,99,3
251,101,1
251,102,2
251,103,4
251,108,3
251,112,4
251,113,1
251,114,3
251,115,3
251,119,3
251,120,4
251,121,3
251,122,3
251,123,3
251,125,3
251,127,4
251,129,4
251,130,3
251,132,4
251,134,4
251,137,3
251,138,3
251,139,2
251,142,3
251,144,5
251,145,3
251,146,4
251,147,3
251,149,3
251,152,3
251,153,4
251,156,3
251,157,3
251,158,3
251,161,3
251,163,3
251,164,5
251,166,1
251,167,3
251,169,4
251,171,2
251,172,3
251,173,3
251,174,4
251,176,3
251,181,3
251,182,2
251,184,2
251,185,2
251,186,3
251,187,4
251,189,2
251,190,2
251,192,2
251,193,2
251,194,3
251,197,3
251,198,2
251,199,3
251,200,3
251,202,3
251,203,4
251,205,3
251,206,2
251,208,3
251,210,3
251,211,2
251,213,4
251,216,2
251,217,2
251,220,2
251,223,3
251,226,5
251,228,3
251,231,2
251,232,3
251,233,3
251,234,4
251,235,2
251,237,3
251,239,3
251,240,4
251,242,4
251,245,2
251,246,2
251,247,3
251,249,2
251,250,2
251,252,2
251,253,4
251,254,3
251,255,5
251,256,3
251,257,2
251,258,2
251,259,4
251,262,2
251,263,2
251,265,3
251,266,3
251,268,3
251,269,3
251,271,4
251,274,3
251,279,2
251,281,2
251,283,3
251,284,3
251,286,3
251,287,3
251,288,4
251,289,3
251,291,4
251,292,2
251,294,2
251,295,3
251,296,4
251,297,4
251,298,3
251,299,3
251,300,3
251,301,4
251,303,3
251,307,2
251,308,4
251,309,2
251,311,1
251,313,4
251,314,2
251,316,2
251,318,3
251,320,3
251,321,2
251,322,3
251,323,3
251,324,5
251,325,3
251,326,4
251,327,3
251,329,3
251,330,4
251,331,2
251,332,4
251,333,2
251,334,2
251,335,3
251,336,4
251,337,3
251,338,3
251,339,3
251,340,2
251,341,2
251,342,3
251,343,3
251,344,3
251,345,2
251,346,4
251,347,3
251,348,5
251,350,3
251,351,3
251,354,4
251,356,5
251,357,4
251,360,2
251,362,4
251,363,3
251,364,3
251,366,3
251,368,4
251,369,3
251,370,4
251,371,3
251,372,2
251,373,3
251,375,4
251,377,4
251,379,4
251,380,3
251,381,3
251,384,4
251,385,2
251,386,2
251,387,3
251,388,3
251,391,2
251,392,4
251,393,2
251,395,3
251,396,3
251,399,3
251,400,3
252,11,3
252,13,5
252,25,5
252,27,5
252,29,3
252,31,3
252,40,4
252,48,4
252,54,4
252,60,4
252,67,4
252,71,4
252,73,4
252,74,5
252,82,4
252,84,4
252,88,5
252,93,5
252,98,4
252,104,3
252,110,3
252,122,4
252,126,5
252,158,4
252,159,4
252,172,3
252,184,4
252,187,4
252,191,4
252,198,3
252,200,5
252,206,3
252,208,4
252,217,4
252,219,5
252,226,4
252,228,3
252,237,4
252,249,4
252,259,5
252,261,3
252,266,3
252,269,5
252,275,4
252,289,4
252,299,4
252,300,4
252,301,3
252,310,4
252,315,3
252,316,4
252,321,3
252,329,4
252,338,4
252,339,5
252,344,5
252,345,3
252,346,5
252,350,4
252,357,5
252,370,4
252,379,5
252,381,4
252,384,5
252,397,5
253,7,3
253,9,3
253,10,2
253,12,3
253,19,3
253,25,3
253,34,4
253,38,2
253,44,3
253,47,3
253,48,3
253,53,2
253,56,2
253,73,3
253,76,3
253,78,4
253,81,3
253,87,4
253,88,3
253,91,1
253,96,2
253,107,2
253,123,5
253,125,3
253,127,3
253,142,4
253,149,3
253,153,2
253,159,3
253,164,3
253,170,3
253,184,2
253,189,3
253,198,3
253,202,3
253,206,2
253,219,3
253,233,4
253,234,2
253,235,2
253,252,3
253,254,3
253,255,4
253,258,3
253,259,4
253,263,3
253,269,4
253,276,3
253,277,4
253,284,2
253,288,4
253,289,2
253,291,4
253,303,3
253,306,2
253,315,3
253,316,4
253,317,4
253,319,3
253,327,3
253,328,3
253,333,3
253,339,4
253,348,5
253,351,4
253,355,3
253,357,4
253,368,3
253,374,1
253,381,3
253,384,3
253,390,2
253,393,4
253,394,2
253,396,3
253,400,4
254,3,4
254,12,4
254,23,4
254,28,4
254,33,4
254,40,3
254,60,3
254,75,4
254,88,5
254,111,4
254,169,3
254,171,3
254,184,5
254,193,3
254,205,5
254,220,4
254,223,4
254,234,4
254,255,5
254,261,3
254,284,4
254,285,3
254,301,5
254,324,4
254,333,5
254,345,4
254,346,4
254,360,5
254,372,3
254,376,4
254,396,4
255,1,4
255,3,2
255,6,3
255,8,4
255,10,2
255,12,2
255,13,3
255,15,2
255,23,4
255,31,3
255,32,2
255,33,1
255,34,3
255,38,3
255,40,2
255,41,1
255,44,3
255,49,3
255,50,2
255,53,3
255,59,2
255,60,2
255,61,2
255,65,2
255,67,3
255,73,3
255,77,3
255,79,4
255,81,2
255,98,1
255,103,2
255,109,2
255,122,3
255,125,3
255,127,3
255,134,4
255,145,3
255,146,3
255,147,3
255,151,2
255,153,3
255,154,2
255,156,3
255,159,2
255,160,2
255,164,2
255,167,3
255,171,2
255,173,2
255,177,4
255,181,4
255,190,3
255,191,4
255,200,3
255,201,1
255,202,2
255,213,3
255,216,2
255,219,3
255,226,4
255,228,3
255,232,3
255,233,3
255,234,3
255,236,4
255,237,3
255,240,3
255,244,3
255,250,3
255,255,3
255,256,3
255,259,4
255,269,3
255,276,3
255,277,3
255,283,3
255,288,3
255,289,3
255,293,3
255,294,1
255,296,3
255,303,3
255,306,2
255,307,5
255,309,3
255,310,4
255,315,3
255,316,4
255,319,2
255,320,2
255,325,1
255,327,3
255,331,3
255,333,2
255,337,2
255,339,3
255,345,2
255,348,4
255,353,3
255,354,4
255,357,3
255,362,3
255,364,3
255,366,2
255,369,2
255,370,5
255,372,3
255,373,2
255,375,3
255,377,3
255,379,3
255,381,3
255,384,4
255,385,2
255,386,2
255,388,4
255,390,4
255,394,3
256,2,3
256,5,3
256,6,2
256,7,2
256,8,4
256,9,3
256,10,3
256,19,4
256,24,3
256,25,4
256,26,3
256,29,2
256,31,3
256,33,2
256,42,1
256,43,3
256,48,3
256,53,3
256,71,3
256,74,4
256,76,2
256,78,2
256,79,3
256,80,3
256,85,3
256,87,5
256,88,4
256,92,3
256,93,3
256,96,2
256,97,1
256,103,2
256,105,3
256,111,2
256,125,3
256,129,4
256,130,3
256,131,3
256,134,5
256,137,3
256,139,2
256,147,3
256,148,3
256,153,4
256,154,2
256,156,3
256,159,3
256,167,4
256,169,2
256,172,4
256,173,2
256,176,4
256,181,3
256,185,3
256,193,3
256,198,3
256,199,3
256,200,3
256,208,2
256,217,3
256,227,3
256,233,2
256,234,4
256,248,2
256,249,4
256,258,1
256,272,4
256,277,3
256,282,3
256,283,3
256,287,4
256,293,3
256,303,3
256,305,3
256,308,4
256,309,3
256,320,3
256,321,3
256,326,3
256,327,2
256,345,2
256,346,4
256,347,3
256,348,5
256,357,2
256,363,3
256,364,4
256,366,2
256,368,4
256,387,4
256,393,4
256,398,4
257,6,4
257,15,3
257,28,4
257,38,5
257,60,3
257,71,5
257,79,4
257,87,4
257,114,5
257,122,3
257,123,4
257,151,2
257,153,3
257,154,4
257,160,4
257,169,3
257,172,4
257,181,4
257,183,4
257,186,4
257,202,4
257,217,4
257,232,4
257,251,3
257,253,4
257,269,4
257,293,3
257,301,4
257,302,4
257,307,3
257,328,5
257,339,5
257,397,2
258,8,4
258,15,5
258,23,4
258,24,4
258,30,3
258,40,5
258,48,5
258,64,4
258,66,3
258,71,4
258,79,4
258,86,4
258,87,4
258,93,4
258,98,4
258,109,2
258,110,4
258,122,4
258,127,4
258,136,4
258,137,5
258,139,4
258,143,3
258,146,5
258,153,3
258,156,4
258,160,4
258,164,3
258,177,4
258,182,4
258,183,4
258,184,4
258,186,3
258,189,4
258,191,4
258,196,4
258,198,5
258,206,4
258,220,3
258,223,4
258,231,5
258,233,3
258,236,3
258,240,4
258,245,4
258,255,5
258,259,3
258,261,4
258,266,4
258,269,4
258,274,3
258,275,5
258,296,3
258,300,4
258,301,3
258,313,3
258,315,4
258,316,5
258,319,3
258,323,4
258,329,4
258,330,3
258,333,3
258,345,5
258,353,4
258,354,4
258,358,4
258,375,4
258,384,5
258,387,4
258,391,3
258,393,4
258,394,3
258,396,4
259,9,3
259,12,3
259,13,4
259,19,4
259,38,3
259,43,3
259,48,3
259,53,4
259,63,3
259,67,4
259,76,2
259,80,4
259,81,3
259,93,2
259,95,3
259,103,2
259,110,2
259,111,3
259,120,3
259,125,3
259,131,3
259,132,2
259,144,4
259,160,3
259,172,4
259,180,3
259,186,3
259,190,1
259,200,3
259,201,2
259,203,3
259,210,4
259,213,4
259,216,3
259,232,3
259,244,4
259,247,4
259,255,3
259,256,4
259,260,4
259,269,3
259,275,3
259,281,4
259,284,4
259,300,2
259,321,3
259,330,4
259,333,3
259,344,4
259,351,3
259,354,3
259,365,3
259,371,4
259,375,3
259,384,3
259,387,2
259,396,3
260,17,2
260,34,3
260,39,3
260,54,3
260,61,3
260,82,3
260,88,3
260,99,3
260,109,3
260,122,3
260,153,3
260,173,3
260,176,2
260,209,4
260,217,4
260,228,3
260,234,3
260,241,2
260,255,4
260,258,4
260,259,3
260,284,3
260,286,3
260,290,4
260,299,4
260,311,3
260,315,3
260,316,3
260,329,4
260,333,3
260,338,2
260,346,4
260,357,3
260,384,4
260,391,3
261,2,4
261,8,4
261,15,3
261,23,4
261,25,4
261,51,3
261,53,4
261,57,3
261,60,3
261,66,4
261,73,4
261,76,4
261,87,4
261,88,4
261,120,4
261,128,4
261,139,3
261,155,4
261,177,5
261,186,3
261,198,4
261,233,3
261,245,3
261,261,4
261,275,3
261,292,4
261,337,3
261,339,4
261,341,4
261,342,4
261,356,5
262,6,3
262,8,3
262,10,2
262,15,3
262,23,2
262,24,2
262,26,4
262,30,2
262,31,3
262,34,3
262,40,4
262,43,3
262,44,3
262,48,3
262,52,3
262,53,4
262,60,2
262,66,3
262,67,3
262,73,4
262,74,4
262,78,3
262,80,3
262,83,3
262,85,2
262,86,2
262,87,3
262,88,3
262,93,3
262,98,2
262,113,2
262,125,4
262,126,3
262,128,5
262,139,2
262,149,3
262,156,3
262,164,5
262,169,3
262,190,3
262,198,3
262,199,3
262,202,3
262,206,3
262,227,3
262,232,1
262,239,3
262,255,3
262,256,4
262,258,2
262,259,5
262,265,3
262,274,3
262,275,3
262,277,4
262,278,4
262,280,3
262,283,4
262,284,4
262,293,2
262,301,3
262,306,2
262,307,3
262,308,4
262,309,2
262,315,3
262,319,3
262,320,3
262,329,2
262,330,3
262,331,2
262,333,3
262,335,3
262,343,3
262,345,3
262,348,5
262,354,4
262,364,3
262,370,3
262,396,2
263,2,4
263,6,2
263,7,4
263,8,4
263,9,5
263,10,5
263,11,3
263,12,3
263,13,4
263,14,3
263,15,4
263,18,3
263,19,4
263,20,4
263,23,3
263,24,3
263,25,4
263,26,4
263,27,4
263,28,4
263,29,4
263,33,4
263,35,3
263,38,5
263,42,4
263,45,4
263,48,3
263,52,4
263,53,3
263,54,4
263,57,4
263,61,4
263,63,4
263,65,3
263,67,5
263,68,3
263,69,2
263,71,4
263,72,3
263,73,1
263,74,2
263,76,3
263,78,2
263,80,5
263,83,3
263,84,5
263,85,3
263,92,3
263,93,4
263,96,4
263,97,3
263,98,3
263,103,3
263,104,2
263,106,4
263,107,4
263,110,4
263,112,3
263,113,5
263,114,4
263,116,5
263,118,3
263,119,3
263,120,4
263,121,4
263,122,3
263,125,3
263,126,5
263,127,3
263,130,2
263,134,4
263,138,3
263,139,4
263,141,3
263,142,5
263,143,2
263,144,5
263,145,5
263,147,5
263,152,2
263,153,5
263,154,4
263,156,3
263,158,3
263,159,4
263,160,4
263,162,3
263,164,5
263,166,2
263,167,3
263,171,2
263,176,4
263,181,4
263,182,4
263,185,3
263,186,4
263,187,3
263,189,5
263,190,4
263,191,2
263,195,4
263,198,4
263,199,3
263,200,3
263,202,3
263,203,3
263,205,4
263,208,5
263,209,3
263,213,4
263,221,3
263,222,4
263,223,4
263,226,5
263,227,4
263,228,4
263,230,5
263,232,4
263,233,3
263,234,3
263,236,4
263,237,4
263,240,4
263,241,3
263,242,3
263,246,3
263,247,4
263,252,4
263,253,3
263,254,4
263,255,3
263,259,4
263,260,3
263,261,3
263,262,3
263,263,3
263,264,3
263,266,2
263,267,5
263,269,4
263,273,2
263,274,4
263,275,3
263,278,4
263,281,4
263,284,4
263,288,4
263,289,4
263,293,2
263,296,4
263,297,3
263,298,4
263,299,3
263,300,5
263,302,4
263,303,4
263,304,3
263,305,5
263,307,3
263,309,4
263,313,3
263,315,2
263,316,5
263,317,4
263,318,3
263,319,4
263,320,5
263,321,5
263,324,4
263,327,3
263,328,5
263,329,5
263,330,4
263,331,3
263,333,4
263,334,3
263,335,4
263,337,2
263,338,3
263,342,3
263,343,3
263,345,2
263,346,3
263,347,3
263,348,4
263,350,3
263,351,4
263,352,3
263,354,4
263,356,5
263,357,4
263,360,4
263,366,4
263,368,3
263,369,3
263,370,5
263,371,3
263,372,2
263,375,5
263,377,2
263,378,5
263,379,4
263,381,5
263,382,5
263,384,4
263,385,3
263,389,4
263,390,4
263,392,4
263,393,3
263,394,3
263,398,4
263,399,4
263,400,4
264,2,3
264,8,3
264,10,2
264,15,3
264,16,4
264,48,4
264,73,5
264,113,4
264,130,4
264,135,3
264,172,4
264,198,3
264,213,5
264,222,5
264,237,4
264,253,4
264,255,4
264,269,4
264,284,4
264,293,3
264,315,3
264,316,3
264,323,4
264,325,3
264,338,4
264,344,4
264,345,3
264,355,3
264,370,4
264,378,4
264,400,5
265,9,5
265,12,4
265,15,3
265,18,3
265,24,3
265,34,4
265,36,4
265,44,4
265,58,4
265,64,3
265,69,3
265,76,4
265,79,4
265,80,4
265,84,5
265,107,4
265,114,5
265,121,4
265,127,4
265,139,3
265,146,5
265,151,4
265,153,4
265,169,4
265,181,4
265,183,4
265,198,3
265,211,4
265,216,2
265,236,3
265,237,3
265,244,5
265,255,4
265,258,4
265,263,4
265,266,4
265,269,4
265,276,5
265,278,4
265,284,4
265,288,4
265,291,4
265,301,4
265,315,4
265,319,4
265,326,5
265,328,5
265,329,5
265,330,4
265,345,4
265,346,4
265,348,5
265,351,4
265,354,4
265,356,5
265,357,5
265,360,4
265,363,3
265,367,4
265,371,4
265,377,4
265,389,4
265,393,4
266,3,3
266,9,2
266,12,4
266,13,4
266,15,2
266,23,4
266,25,3
266,36,3
266,41,3
266,44,3
266,74,2
266,76,3
266,79,4
266,81,3
266,87,3
266,98,2
266,108,2
266,109,1
266,110,2
266,113,5
266,119,2
266,127,3
266,128,4
266,131,4
266,134,4
266,137,3
266,143,2
266,146,4
266,160,2
266,166,1
266,184,4
266,198,4
266,199,3
266,202,3
266,205,4
266,208,3
266,212,1
266,216,3
266,217,3
266,220,2
266,221,2
266,225,3
266,231,4
266,240,2
266,247,4
266,258,2
266,264,3
266,266,2
266,267,4
266,269,4
266,272,3
266,275,2
266,277,3
266,282,3
266,287,3
266,293,3
266,296,2
266,305,3
266,308,2
266,314,2
266,318,3
266,326,3
266,330,5
266,338,2
266,345,2
266,353,2
266,354,4
266,356,4
266,357,3
266,360,3
266,362,3
266,364,4
266,368,3
266,372,1
266,373,2
266,380,3
266,382,4
266,394,2
266,396,2
266,397,3
266,398,4
267,3,4
267,9,2
267,27,3
267,41,4
267,58,4
267,61,2
267,76,3
267,88,3
267,107,3
267,156,4
267,160,4
267,169,2
267,184,3
267,199,4
267,200,4
267,250,3
267,252,3
267,255,4
267,259,3
267,261,3
267,263,2
267,266,4
267,269,4
267,281,3
267,286,2
267,298,3
267,301,3
267,309,3
267,311,3
267,316,5
267,326,3
267,337,4
267,344,4
267,345,2
267,346,3
267,348,4
267,351,3
267,356,4
267,362,3
267,374,3
267,389,3
268,23,5
268,27,4
268,42,4
268,54,4
268,64,4
268,67,5
268,87,4
268,93,3
268,98,3
268,104,3
268,109,3
268,116,5
268,159,5
268,160,4
268,182,4
268,191,4
268,198,4
268,208,4
268,210,4
268,220,4
268,239,4
268,245,4
268,255,4
268,258,4
268,265,5
268,266,3
268,268,4
268,278,4
268,291,4
268,300,4
268,316,4
268,327,4
268,338,4
268,346,5
268,351,4
268,354,4
268,365,3
268,373,3
268,379,4
269,2,3
269,4,3
269,5,3
269,6,2
269,7,3
269,8,2
269,9,4
269,11,1
269,12,3
269,13,3
269,15,3
269,18,2
269,19,4
269,20,3
269,23,3
269,24,3
269,25,3
269,26,3
269,27,2
269,28,3
269,31,1
269,34,3
269,35,2
269,38,4
269,40,3
269,41,4
269,42,3
269,43,4
269,44,3
269,45,4
269,47,3
269,48,2
269,50,3
269,52,3
269,53,3
269,54,3
269,57,4
269,58,4
269,59,2
269,60,3
269,61,4
269,63,4
269,64,4
269,67,5
269,68,3
269,70,2
269,71,4
269,73,1
269,74,3
269,76,3
269,82,2
269,84,4
269,85,4
269,87,2
269,89,4
269,90,1
269,91,3
269,92,4
269,93,3
269,94,1
269,95,4
269,98,4
269,99,2
269,100,2
269,101,2
269,110,2
269,111,4
269,113,5
269,115,3
269,120,4
269,121,3
269,126,3
269,127,2
269,128,3
269,129,3
269,130,4
269,131,3
269,133,3
269,134,3
269,136,3
269,137,4
269,138,1
269,140,2
269,141,3
269,144,4
269,146,3
269,147,3
269,149,3
269,150,4
269,151,3
269,152,3
269,153,3
269,154,3
269,156,2
269,157,3
269,159,4
269,160,4
269,161,5
269,162,4
269,164,5
269,165,2
269,166,2
269,167,4
269,169,1
269,170,2
269,172,3
269,175,2
269,177,4
269,178,3
269,182,5
269,184,3
269,186,4
269,187,3
269,188,3
269,189,4
269,190,1
269,195,3
269,196,2
269,198,3
269,199,3
269,200,3
269,201,2
269,202,3
269,204,2
269,205,2
269,206,2
269,207,3
269,208,4
269,209,4
269,210,3
269,211,2
269,212,2
269,213,3
269,214,3
269,216,4
269,218,2
269,219,2
269,220,2
269,223,4
269,224,2
269,227,3
269,228,3
269,229,2
269,232,4
269,234,3
269,235,3
269,237,3
269,239,4
269,240,4
269,244,5
269,245,3
269,246,1
269,247,5
269,248,2
269,249,3
269,250,4
269,251,5
269,252,4
269,254,4
269,255,3
269,256,4
269,257,3
269,258,3
269,259,3
269,261,3
269,266,1
269,267,5
269,269,3
269,271,4
269,272,3
269,274,4
269,275,3
269,276,4
269,277,4
269,278,4
269,282,4
269,283,3
269,284,3
269,288,3
269,290,3
269,292,2
269,293,1
269,295,3
269,300,3
269,301,3
269,302,3
269,303,3
269,305,4
269,306,2
269,308,3
269,309,3
269,310,4
269,312,3
269,314,4
269,315,2
269,316,5
269,317,4
269,318,2
269,320,4
269,321,4
269,323,3
269,324,3
269,325,2
269,326,3
269,327,2
269,328,3
269,329,4
269,331,3
269,333,4
269,334,4
269,335,3
269,337,3
269,338,2
269,339,4
269,343,2
269,344,4
269,346,3
269,347,4
269,348,4
269,350,3
269,352,3
269,355,2
269,356,3
269,357,4
269,359,2
269,360,3
269,363,2
269,364,3
269,365,3
269,366,3
269,368,3
269,369,2
269,373,3
269,378,4
269,379,3
269,380,4
269,381,3
269,382,5
269,383,4
269,385,4
269,387,4
269,388,3
269,389,3
269,390,4
269,391,5
269,392,3
269,393,3
269,394,2
269,396,3
269,399,3
270,6,2
270,24,4
270,34,3
270,57,3
270,59,3
270,71,4
270,73,4
270,78,3
270,80,5
270,84,4
270,110,3
270,128,4
270,130,3
270,146,4
270,159,3
270,173,3
270,175,2
270,183,4
270,190,2
270,206,3
270,213,5
270,226,4
270,228,3
270,233,2
270,234,3
270,236,4
270,237,2
270,245,3
270,266,4
270,284,4
270,290,4
270,291,3
270,301,4
270,308,4
270,321,2
270,330,3
270,331,3
270,346,3
270,351,3
270,385,3
270,388,5
270,391,4
270,399,3
271,8,3
271,15,5
271,34,3
271,76,3
271,80,4
271,82,3
271,87,4
271,95,5
271,97,3
271,122,3
271,153,3
271,159,4
271,234,3
271,269,4
271,271,5
271,293,3
271,301,4
271,309,3
271,319,4
271,328,4
271,329,3
271,339,5
271,348,5
271,357,4
271,363,3
271,369,4
271,377,4
271,380,4
271,384,4
272,2,5
272,8,4
272,13,5
272,15,3
272,27,4
272,29,4
272,30,4
272,34,3
272,38,4
272,48,4
272,76,4
272,83,4
272,87,4
272,88,3
272,91,3
272,110,4
272,125,3
272,143,4
272,160,3
272,166,2
272,178,4
272,189,5
272,197,5
272,232,3
272,233,3
272,234,3
272,240,4
272,258,4
272,262,3
272,271,4
272,277,4
272,281,3
272,311,4
272,316,5
272,329,4
272,344,3
272,353,3
272,354,4
272,356,4
272,360,4
272,384,5
272,387,4
272,393,3
273,2,3
273,6,3
273,9,3
273,13,4
273,17,3
273,23,4
273,47,3
273,63,3
273,64,4
273,66,2
273,69,2
273,71,4
273,77,5
273,79,3
273,81,3
273,84,4
273,88,2
273,93,4
273,95,4
273,104,3
273,109,3
273,110,3
273,115,2
273,125,3
273,126,4
273,130,2
273,152,3
273,156,4
273,184,3
273,186,3
273,220,3
273,244,3
273,259,4
273,262,4
273,277,2
273,307,2
273,316,4
273,322,2
273,327,3
273,329,3
273,337,3
273,347,4
273,362,2
273,372,1
273,375,3
273,377,3
273,379,3
273,384,5
273,385,1
273,394,3
273,395,3
274,4,3
274,9,4
274,12,3
274,13,4
274,18,3
274,23,4
274,25,3
274,28,3
274,29,4
274,42,4
274,53,3
274,59,4
274,66,3
274,67,4
274,73,4
274,74,4
274,76,3
274,80,4
274,84,4
274,87,5
274,88,3
274,92,4
274,93,4
274,107,3
274,109,3
274,110,3
274,114,4
274,119,3
274,122,5
274,125,4
274,127,4
274,130,5
274,132,5
274,135,4
274,142,4
274,143,2
274,147,4
274,164,5
274,174,4
274,177,5
274,181,3
274,184,4
274,191,4
274,192,3
274,193,4
274,196,3
274,198,4
274,200,4
274,217,3
274,220,4
274,223,4
274,227,3
274,228,4
274,232,4
274,236,4
274,237,3
274,244,4
274,246,4
274,247,3
274,248,3
274,249,4
274,255,4
274,258,4
274,261,3
274,268,4
274,281,3
274,283,4
274,290,4
274,292,4
274,293,2
274,297,3
274,299,4
274,301,4
274,308,4
274,311,3
274,312,3
274,313,4
274,314,3
274,315,3
274,316,4
274,317,4
274,319,3
274,320,3
274,321,4
274,325,3
274,328,4
274,335,4
274,342,2
274,345,3
274,348,4
274,349,3
274,350,4
274,351,4
274,355,3
274,364,4
274,365,4
274,366,2
274,368,4
274,370,5
274,374,2
274,375,3
274,379,5
274,384,4
274,386,2
274,387,3
274,396,4
275,4,4
275,5,3
275,7,3
275,9,2
275,11,2
275,12,2
275,16,2
275,17,2
275,18,3
275,23,4
275,25,4
275,26,4
275,30,4
275,31,4
275,34,4
275,42,3
275,48,2
275,54,2
275,56,3
275,57,2
275,60,1
275,64,3
275,73,4
275,79,3
275,80,3
275,81,3
275,84,3
275,87,3
275,90,3
275,93,4
275,98,3
275,107,2
275,120,3
275,125,4
275,130,2
275,135,3
275,139,4
275,146,3
275,150,4
275,154,2
275,156,4
275,166,2
275,169,3
275,172,3
275,188,4
275,189,4
275,197,3
275,202,3
275,205,3
275,206,3
275,208,3
275,213,3
275,217,4
275,219,3
275,226,4
275,227,3
275,228,4
275,234,3
275,235,2
275,237,3
275,238,3
275,242,3
275,245,4
275,249,2
275,256,4
275,269,3
275,277,3
275,280,3
275,281,3
275,284,3
275,290,4
275,292,3
275,293,3
275,298,4
275,299,2
275,301,4
275,303,4
275,304,5
275,309,3
275,310,4
275,311,3
275,312,3
275,321,3
275,325,3
275,327,2
275,330,3
275,333,3
275,334,3
275,335,3
275,337,3
275,340,3
275,346,4
275,350,3
275,353,3
275,355,3
275,357,4
275,368,3
275,379,4
275,381,4
275,382,3
275,383,3
275,384,3
275,392,4
275,393,4
275,394,1
276,8,5
276,11,1
276,29,4
276,34,4
276,73,4
276,87,3
276,91,4
276,102,5
276,116,5
276,126,5
276,127,4
276,138,4
276,186,4
276,208,3
276,213,3
276,217,4
276,225,4
276,237,3
276,238,5
276,246,3
276,258,3
276,262,2
276,276,3
276,277,3
276,302,4
276,308,3
276,310,4
276,313,3
276,316,4
276,322,3
276,329,4
276,344,5
276,347,5
276,355,3
276,370,5
276,373,5
276,382,4
276,383,3
276,384,4
276,388,5
277,3,4
277,6,4
277,7,4
277,12,4
277,15,4
277,29,4
277,34,2
277,48,4
277,52,3
277,54,4
277,64,4
277,67,5
277,83,3
277,87,3
277,93,4
277,115,3
277,138,5
277,153,4
277,154,4
277,156,4
277,167,4
277,203,3
277,213,4
277,216,4
277,223,5
277,224,3
277,233,4
277,234,4
277,240,3
277,249,3
277,257,4
277,260,4
277,269,4
277,290,4
277,301,3
277,316,4
277,320,3
277,323,3
277,324,4
277,337,4
277,348,4
277,352,4
277,353,4
277,360,4
277,368,4
277,376,4
277,380,4
277,390,4
278,7,2
278,8,3
278,11,3
278,34,4
278,44,3
278,48,3
278,58,4
278,63,3
278,74,2
278,76,3
278,79,3
278,82,3
278,85,3
278,87,3
278,97,4
278,98,4
278,99,3
278,125,3
278,136,3
278,142,3
278,144,4
278,154,3
278,156,4
278,172,3
278,184,3
278,202,3
278,204,4
278,219,4
278,232,4
278,234,3
278,247,4
278,251,3
278,255,2
278,258,3
278,264,3
278,269,3
278,271,5
278,316,4
278,317,5
278,327,2
278,331,3
278,333,3
278,337,2
278,348,4
278,351,3
278,353,3
278,357,3
278,368,3
278,375,3
279,2,4
279,9,3
279,19,3
279,38,4
279,41,3
279,42,3
279,73,4
279,93,2
279,117,3
279,122,5
279,124,5
279,125,4
279,143,2
279,159,4
279,169,3
279,186,3
279,187,4
279,219,4
279,232,5
279,250,3
279,263,4
279,269,3
279,281,4
279,291,4
279,315,2
279,320,4
279,323,4
279,340,3
279,353,4
279,354,4
279,393,3
280,15,4
280,19,4
280,73,4
280,103,3
280,112,4
280,119,3
280,134,4
280,168,3
280,181,4
280,186,4
280,210,4
280,220,4
280,247,5
280,281,3
280,290,5
280,297,5
280,300,4
280,314,4
280,316,4
280,333,4
280,337,3
280,346,4
280,354,5
280,363,3
280,366,3
280,367,5
280,385,5
281,12,3
281,13,4
281,30,4
281,31,2
281,64,3
281,67,4
281,74,3
281,83,4
281,92,2
281,98,3
281,120,2
281,138,2
281,142,3
281,151,4
281,153,3
281,159,3
281,163,4
281,175,2
281,176,3
281,177,3
281,184,3
281,185,1
281,186,4
281,193,2
281,198,2
281,202,3
281,206,2
281,232,3
281,234,3
281,235,3
281,246,3
281,253,4
281,255,5
281,267,4
281,269,2
281,275,3
281,277,4
281,286,3
281,293,3
281,301,3
281,315,2
281,319,3
281,331,2
281,345,2
281,370,4
281,373,3
281,382,5
282,2,3
282,3,5
282,8,3
282,12,3
282,13,5
282,15,3
282,23,4
282,24,5
282,27,4
282,28,3
282,31,4
282,40,4
282,42,4
282,50,4
282,53,4
282,54,4
282,60,2
282,63,3
282,67,4
282,73,5
282,78,3
282,80,5
282,81,4
282,83,5
282,84,5
282,87,5
282,88,4
282,91,4
282,92,4
282,93,4
282,98,3
282,104,4
282,107,2
282,109,3
282,110,3
282,111,3
282,113,4
282,115,3
282,117,5
282,118,2
282,120,4
282,121,4
282,122,4
282,127,4
282,130,4
282,134,5
282,137,5
282,139,4
282,140,2
282,142,4
282,149,5
282,150,4
282,151,4
282,153,4
282,159,2
282,160,4
282,162,4
282,172,3
282,174,5
282,176,4
282,177,4
282,184,4
282,187,4
282,189,4
282,191,4
282,196,4
282,198,4
282,205,4
282,206,4
282,208,4
282,213,5
282,218,5
282,219,4
282,226,5
282,232,4
282,234,4
282,237,4
282,241,3
282,242,4
282,243,4
282,244,4
282,246,4
282,247,4
282,249,4
282,252,4
282,255,4
282,257,4
282,264,4
282,267,4
282,269,4
282,276,4
282,277,5
282,281,5
282,282,5
282,283,4
282,284,5
282,289,4
282,290,5
282,291,5
282,295,4
282,296,5
282,299,4
282,300,3
282,301,4
282,303,3
282,307,4
282,308,4
282,313,4
282,314,3
282,315,4
282,316,5
282,319,4
282,321,4
282,323,5
282,325,3
282,327,4
282,329,4
282,330,4
282,333,3
282,338,4
282,339,4
282,340,4
282,341,3
282,345,2
282,348,5
282,349,5
282,352,3
282,353,4
282,354,5
282,357,4
282,360,4
282,362,3
282,363,3
282,364,3
282,368,5
282,369,3
282,370,4
282,373,4
282,375,5
282,380,4
282,388,5
282,390,3
282,391,3
282,393,4
282,396,4
283,15,3
283,28,4
283,29,5
283,42,3
283,48,5
283,74,5
283,78,4
283,80,5
283,113,5
283,122,5
283,125,4
283,142,5
283,189,4
283,211,4
283,237,4
283,246,4
283,267,3
283,269,5
283,284,4
283,300,3
283,313,3
283,353,4
283,355,3
283,360,5
283,370,5
283,381,5
283,384,5
284,2,2
284,17,4
284,19,2
284,25,3
284,42,3
284,54,3
284,71,2
284,78,3
284,86,3
284,87,4
284,93,3
284,101,3
284,110,2
284,122,2
284,125,4
284,127,4
284,130,4
284,131,2
284,133,3
284,142,3
284,151,4
284,163,4
284,182,2
284,186,4
284,189,2
284,206,3
284,212,3
284,213,4
284,227,2
284,230,3
284,236,3
284,237,2
284,239,3
284,248,2
284,269,4
284,284,3
284,295,2
284,296,3
284,301,3
284,309,3
284,315,4
284,319,3
284,327,3
284,328,4
284,333,1
284,350,3
284,351,3
284,354,4
284,357,3
284,364,3
284,370,3
284,375,3
284,381,3
284,384,4
285,14,2
285,15,4
285,53,4
285,59,3
285,64,4
285,67,4
285,78,3
285,88,3
285,93,3
285,98,3
285,104,2
285,107,3
285,110,2
285,122,3
285,144,4
285,149,4
285,160,5
285,180,3
285,209,4
285,219,4
285,244,4
285,255,4
285,258,4
285,277,5
285,296,4
285,302,3
285,308,3
285,316,4
285,319,3
285,354,3
285,370,5
285,375,4
285,386,3
285,390,3
285,399,2
286,8,3
286,20,3
286,34,4
286,38,5
286,73,4
286,101,3
286,110,3
286,128,5
286,132,4
286,142,4
286,161,5
286,189,5
286,190,3
286,195,2
286,197,4
286,208,4
286,223,4
286,240,4
286,288,5
286,309,4
286,315,3
286,363,3
286,388,4
287,6,3
287,12,4
287,28,3
287,31,4
287,66,3
287,85,3
287,98,3
287,110,4
287,142,5
287,160,4
287,170,5
287,193,4
287,216,5
287,228,4
287,234,4
287,237,3
287,247,5
287,253,4
287,255,5
287,264,4
287,284,3
287,298,4
287,338,3
287,346,4
287,348,5
287,352,4
287,368,4
287,378,4
287,387,4
287,389,4
287,391,4
287,392,5
288,9,2
288,12,3
288,28,3
288,30,3
288,31,3
288,79,3
288,84,4
288,93,2
288,122,4
288,130,2
288,137,3
288,146,3
288,154,3
288,172,2
288,173,3
288,188,3
288,198,2
288,202,3
288,220,2
288,225,2
288,232,2
288,237,1
288,289,3
288,299,4
288,302,4
288,309,2
288,332,3
288,333,3
288,337,3
288,348,5
288,353,2
288,357,3
288,400,3
289,4,3
289,6,3
289,15,3
289,34,4
289,38,5
289,48,3
289,61,3
289,63,3
289,69,4
289,71,4
289,87,4
289,88,4
289,101,2
289,102,3
289,110,3
289,115,3
289,134,5
289,146,4
289,158,4
289,164,5
289,177,2
289,181,4
289,193,3
289,206,4
289,208,3
289,217,4
289,234,4
289,248,3
289,255,4
289,261,4
289,269,4
289,273,3
289,276,5
289,278,5
289,309,3
289,318,4
289,335,3
289,336,4
289,337,4
289,343,3
289,345,3
289,351,4
289,353,5
289,354,4
289,357,4
289,363,4
289,364,4
289,370,4
289,373,3
289,375,3
289,377,4
289,379,4
289,387,3
289,393,3
290,2,5
290,3,3
290,5,4
290,6,3
290,7,4
290,8,3
290,9,4
290,10,5
290,15,2
290,20,4
290,24,4
290,25,4
290,27,4
290,28,3
290,31,3
290,34,4
290,35,3
290,41,4
290,48,4
290,50,5
290,54,3
290,58,4
290,61,3
290,67,4
290,70,2
290,71,4
290,73,3
290,74,5
290,78,3
290,79,4
290,81,3
290,84,5
290,85,3
290,87,3
290,88,4
290,92,4
290,93,4
290,97,3
290,100,3
290,103,3
290,104,3
290,107,4
290,110,4
290,114,3
290,117,3
290,120,4
290,122,5
290,125,5
290,126,4
290,127,4
290,128,4
290,130,3
290,135,4
290,137,4
290,138,3
290,139,3
290,142,5
290,143,3
290,145,3
290,146,4
290,147,5
290,148,3
290,153,4
290,156,4
290,157,4
290,158,3
290,160,4
290,161,4
290,166,2
290,167,4
290,168,4
290,172,4
290,175,3
290,180,4
290,181,4
290,186,4
290,189,4
290,191,3
290,202,4
290,205,4
290,206,4
290,212,3
290,213,4
290,216,4
290,219,3
290,220,4
290,221,4
290,222,5
290,227,4
290,231,3
290,232,3
290,235,4
290,237,4
290,243,4
290,244,5
290,246,3
290,247,5
290,249,4
290,252,3
290,253,4
290,254,4
290,255,4
290,261,4
290,263,2
290,264,2
290,266,4
290,267,2
290,272,2
290,277,3
290,280,4
290,284,3
290,288,4
290,289,4
290,290,4
290,291,4
290,293,2
290,295,3
290,297,3
290,298,4
290,301,4
290,306,4
290,309,3
290,310,5
290,313,4
290,315,3
290,316,4
290,318,3
290,319,4
290,321,3
290,323,4
290,329,4
290,330,4
290,331,3
290,335,3
290,336,4
290,337,3
290,338,3
290,339,4
290,341,3
290,342,3
290,343,2
290,345,2
290,348,4
290,350,3
290,351,5
290,353,3
290,355,4
290,356,4
290,357,4
290,360,4
290,363,3
290,364,4
290,368,4
290,373,2
290,375,4
290,382,4
290,384,5
290,385,3
290,387,5
290,388,5
290,390,4
290,391,4
290,394,2
290,396,3
291,4,4
291,6,2
291,8,4
291,10,4
291,60,3
291,76,2
291,78,2
291,87,4
291,88,4
291,92,3
291,93,4
291,98,3
291,110,3
291,114,3
291,139,3
291,143,3
291,153,4
291,160,3
291,185,3
291,210,2
291,213,3
291,217,3
291,222,4
291,259,4
291,277,5
291,296,3
291,309,2
291,334,3
291,344,3
291,348,4
291,355,4
291,394,3
292,8,3
292,34,3
292,63,3
292,74,3
292,76,3
292,88,3
292,103,2
292,124,3
292,125,4
292,142,5
292,154,4
292,177,3
292,185,2
292,191,3
292,205,3
292,220,3
292,253,3
292,300,4
292,309,3
292,315,2
292,316,4
292,333,2
292,348,5
292,356,3
292,375,4
292,380,3
292,385,4
292,386,4
292,394,3
292,398,4
293,8,2
293,9,2
293,12,2
293,22,3
293,23,3
293,34,3
293,67,4
293,68,2
293,69,3
293,74,3
293,78,1
293,79,2
293,80,4
293,84,4
293,87,2
293,98,3
293,99,3
293,107,4
293,110,2
293,117,2
293,120,3
293,122,3
293,125,4
293,130,1
293,156,4
293,160,4
293,167,3
293,173,3
293,174,3
293,187,1
293,188,4
293,189,4
293,191,2
293,198,2
293,203,3
293,206,2
293,209,4
293,215,3
293,217,4
293,223,3
293,228,4
293,234,4
293,247,3
293,258,3
293,260,4
293,266,4
293,267,4
293,274,4
293,284,3
293,290,3
293,296,3
293,298,3
293,300,3
293,301,3
293,303,2
293,314,2
293,315,3
293,317,5
293,319,2
293,323,3
293,327,2
293,328,4
293,331,1
293,333,2
293,348,4
293,351,3
293,354,2
293,364,4
293,368,4
293,379,3
293,384,4
293,386,2
293,397,3
294,8,3
294,9,2
294,13,4
294,27,4
294,46,4
294,60,2
294,63,3
294,80,4
294,86,5
294,116,5
294,117,4
294,139,4
294,142,4
294,160,4
294,176,3
294,197,4
294,232,3
294,247,4
294,249,4
294,253,4
294,260,4
294,266,4
294,269,4
294,293,2
294,296,4
294,308,4
294,315,3
294,316,4
294,319,4
294,326,4
294,348,5
294,353,5
294,399,4
295,9,2
295,19,4
295,25,4
295,28,3
295,32,2
295,48,4
295,52,3
295,63,3
295,64,4
295,70,2
295,76,3
295,83,3
295,87,3
295,91,3
295,104,2
295,110,3
295,122,3
295,125,3
295,126,4
295,132,4
295,133,4
295,146,4
295,156,4
295,180,2
295,184,4
295,189,3
295,197,3
295,198,4
295,221,3
295,223,4
295,227,4
295,232,3
295,233,4
295,260,3
295,261,4
295,267,3
295,271,5
295,275,3
295,277,4
295,289,4
295,315,4
295,320,3
295,323,3
295,330,2
295,332,4
295,333,3
295,335,3
295,337,3
295,338,3
295,339,3
295,346,3
295,370,5
295,372,3
296,7,3
296,8,4
296,9,3
296,31,3
296,61,4
296,66,4
296,71,4
296,77,4
296,80,5
296,82,4
296,84,5
296,88,4
296,93,5
296,103,3
296,134,4
296,139,4
296,161,5
296,164,4
296,181,4
296,211,3
296,255,5
296,258,4
296,260,5
296,261,3
296,277,4
296,284,5
296,292,4
296,298,4
296,306,4
296,316,4
296,319,4
296,330,4
296,333,4
296,346,4
296,353,4
296,357,4
296,372,4
296,374,2
296,384,5
296,385,4
296,396,2
297,27,5
297,34,5
297,42,3
297,52,2
297,67,5
297,77,5
297,87,5
297,116,4
297,127,4
297,132,2
297,136,4
297,151,4
297,156,5
297,163,4
297,172,3
297,175,3
297,189,4
297,191,4
297,208,4
297,211,3
297,222,3
297,228,4
297,253,4
297,255,4
297,269,3
297,275,3
297,284,3
297,295,3
297,315,3
297,333,4
297,335,5
297,348,4
297,356,4
297,379,5
297,387,3
297,391,4
298,2,3
298,8,3
298,18,3
298,19,4
298,26,3
298,27,3
298,38,2
298,40,2
298,42,4
298,61,3
298,67,4
298,74,5
298,87,4
298,88,2
298,127,4
298,136,4
298,143,3
298,153,4
298,160,3
298,164,5
298,172,4
298,184,3
298,188,4
298,193,3
298,200,3
298,202,3
298,219,4
298,226,4
298,247,4
298,261,4
298,285,3
298,291,4
298,294,1
298,298,2
298,299,4
298,304,4
298,306,2
298,310,3
298,317,3
298,320,3
298,330,3
298,346,2
298,350,3
298,351,3
298,354,4
298,355,1
298,360,3
298,370,4
298,372,2
298,386,3
298,388,4
298,389,4
298,395,3
298,398,4
299,7,4
299,9,3
299,23,3
299,25,3
299,34,3
299,42,3
299,54,3
299,63,4
299,66,3
299,68,4
299,69,3
299,71,5
299,74,3
299,76,3
299,78,4
299,80,4
299,93,3
299,101,3
299,107,2
299,109,4
299,116,5
299,122,3
299,130,3
299,131,4
299,138,3
299,153,4
299,166,3
299,169,3
299,172,4
299,174,3
299,177,4
299,186,5
299,187,4
299,189,4
299,202,3
299,208,4
299,216,2
299,217,3
299,219,4
299,223,5
299,226,3
299,227,2
299,232,4
299,233,3
299,234,4
299,244,5
299,253,4
299,255,4
299,261,3
299,264,4
299,269,4
299,274,5
299,276,3
299,277,4
299,284,3
299,287,4
299,290,3
299,293,4
299,300,4
299,302,4
299,308,4
299,316,4
299,318,4
299,325,4
299,327,3
299,335,5
299,337,3
299,338,4
299,344,3
299,348,5
299,353,4
299,354,4
299,356,4
299,357,4
299,361,4
299,362,3
299,379,5
299,380,5
299,384,4
299,391,4
299,395,3
300,1,5
300,15,4
300,34,3
300,59,5
300,67,5
300,78,4
300,79,5
300,128,5
300,146,4
300,168,3
300,174,5
300,193,4
300,210,4
300,217,3
300,235,2
300,237,4
300,245,4
300,247,4
300,255,4
300,258,4
300,263,5
300,274,4
300,284,3
300,297,5
300,298,4
300,317,5
300,331,4
300,333,4
300,334,4
300,375,5
300,385,4
300,387,3
301,3,4
301,5,2
301,18,4
301,19,4
301,24,2
301,26,4
301,27,2
301,34,4
301,38,4
301,41,2
301,51,1
301,56,3
301,61,3
301,65,4
301,66,3
301,67,5
301,68,3
301,76,2
301,79,3
301,86,2
301,87,4
301,88,3
301,92,3
301,98,4
301,103,3
301,108,2
301,109,2
301,110,2
301,122,3
301,125,3
301,128,3
301,138,2
301,139,3
301,144,5
301,151,4
301,153,4
301,160,4
301,166,2
301,169,3
301,172,3
301,177,3
301,180,3
301,181,3
301,191,3
301,197,3
301,202,4
301,205,4
301,223,4
301,226,4
301,227,4
301,228,4
301,234,3
301,235,2
301,237,4
301,240,4
301,245,3
301,249,4
301,253,4
301,255,4
301,261,3
301,266,4
301,275,3
301,276,4
301,288,3
301,289,3
301,293,3
301,294,2
301,297,4
301,298,3
301,301,3
301,307,2
301,310,4
301,313,3
301,316,4
301,320,3
301,321,4
301,326,4
301,327,3
301,329,3
301,333,4
301,334,4
301,339,4
301,341,2
301,343,3
301,345,3
301,346,4
301,348,4
301,353,4
301,354,4
301,357,4
301,359,3
301,360,3
301,368,4
301,370,4
301,372,3
301,382,5
301,383,3
301,384,4
301,388,4
301,392,4
301,394,2
301,396,3
302,6,3
302,12,2
302,23,4
302,24,4
302,28,3
302,29,4
302,34,4
302,61,4
302,67,4
302,76,3
302,86,2
302,88,4
302,110,4
302,121,3
302,125,3
302,130,2
302,150,5
302,154,4
302,164,5
302,172,3
302,173,4
302,177,4
302,181,3
302,191,3
302,210,4
302,217,4
302,219,4
302,223,4
302,240,5
302,249,4
302,284,5
302,290,3
302,316,4
302,319,3
302,329,4
302,335,3
302,346,4
302,348,5
302,352,3
302,354,5
302,356,4
302,363,3
302,364,4
302,377,3
302,392,4
302,399,2
303,2,2
303,5,3
303,6,4
303,9,2
303,10,3
303,18,4
303,24,4
303,38,4
303,61,3
303,79,3
303,81,2
303,86,3
303,87,3
303,114,3
303,122,3
303,132,2
303,139,3
303,160,4
303,176,3
303,191,2
303,200,3
303,221,3
303,224,3
303,225,3
303,226,4
303,234,4
303,240,4
303,246,3
303,271,3
303,275,4
303,295,2
303,296,4
303,316,5
303,319,3
303,329,4
303,346,4
303,357,3
303,360,3
303,362,4
303,368,3
303,375,3
303,384,4
304,1,4
304,5,5
304,6,4
304,9,2
304,11,1
304,15,3
304,27,3
304,31,3
304,42,3
304,51,2
304,65,1
304,79,3
304,80,4
304,87,3
304,93,3
304,111,3
304,122,4
304,132,2
304,143,2
304,151,1
304,160,3
304,171,3
304,176,3
304,182,4
304,198,3
304,202,2
304,213,2
304,216,3
304,218,3
304,219,3
304,226,3
304,234,4
304,240,4
304,249,3
304,259,2
304,262,3
304,267,3
304,276,2
304,290,4
304,307,2
304,316,4
304,320,3
304,333,2
304,337,2
304,338,4
304,339,4
304,345,2
304,348,4
304,360,2
304,378,3
304,384,3
304,393,3
305,29,3
305,33,3
305,34,3
305,42,2
305,67,4
305,74,3
305,79,2
305,86,2
305,87,4
305,88,3
305,89,4
305,99,3
305,107,2
305,116,4
305,131,3
305,153,3
305,212,4
305,217,2
305,219,3
305,230,3
305,232,4
305,234,4
305,240,4
305,255,4
305,269,3
305,276,3
305,277,4
305,288,4
305,302,3
305,306,2
305,316,5
305,325,4
305,354,3
305,360,3
305,384,3
306,6,4
306,18,4
306,24,5
306,42,4
306,44,3
306,63,3
306,67,4
306,73,4
306,79,4
306,80,5
306,87,5
306,98,2
306,101,4
306,110,3
306,120,3
306,122,5
306,124,4
306,127,4
306,139,4
306,144,4
306,154,4
306,160,3
306,162,4
306,183,5
306,191,3
306,198,3
306,217,4
306,220,3
306,227,4
306,232,5
306,246,4
306,251,4
306,252,3
306,253,4
306,254,4
306,262,4
306,277,3
306,288,5
306,295,3
306,297,4
306,301,5
306,316,5
306,319,4
306,333,3
306,346,4
306,348,5
306,350,3
306,360,3
306,364,4
306,380,4
306,381,5
306,383,4
306,384,4
306,393,4
306,396,4
306,399,4
307,11,1
307,29,3
307,63,3
307,72,3
307,74,4
307,103,2
307,122,3
307,130,4
307,154,4
307,156,4
307,202,4
307,217,3
307,238,4
307,256,4
307,266,3
307,289,3
307,299,5
307,320,4
307,324,4
307,328,3
307,354,4
307,356,4
307,366,2
307,390,3
308,10,3
308,11,2
308,13,5
308,19,4
308,27,4
308,43,3
308,48,4
308,65,2
308,68,4
308,71,4
308,82,4
308,110,3
308,122,4
308,125,4
308,159,4
308,164,4
308,186,3
308,202,5
308,205,4
308,211,3
308,220,4
308,242,4
308,255,4
308,261,3
308,291,5
308,301,4
308,306,3
308,315,3
308,316,4
308,337,3
308,338,4
308,342,3
308,345,3
308,347,4
308,353,3
308,357,3
308,390,3
308,399,2
309,6,2
309,12,3
309,30,3
309,42,3
309,44,3
309,54,3
309,67,4
309,68,3
309,97,2
309,98,4
309,103,2
309,122,3
309,132,2
309,175,2
309,190,2
309,193,2
309,205,4
309,208,2
309,217,4
309,241,3
309,260,3
309,269,4
309,298,5
309,315,2
309,333,3
309,339,3
309,348,4
309,364,4
310,2,3
310,5,3
310,6,3
310,7,2
310,8,3
310,9,2
310,11,1
310,12,3
310,13,3
310,15,4
310,17,4
310,24,2
310,26,4
310,29,3
310,34,3
310,42,2
310,48,4
310,50,4
310,54,3
310,64,4
310,73,3
310,76,2
310,79,4
310,81,3
310,86,2
310,88,3
310,93,3
310,98,3
310,110,3
310,111,2
310,113,3
310,115,3
310,119,3
310,122,5
310,125,3
310,128,3
310,131,2
310,137,5
310,138,4
310,143,2
310,155,4
310,156,3
310,160,4
310,189,3
310,194,3
310,198,3
310,201,3
310,204,4
310,214,4
310,217,3
310,219,4
310,223,4
310,234,2
310,240,3
310,244,4
310,254,3
310,258,3
310,261,3
310,262,3
310,266,3
310,269,3
310,272,1
310,275,3
310,276,3
310,284,4
310,290,3
310,291,3
310,299,2
310,301,3
310,307,3
310,308,4
310,309,3
310,311,3
310,313,3
310,314,4
310,315,2
310,316,4
310,319,3
310,321,3
310,323,2
310,328,4
310,330,3
310,332,4
310,334,3
310,338,3
310,339,4
310,342,2
310,345,2
310,346,3
310,348,5
310,350,3
310,356,4
310,357,4
310,363,4
310,364,4
310,366,3
310,382,5
310,385,3
310,389,3
311,5,4
311,11,1
311,50,4
311,71,3
311,79,3
311,87,4
311,98,2
311,122,4
311,154,4
311,172,4
311,176,4
311,184,3
311,189,4
311,193,4
311,198,3
311,222,4
311,223,4
311,230,4
311,234,4
311,237,3
311,290,4
311,300,3
311,319,4
311,329,3
311,333,4
311,339,3
311,345,2
311,357,3
311,370,4
311,378,4
311,385,4
312,8,5
312,9,3
312,13,5
312,17,4
312,25,4
312,37,3
312,38,5
312,48,5
312,58,5
312,61,4
312,73,4
312,76,4
312,78,4
312,79,4
312,87,5
312,90,3
312,93,4
312,98,3
312,114,4
312,117,4
312,119,3
312,122,5
312,125,4
312,130,4
312,136,3
312,137,4
312,143,4
312,146,4
312,147,5
312,156,4
312,162,5
312,163,5
312,164,4
312,167,3
312,169,4
312,172,4
312,173,4
312,176,4
312,177,3
312,180,4
312,184,3
312,191,4
312,198,3
312,206,4
312,216,3
312,217,3
312,230,4
312,231,3
312,232,4
312,235,4
312,236,4
312,246,4
312,249,4
312,255,5
312,260,5
312,269,5
312,277,4
312,293,3
312,295,2
312,307,3
312,308,5
312,309,3
312,314,4
312,315,4
312,320,3
312,325,4
312,337,4
312,346,5
312,349,3
312,350,4
312,354,3
312,357,5
312,360,4
312,377,4
312,382,4
312,383,4
313,5,3
313,10,3
313,23,4
313,34,4
313,48,3
313,50,5
313,69,3
313,99,4
313,117,2
313,126,5
313,127,4
313,130,3
313,134,4
313,139,4
313,147,4
313,159,3
313,230,3
313,244,4
313,249,4
313,255,4
313,290,4
313,295,3
313,301,4
313,306,4
313,315,2
313,316,5
313,324,4
313,326,4
313,333,2
313,350,3
313,373,4
313,380,3
313,390,3
313,396,3
313,399,2
314,2,1
314,6,2
314,8,4
314,15,3
314,19,3
314,22,4
314,23,4
314,28,3
314,34,3
314,38,3
314,50,4
314,54,2
314,57,2
314,81,3
314,87,4
314,103,3
314,122,3
314,125,3
314,138,2
314,153,4
314,159,2
314,161,3
314,172,4
314,186,3
314,190,2
314,193,2
314,198,2
314,204,5
314,208,3
314,228,3
314,230,4
314,232,3
314,235,2
314,237,3
314,246,3
314,253,3
314,258,4
314,261,3
314,263,3
314,269,4
314,276,4
314,286,2
314,289,2
314,291,3
314,296,3
314,301,3
314,314,3
314,315,2
314,317,4
314,319,3
314,324,3
314,325,3
314,326,2
314,333,2
314,334,3
314,337,3
314,345,3
314,346,3
314,348,4
314,357,3
314,361,2
314,366,2
314,368,5
314,380,4
314,381,3
314,393,2
315,1,3
315,2,4
315,3,5
315,6,5
315,7,4
315,8,3
315,9,3
315,10,4
315,11,3
315,12,4
315,15,3
315,17,4
315,23,3
315,27,3
315,28,3
315,29,3
315,30,4
315,31,3
315,32,3
315,34,4
315,35,4
315,36,3
315,39,5
315,40,4
315,41,2
315,44,3
315,45,4
315,46,4
315,48,4
315,51,4
315,53,5
315,59,5
315,60,2
315,63,4
315,66,3
315,67,4
315,73,4
315,76,3
315,78,3
315,80,3
315,81,3
315,84,4
315,87,4
315,88,4
315,95,4
315,96,2
315,98,3
315,106,2
315,112,4
315,115,4
315,117,3
315,120,4
315,126,5
315,127,4
315,131,4
315,138,3
315,139,3
315,142,5
315,146,4
315,147,4
315,150,5
315,151,4
315,153,4
315,154,4
315,156,4
315,162,5
315,163,4
315,164,3
315,169,4
315,172,3
315,174,3
315,175,3
315,177,4
315,181,3
315,184,3
315,189,4
315,195,3
315,200,3
315,206,3
315,210,3
315,211,3
315,212,4
315,213,3
315,216,3
315,217,3
315,221,3
315,223,4
315,226,4
315,227,3
315,228,4
315,231,4
315,232,3
315,233,3
315,234,3
315,240,4
315,243,4
315,245,4
315,246,3
315,253,4
315,254,3
315,255,4
315,258,4
315,261,4
315,262,3
315,266,4
315,267,3
315,269,4
315,271,4
315,272,4
315,275,4
315,277,3
315,278,5
315,288,4
315,291,4
315,297,4
315,299,4
315,301,3
315,302,4
315,303,4
315,307,3
315,313,3
315,316,4
315,319,3
315,320,3
315,325,3
315,328,3
315,333,4
315,334,3
315,335,4
315,336,4
315,339,4
315,343,3
315,344,3
315,345,4
315,346,4
315,349,5
315,350,4
315,351,4
315,354,4
315,359,1
315,363,3
315,368,3
315,370,5
315,372,3
315,374,3
315,375,4
315,380,4
315,381,4
315,382,2
315,383,3
315,384,4
315,385,4
315,387,3
315,390,4
315,394,3
315,399,3
315,400,4
316,5,2
316,7,4
316,8,4
316,9,2
316,11,2
316,12,4
316,17,2
316,21,4
316,23,3
316,24,4
316,25,4
316,29,1
316,31,3
316,38,3
316,42,4
316,50,5
316,52,2
316,61,3
316,69,3
316,74,4
316,80,4
316,84,3
316,87,3
316,90,3
316,92,4
316,103,2
316,115,3
316,116,3
316,120,4
316,122,3
316,125,5
316,127,3
316,138,3
316,143,4
316,146,3
316,151,5
316,172,2
316,182,3
316,192,2
316,199,3
316,200,4
316,202,3
316,203,3
316,219,4
316,220,3
316,222,4
316,226,4
316,227,3
316,230,2
316,232,4
316,241,2
316,249,2
316,266,4
316,269,4
316,277,4
316,290,3
316,297,4
316,301,3
316,302,3
316,303,3
316,305,3
316,316,4
316,319,4
316,320,4
316,321,4
316,326,3
316,329,3
316,330,4
316,333,3
316,335,3
316,370,5
316,372,3
316,380,3
316,393,3
317,12,5
317,68,4
317,73,4
317,86,3
317,87,3
317,88,4
317,97,4
317,142,5
317,160,4
317,175,4
317,189,4
317,201,3
317,217,4
317,240,4
317,269,4
317,273,3
317,277,5
317,293,2
317,301,4
317,306,4
317,307,5
317,319,4
317,346,4
317,357,4
317,384,5
317,390,4
318,2,3
318,6,3
318,8,3
318,47,4
318,52,3
318,71,3
318,84,4
318,88,4
318,98,3
318,122,3
318,124,3
318,125,3
318,137,4
318,139,3
318,148,3
318,156,3
318,180,3
318,185,3
318,193,2
318,206,4
318,217,3
318,233,2
318,237,3
318,246,5
318,255,3
318,275,3
318,282,4
318,287,4
318,295,2
318,330,3
318,344,4
318,350,3
318,351,3
318,353,3
318,357,4
318,387,4
318,394,3
319,1,4
319,2,3
319,3,4
319,6,2
319,9,3
319,10,3
319,11,3
319,12,5
319,21,3
319,22,4
319,23,3
319,26,4
319,29,4
319,34,4
319,39,4
319,40,3
319,41,4
319,42,3
319,43,3
319,44,5
319,47,3
319,48,4
319,50,5
319,51,4
319,53,4
319,54,4
319,60,2
319,67,4
319,68,4
319,69,4
319,71,4
319,74,5
319,76,3
319,77,4
319,78,3
319,79,5
319,88,4
319,93,5
319,107,3
319,109,4
319,110,2
319,111,3
319,113,5
319,116,4
319,117,3
319,120,4
319,122,4
319,125,4
319,129,4
319,130,4
319,132,3
319,138,3
319,139,3
319,141,3
319,146,4
319,152,3
319,157,5
319,158,4
319,159,4
319,164,4
319,166,2
319,169,4
319,172,5
319,175,3
319,177,3
319,181,5
319,184,2
319,185,3
319,187,3
319,190,2
319,196,2
319,200,3
319,202,3
319,207,4
319,208,3
319,210,3
319,211,3
319,214,4
319,216,3
319,217,4
319,220,4
319,221,3
319,224,3
319,226,4
319,232,5
319,237,3
319,238,4
319,244,4
319,249,3
319,250,5
319,255,3
319,261,3
319,266,3
319,269,4
319,278,4
319,288,4
319,290,4
319,292,3
319,293,3
319,295,3
319,297,3
319,298,5
319,299,3
319,301,3
319,302,4
319,304,5
319,307,2
319,308,4
319,309,3
319,311,4
319,315,3
319,316,4
319,319,4
319,320,4
319,322,4
319,323,5
319,324,3
319,325,5
319,326,4
319,329,3
319,330,2
319,334,3
319,339,5
319,345,3
319,346,4
319,348,5
319,351,4
319,353,5
319,356,4
319,357,3
319,360,4
319,362,2
319,366,3
319,368,4
319,373,4
319,381,4
319,382,4
319,384,5
319,385,4
319,387,4
319,388,3
319,391,3
319,392,4
319,395,3
320,3,4
320,5,4
320,8,3
320,12,3
320,13,4
320,14,2
320,18,2
320,20,4
320,34,4
320,48,4
320,66,3
320,73,4
320,78,4
320,80,4
320,87,4
320,91,2
320,97,2
320,111,3
320,122,2
320,125,4
320,129,3
320,130,3
320,134,4
320,147,4
320,163,3
320,164,4
320,169,4
320,172,3
320,198,3
320,202,3
320,214,4
320,217,3
320,233,3
320,247,3
320,259,4
320,266,4
320,269,3
320,271,4
320,284,3
320,293,2
320,313,3
320,316,4
320,319,4
320,325,3
320,330,4
320,333,3
320,339,3
320,343,4
320,345,3
320,370,4
320,377,3
320,381,3
320,384,4
320,386,4
321,5,3
321,8,2
321,11,1
321,22,3
321,25,3
321,32,2
321,63,4
321,67,4
321,80,4
321,88,3
321,93,2
321,111,3
321,113,4
321,119,2
321,123,4
321,127,3
321,129,4
321,138,3
321,139,4
321,143,3
321,150,3
321,154,3
321,159,3
321,169,2
321,175,2
321,180,3
321,183,4
321,189,4
321,197,3
321,198,3
321,212,2
321,213,4
321,222,2
321,228,3
321,232,4
321,233,2
321,236,4
321,246,2
321,255,3
321,258,3
321,269,4
321,274,2
321,277,4
321,288,3
321,304,5
321,314,3
321,319,3
321,329,4
321,333,3
321,339,3
321,343,2
321,345,3
321,346,3
321,353,3
321,354,4
321,355,3
321,360,4
321,368,3
321,375,4
321,384,4
321,390,4
322,1,4
322,2,3
322,5,4
322,6,4
322,7,4
322,8,3
322,10,4
322,11,3
322,13,4
322,14,3
322,15,3
322,19,3
322,25,4
322,27,3
322,28,3
322,29,3
322,30,4
322,31,3
322,35,4
322,38,3
322,39,5
322,41,3
322,42,4
322,44,3
322,45,4
322,48,5
322,53,4
322,54,5
322,55,3
322,60,1
322,61,2
322,63,3
322,64,4
322,66,3
322,70,4
322,71,5
322,74,5
322,78,4
322,79,5
322,80,4
322,81,3
322,82,2
322,84,5
322,85,3
322,86,4
322,87,4
322,90,4
322,91,3
322,93,4
322,95,4
322,99,4
322,101,4
322,103,3
322,104,3
322,107,3
322,108,3
322,109,4
322,110,3
322,111,3
322,113,4
322,114,5
322,115,4
322,116,4
322,118,2
322,120,3
322,121,4
322,122,4
322,124,4
322,125,2
322,126,4
322,127,3
322,128,4
322,129,4
322,130,5
322,132,4
322,133,5
322,135,4
322,136,4
322,138,3
322,139,3
322,142,4
322,143,3
322,144,4
322,145,3
322,146,3
322,149,5
322,151,4
322,152,4
322,153,4
322,154,4
322,156,5
322,157,4
322,159,4
322,160,4
322,162,2
322,163,5
322,164,4
322,166,3
322,167,5
322,169,4
322,170,4
322,172,4
322,176,5
322,177,5
322,180,3
322,181,3
322,184,5
322,185,2
322,187,4
322,189,3
322,190,4
322,191,4
322,193,3
322,194,4
322,195,3
322,199,3
322,200,2
322,201,5
322,202,3
322,205,2
322,206,4
322,208,4
322,209,4
322,210,4
322,211,3
322,212,5
322,213,3
322,215,5
322,217,3
322,218,4
322,219,5
322,221,3
322,222,5
322,223,5
322,224,4
322,225,3
322,226,5
322,227,3
322,228,3
322,230,4
322,232,2
322,233,3
322,234,4
322,236,4
322,237,3
322,239,5
322,242,4
322,244,5
322,245,3
322,249,3
322,250,4
322,252,4
322,253,4
322,254,5
322,255,4
322,256,5
322,257,3
322,258,5
322,259,5
322,260,3
322,261,4
322,262,3
322,264,3
322,266,4
322,267,3
322,269,4
322,273,3
322,275,4
322,276,3
322,277,3
322,278,4
322,280,4
322,281,3
322,282,4
322,284,3
322,285,4
322,290,4
322,293,5
322,294,3
322,297,5
322,298,4
322,299,4
322,300,3
322,301,4
322,303,5
322,304,5
322,305,5
322,308,4
322,309,5
322,312,4
322,313,3
322,314,4
322,315,4
322,316,4
322,318,4
322,319,3
322,320,4
322,321,3
322,322,4
322,324,4
322,325,3
322,326,4
322,328,5
322,330,4
322,331,5
322,332,5
322,333,4
322,334,4
322,335,4
322,337,3
322,338,5
322,339,5
322,342,2
322,343,3
322,344,4
322,345,4
322,346,2
322,348,4
322,349,4
322,350,5
322,351,3
322,352,4
322,353,4
322,354,4
322,355,2
322,356,5
322,357,4
322,360,4
322,361,4
322,362,4
322,366,1
322,367,3
322,368,3
322,369,3
322,370,5
322,372,5
322,377,5
322,379,5
322,380,4
322,381,3
322,382,4
322,384,4
322,385,5
322,386,2
322,387,3
322,388,5
322,393,4
322,394,3
322,395,4
322,400,3
323,3,5
323,9,3
323,10,5
323,14,3
323,19,3
323,25,4
323,29,4
323,30,4
323,37,4
323,42,4
323,44,4
323,48,5
323,59,3
323,67,5
323,72,5
323,80,4
323,84,5
323,87,5
323,88,5
323,97,4
323,99,4
323,104,3
323,110,5
323,113,5
323,116,5
323,117,3
323,121,3
323,126,5
323,127,5
323,130,4
323,143,4
323,151,4
323,156,4
323,159,5
323,163,5
323,164,5
323,168,3
323,169,5
323,176,5
323,178,3
323,182,4
323,186,5
323,189,5
323,200,4
323,205,5
323,211,4
323,225,5
323,228,4
323,230,4
323,234,5
323,237,4
323,239,4
323,255,5
323,256,5
323,260,5
323,272,4
323,275,3
323,277,5
323,281,5
323,288,4
323,294,3
323,297,5
323,300,4
323,308,4
323,309,4
323,312,4
323,319,4
323,321,4
323,327,3
323,332,5
323,337,5
323,339,5
323,346,4
323,350,5
323,351,4
323,357,5
323,360,4
323,363,4
323,364,4
323,367,4
323,370,4
323,377,4
323,379,4
323,380,4
323,387,4
323,388,4
323,394,3
323,395,3
324,2,4
324,3,4
324,6,3
324,7,3
324,8,3
324,11,2
324,13,5
324,20,2
324,25,3
324,26,4
324,27,3
324,28,3
324,30,4
324,34,4
324,45,4
324,48,4
324,49,4
324,50,4
324,53,4
324,54,4
324,55,2
324,59,3
324,60,1
324,63,3
324,64,4
324,66,3
324,71,3
324,73,3
324,78,3
324,79,4
324,80,4
324,87,4
324,88,4
324,89,3
324,93,3
324,98,3
324,103,3
324,107,4
324,109,2
324,110,3
324,114,4
324,122,3
324,127,3
324,134,4
324,139,3
324,142,3
324,143,2
324,144,5
324,146,4
324,149,3
324,152,3
324,154,5
324,163,4
324,164,3
324,166,2
324,181,3
324,182,3
324,184,3
324,191,3
324,197,4
324,202,4
324,206,4
324,207,3
324,219,5
324,225,4
324,227,4
324,232,4
324,234,4
324,236,4
324,240,3
324,242,4
324,244,4
324,247,3
324,249,3
324,250,4
324,251,3
324,252,3
324,253,3
324,255,4
324,256,5
324,261,4
324,263,4
324,266,4
324,271,5
324,273,3
324,280,3
324,281,3
324,282,4
324,290,4
324,296,3
324,298,3
324,299,3
324,301,4
324,302,4
324,308,4
324,310,4
324,311,3
324,315,3
324,316,4
324,321,3
324,323,4
324,329,4
324,330,3
324,334,3
324,335,4
324,338,4
324,339,4
324,340,2
324,344,3
324,346,3
324,347,4
324,348,4
324,350,4
324,351,4
324,353,3
324,354,4
324,356,5
324,357,4
324,364,4
324,365,3
324,368,3
324,369,2
324,370,4
324,371,4
324,372,2
324,378,3
324,380,4
324,381,3
324,384,4
324,385,3
324,386,4
324,393,4
324,394,4
324,395,3
325,6,3
325,14,3
325,33,3
325,77,3
325,80,4
325,85,3
325,96,3
325,160,4
325,191,4
325,212,3
325,213,4
325,237,4
325,247,4
325,286,2
325,313,4
325,327,4
325,351,4
325,400,3
326,5,3
326,6,3
326,8,3
326,9,3
326,13,4
326,14,2
326,15,3
326,17,1
326,27,2
326,32,3
326,42,2
326,53,3
326,54,2
326,73,3
326,78,2
326,79,2
326,80,3
326,84,3
326,85,2
326,92,4
326,94,3
326,104,2
326,110,2
326,119,2
326,122,2
326,125,3
326,135,2
326,137,4
326,139,3
326,151,3
326,154,4
326,158,4
326,162,3
326,164,4
326,172,2
326,191,2
326,206,2
326,213,4
326,217,3
326,227,3
326,233,4
326,234,3
326,240,4
326,244,4
326,245,4
326,255,2
326,269,4
326,275,3
326,276,4
326,277,3
326,280,3
326,284,4
326,291,3
326,293,2
326,294,3
326,298,4
326,308,4
326,316,4
326,326,4
326,339,3
326,345,3
326,346,4
326,353,4
326,354,3
326,360,3
326,364,3
326,379,3
326,384,3
327,11,2
327,25,3
327,29,3
327,48,4
327,67,3
327,70,2
327,87,4
327,110,2
327,116,4
327,125,3
327,129,4
327,139,3
327,144,4
327,160,3
327,167,4
327,172,2
327,202,3
327,217,3
327,240,3
327,245,3
327,253,2
327,255,4
327,256,5
327,266,3
327,274,2
327,284,4
327,301,2
327,308,3
327,316,3
327,328,4
327,339,3
327,348,4
327,363,3
327,394,2
328,8,4
328,9,3
328,13,4
328,27,3
328,34,3
328,44,5
328,50,3
328,61,3
328,63,4
328,67,4
328,71,3
328,76,3
328,80,5
328,84,4
328,93,3
328,98,4
328,115,4
328,117,3
328,125,3
328,133,3
328,138,3
328,143,2
328,156,3
328,167,3
328,180,2
328,184,3
328,193,4
328,194,5
328,213,2
328,221,3
328,223,5
328,227,4
328,232,4
328,234,4
328,236,3
328,237,4
328,244,3
328,246,3
328,252,4
328,255,4
328,256,5
328,258,3
328,266,3
328,269,5
328,275,3
328,277,2
328,278,3
328,284,3
328,288,3
328,294,2
328,297,4
328,303,3
328,306,2
328,308,4
328,309,5
328,315,3
328,316,5
328,319,3
328,321,4
328,324,4
328,327,4
328,329,3
328,333,4
328,336,4
328,338,4
328,339,4
328,343,3
328,346,3
328,347,4
328,348,4
328,351,4
328,355,3
328,363,3
328,368,3
328,370,4
328,372,3
328,377,4
328,379,5
328,389,4
329,2,3
329,8,4
329,12,3
329,22,4
329,25,4
329,44,3
329,45,3
329,53,4
329,61,2
329,80,4
329,84,3
329,97,2
329,116,4
329,122,4
329,123,3
329,128,3
329,131,3
329,143,4
329,156,3
329,159,3
329,190,3
329,191,3
329,200,3
329,202,3
329,205,3
329,206,4
329,219,3
329,225,3
329,232,4
329,244,5
329,253,3
329,255,4
329,257,3
329,277,4
329,280,3
329,301,3
329,313,2
329,329,4
329,333,4
329,337,4
329,341,2
329,348,3
329,356,4
329,380,3
329,394,3
329,395,2
330,10,3
330,11,3
330,13,5
330,15,4
330,23,4
330,38,4
330,50,4
330,51,4
330,79,5
330,87,4
330,117,2
330,122,3
330,146,4
330,152,4
330,182,4
330,198,3
330,202,5
330,209,4
330,217,5
330,233,3
330,237,3
330,240,5
330,268,3
330,284,3
330,301,4
330,305,5
330,309,4
330,310,4
330,312,5
330,316,5
330,319,3
330,331,5
330,333,4
330,338,3
330,339,5
330,354,5
330,355,4
330,381,4
330,382,4
330,384,5
331,3,5
331,5,3
331,7,4
331,8,4
331,12,3
331,15,4
331,20,3
331,24,4
331,25,4
331,26,5
331,29,3
331,34,4
331,35,5
331,42,4
331,44,5
331,50,5
331,51,4
331,60,2
331,64,3
331,73,5
331,79,4
331,80,4
331,82,3
331,87,4
331,93,5
331,103,3
331,106,3
331,108,4
331,113,4
331,122,4
331,128,4
331,134,5
331,135,4
331,142,3
331,145,4
331,152,4
331,160,5
331,161,5
331,164,5
331,167,4
331,172,3
331,173,3
331,181,5
331,185,3
331,189,4
331,198,3
331,201,4
331,202,5
331,206,3
331,216,2
331,217,4
331,220,3
331,233,3
331,235,4
331,244,4
331,246,4
331,247,3
331,249,2
331,252,3
331,255,3
331,260,4
331,266,4
331,267,4
331,278,5
331,282,4
331,290,4
331,302,4
331,307,3
331,313,4
331,314,4
331,316,4
331,319,4
331,322,4
331,327,2
331,328,4
331,329,5
331,333,3
331,335,4
331,336,5
331,337,4
331,340,3
331,345,4
331,346,4
331,347,4
331,348,4
331,350,4
331,351,4
331,352,3
331,353,4
331,356,4
331,357,4
331,364,4
331,368,4
331,371,4
331,380,4
331,384,4
331,387,4
331,390,2
331,393,3
332,6,4
332,16,1
332,48,2
332,74,3
332,84,4
332,87,3
332,88,3
332,98,3
332,103,3
332,125,3
332,135,3
332,143,2
332,146,3
332,160,4
332,163,3
332,164,3
332,169,4
332,175,2
332,178,2
332,179,2
332,189,3
332,193,2
332,223,4
332,234,4
332,244,4
332,246,3
332,252,4
332,253,4
332,269,2
332,275,3
332,284,2
332,289,3
332,301,3
332,315,4
332,316,4
332,319,3
332,320,2
332,329,4
332,339,3
332,347,3
332,350,3
332,353,2
332,355,4
332,364,4
332,366,2
332,368,3
332,373,3
332,377,3
332,382,3
332,384,3
332,387,3
333,7,2
333,9,2
333,10,3
333,25,4
333,26,1
333,29,3
333,34,4
333,39,4
333,54,3
333,57,3
333,73,4
333,80,4
333,86,2
333,93,3
333,96,3
333,110,2
333,122,3
333,124,5
333,146,3
333,151,4
333,161,4
333,167,3
333,181,4
333,187,3
333,191,3
333,202,3
333,206,3
333,220,3
333,232,4
333,255,4
333,262,2
333,290,4
333,301,3
333,305,4
333,308,3
333,316,3
333,332,4
333,337,5
333,340,3
333,348,5
333,350,3
333,354,3
333,355,2
333,366,4
333,370,4
333,378,4
333,384,3
333,399,2
334,5,2
334,8,4
334,29,3
334,41,4
334,50,5
334,79,3
334,82,5
334,87,3
334,108,3
334,114,4
334,120,3
334,135,5
334,154,4
334,187,3
334,205,3
334,210,3
334,217,4
334,230,5
334,242,4
334,272,4
334,288,3
334,315,3
334,320,2
334,339,4
334,363,3
334,370,4
335,2,3
335,8,3
335,46,4
335,51,5
335,61,2
335,66,4
335,80,4
335,87,4
335,104,3
335,111,3
335,139,3
335,142,4
335,149,4
335,160,3
335,164,4
335,176,3
335,178,4
335,207,3
335,253,4
335,266,4
335,301,3
335,306,2
335,307,3
335,314,4
335,315,3
335,316,4
335,318,4
335,335,3
335,351,3
335,353,4
335,392,4
335,394,3
336,5,3
336,7,3
336,10,3
336,12,2
336,13,3
336,15,2
336,19,2
336,20,3
336,32,2
336,42,1
336,52,4
336,54,3
336,60,2
336,73,3
336,74,3
336,78,3
336,83,4
336,85,2
336,87,4
336,88,3
336,90,2
336,94,3
336,99,3
336,103,2
336,110,3
336,122,3
336,125,3
336,127,3
336,137,3
336,143,2
336,147,3
336,151,2
336,161,3
336,185,2
336,186,2
336,189,3
336,200,3
336,201,3
336,203,3
336,206,2
336,214,3
336,216,3
336,217,3
336,223,4
336,237,2
336,248,2
336,249,2
336,255,4
336,261,2
336,274,3
336,277,3
336,290,3
336,296,3
336,299,3
336,303,3
336,307,2
336,309,3
336,333,3
336,335,2
336,344,2
336,348,4
336,349,3
336,351,3
336,352,3
336,357,2
336,364,3
336,366,3
336,368,3
336,382,2
336,384,4
336,391,3
336,396,3
336,398,4
337,2,4
337,5,2
337,48,5
337,67,4
337,80,4
337,82,4
337,125,4
337,145,3
337,151,4
337,156,3
337,164,5
337,182,4
337,183,4
337,189,4
337,206,3
337,219,4
337,255,4
337,261,3
337,267,4
337,289,5
337,290,5
337,299,4
337,301,4
337,307,4
337,318,3
337,319,3
337,326,4
337,331,3
337,335,3
337,343,4
337,345,3
337,351,4
337,356,5
337,359,3
337,366,3
337,368,3
337,370,5
337,386,3
337,397,4
338,9,4
338,29,4
338,31,3
338,44,4
338,64,4
338,67,5
338,76,4
338,80,5
338,87,4
338,93,5
338,120,4
338,137,3
338,146,4
338,151,5
338,217,5
338,223,5
338,249,4
338,275,2
338,277,5
338,316,4
338,325,4
338,331,3
338,333,4
338,337,3
338,348,5
338,352,4
338,365,3
338,383,4
339,5,3
339,13,4
339,16,2
339,19,2
339,31,3
339,34,3
339,40,2
339,42,3
339,45,3
339,54,3
339,71,1
339,73,5
339,74,4
339,80,4
339,87,4
339,93,3
339,103,3
339,113,4
339,114,2
339,119,3
339,127,3
339,135,3
339,139,3
339,146,4
339,151,2
339,172,3
339,177,2
339,183,4
339,184,3
339,187,3
339,200,3
339,202,4
339,205,3
339,212,3
339,217,3
339,219,3
339,222,4
339,228,2
339,232,2
339,258,4
339,261,3
339,266,3
339,275,3
339,284,4
339,287,4
339,298,2
339,301,3
339,302,4
339,316,3
339,317,3
339,319,3
339,323,3
339,329,5
339,333,3
339,339,3
339,346,2
339,348,4
339,364,4
339,384,4
339,391,4
339,398,5
340,1,4
340,11,3
340,13,5
340,16,3
340,23,4
340,25,3
340,27,3
340,28,3
340,29,3
340,32,4
340,44,3
340,45,3
340,48,3
340,50,5
340,52,4
340,54,4
340,55,3
340,57,3
340,64,5
340,67,5
340,74,4
340,76,3
340,78,4
340,79,3
340,80,4
340,88,2
340,91,2
340,93,2
340,100,3
340,107,3
340,109,3
340,110,3
340,115,4
340,116,5
340,118,4
340,122,4
340,124,4
340,125,3
340,131,3
340,132,3
340,137,4
340,139,5
340,143,3
340,154,3
340,160,4
340,162,5
340,164,5
340,166,3
340,169,4
340,171,4
340,180,3
340,181,2
340,183,4
340,184,4
340,189,5
340,193,4
340,201,3
340,202,4
340,204,4
340,205,4
340,208,4
340,217,5
340,219,4
340,223,5
340,225,3
340,226,3
340,232,3
340,245,3
340,251,3
340,255,3
340,258,4
340,259,5
340,261,3
340,266,4
340,269,4
340,273,3
340,277,5
340,289,5
340,298,4
340,301,4
340,303,5
340,304,5
340,309,4
340,316,4
340,319,4
340,320,4
340,323,4
340,325,4
340,330,4
340,335,4
340,338,3
340,342,2
340,343,3
340,344,4
340,345,4
340,346,4
340,347,4
340,351,4
340,360,4
340,363,4
340,368,4
340,380,5
340,382,5
340,384,5
340,386,3
340,399,3
341,15,5
341,67,4
341,84,4
341,85,4
341,87,5
341,97,3
341,128,4
341,130,4
341,160,4
341,168,4
341,185,3
341,206,5
341,213,5
341,239,4
341,246,3
341,254,4
341,277,3
341,296,4
341,316,5
341,319,4
341,320,5
341,326,4
341,332,5
341,333,4
341,348,4
341,350,4
341,362,4
341,370,5
341,372,3
341,375,5
342,2,2
342,9,4
342,10,3
342,11,2
342,12,2
342,15,2
342,24,3
342,25,3
342,28,3
342,33,2
342,34,4
342,44,4
342,48,3
342,61,2
342,70,3
342,71,2
342,73,3
342,74,3
342,77,3
342,79,3
342,80,3
342,83,3
342,84,3
342,86,2
342,87,3
342,90,3
342,107,3
342,118,2
342,119,2
342,122,2
342,126,4
342,129,4
342,130,3
342,136,4
342,139,3
342,143,3
342,151,4
342,152,3
342,156,4
342,159,4
342,160,3
342,163,3
342,164,4
342,167,4
342,169,2
342,175,3
342,189,3
342,193,2
342,205,1
342,206,3
342,211,2
342,225,2
342,230,3
342,233,2
342,234,4
342,240,2
342,244,4
342,255,3
342,260,3
342,262,2
342,266,3
342,267,3
342,269,3
342,272,4
342,276,3
342,278,5
342,284,2
342,289,2
342,290,2
342,297,4
342,301,3
342,303,5
342,308,4
342,309,3
342,311,2
342,313,4
342,316,4
342,319,3
342,323,4
342,329,4
342,330,4
342,336,3
342,346,3
342,348,5
342,351,3
342,353,3
342,354,3
342,360,3
342,368,4
342,370,4
342,373,3
342,378,3
342,383,3
342,388,3
342,391,2
342,394,3
343,23,4
343,31,4
343,34,3
343,36,4
343,46,4
343,47,3
343,54,2
343,73,4
343,84,4
343,110,3
343,130,2
343,135,4
343,137,4
343,153,4
343,162,4
343,198,4
343,200,3
343,209,4
343,261,3
343,262,2
343,263,2
343,287,3
343,290,3
343,293,3
343,303,4
343,307,3
343,319,3
343,323,4
343,325,2
343,339,3
343,348,4
343,350,3
343,383,3
343,385,4
343,387,3
343,396,4
344,5,3
344,11,3
344,18,3
344,34,5
344,45,4
344,48,4
344,54,3
344,67,5
344,71,4
344,80,5
344,85,3
344,88,3
344,95,5
344,110,5
344,122,4
344,124,4
344,130,4
344,131,4
344,137,4
344,139,3
344,152,4
344,153,4
344,160,5
344,164,5
344,168,4
344,172,3
344,209,4
344,210,4
344,213,3
344,220,3
344,253,4
344,266,3
344,290,2
344,295,3
344,301,3
344,303,4
344,308,5
344,309,4
344,310,4
344,323,4
344,326,3
344,330,4
344,333,5
344,337,4
344,357,4
344,364,4
344,369,2
344,370,5
344,394,3
345,9,3
345,13,3
345,27,3
345,33,2
345,48,3
345,98,3
345,106,3
345,111,4
345,115,3
345,136,3
345,143,3
345,146,4
345,166,3
345,189,4
345,217,4
345,219,3
345,234,3
345,237,3
345,283,4
345,287,4
345,298,3
345,308,4
345,316,3
345,319,2
345,321,3
345,345,3
345,354,3
345,355,2
345,364,3
345,371,4
345,389,3
346,2,4
346,7,2
346,8,4
346,10,3
346,12,3
346,15,3
346,22,4
346,23,4
346,26,5
346,29,3
346,36,4
346,48,5
346,50,4
346,66,2
346,69,3
346,71,4
346,73,4
346,74,3
346,76,3
346,80,4
346,81,3
346,87,4
346,88,4
346,93,4
346,98,2
346,109,2
346,122,4
346,129,3
346,130,4
346,132,3
346,139,3
346,160,4
346,162,4
346,164,4
346,177,3
346,189,2
346,191,4
346,197,4
346,198,3
346,201,3
346,202,3
346,210,2
346,213,4
346,217,3
346,220,2
346,237,4
346,240,5
346,243,5
346,253,3
346,254,4
346,258,3
346,261,3
346,262,2
346,263,3
346,272,3
346,275,3
346,286,3
346,290,2
346,291,4
346,293,3
346,300,2
346,301,5
346,309,3
346,314,4
346,317,4
346,319,3
346,323,4
346,324,5
346,325,2
346,329,4
346,333,3
346,337,3
346,339,4
346,343,3
346,344,2
346,345,3
346,346,4
346,347,3
346,348,5
346,353,3
346,354,4
346,355,3
346,363,3
346,377,4
346,382,4
346,384,5
346,385,4
346,386,2
346,391,4
346,395,2
346,396,3
347,2,3
347,3,4
347,6,3
347,8,5
347,9,3
347,11,2
347,12,3
347,13,3
347,15,3
347,21,4
347,22,5
347,23,5
347,24,4
347,25,4
347,27,3
347,28,4
347,29,4
347,30,3
347,31,4
347,32,4
347,33,3
347,34,4
347,35,4
347,38,5
347,39,4
347,40,3
347,41,4
347,42,3
347,44,4
347,48,3
347,49,4
347,50,4
347,54,4
347,58,5
347,61,3
347,64,5
347,67,4
347,68,4
347,69,3
347,71,4
347,73,3
347,74,4
347,76,3
347,77,4
347,79,4
347,82,4
347,83,5
347,88,4
347,93,3
347,95,4
347,96,3
347,98,3
347,103,3
347,104,3
347,111,3
347,112,4
347,114,4
347,115,4
347,117,3
347,119,3
347,127,4
347,130,4
347,134,5
347,137,3
347,138,4
347,142,4
347,143,3
347,144,4
347,145,5
347,146,3
347,147,3
347,151,4
347,156,4
347,157,4
347,158,5
347,159,3
347,160,4
347,166,4
347,167,4
347,169,3
347,173,4
347,175,3
347,176,3
347,177,3
347,181,5
347,184,3
347,185,4
347,187,4
347,191,4
347,193,4
347,195,4
347,196,3
347,198,4
347,205,4
347,206,3
347,218,3
347,220,4
347,222,4
347,223,4
347,225,4
347,227,4
347,232,3
347,234,3
347,235,3
347,237,4
347,239,4
347,244,3
347,245,4
347,247,4
347,248,4
347,249,4
347,253,4
347,254,4
347,255,4
347,257,4
347,258,3
347,260,3
347,261,3
347,262,3
347,269,5
347,272,4
347,274,4
347,277,4
347,281,3
347,284,3
347,286,4
347,291,4
347,292,4
347,296,5
347,297,4
347,299,3
347,300,4
347,302,4
347,307,3
347,308,3
347,309,4
347,313,4
347,316,4
347,317,5
347,319,4
347,320,4
347,321,4
347,323,4
347,332,5
347,333,3
347,334,3
347,335,4
347,337,3
347,338,4
347,339,5
347,341,3
347,342,3
347,344,4
347,345,3
347,346,4
347,347,4
347,350,3
347,351,3
347,353,3
347,354,3
347,356,4
347,357,4
347,360,3
347,362,4
347,363,3
347,369,3
347,371,4
347,375,4
347,377,5
347,379,4
347,380,4
347,382,4
347,383,4
347,384,3
347,386,3
347,390,3
347,391,4
347,393,4
347,394,3
347,396,3
347,399,4
347,400,3
348,2,3
348,3,3
348,6,1
348,8,3
348,9,2
348,11,1
348,13,3
348,17,3
348,18,2
348,22,3
348,31,1
348,33,2
348,36,3
348,38,3
348,42,3
348,44,3
348,48,3
348,67,4
348,69,2
348,70,1
348,71,4
348,72,2
348,73,3
348,74,2
348,79,3
348,84,3
348,87,3
348,89,3
348,93,4
348,98,3
348,109,2
348,110,3
348,117,2
348,121,2
348,122,2
348,125,2
348,127,2
348,138,2
348,139,3
348,142,4
348,143,2
348,147,3
348,151,3
348,153,3
348,160,4
348,181,3
348,182,2
348,184,3
348,186,3
348,189,3
348,198,2
348,200,4
348,201,2
348,207,2
348,213,3
348,216,2
348,217,3
348,220,3
348,223,2
348,233,3
348,237,3
348,242,2
348,252,3
348,258,2
348,259,3
348,260,4
348,264,2
348,266,1
348,269,3
348,272,3
348,276,4
348,277,3
348,284,3
348,288,3
348,290,2
348,295,2
348,301,3
348,315,1
348,316,3
348,319,3
348,324,4
348,325,3
348,329,2
348,330,4
348,332,4
348,334,3
348,335,3
348,339,4
348,345,3
348,346,3
348,348,4
348,350,2
348,354,2
348,357,4
348,363,3
348,364,3
348,370,4
348,379,2
348,384,4
348,387,4
348,389,3
348,390,2
348,393,2
348,394,2
349,8,2
349,9,3
349,10,4
349,11,2
349,12,2
349,18,3
349,23,3
349,25,3
349,26,3
349,29,2
349,37,3
349,48,3
349,60,1
349,67,4
349,71,3
349,73,4
349,76,2
349,78,3
349,87,3
349,89,3
349,102,3
349,107,3
349,110,1
349,111,4
349,120,4
349,122,3
349,126,5
349,130,3
349,131,3
349,135,3
349,138,3
349,139,4
349,151,4
349,152,3
349,156,5
349,166,2
349,169,4
349,186,4
349,198,2
349,206,3
349,208,3
349,224,2
349,229,4
349,232,4
349,233,3
349,235,3
349,240,3
349,242,3
349,244,5
349,252,3
349,253,3
349,254,3
349,255,4
349,260,4
349,266,4
349,267,3
349,283,4
349,284,2
349,291,5
349,298,3
349,301,2
349,304,4
349,316,3
349,319,3
349,325,4
349,326,4
349,328,4
349,329,3
349,338,3
349,343,3
349,346,4
349,348,5
349,352,3
349,354,3
349,359,2
349,364,4
349,366,2
349,368,4
349,370,3
349,390,3
349,393,3
349,394,3
349,397,4
350,7,3
350,13,5
350,19,4
350,29,3
350,39,3
350,50,4
350,64,5
350,67,4
350,69,4
350,76,4
350,79,3
350,80,3
350,82,2
350,86,3
350,87,4
350,88,4
350,109,2
350,110,4
350,117,3
350,120,3
350,125,3
350,136,3
350,154,3
350,164,4
350,189,4
350,202,4
350,206,4
350,213,5
350,220,4
350,233,2
350,240,3
350,249,3
350,255,4
350,256,5
350,291,4
350,293,3
350,297,4
350,299,4
350,320,4
350,327,3
350,338,4
350,345,3
350,348,5
350,350,3
350,354,4
350,357,4
350,370,5
350,393,3
351,2,3
351,3,4
351,7,4
351,8,4
351,9,2
351,10,3
351,12,3
351,13,4
351,15,4
351,16,2
351,25,3
351,26,4
351,27,2
351,28,3
351,29,2
351,30,3
351,31,3
351,34,2
351,39,5
351,41,3
351,42,3
351,45,3
351,48,4
351,50,4
351,52,4
351,54,2
351,59,3
351,61,3
351,64,5
351,67,5
351,69,3
351,71,4
351,72,2
351,73,3
351,74,4
351,79,3
351,80,5
351,83,4
351,84,4
351,87,4
351,88,4
351,93,3
351,95,3
351,103,2
351,104,3
351,107,3
351,109,2
351,110,2
351,111,4
351,114,4
351,120,3
351,122,4
351,125,4
351,126,4
351,127,4
351,130,4
351,133,3
351,138,2
351,139,3
351,143,2
351,146,4
351,151,5
351,153,3
351,155,4
351,156,5
351,157,4
351,161,3
351,164,4
351,165,4
351,167,4
351,169,3
351,173,3
351,174,4
351,179,3
351,180,3
351,182,3
351,184,3
351,186,4
351,190,3
351,191,4
351,198,3
351,201,2
351,202,3
351,205,3
351,206,3
351,208,3
351,212,3
351,217,4
351,220,2
351,224,3
351,229,3
351,232,4
351,234,4
351,237,3
351,238,2
351,239,3
351,240,4
351,243,4
351,244,4
351,245,4
351,246,3
351,249,3
351,250,4
351,254,3
351,255,3
351,258,4
351,261,2
351,265,3
351,266,4
351,269,3
351,273,3
351,274,3
351,275,3
351,278,4
351,280,4
351,282,4
351,284,3
351,286,3
351,287,5
351,288,4
351,289,2
351,290,4
351,299,3
351,300,3
351,301,2
351,308,3
351,309,4
351,310,2
351,315,3
351,319,3
351,321,4
351,323,3
351,324,3
351,328,4
351,333,4
351,335,4
351,337,3
351,339,4
351,344,3
351,345,3
351,346,5
351,347,3
351,348,5
351,351,3
351,352,4
351,353,4
351,354,2
351,359,2
351,360,2
351,363,3
351,364,4
351,368,3
351,369,3
351,370,3
351,377,2
351,381,4
351,382,3
351,384,3
351,385,3
351,386,3
351,388,3
351,389,4
351,392,4
351,393,2
351,394,2
351,400,4
352,4,2
352,6,4
352,10,4
352,25,4
352,35,3
352,41,4
352,48,4
352,54,3
352,67,4
352,71,2
352,72,3
352,73,2
352,76,4
352,78,2
352,80,4
352,81,3
352,87,3
352,88,3
352,100,4
352,107,3
352,116,4
352,125,3
352,129,3
352,130,3
352,133,4
352,139,3
352,143,4
352,151,3
352,163,3
352,168,5
352,175,3
352,181,3
352,184,2
352,189,3
352,191,3
352,193,4
352,198,3
352,200,4
352,210,3
352,213,3
352,217,3
352,219,3
352,238,3
352,240,4
352,248,4
352,249,4
352,253,4
352,255,4
352,258,2
352,264,3
352,277,4
352,284,3
352,288,4
352,289,4
352,290,4
352,294,2
352,301,3
352,315,3
352,316,4
352,319,4
352,337,2
352,339,4
352,343,2
352,344,3
352,348,4
352,351,4
352,362,3
352,370,5
352,372,2
352,384,3
352,391,3
353,2,4
353,3,5
353,6,4
353,7,3
353,8,4
353,9,3
353,10,4
353,11,3
353,13,5
353,14,3
353,15,4
353,24,3
353,26,5
353,27,4
353,29,4
353,31,4
353,33,3
353,34,5
353,35,5
353,44,5
353,48,4
353,49,4
353,50,5
353,57,4
353,59,4
353,60,3
353,64,4
353,66,3
353,69,4
353,71,4
353,74,4
353,79,5
353,80,5
353,84,4
353,87,5
353,88,4
353,89,4
353,93,5
353,96,4
353,98,3
353,99,4
353,106,4
353,107,4
353,109,4
353,110,3
353,111,4
353,113,4
353,120,5
353,122,5
353,123,4
353,127,4
353,129,5
353,130,4
353,132,4
353,137,5
353,138,3
353,139,4
353,140,3
353,142,5
353,146,4
353,148,4
353,153,5
353,160,5
353,161,4
353,162,5
353,163,4
353,164,5
353,172,4
353,175,4
353,181,3
353,182,4
353,184,4
353,189,5
353,190,4
353,197,4
353,198,4
353,202,4
353,203,4
353,205,4
353,206,4
353,208,4
353,210,4
353,211,3
353,212,3
353,213,5
353,216,4
353,217,4
353,219,5
353,220,3
353,222,4
353,226,5
353,232,5
353,233,3
353,237,4
353,239,4
353,240,5
353,245,5
353,246,4
353,247,4
353,249,4
353,252,4
353,254,4
353,255,4
353,257,3
353,258,5
353,266,4
353,274,5
353,276,5
353,277,5
353,279,4
353,281,5
353,290,4
353,291,5
353,293,4
353,294,4
353,295,4
353,296,5
353,298,4
353,299,4
353,300,5
353,301,5
353,308,4
353,309,5
353,313,4
353,315,2
353,316,4
353,318,3
353,319,4
353,321,3
353,324,5
353,325,4
353,326,4
353,331,4
353,333,4
353,337,4
353,344,5
353,345,4
353,346,4
353,348,5
353,353,4
353,354,4
353,355,3
353,357,4
353,360,4
353,362,4
353,363,4
353,364,4
353,365,3
353,366,3
353,367,4
353,368,4
353,372,4
353,374,5
353,377,4
353,379,5
353,381,4
353,384,5
353,387,4
353,390,3
353,391,4
353,393,4
353,394,3
353,396,4
353,397,4
353,398,3
354,2,3
354,5,3
354,25,3
354,31,3
354,35,5
354,39,4
354,48,4
354,50,5
354,60,3
354,67,4
354,73,4
354,78,4
354,79,3
354,80,4
354,87,5
354,93,3
354,103,3
354,133,4
354,160,3
354,200,3
354,204,4
354,211,3
354,214,4
354,217,4
354,221,4
354,223,3
354,232,4
354,234,4
354,249,4
354,259,4
354,269,4
354,275,3
354,278,4
354,283,4
354,286,3
354,290,3
354,301,4
354,308,2
354,315,3
354,316,4
354,318,3
354,326,3
354,345,3
354,346,3
354,348,5
354,350,2
354,353,2
354,354,4
354,356,4
354,357,3
354,375,5
354,394,3
354,398,4
355,3,4
355,11,3
355,12,4
355,13,4
355,15,3
355,19,4
355,20,4
355,25,3
355,29,3
355,33,3
355,34,4
355,44,4
355,73,4
355,76,3
355,78,2
355,79,3
355,88,3
355,93,4
355,99,4
355,115,4
355,116,5
355,125,4
355,129,4
355,130,3
355,134,3
355,151,4
355,153,4
355,163,3
355,174,3
355,182,3
355,184,4
355,189,3
355,199,3
355,200,4
355,205,2
355,210,4
355,217,4
355,223,3
355,224,5
355,228,3
355,232,5
355,249,4
355,250,3
355,255,5
355,260,4
355,262,3
355,271,5
355,277,5
355,284,3
355,290,2
355,293,5
355,300,3
355,301,3
355,313,4
355,315,4
355,317,4
355,318,3
355,330,4
355,333,4
355,337,3
355,338,3
355,345,3
355,346,4
355,348,4
355,351,4
355,353,3
355,354,4
355,357,5
355,360,3
355,361,3
355,366,3
355,370,5
355,376,4
355,385,2
356,5,4
356,11,3
356,15,3
356,47,3
356,52,3
356,64,5
356,67,4
356,76,3
356,80,5
356,87,4
356,110,2
356,114,5
356,122,3
356,128,3
356,184,4
356,192,3
356,200,4
356,211,3
356,234,4
356,240,4
356,253,4
356,261,3
356,269,4
356,275,4
356,285,4
356,308,4
356,321,3
356,327,3
356,376,5
357,8,3
357,9,3
357,11,2
357,12,3
357,13,4
357,23,4
357,24,4
357,31,3
357,34,4
357,35,3
357,48,3
357,50,4
357,54,3
357,66,3
357,68,4
357,71,4
357,73,3
357,74,4
357,79,4
357,80,4
357,87,4
357,88,4
357,93,4
357,95,3
357,103,4
357,110,3
357,114,4
357,122,3
357,125,3
357,127,3
357,128,3
357,130,4
357,134,4
357,137,3
357,138,3
357,139,4
357,143,3
357,148,3
357,149,3
357,151,3
357,156,4
357,158,4
357,160,3
357,163,4
357,169,3
357,176,3
357,191,3
357,199,3
357,203,3
357,206,4
357,213,5
357,214,4
357,217,4
357,219,4
357,221,3
357,227,2
357,235,3
357,236,3
357,237,3
357,240,3
357,253,4
357,255,5
357,258,3
357,261,3
357,266,3
357,267,5
357,269,4
357,271,4
357,277,3
357,284,4
357,288,3
357,289,3
357,290,4
357,298,4
357,301,3
357,308,3
357,309,2
357,310,4
357,313,3
357,314,4
357,315,3
357,316,4
357,319,3
357,321,3
357,323,4
357,328,5
357,334,4
357,336,3
357,338,3
357,345,3
357,348,4
357,350,3
357,354,4
357,369,3
357,372,3
357,380,4
357,384,4
357,385,4
357,386,3
358,7,2
358,15,2
358,31,3
358,34,3
358,37,2
358,41,2
358,54,3
358,76,3
358,86,4
358,98,2
358,113,2
358,122,4
358,128,3
358,144,3
358,163,4
358,183,3
358,184,3
358,186,2
358,189,4
358,200,3
358,228,3
358,239,2
358,255,4
358,271,4
358,290,3
358,313,3
358,315,1
358,325,1
358,344,3
358,348,4
358,352,3
358,366,2
358,370,4
359,3,5
359,8,4
359,25,2
359,27,4
359,29,3
359,44,4
359,53,3
359,54,4
359,61,3
359,63,4
359,64,3
359,67,4
359,73,3
359,74,4
359,80,4
359,85,4
359,88,3
359,93,4
359,107,3
359,122,3
359,125,4
359,130,3
359,135,4
359,137,3
359,139,4
359,146,2
359,151,4
359,152,4
359,153,3
359,156,4
359,168,4
359,173,3
359,182,4
359,183,4
359,189,5
359,193,3
359,198,4
359,205,3
359,206,3
359,220,3
359,230,3
359,231,4
359,237,4
359,240,4
359,244,5
359,253,4
359,255,4
359,277,5
359,290,4
359,291,4
359,296,4
359,298,4
359,316,4
359,319,5
359,321,4
359,323,4
359,333,4
359,336,4
359,338,2
359,345,3
359,346,3
359,348,4
359,351,5
359,354,4
359,356,4
359,360,4
359,362,3
359,369,4
359,370,5
359,371,4
359,372,2
359,382,5
359,393,4
359,394,3
359,399,4
360,8,3
360,11,3
360,13,5
360,24,4
360,28,4
360,34,3
360,48,5
360,54,4
360,64,5
360,66,4
360,67,4
360,74,3
360,79,5
360,80,5
360,87,5
360,88,5
360,91,2
360,103,4
360,110,3
360,120,3
360,122,5
360,125,3
360,127,4
360,130,4
360,139,5
360,157,4
360,163,4
360,167,4
360,168,3
360,170,4
360,171,4
360,173,5
360,189,5
360,190,3
360,193,4
360,194,3
360,198,4
360,204,4
360,205,4
360,212,4
360,217,4
360,232,5
360,237,5
360,249,4
360,253,4
360,256,4
360,258,5
360,267,5
360,277,5
360,278,4
360,284,4
360,300,3
360,301,5
360,308,4
360,309,4
360,313,5
360,317,5
360,319,3
360,320,4
360,321,4
360,326,5
360,327,3
360,328,5
360,337,3
360,339,4
360,344,3
360,345,2
360,346,5
360,348,5
360,353,4
360,357,5
360,362,4
360,363,4
360,368,4
360,371,5
360,380,4
360,386,4
360,389,4
360,390,3
360,392,5
360,394,4
361,3,5
361,7,4
361,13,5
361,19,4
361,20,4
361,23,5
361,24,4
361,25,5
361,27,4
361,29,3
361,34,5
361,38,4
361,41,4
361,44,5
361,47,5
361,48,4
361,51,3
361,60,3
361,64,5
361,68,2
361,73,4
361,74,5
361,76,4
361,79,4
361,88,5
361,90,4
361,95,3
361,98,2
361,104,3
361,107,4
361,109,3
361,110,5
361,115,3
361,116,5
361,117,3
361,120,3
361,124,5
361,125,4
361,127,4
361,130,4
361,131,4
361,135,5
361,138,3
361,139,4
361,142,4
361,143,4
361,144,5
361,153,5
361,154,3
361,156,5
361,158,5
361,159,4
361,160,4
361,161,3
361,163,4
361,164,5
361,167,5
361,172,5
361,177,5
361,181,4
361,182,4
361,183,5
361,184,5
361,187,5
361,189,4
361,190,4
361,191,4
361,193,4
361,194,3
361,197,4
361,198,3
361,202,4
361,207,4
361,208,4
361,209,5
361,210,4
361,211,3
361,214,5
361,217,4
361,221,4
361,222,4
361,230,4
361,232,4
361,234,4
361,237,4
361,239,4
361,240,5
361,242,4
361,244,5
361,245,5
361,246,3
361,254,4
361,256,4
361,257,4
361,258,3
361,260,5
361,261,3
361,265,5
361,266,5
361,269,4
361,271,4
361,273,3
361,275,5
361,278,4
361,279,4
361,280,3
361,283,4
361,284,5
361,286,4
361,288,5
361,290,4
361,291,5
361,292,3
361,293,3
361,294,3
361,296,4
361,297,5
361,302,4
361,308,5
361,309,4
361,313,4
361,314,5
361,315,4
361,316,4
361,321,4
361,322,4
361,333,4
361,338,5
361,339,5
361,340,3
361,344,4
361,348,5
361,351,5
361,353,4
361,356,5
361,357,5
361,359,4
361,360,5
361,362,4
361,363,4
361,368,4
361,370,4
361,383,4
361,388,5
361,392,5
361,393,4
361,394,3
361,396,3
361,397,4
361,398,5
361,399,5
362,2,4
362,5,3
362,8,3
362,17,3
362,33,2
362,37,3
362,47,5
362,48,2
362,50,3
362,55,4
362,64,4
362,74,2
362,84,3
362,85,3
362,86,3
362,87,3
362,94,3
362,95,3
362,109,2
362,111,3
362,113,5
362,125,3
362,127,3
362,128,4
362,130,3
362,138,4
362,139,4
362,142,4
362,144,4
362,156,5
362,160,4
362,180,3
362,196,2
362,217,4
362,218,4
362,219,5
362,234,3
362,252,4
362,253,4
362,257,3
362,258,5
362,262,3
362,266,3
362,269,4
362,284,4
362,308,4
362,310,5
362,313,3
362,315,3
362,316,4
362,321,4
362,323,4
362,329,5
362,333,4
362,340,3
362,345,4
362,346,3
362,363,4
362,364,4
362,368,4
362,379,4
362,381,3
362,384,5
362,385,4
362,392,3
362,393,3
363,5,3
363,7,3
363,8,3
363,13,4
363,15,3
363,19,3
363,31,2
363,33,2
363,48,3
363,51,2
363,59,2
363,70,2
363,71,4
363,74,3
363,79,4
363,80,5
363,87,3
363,98,4
363,105,3
363,107,3
363,109,3
363,110,2
363,114,3
363,125,3
363,127,3
363,144,4
363,156,4
363,158,3
363,160,4
363,163,4
363,167,4
363,169,2
363,174,2
363,177,2
363,189,4
363,200,3
363,202,3
363,210,3
363,211,2
363,213,3
363,217,5
363,232,4
363,238,3
363,239,3
363,246,2
363,247,3
363,254,3
363,255,3
363,258,4
363,261,3
363,263,2
363,269,4
363,284,3
363,293,3
363,296,3
363,297,3
363,300,3
363,301,3
363,314,3
363,316,3
363,319,3
363,332,5
363,333,3
363,335,3
363,337,2
363,341,3
363,346,3
363,357,4
363,365,3
363,370,4
363,388,4
363,390,3
363,391,3
363,392,3
363,395,3
363,396,3
363,399,3
364,34,4
364,38,4
364,49,5
364,78,5
364,79,3
364,92,2
364,103,2
364,113,3
364,116,4
364,120,3
364,127,3
364,137,4
364,146,4
364,151,3
364,169,4
364,191,4
364,197,3
364,198,3
364,202,4
364,211,4
364,231,3
364,258,3
364,260,5
364,264,3
364,277,4
364,293,3
364,296,5
364,300,4
364,314,3
364,333,3
364,344,2
364,345,2
364,366,3
365,12,3
365,13,3
365,19,2
365,48,2
365,50,2
365,57,2
365,60,1
365,67,3
365,73,3
365,76,2
365,78,3
365,80,3
365,87,3
365,95,3
365,104,2
365,105,1
365,107,3
365,111,4
365,128,2
365,133,2
365,134,4
365,165,2
365,181,2
365,186,3
365,202,2
365,211,2
365,213,3
365,217,3
365,230,3
365,233,2
365,234,2
365,235,3
365,237,1
365,266,3
365,269,3
365,272,2
365,274,2
365,276,2
365,277,3
365,290,4
365,298,3
365,301,2
365,304,3
365,308,2
365,319,3
365,323,2
365,326,3
365,327,3
365,330,3
365,331,2
365,333,3
365,336,3
365,344,2
365,345,3
365,357,3
365,370,4
365,375,3
365,379,2
365,382,4
365,384,2
365,385,3
365,400,2
366,9,2
366,37,2
366,39,4
366,107,2
366,125,3
366,134,4
366,154,2
366,160,4
366,189,3
366,220,2
366,237,3
366,261,3
366,269,3
366,291,3
366,348,4
366,387,3
367,6,4
367,7,4
367,35,5
367,42,3
367,54,4
367,60,2
367,69,3
367,70,4
367,79,4
367,81,3
367,87,4
367,88,4
367,110,2
367,119,2
367,125,3
367,130,4
367,139,3
367,147,3
367,151,3
367,152,4
367,164,4
367,181,3
367,183,5
367,193,3
367,196,4
367,206,4
367,217,4
367,233,4
367,234,4
367,237,4
367,240,4
367,277,3
367,283,4
367,284,3
367,307,3
367,309,4
367,316,5
367,319,4
367,327,5
367,338,4
367,339,5
367,346,3
367,350,4
367,351,4
367,363,3
367,366,3
367,372,4
367,384,5
367,390,4
367,393,3
368,7,4
368,8,3
368,9,4
368,10,3
368,11,2
368,12,4
368,13,4
368,15,4
368,23,3
368,24,4
368,29,4
368,35,5
368,42,3
368,48,4
368,54,4
368,61,2
368,64,3
368,69,2
368,72,2
368,73,4
368,74,4
368,76,3
368,79,4
368,87,5
368,88,3
368,95,3
368,114,4
368,115,5
368,116,5
368,122,5
368,123,3
368,125,3
368,142,4
368,143,4
368,146,4
368,159,3
368,165,4
368,169,3
368,175,3
368,176,3
368,184,4
368,189,3
368,190,5
368,191,3
368,198,4
368,203,3
368,205,3
368,206,4
368,210,3
368,213,3
368,217,3
368,220,3
368,223,5
368,232,3
368,237,3
368,239,3
368,240,3
368,245,4
368,247,3
368,251,3
368,253,3
368,255,4
368,256,5
368,266,4
368,269,4
368,283,3
368,284,4
368,286,3
368,287,4
368,290,5
368,297,4
368,301,3
368,302,5
368,307,4
368,312,3
368,315,3
368,316,4
368,319,3
368,320,3
368,322,4
368,324,4
368,325,4
368,329,4
368,333,3
368,335,3
368,337,3
368,339,3
368,346,4
368,347,4
368,348,5
368,352,4
368,353,4
368,354,5
368,357,4
368,359,4
368,362,4
368,363,3
368,368,5
368,370,5
368,373,4
368,377,5
368,380,3
368,383,3
368,384,4
368,389,4
368,393,3
369,2,3
369,12,3
369,38,5
369,47,4
369,66,3
369,76,3
369,79,4
369,80,4
369,87,3
369,93,4
369,102,2
369,109,2
369,110,2
369,114,5
369,132,3
369,139,3
369,146,3
369,162,3
369,184,3
369,189,4
369,200,4
369,212,2
369,233,4
369,239,4
369,255,4
369,264,3
369,270,3
369,277,4
369,284,3
369,297,4
369,301,3
369,303,4
369,319,4
369,325,4
369,326,4
369,333,2
369,347,4
369,352,2
369,353,3
369,354,4
369,355,2
369,362,2
369,368,3
369,373,3
369,379,3
369,391,4
370,5,3
370,15,3
370,25,3
370,26,3
370,27,2
370,29,3
370,30,3
370,34,4
370,48,4
370,58,4
370,63,3
370,73,3
370,76,3
370,80,4
370,85,3
370,87,5
370,88,4
370,93,3
370,99,3
370,109,3
370,111,4
370,114,3
370,122,4
370,130,4
370,138,3
370,139,3
370,150,3
370,151,4
370,152,3
370,160,4
370,163,4
370,164,5
370,166,2
370,167,5
370,187,3
370,194,3
370,198,3
370,211,2
370,217,3
370,219,3
370,221,3
370,223,4
370,224,3
370,232,4
370,233,3
370,240,3
370,244,4
370,249,4
370,255,3
370,258,2
370,264,2
370,269,4
370,272,4
370,277,3
370,278,4
370,284,3
370,288,4
370,291,4
370,301,3
370,303,4
370,313,4
370,315,2
370,316,3
370,319,3
370,323,4
370,328,3
370,333,3
370,344,3
370,345,2
370,348,4
370,355,2
370,361,3
370,364,3
370,368,4
370,373,3
370,377,4
370,379,4
370,383,2
370,385,4
370,393,3
371,12,4
371,13,4
371,34,3
371,48,4
371,53,3
371,54,3
371,74,3
371,75,4
371,80,4
371,93,3
371,101,2
371,104,2
371,120,4
371,125,4
371,130,3
371,142,4
371,146,4
371,152,3
371,153,3
371,154,4
371,220,3
371,234,3
371,237,3
371,253,4
371,267,3
371,290,4
371,310,3
371,319,4
371,333,3
371,335,4
371,353,4
371,354,3
371,355,3
371,356,4
371,360,3
371,374,2
371,377,4
371,380,3
371,382,4
372,8,3
372,24,3
372,34,3
372,63,4
372,67,4
372,82,3
372,87,2
372,125,2
372,127,3
372,138,2
372,142,4
372,161,4
372,163,3
372,164,3
372,175,3
372,189,4
372,198,4
372,202,3
372,216,2
372,217,3
372,254,4
372,258,4
372,262,2
372,269,2
372,277,4
372,278,3
372,315,3
372,316,4
372,319,3
372,348,5
372,360,3
372,368,2
372,388,4
373,5,4
373,6,3
373,7,4
373,8,3
373,10,3
373,11,3
373,12,3
373,13,5
373,15,3
373,18,2
373,19,3
373,23,4
373,24,3
373,28,3
373,29,3
373,30,4
373,31,3
373,32,4
373,34,3
373,35,4
373,38,4
373,42,3
373,44,3
373,48,4
373,57,3
373,60,3
373,63,4
373,64,4
373,67,4
373,68,3
373,71,3
373,73,3
373,76,3
373,78,3
373,80,4
373,83,4
373,86,2
373,88,2
373,89,3
373,93,4
373,94,4
373,95,4
373,96,4
373,98,4
373,109,3
373,110,3
373,114,4
373,120,3
373,122,2
373,131,4
373,139,3
373,140,3
373,144,5
373,146,5
373,151,3
373,152,3
373,153,3
373,154,4
373,156,4
373,159,4
373,160,3
373,161,3
373,163,3
373,164,4
373,166,3
373,167,3
373,170,3
373,171,2
373,172,4
373,174,2
373,181,3
373,182,4
373,186,3
373,187,3
373,189,4
373,190,3
373,193,3
373,195,3
373,197,4
373,198,3
373,199,3
373,202,4
373,206,4
373,208,4
373,211,2
373,213,3
373,214,3
373,217,3
373,223,3
373,224,2
373,226,4
373,227,3
373,232,4
373,237,3
373,238,3
373,243,3
373,244,5
373,249,3
373,252,4
373,253,4
373,255,4
373,256,4
373,258,4
373,259,5
373,260,3
373,263,4
373,266,3
373,269,3
373,271,4
373,274,3
373,276,4
373,277,4
373,280,3
373,281,4
373,282,4
373,284,3
373,290,3
373,296,3
373,297,4
373,299,4
373,301,4
373,303,4
373,307,3
373,313,4
373,315,4
373,319,4
373,320,3
373,321,4
373,328,4
373,330,5
373,333,3
373,334,4
373,337,3
373,344,2
373,345,3
373,346,3
373,348,3
373,351,3
373,353,3
373,356,4
373,357,3
373,360,3
373,362,3
373,364,4
373,366,3
373,368,3
373,369,3
373,375,4
373,377,4
373,380,4
373,384,4
373,386,3
373,387,4
373,388,5
373,390,3
373,392,5
373,394,3
373,396,2
373,399,2
373,400,3
374,7,2
374,8,3
374,9,3
374,11,2
374,13,5
374,15,3
374,16,3
374,19,4
374,20,3
374,23,4
374,24,4
374,28,2
374,29,2
374,33,2
374,35,4
374,36,3
374,39,3
374,41,3
374,42,3
374,43,3
374,44,4
374,45,4
374,48,4
374,52,4
374,53,3
374,54,3
374,57,3
374,58,3
374,59,2
374,60,2
374,63,3
374,64,3
374,65,3
374,67,4
374,69,3
374,71,3
374,72,4
374,73,3
374,74,2
374,75,3
374,76,2
374,77,3
374,79,3
374,80,4
374,84,4
374,85,3
374,86,5
374,87,3
374,88,3
374,90,3
374,93,5
374,95,3
374,97,3
374,98,1
374,103,3
374,104,2
374,106,3
374,109,3
374,110,4
374,112,3
374,113,5
374,114,3
374,115,3
374,119,3
374,120,3
374,122,3
374,125,3
374,127,3
374,128,3
374,129,5
374,130,3
374,131,3
374,132,3
374,134,4
374,135,4
374,136,3
374,138,2
374,139,3
374,140,2
374,142,3
374,143,3
374,144,5
374,146,2
374,147,3
374,151,3
374,152,3
374,154,4
374,157,4
374,159,3
374,160,3
374,163,3
374,165,3
374,167,4
374,168,3
374,169,3
374,170,2
374,171,3
374,172,3
374,175,3
374,177,3
374,178,3
374,181,3
374,182,4
374,183,4
374,184,3
374,185,3
374,186,4
374,187,3
374,189,4
374,190,2
374,191,3
374,192,3
374,194,3
374,195,4
374,197,4
374,198,4
374,199,3
374,200,5
374,202,4
374,203,2
374,204,3
374,205,3
374,206,3
374,207,3
374,208,3
374,209,3
374,210,4
374,211,3
374,212,2
374,213,3
374,214,4
374,216,3
374,217,5
374,218,3
374,222,2
374,223,4
374,230,2
374,232,4
374,233,4
374,234,3
374,235,4
374,237,3
374,240,4
374,242,4
374,244,3
374,245,3
374,246,3
374,249,3
374,251,3
374,254,3
374,255,3
374,256,4
374,258,3
374,259,4
374,260,4
374,261,3
374,262,3
374,269,3
374,272,4
374,273,4
374,274,3
374,275,3
374,276,5
374,277,3
374,278,3
374,281,3
374,284,4
374,287,3
374,288,3
374,291,3
374,292,2
374,296,4
374,298,3
374,299,4
374,301,3
374,303,3
374,307,2
374,308,3
374,309,4
374,311,3
374,313,3
374,315,2
374,316,4
374,317,4
374,319,3
374,321,3
374,323,3
374,324,4
374,325,4
374,326,3
374,328,3
374,329,3
374,330,3
374,331,3
374,335,4
374,337,4
374,339,5
374,340,3
374,342,2
374,343,3
374,344,2
374,345,3
374,346,4
374,349,3
374,351,3
374,353,4
374,354,2
374,355,3
374,356,4
374,357,4
374,360,3
374,363,3
374,364,4
374,366,2
374,368,3
374,369,4
374,370,4
374,372,2
374,373,3
374,375,4
374,376,3
374,377,4
374,379,4
374,380,3
374,381,3
374,383,4
374,384,4
374,386,3
374,387,4
374,388,4
374,389,4
374,390,3
374,391,3
374,392,3
374,393,4
374,394,2
374,399,4
374,400,3
375,3,3
375,23,3
375,34,3
375,47,3
375,48,5
375,54,2
375,66,2
375,74,4
375,76,3
375,80,4
375,84,4
375,87,3
375,88,3
375,91,2
375,98,3
375,113,3
375,122,2
375,125,2
375,139,2
375,149,3
375,156,3
375,169,4
375,189,4
375,213,3
375,219,4
375,220,3
375,224,3
375,232,2
375,234,4
375,237,3
375,251,2
375,262,1
375,264,2
375,271,4
375,275,3
375,288,4
375,290,3
375,292,3
375,316,3
375,323,3
375,333,2
375,337,3
375,338,3
375,351,3
375,354,4
375,368,4
375,380,3
375,390,3
375,397,2
376,6,4
376,9,5
376,15,3
376,27,3
376,43,4
376,48,4
376,62,3
376,64,4
376,71,3
376,79,4
376,122,4
376,125,4
376,127,3
376,138,4
376,153,4
376,160,2
376,167,3
376,172,5
376,204,3
376,213,4
376,217,5
376,226,5
376,234,3
376,237,4
376,239,4
376,244,4
376,249,5
376,250,3
376,254,4
376,258,4
376,269,4
376,289,4
376,307,4
376,308,4
376,310,5
376,319,3
376,327,3
376,330,5
376,332,5
376,337,3
376,345,2
376,348,5
376,350,3
376,357,4
376,360,4
376,370,5
377,8,3
377,11,3
377,14,3
377,18,4
377,20,4
377,24,3
377,34,3
377,35,4
377,54,3
377,58,5
377,59,3
377,64,4
377,75,4
377,76,5
377,80,4
377,87,4
377,88,4
377,90,3
377,93,4
377,95,4
377,98,3
377,99,3
377,111,3
377,116,5
377,138,3
377,143,4
377,144,4
377,154,2
377,169,4
377,176,4
377,182,3
377,191,4
377,198,4
377,201,3
377,208,4
377,216,3
377,217,3
377,227,4
377,228,4
377,238,2
377,244,4
377,255,5
377,261,3
377,263,4
377,266,4
377,272,4
377,275,3
377,281,3
377,284,4
377,290,3
377,300,4
377,301,4
377,316,4
377,319,3
377,326,4
377,328,5
377,329,4
377,330,4
377,333,4
377,334,4
377,339,3
377,348,5
377,351,5
377,354,5
377,357,3
377,370,5
377,372,3
377,382,5
377,384,4
377,386,3
377,394,3
378,6,3
378,13,4
378,29,2
378,67,4
378,87,4
378,88,3
378,94,3
378,98,4
378,115,2
378,127,3
378,139,3
378,147,4
378,189,4
378,206,3
378,225,4
378,232,5
378,233,3
378,234,4
378,237,4
378,247,4
378,250,4
378,255,3
378,278,4
378,297,4
378,300,4
378,301,3
378,315,3
378,323,4
378,351,3
378,357,4
378,370,4
378,377,3
378,381,4
378,384,3
378,393,4
379,11,3
379,29,3
379,31,4
379,46,4
379,52,2
379,76,3
379,79,2
379,80,4
379,83,4
379,98,2
379,99,3
379,104,2
379,123,2
379,125,3
379,128,4
379,129,4
379,134,4
379,143,3
379,146,3
379,158,3
379,160,4
379,162,3
379,174,3
379,206,3
379,231,2
379,255,4
379,258,3
379,290,4
379,293,3
379,299,3
379,301,4
379,305,3
379,314,2
379,319,3
379,326,3
379,328,3
379,331,3
379,334,4
379,338,4
379,345,3
379,351,4
379,356,4
379,363,4
379,370,4
379,372,2
379,387,3
379,393,3
379,394,3
380,1,3
380,2,2
380,4,3
380,6,2
380,7,4
380,8,2
380,9,3
380,10,3
380,12,3
380,13,4
380,15,3
380,19,3
380,22,4
380,23,2
380,24,3
380,25,3
380,26,3
380,29,2
380,30,2
380,35,3
380,38,3
380,40,3
380,42,3
380,45,3
380,50,3
380,51,3
380,53,3
380,54,3
380,58,3
380,59,3
380,60,1
380,61,3
380,63,2
380,65,2
380,66,2
380,67,4
380,68,3
380,71,3
380,72,2
380,73,3
380,74,2
380,76,3
380,78,3
380,79,4
380,80,4
380,82,2
380,83,4
380,84,4
380,85,3
380,87,3
380,88,2
380,89,3
380,91,2
380,92,3
380,93,4
380,95,3
380,96,2
380,97,2
380,98,3
380,99,3
380,101,2
380,102,2
380,103,3
380,104,2
380,106,3
380,110,3
380,111,3
380,113,5
380,114,5
380,118,2
380,119,3
380,120,4
380,121,3
380,122,3
380,124,3
380,125,3
380,127,3
380,128,3
380,129,3
380,130,2
380,131,3
380,132,3
380,134,3
380,136,3
380,137,3
380,143,2
380,144,3
380,146,4
380,150,3
380,154,3
380,156,4
380,157,4
380,158,4
380,159,4
380,160,3
380,162,3
380,163,3
380,164,4
380,167,3
380,169,3
380,170,2
380,171,2
380,172,2
380,177,3
380,180,2
380,181,2
380,185,2
380,186,3
380,187,3
380,189,3
380,191,3
380,193,2
380,194,3
380,195,4
380,198,4
380,200,3
380,201,3
380,202,3
380,204,3
380,205,2
380,206,3
380,208,2
380,209,4
380,211,3
380,212,1
380,213,3
380,216,2
380,217,4
380,220,2
380,222,3
380,223,3
380,227,3
380,228,1
380,231,2
380,232,3
380,233,3
380,234,4
380,237,3
380,238,3
380,240,2
380,241,2
380,244,5
380,245,2
380,246,3
380,247,2
380,249,3
380,251,2
380,253,3
380,254,3
380,256,3
380,258,3
380,260,3
380,261,3
380,262,2
380,263,3
380,264,2
380,265,3
380,266,2
380,267,3
380,268,2
380,269,3
380,271,4
380,272,4
380,274,2
380,275,3
380,277,4
380,281,4
380,283,3
380,284,3
380,285,4
380,287,3
380,288,5
380,289,3
380,290,3
380,291,3
380,292,3
380,293,4
380,294,2
380,297,4
380,299,3
380,300,4
380,301,3
380,302,4
380,308,3
380,309,3
380,313,4
380,316,3
380,317,4
380,318,3
380,319,3
380,320,3
380,321,3
380,323,2
380,324,3
380,325,3
380,326,4
380,328,3
380,333,4
380,334,3
380,336,5
380,337,3
380,338,3
380,339,3
380,341,3
380,343,2
380,346,3
380,347,2
380,348,4
380,350,2
380,351,3
380,352,2
380,353,3
380,354,3
380,355,2
380,357,5
380,360,4
380,363,3
380,367,3
380,368,4
380,369,3
380,370,5
380,372,1
380,375,4
380,376,3
380,377,4
380,378,4
380,380,3
380,381,2
380,382,3
380,383,3
380,384,4
380,385,3
380,386,3
380,387,2
380,388,3
380,392,4
380,393,3
380,395,3
380,396,2
380,399,1
381,3,4
381,7,4
381,8,4
381,9,2
381,10,4
381,13,5
381,15,4
381,17,3
381,19,5
381,21,4
381,23,4
381,25,4
381,29,3
381,30,4
381,31,3
381,33,2
381,36,4
381,38,4
381,41,3
381,42,4
381,45,4
381,48,4
381,54,3
381,59,4
381,63,4
381,66,3
381,67,4
381,71,5
381,73,3
381,74,4
381,77,4
381,79,4
381,80,5
381,81,3
381,82,3
381,84,3
381,86,4
381,87,4
381,88,3
381,92,4
381,93,4
381,95,4
381,98,4
381,103,2
381,105,4
381,107,2
381,109,3
381,110,3
381,111,4
381,115,5
381,119,2
381,120,4
381,121,4
381,122,5
381,125,2
381,129,5
381,130,4
381,132,2
381,137,5
381,139,4
381,142,5
381,143,3
381,147,4
381,150,3
381,151,4
381,153,4
381,154,4
381,156,4
381,158,4
381,159,4
381,160,5
381,172,4
381,173,4
381,175,5
381,177,4
381,179,3
381,184,4
381,187,4
381,189,5
381,193,3
381,198,3
381,199,3
381,202,4
381,211,3
381,217,4
381,220,3
381,223,4
381,228,4
381,232,5
381,234,4
381,237,4
381,239,4
381,240,4
381,241,3
381,247,5
381,249,2
381,253,4
381,255,3
381,256,4
381,257,3
381,258,5
381,260,3
381,261,4
381,266,3
381,269,3
381,273,3
381,275,3
381,278,4
381,281,4
381,284,4
381,288,4
381,291,4
381,292,3
381,293,3
381,294,4
381,297,4
381,299,3
381,300,4
381,301,4
381,306,3
381,308,4
381,311,4
381,313,4
381,315,3
381,316,4
381,318,3
381,319,4
381,320,4
381,323,4
381,326,4
381,327,3
381,329,5
381,333,4
381,334,4
381,336,3
381,338,4
381,339,4
381,341,2
381,344,4
381,345,4
381,346,4
381,348,4
381,350,3
381,351,4
381,353,3
381,354,4
381,356,4
381,363,3
381,366,3
381,368,3
381,370,4
381,372,3
381,375,4
381,378,5
381,379,5
381,381,4
381,382,4
381,383,3
381,384,4
381,390,2
381,393,4
381,394,3
381,396,3
382,3,5
382,8,4
382,9,3
382,10,2
382,13,5
382,21,3
382,22,4
382,24,2
382,25,4
382,44,5
382,45,5
382,48,3
382,49,4
382,64,5
382,65,2
382,67,5
382,69,4
382,73,3
382,79,4
382,80,5
382,83,3
382,84,4
382,86,3
382,88,2
382,93,5
382,102,2
382,104,1
382,107,4
382,122,4
382,125,4
382,128,3
382,129,2
382,134,4
382,136,3
382,139,3
382,150,4
382,158,4
382,164,4
382,182,4
382,194,4
382,202,4
382,211,2
382,217,5
382,232,4
382,233,3
382,240,4
382,255,3
382,269,3
382,272,4
382,284,3
382,290,4
382,293,3
382,301,3
382,308,4
382,309,4
382,315,3
382,316,5
382,327,3
382,329,5
382,333,3
382,339,5
382,348,5
382,355,4
382,357,4
382,363,3
382,375,5
382,384,5
382,392,4
382,399,4
383,3,4
383,10,4
383,15,3
383,20,4
383,47,4
383,52,4
383,56,3
383,87,4
383,91,2
383,92,4
383,98,1
383,110,2
383,125,4
383,127,4
383,131,4
383,148,3
383,156,3
383,160,3
383,176,4
383,185,4
383,266,4
383,267,4
383,272,4
383,284,4
383,301,4
383,315,4
383,316,3
383,319,4
383,335,3
383,346,5
383,351,3
383,377,4
383,384,4
384,6,4
384,8,5
384,9,3
384,11,2
384,13,5
384,15,3
384,19,3
384,22,4
384,25,4
384,26,4
384,29,3
384,41,4
384,50,5
384,52,2
384,57,4
384,58,5
384,61,4
384,64,4
384,67,4
384,71,4
384,73,3
384,80,5
384,81,3
384,85,4
384,87,4
384,88,4
384,91,3
384,93,3
384,107,3
384,110,3
384,122,5
384,125,4
384,130,3
384,132,4
384,133,5
384,137,4
384,138,4
384,139,3
384,142,4
384,151,3
384,153,4
384,156,4
384,158,3
384,160,4
384,163,4
384,167,3
384,169,4
384,176,4
384,182,5
384,183,4
384,184,4
384,188,3
384,189,4
384,202,5
384,203,4
384,206,4
384,211,5
384,213,5
384,217,4
384,219,5
384,220,3
384,226,4
384,232,3
384,234,5
384,238,4
384,240,4
384,245,4
384,246,3
384,249,5
384,258,3
384,262,4
384,264,3
384,266,3
384,272,3
384,276,5
384,277,3
384,278,4
384,280,4
384,283,3
384,284,4
384,290,4
384,295,4
384,297,4
384,298,3
384,299,5
384,300,3
384,301,4
384,306,3
384,308,3
384,312,4
384,313,5
384,315,3
384,316,5
384,319,4
384,320,3
384,322,4
384,331,4
384,333,4
384,334,4
384,335,4
384,336,4
384,338,5
384,342,4
384,344,4
384,345,3
384,346,4
384,347,4
384,348,5
384,350,3
384,353,4
384,354,4
384,356,5
384,357,4
384,362,3
384,363,4
384,365,2
384,366,3
384,368,5
384,379,4
384,380,3
384,383,3
384,386,4
384,387,4
384,388,4
384,393,4
384,394,2
385,2,2
385,11,1
385,12,2
385,41,1
385,48,3
385,80,4
385,87,2
385,93,3
385,111,3
385,143,2
385,229,4
385,233,1
385,260,2
385,262,1
385,290,2
385,299,2
385,301,2
385,307,2
385,310,2
385,315,2
385,316,3
385,321,1
385,335,2
385,348,2
385,370,4
386,2,4
386,3,5
386,5,3
386,10,3
386,50,4
386,57,3
386,67,3
386,71,2
386,74,4
386,76,4
386,79,4
386,88,4
386,93,3
386,107,3
386,122,3
386,131,4
386,153,3
386,160,3
386,163,3
386,171,3
386,176,4
386,181,3
386,185,2
386,186,2
386,189,3
386,198,3
386,202,4
386,206,2
386,211,3
386,219,4
386,237,3
386,243,3
386,255,3
386,258,3
386,261,2
386,269,4
386,277,3
386,284,3
386,288,3
386,299,3
386,300,3
386,301,4
386,304,3
386,316,3
386,319,3
386,333,3
386,338,4
386,344,2
386,346,2
386,348,5
386,357,3
386,370,5
386,374,2
386,384,4
387,7,3
387,8,3
387,9,2
387,12,2
387,34,3
387,49,3
387,60,2
387,73,3
387,74,3
387,80,4
387,86,2
387,103,2
387,110,3
387,113,4
387,121,4
387,122,3
387,125,2
387,127,4
387,137,4
387,138,3
387,139,4
387,142,4
387,146,2
387,153,3
387,154,3
387,161,2
387,164,3
387,189,3
387,205,2
387,208,2
387,211,2
387,217,4
387,233,2
387,240,3
387,255,1
387,267,4
387,269,2
387,284,3
387,290,2
387,299,3
387,301,3
387,309,3
387,313,5
387,315,2
387,334,3
387,346,3
387,354,3
387,363,3
387,370,4
387,373,2
387,377,3
387,385,4
387,386,3
387,388,3
387,390,2
387,392,4
388,5,3
388,6,5
388,13,5
388,16,3
388,19,4
388,24,4
388,27,4
388,34,4
388,52,4
388,62,4
388,67,4
388,68,4
388,73,5
388,74,3
388,79,3
388,81,2
388,87,4
388,88,4
388,90,3
388,93,4
388,95,3
388,104,4
388,119,3
388,125,3
388,127,3
388,131,4
388,137,5
388,142,4
388,143,3
388,146,3
388,154,4
388,172,4
388,180,3
388,188,5
388,201,3
388,207,4
388,217,3
388,231,5
388,234,4
388,240,4
388,242,4
388,244,4
388,246,3
388,247,4
388,265,3
388,272,3
388,277,4
388,305,4
388,315,3
388,316,5
388,318,4
388,319,4
388,336,4
388,338,3
388,344,3
388,346,3
388,348,5
388,354,5
388,356,5
388,359,3
388,363,3
388,368,5
388,370,5
388,383,3
388,395,4
388,398,5
388,400,4
389,8,3
389,9,2
389,10,3
389,15,3
389,19,3
389,27,3
389,31,3
389,34,4
389,36,3
389,44,4
389,53,3
389,64,4
389,66,2
389,80,4
389,87,3
389,91,2
389,93,4
389,95,3
389,96,3
389,104,3
389,110,2
389,122,4
389,127,3
389,138,4
389,152,2
389,154,2
389,156,5
389,157,3
389,160,3
389,163,4
389,176,3
389,181,4
389,190,3
389,194,3
389,202,3
389,208,2
389,217,4
389,223,5
389,232,3
389,237,3
389,239,3
389,240,4
389,258,2
389,276,3
389,277,4
389,289,4
389,290,3
389,292,3
389,295,3
389,321,2
389,323,4
389,343,2
389,345,3
389,348,4
389,351,3
389,357,3
389,364,3
389,365,3
389,370,4
389,383,3
389,384,4
389,395,2
390,1,3
390,7,3
390,11,4
390,12,4
390,15,4
390,20,4
390,22,5
390,24,4
390,25,4
390,27,4
390,31,4
390,34,4
390,38,5
390,41,4
390,44,4
390,45,4
390,53,3
390,66,4
390,70,2
390,73,4
390,74,3
390,76,4
390,78,3
390,79,4
390,80,4
390,81,4
390,84,4
390,85,4
390,87,3
390,88,3
390,91,4
390,97,5
390,98,4
390,104,3
390,106,5
390,110,4
390,126,4
390,130,4
390,132,4
390,133,3
390,137,4
390,139,4
390,142,4
390,143,4
390,156,4
390,160,4
390,161,5
390,164,5
390,171,2
390,177,2
390,181,4
390,184,4
390,185,3
390,186,4
390,187,4
390,189,5
390,193,3
390,201,3
390,202,5
390,205,4
390,208,5
390,216,3
390,219,4
390,222,5
390,223,5
390,226,5
390,232,4
390,234,4
390,237,3
390,240,4
390,246,4
390,248,3
390,250,3
390,252,5
390,253,4
390,254,3
390,255,5
390,256,4
390,261,4
390,267,5
390,269,5
390,276,4
390,284,3
390,290,4
390,292,4
390,297,4
390,298,5
390,302,4
390,307,3
390,308,3
390,313,5
390,315,3
390,316,5
390,319,3
390,320,3
390,321,4
390,325,4
390,327,3
390,329,3
390,336,4
390,344,3
390,348,5
390,350,4
390,353,3
390,354,3
390,357,5
390,360,4
390,364,4
390,369,3
390,370,5
390,373,2
390,375,4
390,379,5
390,386,2
390,393,4
390,394,3
390,399,2
391,13,5
391,28,4
391,33,3
391,34,4
391,57,2
391,61,4
391,64,4
391,67,5
391,71,4
391,79,3
391,87,3
391,104,3
391,110,3
391,114,4
391,126,5
391,139,3
391,142,3
391,151,4
391,153,3
391,156,3
391,160,3
391,173,2
391,177,2
391,183,3
391,190,2
391,198,3
391,202,4
391,208,4
391,222,3
391,223,3
391,232,5
391,234,4
391,240,3
391,250,3
391,254,4
391,255,4
391,258,4
391,261,3
391,269,4
391,277,4
391,289,2
391,290,2
391,295,3
391,296,3
391,297,3
391,301,4
391,307,3
391,311,3
391,314,4
391,315,3
391,319,3
391,337,4
391,345,2
391,347,4
391,353,4
391,357,5
391,364,3
391,366,3
391,375,5
391,379,4
391,394,3
392,14,3
392,17,4
392,38,4
392,48,3
392,52,2
392,57,2
392,64,3
392,70,3
392,76,3
392,79,3
392,85,2
392,87,5
392,88,2
392,93,3
392,113,4
392,115,3
392,116,4
392,122,4
392,125,3
392,131,4
392,146,5
392,147,4
392,148,2
392,163,4
392,174,3
392,190,2
392,195,4
392,198,2
392,201,3
392,202,3
392,211,3
392,219,3
392,223,3
392,234,5
392,239,3
392,240,3
392,246,3
392,255,4
392,272,3
392,274,3
392,278,4
392,282,4
392,284,5
392,285,2
392,291,4
392,299,4
392,316,3
392,318,4
392,320,4
392,321,3
392,323,4
392,346,4
392,354,4
392,357,4
392,360,3
392,364,5
392,365,3
392,366,4
392,370,5
392,371,5
392,381,3
392,387,3
392,388,4
393,2,1
393,6,1
393,9,2
393,10,3
393,12,3
393,19,2
393,23,3
393,34,3
393,38,4
393,40,3
393,48,3
393,64,3
393,73,3
393,74,4
393,76,2
393,81,2
393,84,3
393,87,4
393,88,3
393,109,3
393,110,2
393,112,3
393,114,3
393,115,2
393,118,2
393,121,4
393,125,3
393,126,3
393,130,3
393,138,2
393,139,3
393,141,3
393,142,4
393,154,3
393,165,4
393,198,3
393,202,2
393,209,4
393,210,2
393,213,3
393,217,2
393,219,4
393,224,2
393,228,2
393,239,4
393,247,3
393,266,4
393,269,3
393,275,3
393,284,3
393,290,4
393,292,3
393,298,2
393,299,3
393,312,1
393,315,1
393,319,2
393,323,5
393,325,2
393,326,2
393,330,3
393,333,2
393,346,4
393,357,4
393,361,3
393,365,3
393,370,3
393,372,2
393,389,3
394,3,4
394,8,3
394,9,3
394,11,2
394,24,2
394,30,2
394,31,3
394,52,3
394,68,3
394,74,4
394,76,2
394,77,4
394,80,4
394,88,4
394,93,4
394,103,3
394,111,3
394,120,3
394,122,2
394,128,2
394,148,3
394,151,2
394,159,4
394,164,3
394,166,4
394,169,3
394,180,2
394,184,4
394,191,3
394,206,3
394,213,3
394,225,3
394,234,2
394,247,2
394,249,3
394,258,3
394,259,4
394,264,2
394,269,3
394,277,4
394,292,4
394,299,4
394,301,3
394,330,4
394,333,3
394,337,3
394,338,4
394,340,3
394,345,4
394,348,4
394,350,3
394,357,4
394,375,4
394,384,3
394,385,3
394,390,3
394,394,3
395,6,3
395,7,3
395,8,4
395,11,2
395,13,5
395,14,3
395,20,4
395,22,4
395,24,4
395,25,3
395,29,4
395,30,3
395,31,3
395,34,4
395,36,4
395,40,5
395,42,4
395,44,4
395,50,5
395,53,4
395,61,4
395,66,4
395,67,4
395,73,4
395,75,3
395,85,4
395,88,3
395,91,4
395,93,4
395,96,3
395,98,3
395,104,2
395,107,2
395,108,4
395,110,3
395,112,3
395,115,3
395,116,3
395,117,3
395,120,4
395,122,4
395,125,4
395,126,4
395,128,4
395,130,5
395,132,4
395,139,4
395,140,2
395,142,3
395,143,3
395,144,5
395,146,4
395,148,3
395,151,3
395,152,4
395,153,5
395,156,4
395,158,4
395,159,3
395,160,3
395,167,5
395,172,3
395,176,3
395,180,3
395,187,3
395,189,4
395,193,4
395,194,5
395,200,4
395,208,4
395,213,4
395,215,5
395,217,3
395,219,4
395,223,5
395,226,5
395,230,4
395,232,4
395,234,3
395,236,3
395,237,3
395,240,4
395,241,4
395,245,4
395,253,4
395,254,5
395,255,5
395,258,4
395,261,3
395,266,5
395,269,3
395,275,4
395,276,4
395,284,3
395,293,2
395,300,3
395,301,5
395,305,3
395,309,3
395,310,3
395,316,4
395,319,4
395,321,4
395,323,4
395,324,4
395,325,4
395,331,3
395,333,3
395,335,4
395,336,3
395,344,3
395,345,3
395,346,4
395,347,4
395,348,4
395,350,4
395,353,4
395,354,3
395,355,5
395,357,4
395,360,4
395,362,3
395,363,3
395,365,4
395,370,5
395,372,4
395,382,5
395,384,4
395,388,4
395,391,3
395,395,4
395,396,4
395,399,4
395,400,3
396,30,3
396,44,2
396,74,2
396,87,3
396,88,4
396,93,3
396,130,2
396,142,3
396,151,3
396,187,3
396,206,2
396,208,4
396,221,2
396,222,3
396,224,3
396,237,3
396,258,3
396,308,3
396,329,3
396,333,4
396,338,3
396,344,2
396,351,3
396,355,3
396,357,3
396,360,3
396,364,3
396,384,4
396,394,2
396,396,2
397,13,3
397,29,2
397,35,3
397,39,3
397,48,2
397,87,3
397,93,3
397,109,1
397,132,2
397,157,3
397,159,3
397,231,3
397,284,2
397,299,3
397,316,3
397,324,3
397,328,3
397,333,2
397,369,2
397,385,1
397,391,2
398,2,3
398,5,4
398,8,2
398,15,4
398,23,5
398,24,4
398,26,5
398,31,4
398,36,4
398,38,3
398,40,3
398,44,5
398,50,4
398,53,4
398,61,2
398,67,5
398,71,4
398,74,4
398,77,3
398,78,3
398,80,4
398,81,3
398,87,5
398,88,4
398,93,3
398,98,3
398,106,3
398,107,2
398,109,3
398,114,4
398,118,3
398,120,2
398,122,3
398,128,3
398,132,4
398,139,3
398,182,3
398,191,3
398,195,3
398,202,3
398,217,3
398,220,2
398,228,2
398,232,4
398,233,2
398,237,3
398,240,3
398,253,5
398,255,4
398,260,3
398,261,4
398,275,3
398,276,3
398,283,3
398,284,3
398,290,4
398,292,3
398,296,3
398,303,3
398,305,3
398,313,3
398,315,2
398,316,4
398,318,3
398,320,3
398,326,4
398,327,3
398,329,5
398,333,2
398,335,3
398,339,3
398,348,4
398,350,2
398,351,4
398,354,4
398,357,4
398,363,3
398,367,3
398,368,4
398,369,4
398,370,5
398,379,4
398,392,4
398,396,3
398,398,4
399,6,3
399,8,3
399,41,4
399,65,2
399,73,3
399,79,4
399,85,4
399,87,3
399,90,3
399,98,4
399,120,4
399,128,4
399,160,4
399,185,3
399,198,4
399,210,4
399,246,3
399,247,5
399,256,5
399,258,4
399,275,3
399,284,4
399,301,4
399,316,5
399,326,3
399,337,3
399,341,3
399,357,4
399,362,3
399,391,4
400,6,3
400,7,3
400,9,4
400,10,3
400,11,2
400,12,2
400,13,4
400,23,5
400,28,4
400,29,4
400,34,4
400,38,4
400,52,4
400,53,4
400,54,4
400,61,3
400,68,4
400,71,4
400,73,4
400,74,4
400,76,3
400,79,3
400,80,5
400,82,4
400,87,4
400,88,4
400,98,3
400,107,2
400,114,5
400,118,3
400,122,5
400,124,3
400,130,4
400,131,5
400,136,3
400,139,3
400,143,5
400,144,4
400,146,4
400,147,5
400,154,3
400,163,4
400,190,3
400,201,3
400,202,4
400,203,4
400,205,4
400,206,3
400,208,3
400,210,5
400,217,4
400,219,4
400,223,5
400,231,4
400,234,4
400,239,4
400,243,3
400,246,4
400,255,4
400,257,3
400,258,4
400,259,5
400,261,3
400,266,4
400,276,4
400,290,4
400,296,5
400,299,4
400,301,4
400,306,4
400,308,4
400,309,4
400,314,4
400,315,2
400,316,5
400,325,3
400,327,3
400,330,5
400,333,3
400,334,3
400,344,4
400,345,3
400,347,4
400,352,3
400,354,4
400,355,3
400,357,4
400,368,5
400,376,5
400,377,5
400,379,5
400,387,5
400,394,3
401,2,4
401,6,5
401,7,4
401,8,4
401,25,5
401,27,5
401,29,3
401,33,3
401,63,4
401,73,4
401,74,4
401,79,5
401,88,4
401,98,5
401,101,3
401,110,4
401,111,3
401,115,4
401,125,3
401,139,4
401,140,5
401,156,5
401,164,5
401,173,5
401,189,4
401,208,4
401,228,4
401,240,4
401,247,5
401,249,3
401,258,4
401,259,4
401,261,4
401,266,3
401,269,4
401,275,4
401,277,4
401,283,3
401,289,5
401,295,4
401,298,5
401,301,4
401,313,5
401,316,5
401,318,4
401,319,5
401,321,4
401,333,4
401,335,4
401,343,4
401,351,4
401,352,4
401,354,5
401,355,5
401,356,5
401,361,5
401,367,4
401,370,5
401,384,5
401,392,5
401,393,5
402,5,2
402,6,4
402,8,4
402,13,3
402,14,2
402,26,3
402,28,3
402,31,3
402,42,2
402,73,3
402,79,3
402,80,4
402,88,4
402,89,2
402,108,3
402,110,3
402,111,2
402,112,2
402,122,4
402,124,3
402,125,3
402,128,3
402,143,3
402,144,4
402,160,3
402,161,3
402,175,1
402,181,3
402,184,3
402,186,3
402,195,2
402,198,4
402,202,4
402,212,3
402,213,4
402,214,4
402,216,4
402,217,3
402,219,3
402,223,3
402,232,3
402,234,3
402,239,2
402,240,3
402,246,2
402,254,4
402,258,3
402,265,3
402,276,2
402,278,3
402,283,3
402,290,2
402,293,2
402,301,3
402,302,3
402,307,2
402,315,2
402,316,4
402,319,3
402,325,3
402,329,3
402,345,1
402,346,4
402,356,3
402,363,2
402,369,3
402,370,5
402,374,3
402,389,3
402,391,3
402,396,3
403,3,4
403,7,4
403,8,4
403,10,3
403,13,4
403,15,3
403,23,4
403,42,4
403,44,4
403,54,4
403,64,4
403,67,4
403,68,5
403,71,3
403,72,3
403,73,3
403,74,3
403,75,4
403,87,4
403,93,3
403,98,3
403,122,3
403,138,5
403,145,4
403,151,3
403,155,3
403,156,4
403,160,4
403,164,3
403,169,5
403,188,3
403,196,3
403,213,4
403,227,3
403,255,4
403,256,4
403,261,2
403,266,4
403,272,3
403,275,3
403,293,3
403,310,5
403,315,2
403,323,5
403,333,4
403,357,4
403,359,2
403,361,4
403,364,4
403,370,5
404,8,4
404,10,4
404,11,2
404,26,5
404,38,4
404,57,4
404,64,5
404,66,4
404,71,4
404,73,4
404,86,4
404,90,4
404,96,4
404,112,3
404,122,5
404,125,3
404,139,3
404,143,4
404,172,3
404,175,4
404,206,4
404,211,4
404,217,4
404,218,4
404,228,4
404,236,4
404,255,5
404,258,2
404,266,3
404,277,4
404,280,4
404,283,4
404,284,5
404,286,3
404,289,5
404,293,2
404,301,4
404,303,3
404,315,2
404,319,4
404,335,3
404,345,3
404,377,4
404,381,4
404,384,5
404,387,5
404,396,3
405,10,4
405,15,4
405,33,3
405,34,4
405,52,3
405,73,4
405,74,4
405,80,4
405,87,4
405,97,3
405,122,4
405,125,3
405,127,4
405,133,3
405,139,3
405,146,2
405,161,4
405,177,3
405,213,4
405,217,4
405,219,4
405,220,4
405,227,4
405,234,3
405,237,3
405,253,4
405,257,3
405,259,4
405,284,4
405,286,2
405,290,3
405,307,2
405,313,4
405,316,4
405,327,2
405,329,5
405,335,2
405,341,3
405,364,3
405,384,4
405,387,5
406,3,3
406,5,3
406,12,3
406,14,1
406,15,2
406,22,4
406,25,2
406,27,2
406,29,3
406,31,3
406,33,3
406,35,3
406,38,4
406,41,2
406,42,2
406,48,3
406,49,3
406,63,3
406,67,3
406,71,4
406,74,2
406,80,4
406,87,3
406,93,3
406,109,2
406,110,4
406,111,1
406,122,4
406,130,2
406,139,2
406,144,4
406,147,4
406,151,2
406,159,3
406,162,4
406,164,4
406,166,3
406,167,3
406,168,3
406,173,3
406,175,2
406,180,2
406,184,3
406,186,2
406,189,4
406,191,1
406,194,3
406,197,3
406,204,2
406,206,3
406,208,3
406,213,3
406,216,2
406,218,3
406,237,3
406,245,3
406,247,4
406,249,2
406,254,4
406,255,4
406,258,2
406,261,2
406,262,3
406,266,2
406,273,2
406,291,3
406,293,1
406,294,3
406,299,2
406,301,3
406,309,2
406,313,4
406,316,4
406,319,3
406,320,3
406,323,5
406,325,2
406,328,4
406,329,3
406,330,4
406,339,4
406,344,2
406,346,4
406,348,4
406,359,2
406,360,3
406,364,4
406,365,3
406,366,2
406,368,2
406,370,4
406,372,1
406,374,2
406,377,2
406,378,4
406,379,2
406,384,3
406,386,4
406,393,3
406,397,2
407,7,3
407,8,3
407,12,3
407,13,3
407,21,2
407,29,3
407,30,3
407,31,1
407,42,2
407,45,3
407,48,3
407,67,4
407,73,3
407,74,2
407,79,4
407,85,2
407,88,3
407,93,3
407,104,3
407,122,3
407,130,4
407,142,4
407,143,2
407,146,3
407,152,3
407,164,3
407,167,4
407,172,3
407,177,3
407,184,2
407,189,3
407,200,3
407,202,4
407,223,4
407,226,4
407,232,4
407,233,2
407,240,3
407,242,2
407,247,2
407,255,3
407,259,4
407,262,2
407,269,2
407,275,3
407,277,5
407,284,2
407,288,3
407,290,3
407,293,3
407,299,3
407,301,3
407,314,4
407,325,3
407,327,3
407,329,4
407,354,3
407,360,3
407,362,2
407,379,4
407,384,4
407,387,3
407,394,4
408,3,4
408,5,2
408,6,3
408,8,4
408,9,3
408,10,3
408,11,3
408,12,3
408,15,3
408,17,2
408,18,4
408,24,3
408,25,3
408,29,3
408,30,4
408,34,3
408,42,4
408,44,3
408,47,3
408,48,3
408,67,4
408,70,2
408,71,3
408,73,3
408,74,3
408,78,3
408,79,2
408,80,4
408,83,4
408,84,3
408,87,3
408,93,3
408,95,4
408,99,3
408,104,3
408,107,3
408,108,3
408,109,3
408,110,2
408,111,3
408,119,3
408,122,3
408,125,4
408,127,3
408,128,5
408,130,4
408,131,4
408,137,3
408,139,4
408,146,3
408,147,4
408,148,2
408,151,3
408,153,3
408,156,3
408,159,4
408,169,4
408,172,4
408,174,3
408,179,3
408,181,3
408,183,4
408,184,3
408,188,4
408,189,4
408,193,4
408,197,3
408,198,3
408,200,4
408,201,3
408,204,3
408,206,3
408,209,3
408,212,3
408,213,5
408,219,5
408,221,2
408,225,4
408,226,3
408,228,3
408,231,4
408,232,4
408,237,3
408,242,4
408,246,4
408,248,4
408,249,3
408,251,3
408,255,4
408,258,3
408,259,4
408,266,3
408,272,3
408,274,3
408,276,4
408,283,3
408,284,4
408,285,3
408,288,4
408,289,4
408,290,3
408,292,3
408,293,5
408,297,3
408,300,4
408,301,4
408,305,4
408,306,4
408,307,3
408,309,3
408,315,2
408,319,3
408,321,4
408,323,3
408,324,4
408,328,3
408,330,4
408,331,3
408,333,3
408,337,4
408,339,3
408,345,3
408,346,5
408,353,4
408,354,3
408,357,4
408,360,5
408,363,3
408,367,3
408,368,3
408,370,3
408,372,3
408,375,4
408,381,4
408,383,4
408,385,3
408,386,2
408,387,3
408,393,3
408,396,4
408,399,2
409,36,4
409,58,5
409,71,4
409,110,3
409,142,4
409,156,5
409,161,3
409,168,3
409,183,5
409,193,3
409,202,4
409,233,4
409,245,5
409,255,5
409,261,3
409,299,4
409,309,3
409,312,5
409,315,3
409,316,4
409,333,5
409,337,5
409,344,5
409,345,3
409,346,5
409,354,4
409,357,5
409,382,5
409,385,3
410,8,2
410,10,3
410,11,2
410,12,3
410,15,3
410,23,3
410,24,4
410,28,2
410,34,4
410,39,4
410,44,3
410,49,3
410,52,2
410,61,3
410,63,4
410,67,3
410,71,3
410,74,4
410,76,4
410,79,3
410,84,3
410,88,3
410,96,2
410,103,3
410,107,3
410,108,4
410,110,4
410,113,3
410,115,2
410,116,5
410,120,4
410,122,3
410,127,4
410,128,4
410,132,4
410,136,3
410,137,3
410,139,2
410,149,3
410,150,3
410,151,4
410,152,4
410,153,3
410,155,2
410,156,4
410,160,3
410,167,3
410,175,3
410,181,2
410,186,4
410,190,2
410,198,2
410,199,3
410,201,2
410,205,3
410,211,2
410,212,3
410,213,3
410,217,3
410,220,3
410,235,3
410,237,2
410,240,3
410,245,3
410,246,3
410,247,2
410,253,4
410,254,3
410,255,3
410,259,4
410,266,4
410,268,3
410,271,3
410,277,4
410,284,4
410,299,3
410,300,3
410,303,3
410,308,3
410,315,3
410,318,4
410,319,3
410,320,4
410,321,3
410,329,3
410,330,5
410,344,3
410,345,2
410,346,4
410,347,4
410,348,5
410,351,4
410,352,3
410,353,4
410,357,4
410,362,3
410,364,4
410,370,3
410,376,3
410,383,3
410,387,3
410,388,4
410,391,3
410,395,2
410,396,2
410,399,4
410,400,4
411,5,2
411,9,3
411,10,3
411,15,3
411,66,2
411,72,2
411,74,4
411,87,3
411,122,2
411,130,3
411,137,2
411,140,1
411,147,3
411,175,2
411,183,3
411,184,2
411,189,3
411,202,2
411,217,3
411,221,2
411,233,3
411,234,2
411,244,4
411,261,3
411,269,2
411,271,5
411,277,5
411,288,4
411,291,3
411,298,4
411,315,2
411,316,4
411,319,3
411,335,2
411,344,1
411,354,2
411,370,4
411,378,4
411,382,3
411,386,3
411,388,4
411,390,3
412,4,4
412,9,3
412,10,3
412,11,2
412,12,3
412,13,4
412,14,3
412,15,4
412,22,4
412,24,4
412,34,4
412,49,5
412,53,4
412,59,4
412,61,3
412,67,4
412,69,3
412,77,3
412,80,5
412,84,3
412,87,4
412,90,4
412,91,3
412,93,4
412,107,2
412,110,2
412,122,4
412,132,4
412,139,3
412,143,4
412,146,3
412,169,3
412,172,3
412,175,3
412,182,4
412,186,3
412,211,4
412,212,3
412,213,3
412,215,4
412,216,3
412,217,4
412,220,3
412,221,3
412,223,4
412,225,3
412,232,4
412,233,2
412,236,4
412,237,4
412,240,4
412,249,4
412,255,5
412,261,3
412,269,4
412,277,3
412,284,4
412,286,2
412,288,4
412,289,4
412,290,4
412,299,4
412,300,3
412,305,4
412,307,3
412,308,4
412,313,3
412,314,4
412,315,2
412,317,4
412,320,3
412,323,5
412,327,3
412,329,4
412,331,3
412,333,3
412,335,3
412,339,3
412,351,4
412,355,4
412,362,3
412,363,4
412,370,4
412,384,4
413,5,3
413,8,4
413,9,2
413,12,3
413,27,3
413,34,3
413,51,3
413,58,3
413,59,4
413,67,4
413,70,2
413,87,4
413,88,4
413,108,4
413,110,2
413,152,3
413,154,3
413,189,2
413,210,3
413,213,3
413,224,3
413,226,5
413,228,4
413,232,3
413,234,4
413,237,3
413,245,3
413,246,3
413,258,3
413,284,4
413,295,4
413,298,4
413,299,4
413,308,3
413,313,4
413,315,4
413,316,4
413,326,4
413,334,3
413,335,3
413,348,4
413,351,3
413,356,5
413,359,2
413,364,3
413,382,3
413,396,3
413,399,3
414,5,3
414,13,4
414,16,2
414,26,3
414,27,2
414,44,3
414,52,3
414,64,4
414,66,3
414,67,4
414,68,3
414,69,3
414,76,3
414,80,3
414,87,3
414,113,4
414,122,2
414,143,2
414,144,3
414,151,4
414,152,3
414,154,4
414,156,4
414,176,2
414,190,3
414,194,3
414,210,2
414,228,3
414,233,2
414,255,3
414,258,3
414,266,4
414,277,4
414,289,3
414,301,3
414,303,2
414,309,3
414,315,2
414,316,4
414,324,4
414,326,4
414,329,5
414,338,3
414,350,4
414,354,3
414,355,2
414,356,3
414,363,3
414,387,3
415,5,3
415,8,4
415,10,3
415,12,4
415,18,3
415,47,2
415,53,5
415,56,2
415,61,2
415,80,4
415,84,4
415,87,5
415,88,3
415,92,3
415,95,4
415,98,3
415,116,5
415,122,2
415,125,2
415,134,4
415,137,4
415,147,3
415,152,2
415,153,3
415,159,3
415,160,4
415,167,4
415,176,3
415,183,4
415,189,3
415,197,4
415,198,4
415,201,3
415,202,3
415,208,4
415,210,3
415,217,3
415,234,3
415,258,4
415,260,4
415,278,4
415,283,4
415,284,3
415,287,4
415,289,3
415,290,4
415,307,4
415,309,4
415,316,5
415,317,4
415,319,3
415,320,3
415,321,3
415,326,5
415,328,4
415,329,4
415,346,2
415,350,4
415,351,4
415,362,3
415,363,4
415,368,4
415,370,5
415,372,3
415,385,4
415,388,3
415,392,4
415,394,3
415,396,3
416,11,2
416,13,5
416,29,3
416,34,3
416,77,4
416,79,4
416,80,5
416,84,4
416,88,3
416,93,4
416,106,5
416,111,3
416,121,4
416,122,3
416,135,4
416,140,3
416,143,4
416,159,4
416,203,3
416,210,3
416,212,3
416,213,3
416,216,3
416,217,3
416,223,4
416,226,4
416,245,4
416,253,4
416,255,4
416,260,4
416,269,4
416,290,4
416,295,4
416,299,4
416,301,4
416,313,5
416,316,4
416,318,4
416,319,4
416,321,3
416,327,4
416,328,4
416,329,5
416,333,3
416,346,3
416,355,2
416,363,4
416,380,3
416,382,4
416,387,4
416,390,3
416,393,5
417,2,4
417,11,3
417,13,5
417,34,4
417,38,4
417,39,5
417,47,4
417,71,4
417,73,5
417,78,5
417,82,4
417,87,4
417,88,4
417,89,4
417,93,3
417,122,5
417,129,5
417,139,4
417,143,4
417,145,4
417,154,5
417,159,4
417,184,3
417,189,4
417,200,4
417,202,4
417,210,4
417,231,5
417,234,4
417,244,5
417,245,4
417,260,5
417,277,4
417,294,3
417,299,4
417,301,4
417,302,5
417,316,4
417,318,3
417,329,4
417,333,4
417,336,4
417,345,4
417,348,5
417,353,4
417,354,4
417,357,4
417,365,3
417,368,4
417,377,4
417,380,4
417,381,4
417,399,4
418,6,3
418,7,3
418,12,3
418,15,2
418,18,3
418,20,2
418,24,3
418,29,2
418,30,3
418,31,2
418,48,3
418,61,2
418,64,3
418,69,3
418,73,2
418,75,2
418,76,2
418,80,3
418,87,4
418,104,2
418,122,2
418,124,3
418,128,3
418,133,4
418,136,2
418,138,1
418,139,3
418,147,3
418,159,3
418,169,3
418,177,3
418,182,2
418,184,3
418,198,2
418,202,2
418,203,2
418,206,2
418,208,3
418,213,3
418,228,3
418,242,2
418,254,1
418,255,3
418,256,3
418,262,2
418,268,2
418,274,3
418,275,3
418,278,2
418,284,3
418,286,1
418,290,2
418,296,2
418,301,3
418,308,3
418,309,2
418,313,3
418,315,4
418,319,3
418,329,2
418,339,3
418,344,3
418,350,3
418,353,3
418,354,4
418,375,4
418,382,2
418,384,3
418,387,3
418,391,2
418,394,2
418,396,2
418,400,3
419,3,5
419,5,4
419,11,3
419,15,4
419,25,3
419,29,3
419,31,3
419,41,3
419,48,4
419,67,3
419,76,3
419,77,4
419,83,4
419,88,2
419,95,4
419,103,3
419,107,3
419,113,4
419,122,3
419,125,3
419,130,4
419,134,4
419,163,3
419,177,4
419,183,3
419,184,2
419,198,3
419,211,3
419,233,3
419,249,3
419,257,3
419,269,4
419,284,3
419,293,3
419,299,4
419,308,3
419,310,4
419,313,4
419,316,4
419,323,4
419,325,3
419,329,4
419,348,5
419,350,5
419,382,4
419,387,5
419,389,4
419,394,4
420,8,3
420,50,5
420,61,3
420,66,3
420,67,5
420,71,2
420,73,4
420,74,4
420,80,4
420,88,3
420,93,4
420,115,3
420,131,3
420,134,4
420,153,3
420,159,4
420,160,4
420,167,3
420,170,3
420,184,3
420,200,4
420,228,4
420,233,3
420,237,4
420,246,3
420,263,4
420,293,3
420,297,4
420,300,3
420,318,3
420,319,3
420,331,3
420,345,3
420,357,4
420,358,4
420,367,3
420,372,3
420,391,2
420,396,3
421,7,5
421,8,3
421,9,4
421,13,3
421,15,4
421,34,5
421,41,3
421,48,5
421,67,4
421,73,4
421,74,3
421,79,5
421,80,5
421,87,3
421,93,4
421,107,3
421,122,3
421,151,4
421,160,3
421,164,3
421,166,3
421,176,4
421,178,4
421,182,5
421,184,4
421,186,4
421,187,5
421,189,5
421,204,3
421,210,4
421,212,4
421,217,5
421,221,2
421,226,5
421,232,3
421,234,3
421,235,4
421,240,4
421,245,3
421,255,4
421,269,5
421,272,4
421,277,4
421,284,4
421,296,3
421,297,4
421,301,5
421,316,4
421,320,4
421,324,4
421,358,5
421,380,4
421,386,3
421,393,4
421,399,4
422,7,3
422,8,3
422,9,4
422,37,2
422,48,3
422,67,4
422,71,4
422,80,4
422,93,3
422,111,3
422,139,4
422,144,3
422,153,4
422,154,4
422,174,2
422,181,4
422,186,3
422,207,2
422,217,3
422,219,4
422,230,3
422,253,2
422,255,3
422,258,3
422,261,2
422,263,3
422,273,3
422,293,2
422,305,3
422,307,3
422,308,2
422,315,3
422,319,3
422,345,2
422,350,4
422,351,3
422,355,2
422,357,4
422,361,3
422,363,3
422,364,4
422,365,2
422,368,4
422,375,3
422,381,3
422,385,3
422,388,4
422,389,2
422,394,2
422,396,2
423,13,4
423,68,3
423,70,2
423,103,3
423,122,2
423,135,4
423,138,3
423,160,4
423,184,3
423,189,3
423,199,2
423,210,4
423,220,3
423,237,3
423,240,2
423,269,4
423,277,3
423,279,3
423,310,4
423,330,3
423,333,4
423,348,4
423,354,4
423,357,5
423,359,3
423,384,3
424,8,3
424,24,3
424,31,3
424,76,3
424,84,4
424,88,3
424,143,4
424,160,5
424,186,4
424,200,5
424,217,4
424,255,3
424,275,3
424,284,4
424,291,3
424,299,4
424,305,3
424,309,3
424,318,4
424,340,3
424,345,5
424,356,4
424,361,3
424,375,5
424,385,4
424,389,4
425,2,4
425,3,5
425,7,2
425,8,4
425,10,3
425,11,1
425,13,4
425,14,3
425,16,3
425,18,3
425,23,4
425,24,4
425,26,4
425,27,3
425,29,3
425,30,3
425,31,4
425,34,3
425,40,3
425,43,3
425,48,4
425,52,3
425,53,5
425,60,2
425,63,3
425,64,5
425,65,2
425,67,4
425,69,3
425,71,4
425,72,3
425,73,4
425,80,5
425,87,4
425,88,3
425,93,3
425,98,3
425,99,4
425,103,4
425,104,2
425,107,3
425,109,3
425,110,3
425,113,4
425,114,4
425,119,3
425,122,4
425,125,3
425,127,4
425,129,4
425,130,4
425,133,3
425,134,4
425,139,3
425,142,5
425,144,4
425,151,3
425,153,5
425,156,4
425,167,4
425,169,4
425,173,4
425,178,3
425,181,4
425,184,2
425,186,3
425,189,3
425,190,3
425,191,3
425,193,3
425,197,4
425,200,4
425,202,2
425,203,4
425,206,2
425,210,3
425,211,3
425,212,2
425,213,4
425,217,3
425,220,3
425,223,3
425,226,4
425,232,4
425,234,3
425,235,4
425,239,4
425,240,4
425,243,4
425,244,4
425,245,3
425,246,2
425,247,4
425,249,3
425,258,3
425,259,5
425,261,3
425,263,4
425,266,4
425,269,4
425,273,2
425,274,3
425,276,3
425,283,4
425,284,4
425,288,3
425,290,4
425,295,2
425,296,4
425,300,3
425,301,3
425,303,4
425,308,4
425,309,3
425,311,3
425,313,4
425,315,4
425,316,3
425,319,3
425,320,3
425,324,4
425,325,4
425,326,4
425,327,2
425,328,4
425,329,4
425,330,4
425,331,3
425,333,4
425,334,3
425,335,3
425,339,4
425,344,3
425,345,2
425,346,2
425,347,3
425,348,4
425,349,4
425,350,4
425,356,3
425,359,3
425,360,4
425,362,3
425,370,5
425,371,4
425,381,4
425,382,3
425,384,4
425,388,4
425,389,4
425,391,3
425,394,3
425,395,2
425,397,3
425,398,4
425,400,3
426,8,3
426,12,2
426,15,2
426,16,3
426,19,4
426,23,3
426,30,4
426,38,4
426,42,3
426,52,3
426,53,2
426,60,2
426,73,3
426,76,3
426,78,3
426,82,3
426,87,4
426,88,3
426,90,3
426,103,4
426,106,4
426,109,3
426,110,3
426,111,3
426,122,4
426,127,4
426,130,4
426,141,3
426,151,3
426,157,4
426,159,3
426,163,3
426,184,4
426,193,2
426,198,3
426,202,4
426,231,3
426,234,2
426,240,4
426,246,3
426,255,4
426,271,4
426,284,3
426,288,4
426,290,3
426,291,3
426,295,4
426,301,3
426,306,2
426,310,4
426,319,3
426,331,3
426,333,3
426,339,5
426,346,4
426,348,4
426,350,4
426,356,4
426,363,3
426,381,4
426,391,3
426,394,3
427,2,3
427,8,4
427,10,4
427,11,3
427,12,3
427,13,5
427,28,4
427,29,3
427,30,5
427,31,4
427,43,4
427,44,4
427,50,5
427,54,4
427,56,4
427,61,4
427,63,4
427,74,5
427,76,3
427,77,5
427,80,4
427,82,4
427,86,2
427,88,4
427,93,4
427,104,3
427,106,3
427,110,3
427,120,5
427,122,4
427,128,4
427,137,5
427,139,4
427,143,4
427,152,5
427,156,4
427,160,4
427,164,5
427,167,4
427,172,4
427,184,4
427,189,5
427,190,2
427,200,5
427,202,4
427,208,3
427,217,5
427,233,3
427,237,4
427,240,5
427,244,5
427,253,5
427,255,5
427,269,4
427,277,5
427,278,5
427,281,3
427,284,4
427,293,5
427,296,4
427,300,4
427,301,4
427,304,5
427,308,4
427,313,5
427,315,4
427,316,4
427,319,4
427,320,4
427,325,5
427,338,4
427,344,4
427,345,3
427,351,4
427,353,4
427,355,5
427,356,5
427,357,5
427,362,4
427,363,3
427,370,5
427,375,5
427,386,3
427,388,4
427,396,3
428,2,3
428,5,3
428,6,4
428,8,3
428,11,2
428,14,3
428,15,3
428,19,2
428,23,4
428,24,4
428,27,4
428,34,3
428,48,5
428,69,4
428,79,3
428,80,3
428,87,4
428,88,5
428,110,3
428,114,3
428,119,3
428,120,2
428,122,4
428,125,3
428,128,3
428,130,4
428,146,3
428,149,4
428,162,3
428,163,4
428,164,4
428,167,4
428,172,2
428,175,4
428,176,4
428,181,4
428,187,4
428,198,3
428,202,4
428,208,2
428,211,4
428,212,3
428,217,2
428,219,3
428,223,4
428,228,3
428,232,3
428,233,3
428,234,4
428,240,4
428,246,3
428,249,3
428,253,4
428,254,2
428,255,5
428,269,5
428,271,4
428,277,3
428,292,2
428,293,2
428,294,2
428,297,5
428,298,3
428,299,3
428,301,5
428,303,4
428,305,3
428,307,4
428,310,2
428,313,3
428,316,3
428,319,3
428,328,4
428,343,3
428,345,3
428,348,5
428,364,4
428,366,3
428,369,3
428,370,5
428,379,5
428,382,3
428,384,4
428,387,3
428,390,3
429,3,3
429,6,4
429,12,3
429,19,4
429,56,2
429,67,4
429,86,3
429,88,2
429,107,1
429,108,3
429,113,4
429,125,3
429,127,4
429,129,3
429,169,3
429,173,3
429,184,4
429,185,3
429,212,2
429,219,4
429,228,2
429,232,3
429,233,4
429,234,3
429,243,3
429,257,4
429,269,3
429,273,2
429,275,4
429,290,3
429,291,4
429,304,4
429,319,3
429,320,3
429,354,3
429,392,4
430,12,4
430,15,3
430,24,3
430,25,4
430,44,3
430,51,4
430,69,3
430,71,4
430,73,3
430,74,4
430,78,4
430,79,3
430,81,4
430,84,4
430,103,3
430,110,2
430,118,2
430,122,3
430,125,4
430,127,3
430,128,4
430,143,3
430,145,4
430,153,4
430,160,3
430,170,3
430,174,2
430,196,1
430,197,4
430,198,3
430,208,4
430,213,3
430,219,3
430,239,3
430,245,3
430,261,3
430,269,3
430,277,4
430,290,2
430,294,3
430,307,2
430,320,3
430,326,3
430,333,3
430,335,3
430,338,4
430,344,4
430,368,3
430,372,3
430,380,3
430,385,4
430,391,3
430,394,3
430,399,3
431,14,3
431,23,4
431,31,2
431,33,2
431,34,4
431,48,3
431,65,1
431,71,4
431,73,3
431,76,3
431,79,4
431,87,3
431,115,3
431,120,3
431,122,4
431,158,4
431,190,3
431,232,3
431,255,4
431,259,3
431,263,3
431,267,2
431,285,4
431,290,4
431,300,3
431,313,3
431,327,2
431,333,4
431,348,4
431,375,4
431,376,3
432,8,4
432,40,3
432,49,4
432,61,3
432,96,3
432,123,4
432,127,3
432,163,3
432,167,4
432,169,3
432,207,3
432,210,3
432,228,2
432,249,3
432,252,4
432,275,4
432,314,3
432,315,4
432,320,3
432,326,4
432,333,3
432,335,2
432,345,2
432,354,4
432,357,4
432,370,5
432,372,3
432,378,3
432,379,4
432,384,4
432,391,3
432,393,3
432,399,3
433,2,3
433,3,4
433,7,3
433,10,4
433,11,3
433,13,5
433,14,4
433,15,3
433,16,5
433,19,3
433,22,3
433,23,3
433,24,5
433,25,5
433,26,4
433,27,4
433,31,4
433,34,3
433,42,4
433,44,4
433,48,4
433,52,3
433,53,4
433,54,3
433,66,3
433,73,4
433,74,4
433,77,3
433,78,3
433,79,4
433,80,4
433,83,4
433,84,4
433,85,4
433,87,5
433,88,3
433,93,5
433,95,4
433,98,2
433,100,3
433,101,2
433,103,3
433,105,4
433,107,3
433,108,3
433,109,4
433,110,3
433,111,4
433,113,3
433,114,4
433,116,4
433,117,1
433,120,3
433,121,4
433,122,4
433,123,3
433,125,4
433,127,3
433,128,4
433,130,3
433,131,4
433,139,3
433,142,4
433,144,4
433,146,4
433,152,5
433,153,3
433,156,3
433,160,4
433,161,5
433,162,3
433,163,4
433,164,5
433,166,3
433,167,4
433,169,4
433,172,3
433,173,4
433,174,3
433,175,2
433,176,4
433,181,4
433,182,4
433,184,3
433,186,3
433,189,5
433,193,3
433,198,3
433,199,5
433,200,4
433,201,3
433,202,4
433,206,3
433,208,3
433,210,4
433,211,4
433,212,2
433,213,5
433,215,4
433,216,2
433,217,3
433,222,5
433,223,4
433,224,4
433,229,3
433,231,3
433,232,5
433,234,4
433,235,4
433,240,3
433,247,4
433,251,3
433,256,5
433,257,2
433,260,4
433,261,3
433,264,3
433,266,3
433,269,4
433,275,4
433,276,5
433,277,4
433,281,4
433,284,3
433,289,3
433,290,2
433,291,4
433,292,4
433,293,3
433,296,3
433,297,4
433,298,5
433,300,4
433,301,3
433,302,4
433,314,3
433,315,3
433,316,5
433,319,4
433,320,4
433,325,3
433,327,1
433,328,4
433,331,3
433,332,4
433,333,3
433,335,3
433,337,5
433,339,3
433,342,3
433,346,4
433,347,3
433,350,4
433,353,4
433,356,4
433,357,5
433,360,4
433,363,4
433,366,3
433,370,4
433,371,4
433,374,4
433,375,4
433,379,4
433,381,4
433,388,4
433,389,3
433,390,3
433,391,3
433,392,4
433,394,3
433,395,4
433,396,3
434,19,4
434,25,4
434,26,5
434,31,4
434,34,4
434,38,5
434,60,3
434,64,4
434,87,4
434,88,5
434,125,4
434,137,4
434,138,5
434,156,5
434,184,4
434,189,4
434,193,4
434,206,4
434,210,4
434,213,5
434,217,5
434,224,3
434,252,3
434,261,4
434,282,5
434,288,4
434,300,3
434,315,3
434,321,4
434,327,4
434,329,4
434,343,4
434,350,4
434,353,4
434,356,5
434,357,5
434,358,3
434,379,5
434,385,4
435,6,2
435,24,2
435,29,3
435,35,3
435,48,2
435,73,3
435,74,2
435,80,3
435,81,2
435,98,3
435,109,1
435,114,4
435,161,4
435,163,2
435,202,3
435,205,2
435,211,2
435,213,4
435,223,3
435,230,4
435,240,2
435,248,2
435,254,3
435,255,3
435,266,3
435,284,1
435,293,2
435,301,2
435,315,2
435,321,2
435,328,3
435,340,2
435,342,2
435,364,4
435,370,4
435,381,2
436,8,4
436,12,3
436,32,2
436,39,3
436,61,4
436,63,5
436,64,4
436,66,3
436,73,3
436,77,4
436,80,5
436,84,5
436,104,2
436,107,3
436,110,4
436,111,3
436,116,4
436,120,4
436,122,4
436,124,4
436,126,5
436,130,4
436,134,4
436,146,3
436,147,4
436,164,5
436,169,3
436,202,3
436,206,4
436,213,5
436,217,4
436,227,4
436,233,4
436,246,3
436,266,3
436,275,4
436,284,4
436,288,4
436,315,3
436,316,5
436,319,3
436,326,4
436,330,5
436,339,5
436,343,4
436,346,4
436,356,4
436,384,5
437,2,2
437,5,3
437,6,3
437,10,1
437,11,2
437,12,3
437,15,2
437,38,4
437,48,3
437,50,4
437,54,3
437,71,3
437,73,3
437,74,3
437,76,4
437,79,2
437,80,4
437,81,2
437,87,3
437,88,3
437,89,3
437,93,4
437,107,2
437,112,3
437,113,3
437,125,2
437,127,3
437,128,2
437,137,3
437,146,3
437,151,2
437,153,3
437,156,2
437,159,3
437,163,4
437,181,2
437,184,3
437,186,3
437,189,3
437,193,4
437,196,3
437,198,3
437,205,3
437,207,2
437,208,3
437,213,3
437,231,4
437,266,2
437,271,4
437,272,4
437,277,3
437,280,3
437,284,3
437,290,2
437,291,3
437,293,2
437,301,4
437,308,3
437,314,3
437,316,3
437,331,2
437,346,3
437,348,4
437,351,3
437,354,3
437,357,3
437,363,4
437,365,2
437,379,4
437,384,3
437,386,2
437,393,3
437,394,1
438,10,3
438,11,3
438,25,5
438,35,4
438,44,4
438,48,4
438,50,5
438,53,4
438,60,3
438,64,5
438,73,4
438,74,4
438,89,4
438,96,3
438,103,4
438,107,4
438,109,4
438,117,4
438,124,4
438,125,4
438,134,4
438,146,4
438,159,4
438,166,3
438,173,5
438,177,4
438,196,3
438,200,4
438,202,5
438,217,3
438,227,4
438,237,4
438,245,4
438,269,3
438,284,4
438,293,3
438,299,5
438,309,4
438,314,4
438,316,4
438,319,4
438,320,4
438,331,4
438,348,5
438,350,4
438,360,3
438,372,3
438,382,5
438,387,4
439,2,5
439,10,4
439,23,5
439,48,5
439,54,4
439,80,5
439,87,4
439,88,4
439,114,3
439,152,4
439,157,4
439,159,4
439,164,5
439,169,3
439,181,4
439,208,4
439,213,5
439,217,3
439,234,5
439,246,3
439,249,4
439,253,5
439,255,5
439,267,4
439,269,5
439,277,4
439,296,5
439,305,4
439,308,5
439,333,4
439,348,5
439,350,3
439,351,5
439,357,4
439,369,2
439,380,4
439,384,4
439,388,5
439,398,4
440,2,3
440,12,3
440,34,5
440,48,4
440,59,3
440,65,3
440,76,4
440,77,3
440,80,5
440,93,4
440,95,4
440,97,4
440,101,3
440,104,3
440,112,4
440,120,5
440,125,4
440,139,5
440,146,4
440,147,4
440,208,3
440,221,4
440,223,5
440,230,5
440,235,3
440,240,4
440,256,4
440,257,4
440,266,4
440,296,4
440,297,4
440,301,4
440,302,4
440,316,4
440,344,4
440,345,3
440,353,4
440,355,4
440,376,4
440,384,5
440,385,4
440,396,3
440,397,4
441,2,3
441,3,4
441,8,2
441,11,2
441,13,4
441,14,1
441,15,1
441,23,4
441,26,2
441,27,3
441,29,3
441,31,2
441,34,3
441,39,2
441,44,3
441,48,2
441,52,2
441,54,2
441,58,2
441,59,3
441,60,1
441,61,3
441,64,2
441,67,4
441,69,2
441,71,3
441,73,2
441,78,3
441,80,2
441,83,3
441,84,3
441,87,4
441,88,2
441,94,2
441,101,2
441,103,2
441,108,2
441,110,2
441,114,2
441,122,4
441,125,2
441,139,2
441,142,3
441,145,3
441,147,2
441,153,2
441,154,2
441,155,2
441,156,2
441,160,3
441,164,3
441,169,2
441,177,1
441,181,2
441,184,4
441,189,2
441,193,3
441,198,3
441,200,2
441,202,2
441,205,2
441,216,2
441,217,2
441,219,4
441,221,2
441,223,3
441,228,2
441,232,3
441,233,1
441,234,3
441,240,3
441,242,1
441,244,2
441,246,3
441,250,1
441,251,2
441,252,2
441,253,2
441,254,2
441,255,3
441,257,2
441,266,4
441,269,2
441,272,3
441,273,4
441,276,3
441,277,3
441,284,3
441,286,2
441,289,2
441,298,2
441,300,3
441,301,3
441,308,3
441,311,2
441,315,2
441,316,4
441,319,1
441,320,3
441,321,2
441,324,5
441,325,2
441,326,4
441,328,4
441,329,3
441,331,1
441,337,2
441,339,3
441,345,2
441,346,3
441,348,4
441,350,2
441,353,2
441,354,3
441,356,3
441,363,3
441,366,1
441,367,4
441,368,3
441,370,4
441,373,2
441,375,3
441,378,3
441,381,4
441,382,3
441,384,3
441,385,1
441,388,3
441,390,2
441,391,2
441,398,2
442,8,3
442,9,2
442,10,3
442,12,3
442,18,3
442,22,3
442,24,3
442,25,2
442,54,2
442,84,3
442,87,4
442,88,3
442,93,4
442,113,3
442,117,3
442,129,4
442,130,4
442,147,3
442,191,3
442,266,3
442,297,4
442,317,3
442,328,3
442,333,2
442,342,2
442,346,3
442,353,4
442,380,3
442,387,3
443,25,3
443,34,4
443,48,3
443,51,4
443,52,3
443,63,4
443,71,3
443,79,4
443,80,4
443,110,3
443,111,4
443,122,4
443,144,4
443,152,4
443,173,3
443,198,4
443,217,5
443,233,3
443,278,4
443,284,3
443,301,3
443,311,3
443,319,4
443,384,5
443,387,3
443,394,3
443,396,4
444,5,5
444,8,3
444,11,1
444,23,4
444,34,4
444,45,4
444,49,4
444,68,4
444,88,5
444,93,4
444,109,2
444,125,5
444,138,4
444,184,4
444,208,3
444,242,3
444,250,3
444,255,5
444,290,5
444,309,4
444,329,4
444,345,3
444,351,4
444,359,3
444,367,4
444,372,3
444,384,4
445,8,4
445,9,4
445,17,5
445,26,5
445,30,4
445,39,4
445,41,3
445,59,3
445,73,5
445,74,5
445,120,4
445,122,4
445,132,4
445,183,5
445,189,4
445,200,4
445,201,3
445,204,4
445,219,4
445,220,4
445,237,4
445,244,4
445,255,4
445,263,3
445,276,3
445,286,3
445,298,4
445,299,3
445,302,4
445,308,4
445,309,4
445,310,4
445,315,4
445,316,4
445,343,2
445,344,4
445,348,5
445,351,4
445,380,3
445,381,5
446,2,4
446,6,2
446,11,3
446,12,4
446,53,3
446,57,3
446,95,5
446,130,3
446,134,4
446,136,3
446,161,5
446,172,3
446,181,3
446,182,4
446,198,4
446,200,4
446,202,3
446,217,3
446,219,4
446,237,3
446,240,4
446,253,4
446,254,5
446,269,4
446,293,3
446,319,3
446,323,3
446,346,3
446,353,3
446,384,4
447,6,3
447,14,2
447,15,3
447,25,3
447,29,3
447,41,5
447,114,3
447,144,5
447,167,3
447,168,2
447,208,4
447,213,5
447,237,4
447,246,4
447,264,3
447,281,4
447,290,4
447,297,4
447,301,4
447,316,4
447,327,3
447,333,4
447,339,4
447,348,5
447,354,3
447,368,5
447,369,2
447,374,4
448,7,3
448,8,3
448,9,3
448,11,2
448,27,3
448,40,2
448,48,3
448,50,4
448,53,3
448,70,2
448,73,4
448,74,4
448,76,2
448,78,3
448,80,4
448,87,5
448,88,3
448,98,3
448,109,3
448,122,4
448,125,4
448,138,3
448,142,4
448,166,1
448,184,3
448,185,3
448,187,4
448,190,3
448,205,4
448,211,4
448,216,2
448,232,4
448,241,3
448,244,5
448,257,4
448,259,4
448,262,3
448,269,5
448,270,4
448,284,3
448,288,4
448,289,4
448,290,4
448,301,4
448,313,4
448,317,4
448,319,4
448,337,3
448,338,4
448,346,4
448,348,5
448,351,4
448,352,4
448,354,4
448,356,4
448,357,4
448,363,3
448,370,5
448,388,4
448,397,3
449,9,2
449,10,3
449,11,3
449,13,4
449,20,5
449,27,3
449,28,4
449,34,3
449,38,4
449,43,4
449,48,4
449,50,5
449,52,4
449,53,4
449,56,3
449,67,5
449,69,4
449,74,5
449,76,3
449,77,4
449,84,4
449,86,4
449,87,5
449,88,4
449,93,4
449,100,4
449,111,4
449,115,4
449,122,3
449,129,4
449,130,4
449,134,4
449,139,4
449,142,4
449,145,3
449,152,3
449,154,4
449,156,4
449,158,4
449,159,3
449,161,4
449,162,4
449,169,3
449,177,4
449,189,4
449,190,5
449,195,4
449,197,4
449,198,4
449,200,3
449,202,4
449,213,3
449,217,4
449,219,4
449,220,2
449,223,5
449,235,2
449,237,4
449,238,5
449,244,4
449,247,4
449,252,4
449,258,4
449,261,3
449,264,3
449,266,4
449,267,4
449,269,4
449,277,5
449,283,3
449,284,3
449,290,4
449,292,3
449,293,3
449,297,5
449,298,3
449,307,5
449,308,4
449,310,4
449,316,3
449,318,4
449,319,4
449,323,5
449,326,4
449,328,5
449,332,5
449,337,3
449,339,5
449,346,3
449,350,3
449,357,4
449,363,4
449,368,4
449,370,5
449,381,5
449,382,4
449,383,3
449,384,3
449,385,4
449,387,4
449,394,4
450,5,3
450,6,2
450,10,5
450,25,4
450,26,4
450,27,2
450,31,3
450,34,4
450,35,4
450,42,3
450,48,4
450,53,3
450,58,5
450,59,4
450,69,3
450,71,5
450,73,4
450,75,3
450,76,3
450,77,3
450,78,4
450,79,4
450,80,3
450,88,3
450,96,3
450,103,2
450,108,5
450,110,2
450,125,4
450,136,3
450,137,4
450,139,2
450,142,4
450,146,3
450,149,4
450,154,3
450,156,5
450,160,3
450,167,4
450,169,3
450,181,4
450,182,5
450,185,3
450,197,4
450,198,3
450,202,4
450,205,4
450,208,3
450,220,4
450,236,4
450,237,3
450,244,4
450,253,3
450,254,4
450,258,3
450,261,3
450,264,3
450,266,3
450,269,4
450,273,3
450,277,2
450,290,4
450,296,5
450,301,4
450,307,3
450,308,4
450,309,3
450,313,3
450,315,2
450,316,3
450,319,5
450,333,3
450,345,3
450,355,3
450,357,4
450,366,2
450,368,4
450,370,4
450,372,3
450,394,2
451,23,4
451,30,2
451,44,2
451,67,4
451,68,1
451,70,1
451,73,2
451,74,2
451,76,2
451,79,3
451,84,2
451,87,3
451,110,2
451,118,2
451,137,3
451,160,3
451,175,3
451,200,3
451,211,2
451,216,2
451,217,4
451,261,3
451,271,3
451,290,2
451,301,3
451,319,3
451,337,2
451,345,2
451,354,2
451,385,2
451,396,2
452,2,4
452,3,4
452,7,3
452,9,3
452,11,2
452,12,4
452,13,4
452,23,5
452,24,3
452,38,4
452,48,3
452,52,5
452,54,2
452,56,3
452,59,4
452,60,2
452,61,3
452,64,3
452,67,5
452,72,4
452,73,4
452,74,4
452,76,3
452,79,4
452,80,4
452,84,3
452,85,3
452,87,4
452,88,4
452,104,3
452,108,4
452,110,4
452,116,4
452,120,3
452,127,4
452,128,3
452,139,5
452,140,3
452,143,3
452,145,5
452,146,2
452,152,3
452,155,3
452,160,2
452,164,3
452,172,4
452,177,3
452,192,2
452,193,3
452,200,3
452,210,3
452,211,3
452,213,3
452,216,3
452,221,2
452,226,5
452,227,4
452,232,4
452,233,2
452,234,3
452,237,4
452,240,3
452,246,2
452,249,4
452,250,3
452,253,5
452,255,3
452,256,4
452,258,3
452,259,4
452,260,5
452,261,4
452,263,4
452,264,2
452,267,5
452,276,4
452,277,4
452,278,4
452,284,3
452,290,3
452,299,3
452,307,3
452,309,2
452,313,3
452,316,4
452,319,3
452,320,3
452,329,4
452,333,4
452,334,4
452,336,5
452,337,4
452,341,3
452,342,3
452,345,3
452,346,4
452,350,3
452,353,4
452,355,3
452,356,4
452,363,2
452,369,4
452,370,4
452,377,4
452,384,5
452,387,5
452,388,5
452,391,2
453,3,4
453,8,4
453,9,3
453,12,3
453,31,3
453,54,3
453,67,3
453,77,4
453,88,4
453,93,3
453,104,3
453,135,5
453,143,3
453,153,4
453,160,3
453,164,4
453,191,4
453,193,3
453,201,3
453,205,3
453,208,3
453,216,4
453,217,3
453,226,4
453,233,4
453,245,2
453,255,4
453,273,4
453,300,4
453,301,3
453,319,4
453,325,3
453,327,4
453,332,5
453,333,3
453,346,2
453,348,5
453,351,4
453,359,5
453,360,4
453,362,4
453,363,2
453,364,4
453,366,2
453,370,5
453,386,2
453,388,5
453,390,4
453,392,3
453,396,3
454,29,4
454,35,4
454,64,5
454,67,4
454,74,3
454,76,3
454,86,3
454,87,4
454,114,3
454,117,1
454,122,5
454,130,2
454,143,3
454,152,2
454,154,3
454,194,3
454,222,5
454,225,4
454,232,5
454,237,3
454,245,3
454,255,4
454,259,4
454,274,3
454,280,3
454,290,4
454,299,3
454,300,3
454,322,3
454,328,5
454,329,4
454,340,2
454,344,3
454,348,4
454,393,4
455,2,3
455,3,5
455,11,2
455,12,4
455,24,3
455,30,3
455,34,4
455,37,3
455,48,3
455,53,4
455,55,4
455,62,3
455,64,4
455,67,5
455,70,3
455,71,4
455,76,3
455,77,5
455,79,5
455,80,5
455,87,4
455,88,4
455,97,3
455,113,5
455,114,4
455,122,4
455,125,3
455,126,5
455,127,5
455,130,3
455,132,4
455,133,4
455,136,4
455,138,3
455,139,3
455,149,4
455,153,3
455,155,4
455,159,4
455,172,4
455,175,3
455,180,2
455,181,5
455,185,3
455,190,2
455,194,5
455,200,4
455,202,4
455,205,4
455,206,4
455,208,4
455,210,4
455,212,2
455,213,5
455,217,4
455,227,3
455,230,3
455,237,3
455,240,4
455,242,4
455,245,3
455,248,3
455,252,3
455,253,4
455,255,4
455,258,3
455,261,2
455,269,3
455,289,4
455,290,4
455,297,4
455,300,4
455,314,4
455,316,4
455,319,4
455,320,5
455,327,3
455,330,4
455,334,5
455,344,4
455,345,4
455,348,5
455,350,5
455,351,5
455,368,4
455,370,5
455,386,4
455,395,3
456,2,2
456,5,4
456,11,2
456,33,2
456,40,2
456,48,2
456,58,3
456,64,3
456,66,2
456,78,2
456,84,3
456,125,2
456,133,3
456,144,2
456,146,3
456,151,2
456,152,3
456,154,3
456,156,3
456,169,2
456,181,3
456,189,3
456,194,3
456,198,3
456,201,2
456,209,1
456,213,4
456,223,4
456,237,3
456,240,3
456,249,2
456,256,3
456,261,3
456,267,3
456,269,4
456,277,4
456,284,3
456,293,2
456,296,2
456,299,3
456,301,3
456,310,3
456,315,2
456,319,3
456,322,2
456,323,4
456,328,2
456,339,4
456,344,1
456,346,4
456,348,4
456,351,3
456,354,3
456,357,3
456,360,3
456,366,1
456,369,2
456,370,4
456,385,3
456,387,3
457,11,2
457,13,3
457,40,2
457,78,4
457,80,4
457,87,3
457,88,3
457,98,4
457,125,3
457,156,4
457,198,3
457,240,3
457,244,4
457,246,4
457,261,3
457,291,4
457,315,4
457,319,4
457,333,3
457,345,3
457,348,4
457,353,3
457,354,4
457,384,3
457,389,3
458,4,4
458,6,4
458,8,3
458,9,3
458,10,2
458,12,3
458,13,4
458,15,4
458,20,3
458,22,4
458,23,3
458,30,4
458,41,3
458,48,4
458,50,4
458,60,2
458,61,3
458,64,4
458,66,3
458,67,4
458,73,3
458,79,4
458,80,4
458,84,4
458,87,4
458,93,4
458,95,4
458,113,4
458,122,4
458,125,3
458,131,4
458,135,4
458,139,3
458,144,5
458,146,3
458,153,3
458,156,3
458,159,3
458,161,4
458,163,5
458,169,4
458,175,3
458,176,4
458,181,4
458,185,3
458,191,3
458,193,3
458,201,3
458,210,3
458,216,2
458,227,2
458,229,5
458,232,3
458,237,3
458,240,3
458,244,4
458,245,5
458,252,4
458,254,3
458,255,3
458,261,2
458,266,2
458,267,4
458,269,3
458,277,4
458,283,5
458,284,3
458,290,3
458,300,4
458,302,4
458,315,3
458,316,3
458,320,4
458,321,4
458,325,4
458,329,4
458,333,3
458,335,5
458,339,3
458,343,3
458,366,2
458,370,5
458,375,5
458,376,4
458,380,3
458,385,3
458,386,4
458,393,4
458,397,2
458,400,3
459,23,5
459,67,4
459,71,3
459,73,5
459,76,4
459,80,3
459,87,4
459,114,4
459,140,4
459,160,3
459,168,3
459,171,4
459,189,4
459,240,5
459,242,3
459,261,4
459,275,5
459,300,2
459,335,3
459,348,5
459,355,3
459,368,5
459,380,3
459,385,3
459,387,3
459,391,3
460,2,2
460,4,3
460,8,2
460,11,2
460,34,4
460,42,3
460,45,4
460,54,2
460,63,3
460,64,5
460,73,5
460,76,3
460,80,3
460,84,2
460,93,3
460,94,3
460,98,3
460,110,2
460,122,3
460,125,3
460,127,4
460,149,3
460,167,3
460,172,3
460,184,3
460,188,3
460,189,4
460,198,2
460,200,3
460,210,2
460,213,4
460,223,4
460,226,4
460,232,3
460,246,4
460,255,4
460,266,2
460,277,3
460,283,2
460,284,2
460,286,3
460,288,4
460,290,4
460,293,4
460,296,3
460,297,4
460,298,3
460,303,3
460,307,3
460,314,3
460,315,2
460,316,3
460,323,3
460,333,5
460,335,4
460,354,3
460,362,3
460,364,3
460,368,3
460,382,4
460,384,4
460,386,3
460,399,2
461,2,3
461,3,3
461,5,4
461,6,2
461,7,3
461,9,3
461,10,3
461,11,2
461,12,2
461,13,4
461,14,2
461,17,4
461,19,4
461,22,4
461,23,3
461,24,1
461,25,3
461,26,4
461,28,3
461,29,4
461,30,4
461,31,3
461,32,3
461,34,3
461,35,4
461,38,3
461,42,3
461,43,2
461,44,4
461,45,3
461,48,2
461,49,3
461,57,3
461,59,3
461,61,3
461,63,3
461,64,5
461,65,2
461,66,3
461,67,3
461,71,4
461,73,3
461,76,3
461,77,3
461,78,4
461,79,3
461,80,5
461,82,3
461,84,3
461,87,4
461,88,3
461,89,2
461,90,4
461,91,3
461,93,3
461,94,3
461,96,3
461,97,2
461,98,4
461,102,3
461,103,3
461,104,2
461,107,2
461,110,4
461,111,3
461,113,5
461,115,3
461,116,3
461,117,2
461,118,3
461,119,2
461,120,3
461,121,4
461,122,3
461,124,4
461,125,4
461,127,3
461,128,3
461,131,3
461,134,3
461,137,4
461,138,4
461,139,3
461,142,4
461,143,3
461,144,4
461,145,3
461,146,3
461,147,5
461,154,4
461,156,3
461,157,3
461,159,4
461,160,4
461,161,3
461,163,3
461,164,3
461,166,2
461,167,3
461,169,2
461,171,3
461,172,3
461,173,4
461,175,3
461,177,4
461,180,2
461,181,4
461,182,5
461,183,4
461,184,3
461,185,2
461,190,3
461,191,2
461,192,3
461,193,4
461,195,3
461,197,3
461,198,4
461,199,3
461,201,3
461,202,3
461,203,4
461,205,4
461,206,3
461,208,3
461,210,4
461,211,3
461,213,3
461,214,5
461,215,4
461,216,3
461,219,3
461,220,4
461,222,4
461,223,4
461,224,3
461,225,4
461,226,3
461,229,3
461,230,4
461,232,5
461,233,2
461,234,3
461,236,4
461,239,3
461,240,4
461,242,2
461,244,4
461,245,4
461,247,3
461,249,2
461,252,4
461,254,4
461,255,3
461,256,4
461,258,3
461,259,4
461,260,3
461,262,2
461,263,3
461,266,2
461,268,2
461,269,3
461,271,4
461,272,4
461,273,2
461,275,4
461,276,4
461,277,2
461,279,4
461,281,3
461,284,3
461,287,3
461,290,4
461,292,3
461,293,2
461,294,3
461,296,3
461,297,3
461,298,3
461,299,3
461,300,4
461,302,4
461,303,3
461,307,4
461,308,3
461,312,4
461,313,3
461,314,3
461,315,2
461,316,4
461,318,2
461,320,4
461,321,4
461,323,4
461,324,3
461,325,4
461,326,4
461,327,3
461,328,4
461,329,4
461,330,4
461,331,3
461,332,5
461,333,3
461,334,3
461,335,3
461,336,4
461,337,3
461,338,3
461,339,4
461,343,2
461,344,4
461,346,4
461,348,3
461,351,3
461,352,4
461,353,2
461,356,3
461,360,4
461,361,4
461,362,3
461,363,3
461,364,4
461,368,4
461,369,4
461,370,5
461,371,3
461,372,2
461,374,2
461,375,4
461,377,3
461,378,4
461,379,4
461,380,3
461,381,4
461,382,4
461,383,3
461,384,4
461,385,4
461,386,3
461,387,4
461,388,3
461,389,4
461,391,4
461,392,4
461,393,3
461,394,2
461,396,4
461,399,4
461,400,4
462,3,5
462,4,3
462,5,3
462,6,3
462,7,3
462,8,3
462,9,4
462,10,4
462,12,3
462,15,5
462,25,4
462,27,3
462,28,3
462,31,3
462,34,3
462,35,4
462,40,3
462,41,3
462,47,4
462,48,3
462,53,4
462,59,3
462,62,3
462,64,3
462,73,3
462,74,3
462,76,3
462,87,4
462,93,3
462,94,2
462,107,4
462,109,3
462,110,3
462,113,5
462,114,3
462,121,3
462,127,3
462,130,2
462,131,3
462,134,3
462,137,3
462,143,2
462,144,4
462,151,4
462,153,4
462,154,3
462,156,4
462,158,4
462,160,4
462,162,5
462,166,3
462,167,4
462,169,3
462,177,3
462,184,3
462,185,3
462,188,3
462,189,4
462,190,2
462,193,4
462,198,2
462,200,4
462,201,3
462,205,4
462,206,3
462,208,4
462,209,4
462,212,1
462,213,5
462,216,2
462,217,4
462,220,2
462,230,3
462,233,4
462,234,3
462,235,3
462,239,4
462,240,4
462,247,4
462,249,2
462,250,4
462,252,3
462,253,4
462,254,4
462,255,3
462,256,4
462,258,4
462,261,4
462,266,3
462,277,3
462,281,4
462,282,5
462,284,3
462,290,3
462,291,3
462,292,4
462,293,4
462,295,3
462,301,4
462,302,4
462,308,4
462,309,2
462,311,3
462,312,3
462,315,3
462,326,4
462,329,4
462,330,4
462,331,3
462,333,4
462,335,3
462,345,3
462,346,5
462,348,4
462,353,3
462,354,3
462,355,4
462,356,4
462,357,4
462,360,5
462,366,3
462,369,4
462,370,4
462,371,4
462,372,2
462,375,5
462,380,4
462,381,4
462,384,5
462,387,4
462,391,3
462,392,4
462,393,4
462,396,3
463,5,4
463,7,4
463,27,4
463,30,4
463,43,3
463,47,4
463,48,4
463,50,5
463,59,4
463,60,3
463,66,3
463,67,5
463,68,2
463,69,4
463,73,5
463,75,4
463,76,3
463,77,4
463,80,4
463,87,4
463,88,5
463,91,4
463,93,5
463,98,3
463,109,3
463,110,3
463,111,3
463,130,5
463,131,4
463,134,5
463,135,4
463,139,3
463,142,4
463,143,3
463,151,4
463,160,5
463,163,3
463,164,4
463,169,4
463,177,4
463,185,3
463,187,4
463,189,4
463,193,3
463,202,4
463,206,4
463,208,4
463,215,3
463,221,4
463,244,4
463,252,3
463,255,4
463,260,5
463,266,4
463,268,3
463,269,4
463,277,5
463,280,3
463,290,5
463,291,5
463,298,3
463,301,5
463,302,5
463,309,3
463,319,3
463,327,4
463,333,4
463,337,4
463,344,3
463,350,3
463,351,4
463,360,3
463,363,2
463,368,4
463,370,5
463,376,4
463,379,5
463,384,5
463,390,4
464,3,4
464,8,2
464,11,2
464,12,3
464,19,5
464,22,3
464,23,3
464,24,5
464,36,3
464,40,4
464,45,3
464,48,3
464,53,3
464,54,4
464,66,4
464,69,3
464,73,2
464,74,4
464,77,3
464,80,5
464,87,4
464,88,4
464,96,3
464,98,3
464,100,3
464,103,3
464,108,1
464,111,4
464,113,5
464,114,3
464,115,3
464,116,5
464,122,3
464,125,4
464,127,3
464,130,2
464,134,4
464,139,3
464,146,2
464,147,3
464,151,3
464,162,3
464,163,3
464,173,4
464,178,3
464,180,2
464,181,3
464,185,4
464,189,4
464,190,2
464,195,4
464,198,3
464,201,3
464,211,3
464,213,4
464,217,4
464,220,3
464,221,3
464,223,4
464,231,4
464,233,3
464,234,4
464,248,3
464,258,4
464,260,3
464,261,3
464,266,2
464,269,3
464,288,3
464,289,3
464,290,2
464,296,3
464,301,3
464,309,4
464,314,3
464,316,4
464,319,4
464,320,3
464,326,3
464,327,3
464,328,4
464,329,3
464,333,3
464,345,2
464,352,4
464,354,3
464,362,2
464,366,4
464,368,4
464,384,4
464,394,2
464,397,3
465,7,4
465,10,3
465,12,3
465,25,4
465,29,3
465,34,3
465,48,4
465,61,4
465,63,2
465,75,3
465,79,5
465,87,4
465,88,4
465,93,4
465,127,3
465,137,5
465,139,4
465,158,3
465,160,4
465,197,3
465,199,3
465,217,4
465,225,3
465,229,3
465,233,3
465,234,3
465,237,4
465,240,3
465,245,4
465,255,3
465,256,5
465,269,3
465,271,4
465,273,3
465,277,4
465,297,3
465,316,4
465,319,4
465,320,3
465,326,3
465,327,2
465,330,3
465,333,4
465,339,3
465,345,3
465,346,3
465,349,3
465,354,4
465,357,5
466,2,2
466,5,2
466,38,3
466,41,3
466,50,4
466,63,4
466,70,2
466,73,3
466,74,4
466,83,4
466,87,3
466,88,3
466,135,4
466,142,2
466,150,3
466,174,3
466,189,3
466,205,3
466,208,4
466,213,3
466,214,4
466,216,2
466,217,4
466,236,3
466,239,4
466,251,3
466,255,4
466,258,3
466,275,3
466,277,3
466,290,4
466,291,3
466,297,3
466,315,3
466,323,3
466,329,3
466,338,3
466,353,3
466,356,3
466,357,4
466,379,3
466,382,3
466,386,3
466,388,3
467,14,3
467,27,4
467,29,3
467,30,4
467,31,3
467,48,4
467,52,4
467,69,2
467,76,3
467,77,5
467,80,4
467,83,4
467,84,4
467,86,3
467,87,3
467,88,4
467,107,4
467,122,3
467,123,3
467,146,3
467,151,3
467,156,3
467,160,3
467,171,3
467,172,4
467,191,3
467,212,3
467,217,4
467,220,2
467,221,4
467,223,3
467,241,2
467,249,3
467,255,4
467,258,5
467,259,5
467,265,2
467,274,4
467,277,4
467,290,3
467,296,3
467,301,4
467,315,4
467,319,2
467,339,4
467,351,4
467,353,3
467,355,2
467,363,4
467,370,5
467,388,4
467,390,4
467,391,3
468,2,2
468,7,4
468,34,3
468,48,5
468,60,3
468,62,3
468,64,4
468,66,3
468,71,4
468,73,5
468,79,4
468,80,4
468,83,3
468,84,4
468,87,3
468,93,3
468,107,3
468,125,3
468,127,4
468,139,3
468,151,4
468,152,4
468,153,3
468,158,5
468,160,4
468,173,3
468,190,3
468,200,4
468,206,3
468,208,3
468,210,4
468,217,5
468,222,5
468,233,2
468,234,4
468,240,4
468,252,3
468,255,4
468,256,4
468,258,3
468,259,5
468,263,3
468,269,3
468,277,4
468,281,4
468,284,5
468,293,4
468,299,2
468,301,2
468,303,4
468,308,4
468,311,3
468,315,3
468,316,4
468,326,4
468,329,4
468,335,3
468,339,4
468,348,4
468,353,3
468,357,4
468,363,3
468,370,4
468,381,4
469,3,4
469,9,3
469,12,3
469,13,4
469,34,4
469,44,4
469,48,4
469,60,2
469,61,5
469,67,5
469,73,3
469,76,4
469,77,4
469,84,4
469,87,3
469,103,4
469,105,2
469,110,3
469,119,3
469,127,4
469,130,3
469,131,4
469,142,3
469,143,3
469,156,3
469,160,4
469,163,3
469,169,3
469,171,3
469,172,4
469,181,3
469,182,3
469,190,1
469,200,4
469,206,3
469,217,4
469,245,3
469,252,4
469,254,4
469,255,3
469,258,3
469,259,5
469,266,2
469,275,3
469,276,4
469,281,3
469,288,3
469,291,3
469,293,2
469,297,4
469,301,3
469,306,4
469,316,4
469,345,4
469,351,4
469,354,3
469,355,4
469,357,4
469,379,4
469,384,4
469,393,3
469,394,3
469,396,3
469,400,4
470,2,3
470,3,4
470,8,4
470,9,3
470,11,1
470,12,3
470,20,5
470,22,3
470,24,4
470,30,4
470,31,4
470,34,5
470,35,4
470,40,3
470,44,5
470,51,3
470,58,4
470,63,4
470,66,4
470,67,4
470,71,4
470,73,3
470,74,4
470,78,3
470,79,4
470,80,5
470,83,4
470,88,4
470,92,5
470,93,3
470,96,4
470,102,5
470,109,3
470,110,3
470,112,3
470,122,5
470,125,3
470,127,4
470,129,5
470,131,4
470,135,5
470,137,4
470,147,4
470,153,4
470,160,3
470,164,4
470,167,3
470,168,2
470,175,3
470,181,4
470,184,4
470,185,3
470,189,5
470,190,3
470,195,3
470,199,4
470,200,4
470,207,3
470,211,4
470,223,4
470,224,3
470,232,4
470,237,3
470,240,4
470,243,3
470,244,3
470,245,4
470,247,3
470,248,3
470,249,4
470,251,5
470,253,3
470,257,3
470,258,2
470,261,3
470,266,3
470,269,5
470,276,3
470,277,3
470,281,4
470,283,3
470,284,4
470,288,3
470,290,3
470,291,5
470,294,2
470,295,3
470,300,4
470,305,3
470,309,4
470,313,3
470,318,4
470,325,4
470,326,4
470,328,4
470,333,3
470,337,4
470,339,4
470,342,4
470,345,3
470,346,3
470,348,4
470,352,4
470,353,3
470,354,4
470,357,3
470,363,4
470,365,3
470,366,3
470,368,4
470,369,4
470,370,5
470,373,4
470,376,5
470,379,4
470,381,5
470,384,4
470,387,4
470,388,4
470,389,4
470,393,3
470,395,2
470,399,4
470,400,3
471,9,4
471,11,4
471,12,5
471,13,4
471,15,3
471,28,4
471,31,3
471,43,4
471,48,4
471,54,4
471,64,5
471,66,4
471,71,5
471,73,5
471,76,4
471,80,5
471,84,5
471,88,3
471,90,3
471,92,4
471,98,3
471,109,3
471,129,4
471,134,4
471,143,3
471,156,4
471,177,4
471,197,4
471,206,5
471,214,5
471,223,5
471,233,3
471,240,4
471,244,5
471,245,3
471,248,3
471,252,5
471,254,4
471,255,5
471,258,4
471,261,5
471,266,4
471,269,4
471,275,4
471,276,5
471,277,4
471,278,4
471,284,3
471,288,4
471,290,4
471,292,4
471,295,5
471,299,4
471,301,4
471,305,4
471,307,4
471,313,4
471,315,3
471,319,4
471,323,4
471,329,5
471,334,4
471,353,5
471,355,4
471,357,5
471,367,5
471,381,4
471,390,4
471,392,5
471,393,4
472,9,3
472,35,3
472,46,3
472,48,3
472,64,4
472,67,4
472,73,3
472,88,4
472,122,4
472,125,3
472,132,2
472,144,4
472,147,4
472,159,2
472,184,3
472,190,3
472,213,2
472,217,4
472,219,3
472,236,4
472,240,3
472,258,3
472,269,3
472,293,2
472,296,3
472,315,3
472,322,3
472,329,3
472,363,2
472,394,2
473,8,3
473,12,2
473,17,2
473,20,2
473,26,3
473,35,2
473,42,2
473,48,2
473,60,1
473,74,2
473,80,4
473,114,4
473,116,3
473,130,4
473,134,2
473,146,3
473,149,3
473,160,4
473,162,4
473,173,3
473,189,3
473,191,3
473,193,2
473,206,3
473,207,2
473,217,5
473,240,4
473,245,4
473,256,4
473,266,2
473,269,3
473,276,2
473,277,2
473,284,3
473,290,4
473,294,2
473,296,3
473,298,4
473,308,2
473,315,2
473,316,4
473,318,3
473,326,3
473,329,4
473,333,3
473,342,2
473,345,3
473,346,2
473,351,3
473,353,3
473,362,3
473,363,1
473,370,5
473,371,3
473,375,4
473,397,3
474,2,3
474,45,4
474,71,5
474,80,5
474,84,5
474,95,4
474,118,4
474,125,4
474,169,4
474,177,4
474,181,5
474,189,5
474,220,4
474,240,3
474,266,4
474,278,5
474,295,4
474,315,4
474,319,5
474,325,3
474,326,5
474,330,4
474,339,5
474,344,5
474,349,4
474,381,5
475,1,4
475,8,3
475,11,1
475,12,4
475,15,3
475,38,4
475,60,2
475,69,2
475,73,4
475,78,3
475,79,4
475,87,4
475,93,4
475,95,3
475,107,3
475,153,4
475,163,3
475,217,4
475,237,4
475,284,4
475,297,4
475,317,3
475,326,5
475,345,2
475,353,3
475,354,4
475,366,3
475,383,3
475,389,4
476,2,3
476,8,4
476,13,5
476,31,3
476,34,4
476,41,3
476,50,3
476,87,4
476,120,3
476,121,5
476,128,4
476,129,4
476,160,4
476,167,5
476,170,4
476,190,3
476,230,4
476,235,3
476,237,4
476,240,4
476,250,4
476,255,3
476,258,4
476,266,3
476,277,3
476,321,3
476,333,4
476,348,4
476,372,4
476,380,4
477,30,4
477,34,4
477,43,3
477,53,3
477,72,3
477,73,5
477,80,4
477,110,3
477,120,3
477,127,4
477,134,4
477,139,3
477,146,3
477,172,3
477,182,3
477,184,3
477,193,4
477,198,2
477,202,3
477,277,4
477,301,4
477,315,5
477,316,4
477,330,3
477,338,3
477,345,3
477,353,3
477,365,3
477,369,3
477,382,4
478,8,4
478,26,5
478,43,2
478,48,4
478,50,5
478,54,3
478,62,4
478,72,4
478,76,4
478,79,3
478,87,4
478,98,3
478,139,3
478,142,5
478,159,3
478,160,4
478,177,3
478,217,4
478,228,4
478,249,3
478,269,5
478,281,4
478,305,3
478,307,4
478,313,5
478,337,4
478,338,3
478,353,3
478,354,4
478,381,5
479,1,5
479,3,5
479,5,3
479,6,4
479,7,4
479,8,5
479,9,4
479,10,3
479,12,5
479,13,4
479,15,4
479,17,4
479,18,4
479,21,5
479,23,4
479,24,3
479,25,4
479,27,4
479,29,4
479,30,4
479,31,4
479,34,4
479,44,4
479,48,5
479,49,5
479,51,3
479,58,4
479,63,5
479,64,4
479,70,3
479,73,5
479,74,5
479,78,4
479,79,5
479,84,5
479,90,3
479,97,4
479,98,4
479,107,3
479,108,3
479,109,3
479,111,4
479,113,4
479,114,4
479,122,4
479,125,4
479,127,5
479,131,3
479,134,5
479,137,5
479,139,4
479,142,5
479,143,4
479,144,5
479,146,3
479,152,4
479,153,4
479,154,4
479,160,5
479,163,4
479,167,5
479,173,4
479,181,4
479,184,4
479,185,3
479,186,4
479,187,5
479,190,5
479,198,4
479,199,4
479,200,4
479,201,3
479,202,4
479,205,4
479,206,4
479,208,4
479,210,4
479,211,4
479,213,4
479,216,4
479,217,5
479,219,4
479,227,4
479,231,4
479,232,5
479,237,4
479,238,2
479,239,5
479,240,4
479,241,3
479,244,5
479,246,4
479,251,4
479,253,4
479,255,5
479,258,5
479,275,3
479,277,5
479,284,5
479,288,5
479,289,4
479,290,4
479,291,4
479,293,5
479,296,4
479,298,5
479,299,4
479,301,3
479,302,4
479,309,4
479,313,4
479,314,3
479,316,4
479,318,4
479,319,4
479,320,5
479,322,3
479,323,5
479,325,4
479,327,4
479,329,5
479,332,4
479,333,5
479,337,5
479,345,4
479,346,4
479,348,5
479,350,4
479,351,4
479,353,4
479,354,4
479,355,4
479,360,4
479,362,3
479,364,5
479,365,3
479,367,4
479,370,4
479,380,5
479,381,3
479,384,5
479,385,5
479,387,3
479,391,4
479,393,4
479,396,4
480,2,3
480,10,3
480,11,2
480,13,4
480,27,4
480,29,2
480,31,3
480,32,3
480,34,3
480,38,4
480,44,3
480,48,4
480,56,3
480,67,3
480,68,2
480,73,4
480,76,3
480,77,3
480,79,3
480,82,4
480,84,3
480,88,4
480,96,2
480,104,3
480,107,4
480,109,1
480,110,3
480,113,4
480,125,3
480,126,4
480,130,3
480,134,3
480,139,3
480,148,2
480,153,4
480,154,4
480,158,3
480,164,3
480,172,3
480,175,3
480,182,3
480,183,4
480,188,5
480,189,4
480,193,4
480,202,2
480,206,3
480,213,4
480,218,4
480,223,3
480,232,4
480,235,3
480,236,3
480,237,4
480,238,2
480,244,3
480,245,3
480,246,3
480,253,4
480,255,3
480,258,3
480,260,4
480,261,3
480,266,4
480,268,2
480,269,4
480,277,3
480,284,4
480,289,3
480,290,4
480,293,4
480,308,3
480,309,3
480,315,2
480,316,4
480,318,3
480,329,4
480,333,3
480,342,3
480,343,3
480,346,5
480,348,3
480,350,4
480,351,3
480,352,2
480,355,4
480,368,4
480,370,3
480,378,4
480,384,4
480,393,3
480,396,3
481,10,3
481,25,3
481,48,3
481,74,4
481,87,3
481,95,5
481,98,3
481,99,4
481,134,4
481,156,5
481,160,4
481,169,3
481,174,4
481,182,4
481,190,3
481,193,3
481,217,3
481,226,5
481,232,5
481,247,4
481,251,4
481,255,4
481,261,3
481,267,5
481,277,4
481,301,3
481,315,4
481,329,3
481,333,4
481,345,3
481,346,4
481,351,4
481,354,2
481,377,4
481,379,5
481,380,4
482,2,4
482,5,3
482,9,4
482,14,4
482,15,5
482,17,3
482,22,5
482,23,5
482,25,5
482,26,5
482,27,4
482,29,4
482,31,4
482,34,4
482,35,5
482,44,5
482,48,3
482,54,4
482,58,5
482,60,4
482,68,3
482,71,4
482,73,4
482,76,5
482,78,4
482,79,5
482,80,5
482,84,5
482,85,4
482,87,4
482,93,5
482,96,4
482,107,4
482,114,4
482,116,5
482,120,4
482,121,4
482,122,4
482,125,5
482,128,4
482,134,5
482,137,5
482,139,5
482,154,4
482,155,5
482,156,4
482,160,4
482,181,5
482,186,5
482,191,3
482,198,4
482,213,5
482,216,3
482,217,5
482,219,4
482,220,4
482,222,5
482,226,5
482,231,4
482,233,4
482,234,5
482,238,5
482,240,4
482,246,3
482,247,5
482,249,5
482,253,3
482,255,5
482,258,5
482,260,5
482,261,4
482,263,5
482,266,4
482,269,4
482,271,5
482,275,5
482,277,4
482,278,5
482,284,5
482,287,4
482,290,5
482,291,4
482,292,3
482,293,3
482,300,5
482,301,4
482,307,3
482,313,5
482,315,3
482,316,5
482,319,5
482,320,5
482,323,5
482,325,4
482,330,4
482,333,3
482,335,4
482,336,4
482,337,5
482,338,4
482,341,4
482,345,4
482,366,4
482,368,5
482,370,5
482,379,4
482,381,5
482,384,5
482,387,4
482,388,5
482,390,4
482,395,3
483,2,4
483,12,3
483,23,4
483,28,3
483,45,3
483,51,3
483,86,3
483,88,3
483,107,3
483,110,3
483,115,3
483,125,3
483,142,4
483,152,2
483,181,4
483,184,2
483,190,1
483,217,3
483,258,4
483,269,3
483,282,5
483,290,2
483,298,4
483,333,3
483,339,5
483,346,3
483,368,4
483,375,4
483,391,3
484,15,4
484,19,4
484,29,4
484,31,4
484,34,5
484,36,4
484,48,4
484,79,4
484,80,5
484,87,4
484,88,4
484,95,5
484,120,3
484,125,3
484,137,3
484,146,5
484,160,3
484,191,4
484,199,4
484,200,3
484,240,4
484,241,3
484,255,4
484,288,4
484,290,3
484,315,4
484,326,4
484,346,4
484,385,4
484,387,3
484,388,5
485,3,3
485,13,4
485,24,4
485,39,2
485,48,3
485,54,2
485,61,3
485,76,2
485,80,4
485,87,3
485,88,3
485,104,1
485,109,1
485,114,3
485,122,3
485,130,3
485,138,2
485,156,3
485,186,2
485,190,1
485,217,3
485,232,4
485,245,3
485,253,4
485,261,3
485,284,2
485,295,2
485,299,4
485,316,3
485,319,2
485,333,2
485,347,3
485,348,4
485,358,2
485,360,3
485,370,4
485,384,4
485,393,2
485,394,1
486,2,2
486,3,3
486,12,2
486,15,2
486,27,3
486,29,1
486,30,3
486,48,2
486,54,2
486,60,2
486,63,3
486,67,3
486,74,3
486,76,2
486,80,3
486,89,3
486,95,3
486,98,2
486,108,2
486,122,3
486,125,2
486,127,3
486,184,2
486,198,2
486,217,3
486,219,3
486,220,2
486,233,1
486,234,3
486,244,4
486,253,3
486,255,3
486,260,3
486,288,2
486,289,3
486,300,3
486,315,2
486,316,4
486,333,2
486,338,3
486,348,4
486,350,3
486,355,2
486,370,3
486,384,3
486,391,3
486,399,2
487,6,3
487,8,2
487,9,3
487,10,3
487,12,2
487,13,4
487,20,3
487,23,4
487,29,2
487,34,4
487,44,3
487,48,3
487,50,3
487,53,2
487,64,3
487,66,3
487,67,3
487,74,3
487,78,3
487,80,3
487,81,2
487,83,4
487,87,4
487,90,3
487,92,2
487,95,2
487,98,2
487,99,3
487,100,3
487,101,2
487,103,2
487,104,2
487,107,3
487,109,2
487,110,2
487,111,2
487,113,2
487,114,4
487,117,3
487,122,3
487,133,3
487,134,4
487,136,2
487,139,3
487,142,3
487,151,3
487,156,3
487,160,3
487,161,3
487,163,3
487,164,4
487,169,3
487,171,3
487,172,3
487,176,2
487,179,3
487,180,1
487,181,3
487,186,3
487,191,3
487,194,2
487,196,1
487,198,3
487,203,3
487,208,1
487,211,2
487,217,3
487,219,3
487,222,4
487,223,4
487,227,3
487,232,3
487,233,2
487,236,3
487,237,3
487,240,2
487,245,4
487,246,2
487,252,4
487,253,3
487,256,4
487,258,3
487,260,3
487,261,3
487,263,3
487,264,3
487,266,3
487,269,4
487,277,3
487,278,4
487,289,3
487,290,3
487,293,3
487,296,3
487,301,3
487,302,3
487,307,3
487,310,2
487,311,3
487,313,3
487,317,3
487,318,3
487,319,3
487,320,3
487,325,3
487,326,3
487,327,3
487,329,3
487,333,3
487,336,4
487,339,3
487,343,3
487,346,4
487,348,3
487,353,2
487,354,3
487,357,5
487,360,2
487,361,3
487,363,2
487,364,3
487,373,1
487,375,3
487,377,3
487,380,2
487,383,2
487,384,4
487,391,3
487,393,3
487,394,2
487,396,2
488,11,2
488,48,4
488,71,3
488,114,3
488,122,4
488,125,4
488,129,5
488,137,4
488,185,4
488,189,4
488,193,4
488,203,4
488,213,4
488,254,3
488,273,3
488,289,4
488,293,3
488,298,4
488,315,4
488,316,4
488,319,3
488,343,3
488,353,3
488,379,5
488,384,4
489,4,3
489,15,3
489,34,4
489,38,4
489,67,3
489,82,3
489,87,4
489,93,3
489,132,3
489,134,4
489,137,3
489,160,3
489,190,2
489,198,3
489,205,2
489,217,3
489,223,4
489,228,3
489,237,3
489,247,4
489,261,3
489,283,3
489,290,3
489,315,4
489,316,3
489,319,2
489,321,3
489,326,4
489,333,3
489,335,2
489,336,4
489,350,2
489,354,4
489,356,4
489,362,4
489,365,3
489,369,3
489,382,3
489,384,3
489,388,4
489,390,3
489,393,4
490,2,3
490,5,4
490,6,5
490,7,3
490,8,3
490,10,3
490,13,4
490,15,3
490,16,2
490,17,3
490,24,4
490,29,3
490,31,3
490,37,3
490,39,4
490,41,3
490,42,4
490,43,3
490,48,3
490,49,4
490,52,3
490,53,4
490,56,3
490,59,4
490,61,4
490,64,4
490,67,5
490,73,4
490,74,5
490,76,4
490,77,3
490,78,3
490,83,5
490,84,4
490,87,4
490,88,4
490,93,5
490,94,3
490,99,4
490,110,3
490,112,3
490,117,4
490,120,3
490,122,4
490,124,4
490,126,4
490,127,4
490,130,4
490,133,5
490,136,4
490,138,4
490,139,3
490,142,5
490,143,4
490,144,5
490,150,4
490,152,3
490,156,4
490,160,4
490,162,4
490,164,5
490,169,4
490,170,4
490,175,3
490,181,4
490,182,4
490,189,4
490,190,3
490,191,4
490,198,3
490,200,4
490,201,2
490,202,4
490,205,4
490,206,4
490,208,3
490,209,3
490,210,3
490,213,4
490,214,4
490,217,3
490,221,4
490,223,5
490,224,3
490,225,4
490,226,3
490,227,4
490,228,4
490,230,4
490,232,5
490,237,2
490,240,5
490,242,4
490,244,4
490,246,4
490,249,4
490,252,4
490,253,5
490,255,4
490,258,5
490,269,4
490,272,4
490,274,5
490,277,4
490,278,5
490,284,5
490,290,2
490,292,2
490,295,4
490,296,5
490,297,4
490,298,4
490,299,5
490,300,4
490,301,3
490,305,5
490,306,3
490,308,4
490,310,4
490,312,3
490,313,3
490,314,4
490,316,5
490,317,4
490,319,3
490,320,3
490,323,4
490,324,4
490,325,3
490,327,3
490,328,4
490,329,4
490,330,4
490,333,3
490,336,4
490,338,4
490,345,4
490,346,4
490,347,4
490,349,4
490,350,4
490,351,4
490,354,4
490,359,4
490,363,3
490,365,3
490,366,3
490,368,5
490,370,5
490,373,5
490,377,4
490,379,5
490,380,3
490,381,5
490,382,3
490,384,4
490,385,4
490,388,5
490,389,5
490,393,4
490,395,4
490,397,5
490,399,4
490,400,3
491,3,5
491,8,4
491,10,4
491,11,2
491,12,3
491,13,4
491,23,5
491,31,3
491,42,3
491,48,3
491,53,4
491,64,4
491,67,4
491,79,4
491,88,5
491,93,4
491,115,4
491,122,4
491,125,4
491,144,3
491,160,3
491,164,4
491,181,4
491,191,3
491,202,3
491,206,3
491,217,4
491,220,4
491,234,4
491,237,4
491,262,3
491,266,3
491,269,4
491,271,5
491,276,4
491,277,4
491,283,3
491,301,5
491,310,5
491,316,5
491,338,4
491,345,3
491,362,2
491,370,4
491,372,2
491,381,4
491,385,4
491,391,3
491,392,5
492,12,3
492,31,2
492,67,4
492,88,3
492,93,3
492,122,4
492,129,3
492,198,3
492,217,3
492,226,4
492,245,3
492,251,4
492,277,4
492,301,3
492,307,4
492,328,4
492,337,3
492,339,4
492,345,2
492,348,5
492,351,4
492,354,3
492,364,3
492,370,4
492,393,4
492,399,3
493,2,2
493,4,2
493,6,3
493,8,3
493,9,1
493,10,3
493,11,1
493,12,3
493,13,4
493,15,3
493,18,3
493,19,3
493,23,3
493,24,3
493,25,4
493,27,2
493,28,3
493,29,3
493,31,1
493,34,3
493,35,3
493,36,3
493,38,2
493,39,3
493,40,2
493,42,3
493,43,3
493,44,3
493,45,4
493,48,4
493,53,3
493,54,3
493,59,3
493,60,3
493,61,3
493,64,4
493,65,2
493,66,3
493,67,5
493,69,4
493,71,4
493,73,3
493,74,3
493,76,3
493,79,5
493,80,4
493,82,3
493,83,3
493,84,4
493,88,4
493,90,4
493,91,3
493,93,3
493,95,4
493,97,3
493,98,3
493,103,2
493,104,3
493,107,2
493,110,2
493,112,3
493,113,4
493,115,4
493,117,4
493,120,3
493,125,3
493,127,3
493,128,3
493,129,3
493,130,4
493,131,3
493,132,3
493,134,3
493,136,3
493,137,5
493,138,3
493,139,3
493,142,4
493,143,2
493,144,3
493,145,3
493,146,2
493,151,3
493,152,3
493,153,4
493,154,4
493,155,4
493,156,5
493,158,4
493,159,4
493,160,4
493,162,4
493,163,3
493,164,4
493,166,2
493,167,3
493,169,2
493,170,3
493,172,3
493,173,4
493,175,3
493,177,3
493,180,2
493,181,4
493,183,4
493,187,3
493,190,1
493,191,2
493,192,2
493,194,3
493,195,2
493,198,3
493,200,3
493,201,3
493,202,3
493,205,3
493,206,3
493,207,3
493,208,4
493,209,3
493,212,3
493,213,3
493,216,3
493,217,4
493,220,3
493,221,2
493,227,3
493,228,3
493,230,3
493,232,4
493,233,3
493,234,4
493,235,3
493,236,3
493,237,4
493,238,4
493,239,4
493,240,4
493,244,5
493,245,3
493,246,2
493,247,2
493,248,3
493,249,2
493,251,4
493,253,4
493,254,4
493,255,2
493,259,3
493,260,2
493,261,2
493,262,2
493,269,5
493,272,4
493,273,4
493,274,3
493,277,3
493,278,4
493,280,4
493,281,4
493,282,4
493,284,2
493,286,2
493,287,3
493,289,3
493,290,3
493,292,4
493,293,2
493,296,2
493,297,4
493,298,4
493,299,3
493,300,3
493,301,2
493,302,3
493,303,3
493,305,3
493,307,3
493,308,3
493,309,3
493,311,3
493,314,4
493,316,4
493,319,5
493,320,3
493,321,3
493,323,4
493,326,3
493,327,3
493,329,4
493,330,2
493,331,3
493,333,3
493,335,4
493,336,3
493,338,4
493,342,2
493,344,3
493,345,3
493,346,3
493,347,3
493,348,3
493,350,2
493,351,2
493,354,3
493,356,4
493,359,2
493,360,3
493,362,3
493,364,4
493,366,3
493,368,2
493,369,3
493,370,5
493,372,3
493,373,3
493,374,1
493,376,4
493,379,5
493,380,3
493,382,4
493,383,2
493,384,4
493,385,3
493,388,2
493,390,2
493,391,3
493,392,3
493,393,4
493,395,2
493,396,3
493,397,3
493,398,3
493,400,3
494,8,4
494,9,4
494,29,3
494,54,3
494,74,4
494,98,2
494,106,3
494,112,3
494,125,4
494,130,3
494,133,5
494,143,4
494,213,3
494,237,3
494,238,3
494,249,4
494,258,3
494,284,4
494,288,5
494,296,4
494,301,4
494,309,3
494,315,4
494,316,4
494,339,5
494,345,2
494,353,4
494,355,5
494,356,4
494,357,4
494,363,4
494,368,5
494,370,5
494,379,5
494,380,4
495,6,3
495,8,3
495,11,1
495,25,2
495,27,3
495,32,2
495,48,3
495,49,4
495,74,3
495,87,4
495,88,3
495,109,2
495,130,3
495,142,4
495,146,3
495,178,2
495,190,2
495,216,3
495,217,3
495,223,4
495,232,4
495,245,2
495,252,3
495,256,4
495,261,3
495,277,4
495,313,4
495,329,4
495,356,3
495,357,3
495,366,1
496,6,3
496,8,3
496,13,5
496,21,4
496,29,3
496,35,3
496,48,4
496,52,3
496,61,4
496,64,3
496,73,3
496,74,3
496,76,2
496,80,4
496,85,3
496,87,3
496,88,4
496,93,3
496,110,3
496,114,3
496,122,4
496,125,4
496,130,3
496,143,3
496,144,4
496,151,4
496,152,4
496,160,3
496,167,3
496,181,3
496,187,3
496,189,3
496,198,3
496,205,2
496,206,2
496,219,3
496,220,2
496,226,3
496,237,3
496,240,4
496,244,4
496,251,3
496,257,3
496,266,3
496,269,3
496,274,3
496,276,4
496,277,4
496,290,2
496,298,4
496,300,4
496,301,3
496,306,3
496,308,3
496,316,3
496,319,3
496,320,3
496,321,3
496,325,4
496,333,4
496,336,4
496,345,2
496,346,3
496,350,3
496,352,3
496,353,4
496,357,4
496,364,4
496,368,3
496,370,5
496,372,2
496,384,4
496,385,2
496,388,2
496,393,4
497,12,4
497,24,4
497,25,4
497,54,5
497,61,5
497,67,5
497,76,4
497,80,5
497,82,4
497,83,4
497,98,4
497,200,4
497,217,5
497,238,3
497,246,3
497,255,3
497,256,5
497,285,4
497,297,4
497,307,5
497,315,3
497,326,5
497,360,4
497,363,5
497,370,5
497,375,5
497,395,4
498,5,3
498,23,5
498,29,3
498,34,4
498,52,2
498,53,3
498,73,3
498,79,3
498,83,4
498,84,3
498,87,4
498,113,4
498,130,4
498,153,5
498,172,3
498,184,3
498,206,3
498,212,2
498,233,3
498,253,4
498,261,4
498,275,3
498,284,3
498,286,3
498,290,3
498,296,3
498,301,3
498,315,4
498,321,3
498,339,4
498,350,3
498,351,3
498,354,3
498,357,4
498,364,2
498,370,4
498,372,2
498,390,3
499,9,3
499,31,4
499,36,3
499,67,4
499,73,3
499,74,3
499,76,3
499,87,3
499,88,3
499,92,3
499,122,3
499,130,4
499,167,4
499,189,4
499,200,3
499,206,2
499,210,4
499,258,3
499,260,4
499,269,3
499,277,3
499,301,3
499,318,3
499,319,2
499,345,3
499,348,3
499,350,3
499,354,3
499,357,4
499,370,5
499,376,3
499,379,4
499,394,3
500,2,4
500,3,5
500,6,3
500,7,4
500,8,4
500,9,3
500,10,3
500,11,1
500,12,4
500,15,3
500,19,4
500,20,4
500,22,4
500,23,4
500,27,3
500,44,5
500,48,3
500,50,4
500,60,3
500,67,4
500,74,3
500,76,3
500,79,4
500,80,5
500,82,3
500,91,2
500,93,4
500,104,3
500,110,2
500,119,2
500,122,3
500,125,4
500,138,3
500,139,3
500,142,5
500,143,3
500,144,4
500,147,4
500,150,5
500,153,3
500,160,4
500,162,3
500,178,4
500,181,4
500,182,3
500,184,3
500,185,1
500,187,4
500,189,4
500,190,3
500,198,3
500,201,3
500,202,4
500,203,3
500,205,3
500,207,3
500,212,3
500,213,4
500,217,4
500,220,3
500,223,5
500,228,4
500,232,4
500,240,3
500,244,4
500,247,4
500,254,3
500,255,4
500,261,4
500,263,4
500,266,3
500,268,3
500,269,3
500,276,4
500,284,3
500,288,4
500,290,3
500,293,4
500,296,3
500,298,4
500,303,4
500,305,5
500,308,3
500,309,3
500,313,4
500,314,4
500,316,4
500,317,4
500,320,3
500,325,2
500,326,3
500,327,3
500,333,4
500,338,4
500,340,4
500,345,3
500,346,4
500,351,3
500,353,3
500,354,4
500,359,3
500,364,3
500,368,4
500,370,5
500,371,4
500,373,3
500,375,4
500,379,5
500,384,4
500,385,3
500,386,3
500,390,4
500,392,4
500,393,4
500,394,3
500,396,3
501,5,3
501,23,4
501,31,3
501,61,4
501,64,4
501,67,4
501,74,3
501,76,3
501,83,3
501,87,3
501,103,4
501,108,2
501,116,4
501,134,4
501,139,3
501,143,2
501,154,3
501,156,5
501,158,3
501,160,4
501,181,4
501,187,3
501,201,2
501,220,2
501,249,2
501,255,4
501,261,3
501,269,4
501,272,3
501,286,1
501,297,3
501,308,4
501,315,3
501,316,4
501,319,3
501,329,4
501,346,2
501,348,5
501,350,3
501,351,4
501,357,4
501,364,4
501,379,3
501,388,4
501,396,3
502,4,5
502,6,4
502,8,3
502,9,4
502,12,4
502,13,4
502,22,5
502,23,2
502,26,4
502,27,3
502,29,2
502,31,2
502,34,5
502,38,3
502,39,4
502,48,4
502,49,4
502,50,4
502,59,4
502,61,2
502,63,3
502,67,5
502,68,3
502,71,4
502,73,4
502,78,3
502,79,4
502,80,4
502,82,3
502,84,5
502,86,2
502,87,4
502,88,3
502,92,3
502,93,3
502,98,5
502,99,4
502,110,3
502,111,4
502,119,3
502,120,4
502,122,3
502,125,4
502,127,4
502,130,5
502,139,4
502,142,4
502,143,2
502,144,4
502,146,4
502,156,4
502,160,5
502,161,4
502,163,3
502,164,5
502,167,5
502,171,2
502,175,3
502,186,4
502,187,4
502,189,3
502,191,4
502,195,3
502,197,4
502,198,2
502,200,3
502,201,4
502,202,3
502,208,4
502,211,3
502,213,3
502,217,4
502,220,3
502,223,4
502,232,4
502,244,5
502,245,4
502,247,4
502,249,3
502,250,4
502,252,3
502,254,3
502,255,3
502,257,3
502,258,4
502,259,4
502,262,2
502,264,3
502,266,3
502,267,3
502,269,2
502,272,5
502,275,4
502,277,4
502,283,4
502,284,3
502,290,2
502,293,4
502,297,5
502,300,4
502,314,3
502,315,3
502,316,4
502,317,5
502,319,3
502,320,4
502,325,4
502,326,4
502,327,3
502,328,4
502,329,4
502,333,4
502,336,4
502,338,3
502,340,4
502,343,3
502,344,4
502,346,4
502,347,5
502,348,3
502,350,3
502,353,3
502,354,3
502,356,4
502,360,4
502,361,3
502,364,3
502,368,4
502,370,4
502,377,4
502,380,4
502,384,4
502,391,2
502,392,4
502,399,3
503,5,2
503,11,1
503,32,3
503,40,2
503,67,4
503,73,2
503,80,5
503,87,4
503,88,3
503,95,4
503,104,3
503,142,3
503,152,2
503,162,5
503,178,3
503,186,4
503,202,3
503,211,3
503,217,3
503,236,2
503,237,4
503,255,4
503,257,2
503,281,4
503,288,4
503,299,4
503,309,2
503,315,1
503,328,5
503,335,3
503,339,4
503,344,3
503,345,2
503,354,3
503,369,4
503,379,4
503,381,5
503,384,5
503,385,3
504,9,3
504,25,3
504,33,3
504,34,3
504,67,3
504,72,3
504,73,1
504,76,3
504,78,2
504,87,4
504,88,3
504,93,3
504,122,2
504,146,2
504,148,3
504,160,2
504,163,3
504,167,3
504,172,3
504,174,2
504,183,3
504,184,3
504,198,4
504,199,4
504,200,3
504,213,3
504,223,3
504,260,4
504,261,2
504,266,3
504,268,2
504,269,5
504,290,3
504,299,3
504,301,2
504,307,3
504,309,2
504,316,4
504,319,3
504,321,2
504,329,4
504,333,2
504,338,3
504,345,2
504,348,5
504,353,3
504,365,2
504,370,5
504,372,3
504,373,3
505,2,2
505,3,4
505,5,4
505,6,2
505,7,2
505,8,3
505,9,3
505,10,3
505,11,2
505,12,4
505,13,5
505,15,3
505,23,4
505,24,3
505,26,3
505,30,4
505,31,3
505,33,3
505,34,3
505,37,2
505,39,4
505,40,3
505,42,3
505,47,3
505,48,2
505,50,4
505,52,3
505,54,3
505,57,2
505,59,2
505,60,2
505,61,3
505,63,3
505,65,3
505,67,4
505,71,3
505,72,3
505,73,3
505,74,4
505,75,3
505,76,3
505,77,4
505,78,2
505,79,3
505,80,3
505,81,3
505,82,3
505,83,4
505,86,3
505,87,4
505,88,3
505,89,4
505,92,3
505,94,2
505,98,2
505,102,3
505,103,2
505,104,2
505,106,4
505,108,2
505,110,2
505,113,4
505,114,3
505,115,2
505,116,5
505,117,3
505,118,3
505,119,1
505,120,3
505,122,3
505,125,2
505,127,3
505,128,4
505,129,3
505,130,3
505,134,4
505,137,3
505,138,3
505,139,3
505,142,4
505,143,2
505,144,4
505,145,3
505,146,3
505,147,4
505,149,3
505,151,3
505,153,3
505,156,3
505,157,3
505,159,2
505,160,2
505,161,4
505,164,4
505,169,2
505,170,4
505,172,3
505,175,1
505,176,2
505,177,3
505,181,4
505,183,3
505,184,2
505,186,2
505,187,3
505,188,3
505,189,3
505,190,3
505,191,2
505,192,3
505,193,4
505,195,3
505,197,3
505,198,3
505,201,2
505,202,3
505,204,3
505,207,2
505,210,4
505,211,3
505,212,2
505,213,4
505,214,3
505,215,3
505,216,1
505,217,3
505,219,2
505,220,3
505,223,3
505,224,3
505,226,4
505,227,3
505,228,3
505,232,3
505,235,2
505,236,3
505,238,3
505,240,3
505,244,4
505,245,3
505,246,4
505,251,3
505,253,3
505,254,4
505,255,4
505,257,2
505,258,3
505,259,4
505,260,4
505,261,4
505,266,2
505,269,4
505,272,4
505,273,2
505,275,3
505,277,3
505,278,3
505,281,3
505,283,3
505,284,4
505,286,3
505,287,2
505,289,3
505,294,2
505,295,2
505,296,4
505,297,4
505,298,2
505,301,4
505,302,3
505,303,4
505,305,4
505,306,2
505,307,3
505,308,4
505,309,3
505,311,1
505,313,3
505,315,3
505,316,4
505,317,2
505,319,2
505,321,3
505,323,4
505,324,4
505,327,2
505,328,4
505,329,3
505,330,3
505,332,4
505,333,2
505,334,3
505,335,3
505,336,3
505,337,2
505,338,3
505,339,4
505,342,2
505,344,2
505,345,2
505,346,2
505,347,3
505,348,4
505,349,3
505,350,4
505,352,2
505,353,4
505,354,3
505,355,2
505,356,3
505,357,3
505,362,2
505,363,3
505,364,4
505,366,2
505,368,4
505,369,3
505,370,4
505,372,2
505,375,4
505,377,4
505,378,4
505,379,4
505,380,3
505,382,3
505,383,3
505,384,3
505,386,2
505,387,3
505,388,4
505,389,4
505,391,3
505,392,4
505,393,3
505,394,2
505,396,2
505,397,2
505,399,3
505,400,2
506,7,3
506,8,4
506,17,4
506,20,4
506,29,3
506,30,5
506,44,5
506,45,3
506,48,5
506,74,4
506,88,4
506,92,3
506,114,4
506,120,3
506,144,4
506,150,5
506,159,2
506,170,5
506,181,4
506,200,4
506,212,4
506,213,3
506,217,3
506,219,4
506,243,4
506,255,5
506,258,3
506,261,3
506,262,3
506,266,4
506,292,3
506,296,4
506,310,3
506,315,4
506,346,5
506,348,5
506,363,3
506,368,4
506,370,5
506,382,4
506,385,4
507,5,2
507,6,3
507,7,3
507,8,3
507,9,4
507,10,3
507,11,3
507,12,3
507,13,4
507,14,3
507,15,3
507,16,3
507,17,4
507,19,3
507,20,1
507,22,5
507,23,4
507,24,3
507,25,3
507,26,4
507,27,3
507,28,3
507,29,3
507,31,3
507,32,2
507,33,1
507,34,3
507,35,3
507,38,4
507,41,3
507,42,4
507,43,3
507,44,4
507,45,3
507,47,3
507,49,4
507,50,4
507,51,3
507,52,3
507,53,3
507,56,2
507,57,3
507,59,4
507,61,2
507,64,4
507,65,2
507,66,4
507,67,4
507,68,3
507,69,4
507,70,3
507,72,3
507,73,3
507,74,4
507,77,4
507,79,4
507,80,4
507,82,3
507,84,4
507,85,3
507,87,2
507,88,3
507,89,3
507,91,2
507,93,3
507,95,4
507,103,3
507,105,3
507,107,3
507,109,1
507,110,3
507,112,4
507,113,4
507,114,4
507,115,2
507,116,5
507,118,3
507,120,2
507,122,2
507,123,3
507,125,3
507,127,4
507,129,4
507,130,4
507,132,4
507,134,3
507,136,3
507,137,4
507,138,2
507,139,3
507,142,5
507,143,3
507,144,3
507,146,4
507,151,3
507,152,3
507,154,4
507,156,3
507,159,3
507,160,3
507,163,3
507,164,4
507,167,4
507,168,3
507,169,4
507,172,4
507,177,4
507,180,2
507,181,3
507,183,4
507,185,2
507,186,3
507,187,4
507,190,4
507,191,3
507,193,3
507,197,3
507,200,4
507,201,2
507,202,4
507,204,2
507,205,4
507,208,3
507,210,3
507,211,2
507,213,3
507,214,4
507,216,2
507,217,4
507,219,5
507,220,3
507,221,3
507,223,4
507,224,2
507,225,2
507,226,3
507,227,3
507,228,2
507,230,4
507,231,4
507,232,3
507,234,3
507,236,3
507,239,3
507,240,3
507,244,5
507,245,3
507,247,4
507,248,2
507,249,3
507,251,3
507,252,4
507,253,4
507,255,3
507,256,4
507,260,4
507,263,4
507,265,2
507,267,3
507,269,2
507,272,3
507,273,3
507,274,4
507,275,3
507,276,4
507,277,4
507,278,3
507,280,2
507,281,3
507,282,4
507,284,2
507,286,2
507,287,4
507,289,2
507,291,3
507,292,3
507,293,4
507,294,2
507,295,3
507,297,4
507,298,4
507,301,4
507,302,5
507,303,3
507,304,4
507,306,3
507,307,4
507,308,3
507,310,3
507,311,2
507,312,3
507,313,3
507,314,3
507,315,2
507,316,4
507,317,5
507,319,3
507,320,4
507,321,2
507,324,4
507,325,3
507,326,3
507,329,4
507,330,4
507,331,4
507,333,3
507,334,3
507,336,5
507,337,2
507,338,2
507,341,4
507,342,4
507,343,4
507,345,3
507,346,4
507,347,4
507,350,3
507,351,3
507,352,3
507,354,3
507,355,1
507,356,4
507,357,4
507,359,3
507,360,3
507,362,2
507,363,4
507,364,4
507,365,3
507,367,3
507,368,3
507,370,5
507,372,3
507,373,3
507,377,3
507,378,4
507,379,4
507,380,4
507,384,4
507,386,3
507,389,4
507,390,3
507,391,4
507,393,3
507,394,2
507,397,4
507,399,2
507,400,3
508,3,5
508,12,4
508,26,4
508,27,2
508,28,2
508,36,4
508,44,5
508,54,2
508,64,3
508,73,3
508,76,4
508,77,3
508,78,4
508,80,4
508,87,4
508,88,3
508,89,3
508,93,2
508,95,4
508,113,3
508,122,4
508,125,4
508,127,3
508,129,4
508,132,3
508,135,4
508,139,3
508,140,2
508,152,2
508,172,3
508,174,2
508,181,4
508,185,3
508,205,4
508,208,4
508,232,2
508,234,3
508,235,3
508,237,4
508,255,4
508,261,3
508,262,2
508,264,3
508,266,4
508,269,5
508,277,4
508,283,3
508,284,3
508,295,2
508,299,3
508,301,3
508,308,3
508,309,3
508,311,3
508,316,4
508,319,4
508,321,3
508,324,4
508,333,3
508,335,4
508,339,4
508,344,3
508,345,2
508,346,3
508,347,4
508,348,4
508,350,2
508,354,3
508,363,3
508,364,4
508,370,5
508,379,5
508,394,2
509,27,3
509,31,3
509,57,3
509,60,2
509,66,4
509,68,3
509,73,4
509,80,3
509,107,4
509,175,3
509,184,5
509,186,3
509,191,4
509,193,3
509,205,2
509,217,4
509,235,4
509,249,4
509,269,4
509,275,3
509,277,4
509,297,5
509,300,4
509,304,5
509,316,4
509,346,3
509,364,4
509,393,3
510,2,3
510,3,4
510,5,4
510,6,4
510,7,4
510,8,3
510,9,4
510,10,3
510,11,2
510,12,3
510,15,3
510,19,3
510,20,3
510,23,3
510,29,3
510,30,3
510,31,2
510,34,4
510,36,3
510,38,3
510,42,4
510,43,4
510,44,4
510,48,4
510,49,4
510,50,2
510,53,3
510,54,3
510,60,1
510,61,2
510,62,3
510,63,4
510,71,3
510,73,4
510,74,4
510,76,3
510,77,4
510,78,4
510,79,4
510,80,4
510,82,2
510,83,4
510,85,3
510,86,3
510,87,3
510,88,3
510,93,4
510,99,3
510,107,3
510,108,4
510,110,2
510,114,5
510,116,4
510,120,3
510,122,4
510,124,4
510,125,2
510,126,5
510,128,3
510,129,4
510,130,4
510,131,2
510,133,5
510,139,4
510,142,4
510,143,3
510,145,3
510,146,3
510,147,2
510,149,4
510,153,2
510,154,3
510,156,4
510,159,3
510,160,3
510,161,4
510,163,2
510,167,4
510,169,4
510,172,4
510,175,3
510,176,1
510,180,2
510,181,4
510,184,3
510,186,3
510,187,4
510,188,2
510,189,4
510,190,2
510,191,3
510,198,3
510,200,2
510,202,2
510,203,4
510,205,3
510,206,3
510,209,3
510,212,3
510,213,2
510,215,3
510,216,2
510,217,3
510,220,3
510,223,4
510,225,3
510,228,3
510,230,3
510,231,3
510,232,2
510,233,3
510,234,3
510,235,4
510,236,3
510,237,4
510,239,4
510,240,4
510,242,4
510,243,5
510,244,5
510,252,3
510,253,3
510,254,4
510,255,3
510,256,3
510,257,1
510,258,4
510,259,4
510,260,2
510,261,3
510,264,3
510,265,3
510,266,4
510,269,3
510,272,4
510,275,3
510,276,3
510,277,3
510,284,2
510,285,3
510,288,4
510,289,3
510,290,3
510,293,3
510,298,3
510,300,4
510,301,4
510,302,4
510,304,4
510,306,4
510,307,2
510,308,3
510,314,3
510,315,3
510,316,3
510,317,5
510,318,4
510,319,3
510,320,3
510,321,3
510,322,4
510,323,3
510,325,4
510,326,5
510,328,4
510,329,4
510,330,3
510,331,3
510,333,3
510,337,4
510,339,4
510,342,3
510,343,3
510,344,3
510,346,2
510,348,5
510,349,4
510,351,4
510,352,2
510,353,3
510,354,3
510,356,3
510,359,3
510,360,3
510,365,4
510,367,3
510,368,4
510,370,5
510,372,3
510,374,2
510,377,4
510,379,5
510,382,4
510,384,4
510,388,4
510,389,4
510,390,2
510,392,3
510,394,4
510,395,4
510,399,3
510,400,3
511,3,5
511,5,3
511,10,3
511,13,5
511,29,4
511,34,4
511,42,4
511,44,3
511,48,5
511,61,4
511,67,4
511,68,4
511,71,4
511,74,4
511,76,4
511,77,3
511,86,2
511,87,3
511,88,5
511,114,4
511,122,4
511,124,5
511,127,4
511,153,5
511,156,4
511,176,4
511,190,4
511,195,4
511,202,4
511,206,4
511,217,4
511,223,4
511,227,5
511,232,5
511,233,5
511,237,5
511,240,5
511,246,5
511,254,4
511,255,5
511,256,5
511,260,5
511,266,3
511,277,5
511,286,4
511,287,4
511,288,5
511,301,4
511,304,4
511,311,2
511,316,4
511,318,4
511,319,4
511,321,4
511,328,5
511,333,4
511,346,4
511,350,5
511,363,4
511,369,3
511,370,4
511,379,5
511,382,5
511,386,3
511,392,5
511,400,4
512,12,2
512,15,4
512,18,1
512,48,4
512,54,3
512,61,3
512,88,2
512,109,2
512,127,3
512,142,3
512,145,4
512,147,3
512,151,4
512,216,3
512,217,3
512,219,3
512,262,2
512,284,2
512,315,1
512,329,4
512,331,4
512,364,4
512,365,3
512,373,3
512,375,4
513,5,2
513,6,4
513,11,3
513,13,4
513,15,3
513,19,4
513,26,4
513,28,4
513,30,4
513,31,5
513,34,4
513,38,5
513,47,5
513,48,3
513,53,5
513,54,4
513,61,4
513,71,4
513,74,5
513,78,4
513,87,5
513,88,4
513,90,4
513,95,4
513,99,4
513,107,3
513,108,3
513,113,4
513,114,3
513,121,4
513,122,4
513,125,4
513,126,3
513,127,4
513,134,5
513,138,3
513,139,3
513,144,4
513,146,4
513,153,5
513,156,3
513,159,4
513,167,4
513,180,3
513,181,4
513,184,5
513,194,3
513,198,2
513,201,3
513,206,3
513,210,3
513,213,5
513,216,2
513,217,4
513,218,5
513,227,4
513,228,4
513,233,3
513,234,4
513,240,5
513,242,4
513,244,4
513,245,5
513,248,4
513,255,4
513,258,4
513,259,5
513,260,5
513,261,3
513,269,5
513,275,3
513,281,4
513,284,5
513,290,5
513,297,4
513,316,5
513,319,4
513,321,4
513,325,3
513,330,4
513,331,3
513,344,4
513,345,3
513,346,5
513,353,4
513,356,4
513,357,5
513,363,4
513,365,3
513,366,3
513,370,5
513,377,4
513,379,4
513,381,4
513,384,5
513,388,4
513,393,3
514,8,2
514,10,2
514,13,3
514,23,2
514,26,4
514,31,1
514,32,2
514,34,2
514,37,2
514,38,2
514,42,1
514,48,2
514,53,2
514,56,2
514,64,3
514,67,3
514,68,2
514,69,2
514,71,3
514,74,3
514,76,1
514,78,3
514,79,4
514,80,3
514,83,2
514,84,4
514,88,2
514,90,3
514,103,2
514,104,1
514,110,1
514,111,3
514,117,1
514,121,3
514,122,3
514,125,2
514,127,3
514,130,2
514,131,2
514,132,2
514,134,4
514,138,2
514,142,4
514,144,3
514,146,3
514,147,2
514,151,4
514,152,2
514,156,4
514,159,3
514,161,3
514,164,5
514,166,3
514,169,1
514,172,3
514,173,2
514,179,3
514,181,2
514,184,2
514,186,2
514,189,2
514,190,1
514,198,1
514,200,1
514,202,3
514,203,3
514,205,3
514,206,2
514,207,2
514,208,3
514,213,4
514,216,2
514,217,3
514,225,3
514,227,2
514,232,3
514,233,2
514,234,2
514,236,4
514,239,3
514,240,2
514,244,4
514,247,2
514,249,2
514,251,3
514,253,3
514,255,3
514,260,3
514,265,3
514,266,3
514,269,2
514,272,3
514,273,2
514,275,3
514,277,3
514,281,2
514,282,3
514,288,3
514,289,3
514,291,3
514,297,3
514,302,3
514,304,4
514,307,2
514,308,3
514,309,3
514,315,2
514,319,3
514,320,3
514,321,3
514,323,2
514,326,2
514,329,3
514,334,4
514,339,3
514,343,2
514,345,2
514,346,2
514,348,3
514,352,2
514,353,2
514,360,3
514,362,2
514,363,3
514,366,2
514,372,2
514,376,3
514,377,2
514,379,3
514,380,3
514,381,2
514,384,2
514,385,3
514,387,3
514,394,2
514,396,3
514,398,3
514,400,2
515,2,2
515,6,2
515,7,3
515,8,3
515,22,4
515,38,3
515,48,2
515,54,3
515,65,2
515,66,3
515,73,2
515,86,3
515,87,2
515,93,3
515,110,2
515,111,3
515,112,2
515,113,4
515,120,3
515,125,3
515,142,4
515,151,4
515,169,2
515,173,2
515,190,2
515,202,3
515,203,3
515,208,3
515,217,4
515,220,2
515,225,4
515,233,3
515,249,1
515,255,3
515,266,3
515,275,2
515,276,3
515,277,3
515,283,4
515,288,3
515,292,3
515,293,2
515,315,1
515,316,3
515,319,3
515,337,3
515,345,4
515,346,4
515,357,3
515,362,1
515,366,3
515,373,3
515,377,3
515,381,4
516,6,3
516,7,3
516,8,3
516,10,3
516,11,1
516,17,3
516,26,5
516,29,3
516,32,2
516,34,3
516,35,3
516,43,4
516,59,4
516,67,4
516,74,5
516,78,3
516,88,3
516,93,4
516,110,4
516,122,4
516,125,3
516,142,4
516,150,4
516,151,4
516,152,3
516,153,4
516,154,3
516,160,5
516,162,4
516,167,4
516,182,3
516,184,4
516,189,4
516,198,2
516,199,4
516,200,3
516,213,4
516,222,4
516,230,2
516,232,4
516,234,4
516,242,4
516,246,2
516,258,3
516,266,3
516,269,4
516,272,4
516,280,3
516,293,2
516,299,3
516,301,3
516,307,3
516,319,4
516,325,3
516,329,5
516,337,5
516,346,4
516,353,4
516,354,3
516,392,4
517,3,5
517,6,4
517,15,4
517,25,4
517,28,3
517,32,3
517,62,4
517,71,3
517,73,4
517,84,4
517,87,4
517,88,5
517,95,5
517,97,4
517,109,3
517,110,4
517,114,3
517,121,3
517,125,4
517,127,4
517,131,4
517,137,4
517,139,4
517,140,4
517,148,3
517,151,4
517,153,3
517,154,3
517,159,3
517,173,5
517,174,4
517,198,3
517,199,4
517,202,4
517,211,5
517,216,2
517,234,4
517,244,3
517,253,4
517,276,4
517,284,4
517,290,4
517,301,4
517,315,3
517,316,3
517,321,5
517,323,4
517,325,3
517,326,5
517,329,5
517,341,3
517,342,3
517,344,3
517,346,4
517,350,3
517,354,4
517,357,5
517,363,3
517,368,5
517,370,4
517,387,3
517,391,3
517,394,2
518,2,3
518,10,3
518,12,3
518,15,4
518,34,3
518,37,3
518,50,5
518,51,3
518,58,3
518,66,4
518,88,4
518,93,4
518,120,4
518,125,4
518,131,4
518,138,3
518,139,3
518,143,4
518,146,4
518,153,5
518,154,3
518,186,2
518,225,4
518,255,5
518,262,4
518,267,3
518,269,4
518,308,4
518,316,4
518,326,4
518,348,4
518,357,4
518,363,3
519,8,3
519,24,4
519,25,3
519,29,3
519,35,3
519,38,4
519,59,4
519,73,4
519,109,4
519,122,3
519,127,3
519,136,4
519,139,4
519,144,4
519,151,4
519,154,3
519,156,3
519,160,4
519,167,4
519,169,4
519,181,3
519,202,3
519,213,5
519,217,5
519,219,4
519,220,2
519,224,3
519,238,2
519,240,4
519,261,4
519,273,4
519,277,4
519,290,3
519,308,3
519,309,3
519,315,3
519,319,4
519,325,4
519,343,3
519,347,4
519,353,3
519,354,4
519,380,4
519,394,3
520,9,4
520,24,4
520,27,3
520,42,2
520,62,4
520,64,4
520,71,3
520,78,3
520,87,5
520,93,3
520,122,4
520,130,4
520,132,4
520,139,3
520,154,4
520,164,3
520,184,4
520,200,4
520,217,4
520,230,5
520,234,4
520,245,4
520,261,3
520,266,4
520,290,4
520,293,3
520,295,4
520,301,3
520,308,3
520,321,4
520,364,4
520,370,4
520,372,3
520,373,3
520,384,5
521,9,3
521,10,3
521,31,4
521,44,4
521,48,3
521,55,3
521,60,2
521,73,4
521,74,4
521,78,3
521,84,3
521,91,3
521,95,2
521,112,4
521,122,4
521,130,3
521,136,3
521,145,3
521,181,3
521,189,4
521,246,3
521,263,4
521,277,4
521,296,4
521,300,3
521,308,4
521,310,4
521,316,4
521,320,4
521,326,3
521,335,3
521,344,4
521,348,3
521,353,4
521,356,4
521,368,4
521,370,4
521,372,2
521,387,2
521,396,3
522,4,3
522,6,4
522,7,4
522,8,5
522,9,5
522,10,4
522,11,3
522,12,5
522,13,5
522,15,4
522,20,4
522,22,5
522,23,4
522,24,4
522,25,4
522,26,4
522,27,4
522,29,5
522,31,4
522,32,4
522,35,5
522,38,5
522,39,3
522,41,3
522,42,3
522,45,4
522,48,4
522,50,4
522,53,4
522,54,5
522,57,3
522,61,3
522,62,4
522,63,3
522,65,2
522,66,4
522,67,5
522,68,4
522,69,5
522,70,4
522,71,5
522,73,3
522,74,4
522,76,4
522,78,4
522,79,5
522,80,4
522,82,3
522,83,4
522,84,4
522,86,3
522,87,4
522,88,4
522,89,5
522,90,3
522,92,3
522,93,4
522,94,4
522,97,4
522,98,4
522,101,3
522,103,4
522,106,5
522,107,4
522,109,3
522,110,4
522,111,3
522,112,3
522,113,5
522,115,4
522,117,3
522,120,3
522,123,4
522,125,4
522,127,4
522,129,4
522,130,4
522,131,3
522,132,5
522,133,4
522,134,4
522,135,4
522,138,3
522,139,4
522,140,3
522,141,4
522,142,5
522,143,3
522,147,4
522,148,4
522,151,3
522,153,5
522,154,5
522,160,3
522,162,4
522,167,4
522,174,3
522,178,4
522,180,3
522,181,4
522,183,3
522,185,2
522,186,4
522,187,5
522,188,4
522,189,4
522,190,4
522,191,4
522,193,3
522,194,4
522,197,4
522,200,3
522,202,4
522,203,4
522,205,4
522,206,5
522,207,4
522,208,4
522,210,4
522,211,3
522,212,2
522,213,4
522,216,3
522,217,5
522,218,3
522,219,5
522,220,3
522,221,3
522,222,4
522,223,4
522,225,4
522,228,4
522,232,4
522,233,4
522,234,4
522,236,4
522,237,4
522,239,4
522,241,3
522,242,5
522,243,4
522,245,3
522,246,4
522,247,3
522,248,3
522,250,4
522,251,3
522,252,3
522,253,5
522,256,4
522,257,3
522,258,4
522,260,4
522,262,3
522,263,4
522,266,3
522,267,5
522,269,4
522,273,3
522,274,4
522,275,3
522,276,4
522,278,4
522,281,4
522,285,4
522,286,4
522,287,5
522,289,3
522,290,3
522,293,4
522,295,4
522,296,3
522,298,4
522,299,4
522,300,4
522,301,4
522,302,5
522,306,4
522,307,3
522,308,3
522,310,5
522,312,3
522,313,3
522,314,4
522,315,4
522,316,5
522,317,5
522,319,5
522,320,3
522,321,4
522,323,4
522,325,4
522,326,4
522,327,5
522,328,5
522,329,5
522,330,5
522,331,5
522,332,5
522,333,5
522,334,5
522,338,4
522,339,4
522,341,4
522,345,4
522,346,2
522,350,4
522,352,4
522,353,3
522,355,3
522,356,4
522,358,5
522,359,3
522,363,4
522,364,5
522,365,5
522,368,3
522,369,4
522,372,4
522,375,4
522,379,5
522,380,4
522,381,4
522,382,5
522,383,4
522,384,4
522,385,4
522,386,4
522,387,4
522,388,5
522,389,4
522,390,4
522,392,5
522,394,4
522,395,4
522,397,3
523,5,3
523,42,3
523,48,4
523,50,5
523,74,4
523,80,4
523,90,4
523,111,3
523,125,4
523,146,4
523,156,4
523,169,4
523,173,4
523,176,3
523,191,3
523,208,5
523,232,4
523,234,4
523,245,3
523,255,4
523,258,3
523,282,4
523,284,3
523,301,4
523,310,5
523,315,4
523,316,4
523,319,5
523,335,4
523,338,4
523,343,3
524,2,3
524,5,3
524,22,4
524,30,3
524,31,3
524,33,1
524,48,5
524,53,3
524,60,2
524,71,3
524,80,4
524,88,5
524,93,3
524,99,3
524,118,4
524,122,3
524,130,3
524,144,4
524,164,4
524,166,1
524,172,3
524,184,4
524,186,2
524,201,3
524,206,3
524,213,3
524,223,3
524,227,3
524,249,4
524,251,3
524,253,3
524,255,4
524,261,2
524,277,4
524,281,2
524,290,4
524,297,4
524,299,4
524,301,3
524,313,2
524,319,3
524,330,3
524,333,3
524,335,3
524,337,3
524,348,5
524,350,2
524,370,5
524,377,5
524,382,3
524,383,3
524,384,4
525,8,4
525,11,3
525,15,4
525,27,3
525,29,3
525,34,5
525,35,4
525,39,4
525,48,4
525,66,4
525,73,4
525,79,4
525,99,3
525,110,2
525,113,4
525,122,3
525,132,4
525,136,4
525,147,4
525,151,4
525,154,2
525,173,4
525,189,5
525,198,4
525,199,4
525,232,4
525,237,4
525,255,4
525,261,3
525,269,4
525,278,4
525,308,4
525,309,4
525,316,5
525,333,4
525,337,3
525,357,3
525,358,3
525,363,4
525,370,4
525,385,3
525,390,4
525,394,3
525,397,4
525,399,4
526,2,3
526,3,4
526,5,2
526,7,3
526,8,3
526,10,3
526,11,1
526,12,3
526,13,3
526,22,4
526,24,2
526,25,2
526,26,2
526,27,3
526,29,3
526,31,2
526,33,3
526,34,3
526,35,3
526,38,4
526,40,3
526,41,3
526,44,4
526,48,4
526,53,2
526,54,2
526,60,1
526,61,2
526,64,3
526,66,3
526,67,3
526,68,3
526,70,2
526,71,4
526,74,3
526,76,3
526,78,4
526,80,4
526,85,2
526,88,5
526,98,3
526,103,1
526,106,3
526,109,3
526,114,3
526,115,3
526,120,3
526,121,3
526,122,3
526,125,3
526,127,3
526,128,3
526,129,4
526,131,3
526,135,4
526,137,4
526,139,3
526,143,3
526,147,2
526,149,2
526,153,4
526,154,3
526,160,2
526,161,3
526,163,3
526,164,3
526,167,4
526,172,3
526,173,4
526,175,3
526,181,3
526,182,3
526,183,4
526,184,3
526,188,4
526,189,3
526,195,2
526,196,2
526,197,2
526,198,3
526,201,3
526,202,2
526,203,4
526,208,4
526,210,3
526,211,2
526,214,3
526,216,3
526,220,3
526,224,3
526,226,4
526,232,2
526,233,3
526,234,2
526,237,3
526,240,3
526,243,3
526,244,3
526,245,3
526,249,2
526,252,2
526,255,4
526,256,4
526,261,2
526,262,3
526,263,3
526,265,3
526,269,4
526,271,5
526,272,3
526,275,3
526,277,2
526,278,3
526,284,4
526,286,3
526,288,3
526,289,3
526,290,3
526,291,4
526,293,3
526,298,3
526,299,2
526,300,3
526,301,3
526,302,4
526,307,2
526,313,3
526,315,3
526,316,4
526,318,4
526,319,3
526,320,2
526,321,3
526,326,3
526,327,4
526,329,4
526,330,2
526,334,2
526,339,2
526,340,3
526,345,2
526,346,3
526,347,3
526,348,4
526,351,4
526,352,3
526,354,2
526,356,4
526,357,3
526,366,2
526,370,4
526,372,3
526,378,3
526,381,4
526,382,3
526,383,2
526,384,3
526,387,2
526,390,3
526,392,4
526,393,3
526,396,3
526,398,3
527,2,3
527,3,3
527,6,3
527,25,3
527,27,3
527,29,2
527,44,4
527,80,3
527,88,3
527,127,2
527,128,3
527,137,4
527,151,3
527,156,4
527,160,3
527,168,2
527,176,2
527,182,2
527,219,3
527,234,4
527,244,4
527,255,4
527,269,3
527,275,4
527,284,2
527,298,2
527,301,4
527,303,3
527,332,5
527,348,3
527,353,3
527,357,3
527,362,2
527,365,1
528,6,5
528,9,4
528,11,2
528,12,5
528,15,4
528,24,4
528,25,3
528,43,3
528,48,4
528,49,4
528,60,2
528,67,5
528,74,4
528,76,3
528,84,5
528,87,3
528,88,3
528,93,4
528,111,4
528,116,5
528,120,4
528,122,3
528,123,4
528,131,4
528,134,5
528,146,4
528,151,4
528,159,3
528,160,3
528,173,4
528,176,4
528,180,3
528,181,4
528,184,3
528,187,5
528,189,4
528,202,4
528,206,4
528,207,3
528,220,3
528,244,5
528,249,4
528,253,3
528,255,4
528,259,5
528,261,5
528,264,4
528,266,3
528,278,5
528,289,4
528,301,3
528,307,5
528,309,4
528,316,4
528,318,3
528,326,5
528,330,3
528,338,4
528,339,4
528,348,5
528,350,4
528,353,3
528,357,3
528,389,4
528,393,5
528,395,2
529,2,2
529,3,4
529,6,4
529,7,3
529,8,3
529,9,4
529,10,2
529,11,2
529,12,3
529,13,5
529,14,3
529,15,3
529,19,3
529,22,4
529,23,4
529,24,4
529,28,2
529,29,2
529,32,3
529,33,2
529,34,4
529,39,3
529,42,3
529,44,4
529,47,3
529,48,4
529,52,3
529,53,3
529,56,3
529,66,2
529,67,5
529,69,4
529,71,4
529,74,4
529,78,3
529,80,4
529,83,4
529,88,2
529,92,4
529,93,4
529,96,3
529,98,4
529,103,3
529,107,3
529,109,4
529,110,2
529,111,5
529,112,3
529,115,3
529,116,3
529,119,2
529,120,3
529,125,3
529,127,3
529,128,3
529,130,4
529,134,4
529,137,3
529,143,2
529,144,4
529,145,3
529,146,3
529,149,3
529,153,2
529,156,5
529,157,5
529,158,5
529,159,4
529,160,4
529,164,5
529,167,4
529,168,3
529,171,3
529,176,3
529,177,3
529,182,3
529,183,4
529,185,3
529,189,5
529,190,1
529,193,3
529,197,3
529,198,2
529,200,3
529,202,3
529,206,4
529,210,4
529,212,2
529,213,3
529,216,2
529,217,3
529,220,2
529,227,3
529,232,4
529,234,4
529,235,3
529,237,3
529,238,3
529,239,4
529,244,4
529,249,3
529,250,3
529,252,4
529,253,4
529,254,3
529,255,2
529,260,3
529,261,3
529,263,4
529,264,2
529,266,3
529,274,4
529,277,3
529,284,3
529,286,3
529,290,3
529,294,2
529,297,4
529,298,4
529,301,2
529,302,5
529,303,3
529,306,3
529,307,3
529,308,4
529,309,3
529,313,4
529,318,4
529,319,3
529,320,4
529,321,4
529,323,4
529,326,3
529,328,3
529,329,3
529,330,3
529,332,5
529,333,3
529,337,4
529,338,4
529,339,5
529,345,4
529,346,3
529,347,4
529,348,4
529,350,3
529,354,3
529,355,3
529,356,4
529,357,5
529,360,3
529,362,3
529,366,2
529,369,3
529,370,5
529,373,3
529,377,4
529,380,4
529,381,4
529,382,5
529,384,4
529,386,5
529,387,3
529,391,3
529,392,4
529,393,3
529,398,3
529,400,2
530,9,3
530,50,2
530,67,3
530,71,2
530,72,3
530,76,3
530,93,2
530,96,2
530,122,3
530,140,3
530,169,2
530,184,2
530,186,2
530,189,2
530,208,3
530,210,3
530,220,2
530,234,2
530,255,2
530,261,4
530,274,3
530,285,3
530,290,3
530,291,3
530,298,3
530,301,3
530,302,3
530,305,3
530,316,2
530,332,4
530,338,3
530,339,2
530,381,3
531,3,4
531,8,4
531,31,3
531,51,3
531,63,4
531,64,3
531,74,4
531,77,4
531,79,2
531,95,5
531,109,3
531,110,3
531,127,4
531,130,4
531,131,4
531,137,4
531,146,3
531,154,3
531,160,3
531,164,4
531,172,4
531,177,2
531,185,3
531,198,2
531,205,4
531,206,3
531,220,3
531,223,3
531,228,3
531,238,4
531,239,3
531,242,3
531,244,4
531,249,4
531,256,5
531,258,4
531,262,2
531,269,4
531,277,4
531,284,3
531,286,3
531,288,4
531,297,4
531,300,4
531,301,4
531,308,4
531,310,5
531,313,3
531,315,4
531,319,3
531,329,3
531,333,3
531,337,3
531,340,3
531,344,2
531,345,3
531,346,3
531,351,4
531,353,3
531,354,2
531,355,2
531,356,4
531,357,3
531,362,3
531,364,3
531,368,4
531,371,4
531,377,3
531,384,4
531,393,3
532,6,4
532,9,2
532,54,4
532,73,4
532,74,5
532,76,4
532,77,3
532,78,4
532,79,4
532,80,5
532,86,4
532,92,4
532,122,4
532,138,4
532,151,4
532,160,3
532,183,5
532,184,3
532,202,4
532,207,3
532,211,3
532,291,5
532,315,3
532,326,4
532,333,3
532,334,4
532,338,4
532,345,3
532,348,5
532,351,3
532,360,5
532,368,3
533,5,4
533,6,5
533,9,4
533,11,4
533,15,4
533,31,3
533,33,3
533,34,4
533,44,5
533,47,4
533,49,4
533,50,4
533,67,5
533,80,4
533,87,4
533,93,5
533,115,5
533,120,4
533,122,3
533,153,4
533,160,4
533,164,5
533,172,4
533,177,5
533,187,4
533,188,3
533,189,4
533,190,3
533,196,3
533,198,3
533,200,5
533,204,5
533,216,3
533,217,4
533,220,4
533,232,3
533,233,3
533,234,5
533,235,4
533,237,4
533,240,4
533,250,4
533,255,5
533,257,3
533,258,5
533,260,5
533,267,4
533,268,5
533,270,4
533,272,5
533,277,5
533,288,5
533,293,4
533,299,3
533,302,5
533,304,5
533,308,4
533,311,4
533,313,4
533,315,4
533,318,5
533,323,4
533,331,5
533,332,5
533,340,4
533,346,4
533,350,4
533,354,4
533,355,4
533,357,5
533,359,4
533,368,4
533,384,5
533,385,4
533,389,4
533,392,4
534,6,3
534,7,3
534,8,3
534,10,4
534,11,2
534,12,3
534,13,3
534,18,2
534,23,2
534,26,3
534,34,4
534,35,2
534,42,4
534,48,2
534,66,3
534,73,4
534,76,3
534,80,4
534,82,3
534,85,4
534,87,3
534,88,3
534,107,2
534,116,3
534,117,3
534,122,3
534,124,3
534,128,3
534,130,2
534,134,4
534,136,3
534,139,2
534,144,3
534,146,3
534,150,4
534,160,3
534,161,3
534,173,3
534,183,4
534,184,3
534,189,3
534,198,3
534,206,3
534,213,4
534,217,3
534,223,3
534,226,3
534,232,3
534,237,4
534,240,3
534,252,3
534,255,3
534,273,3
534,277,4
534,283,3
534,284,2
534,291,5
534,295,3
534,299,3
534,301,2
534,302,3
534,309,4
534,315,2
534,316,4
534,318,3
534,320,2
534,325,3
534,346,3
534,353,3
534,354,3
534,357,3
534,360,3
534,366,2
534,370,4
534,372,3
534,379,4
534,381,3
534,384,4
534,391,3
534,395,3
534,398,3
535,5,4
535,13,4
535,41,3
535,42,2
535,48,3
535,54,4
535,95,5
535,116,4
535,127,5
535,155,5
535,160,3
535,187,4
535,233,4
535,236,4
535,261,4
535,276,4
535,283,4
535,316,5
535,326,4
535,332,5
535,338,3
535,354,4
535,357,3
536,6,3
536,11,3
536,12,4
536,27,2
536,42,3
536,45,5
536,54,5
536,67,5
536,72,2
536,78,3
536,80,5
536,81,4
536,84,5
536,88,3
536,107,4
536,122,2
536,130,3
536,132,4
536,143,2
536,151,3
536,169,3
536,176,2
536,193,3
536,206,4
536,214,4
536,222,4
536,230,4
536,239,5
536,240,4
536,244,4
536,247,3
536,249,4
536,253,4
536,255,5
536,267,4
536,290,3
536,300,5
536,313,4
536,316,4
536,319,4
536,337,4
536,339,4
536,346,4
536,355,3
536,364,4
536,366,3
536,370,5
536,381,4
536,384,4
536,386,4
537,1,3
537,10,3
537,34,3
537,38,2
537,44,4
537,60,1
537,73,2
537,81,2
537,87,3
537,104,2
537,110,2
537,127,3
537,128,2
537,130,4
537,142,4
537,150,3
537,162,2
537,169,2
537,175,3
537,186,2
537,190,3
537,203,3
537,213,2
537,228,2
537,237,3
537,240,4
537,246,2
537,255,3
537,258,3
537,266,3
537,269,3
537,285,3
537,286,3
537,290,3
537,315,2
537,316,3
537,319,4
537,325,2
537,327,3
537,333,3
537,346,1
537,347,3
537,364,3
537,370,5
537,379,4
537,384,3
538,25,4
538,38,4
538,63,4
538,87,3
538,95,3
538,107,2
538,113,3
538,137,4
538,185,1
538,193,3
538,213,3
538,217,3
538,223,3
538,226,5
538,254,3
538,255,4
538,261,3
538,275,5
538,282,5
538,284,3
538,285,2
538,286,3
538,293,3
538,311,2
538,316,4
538,325,2
538,329,3
538,330,2
538,335,2
538,344,3
538,346,4
538,353,3
538,370,4
538,386,2
538,399,3
539,1,4
539,2,4
539,5,3
539,6,3
539,8,3
539,9,2
539,10,3
539,12,4
539,13,2
539,14,1
539,19,1
539,25,2
539,26,3
539,27,3
539,29,3
539,30,3
539,31,1
539,32,2
539,34,3
539,35,4
539,38,4
539,39,3
539,40,3
539,41,2
539,42,2
539,43,2
539,44,2
539,45,2
539,47,3
539,48,4
539,49,2
539,52,2
539,53,4
539,54,3
539,57,2
539,59,3
539,60,2
539,63,3
539,65,2
539,66,2
539,67,3
539,68,3
539,69,1
539,70,1
539,71,4
539,72,3
539,73,2
539,74,3
539,76,3
539,77,3
539,80,4
539,83,3
539,87,3
539,90,2
539,91,2
539,92,3
539,93,2
539,95,2
539,97,1
539,98,1
539,99,2
539,100,2
539,101,2
539,103,3
539,106,3
539,107,2
539,108,2
539,109,2
539,110,3
539,113,3
539,114,2
539,116,3
539,117,1
539,118,2
539,119,2
539,120,2
539,121,1
539,122,3
539,124,1
539,127,3
539,128,3
539,130,1
539,132,1
539,134,3
539,135,3
539,136,1
539,137,2
539,138,2
539,139,2
539,142,4
539,143,2
539,146,2
539,147,3
539,149,2
539,151,2
539,152,1
539,153,4
539,154,2
539,155,3
539,156,3
539,158,2
539,161,3
539,162,3
539,163,3
539,164,2
539,168,2
539,169,3
539,171,4
539,172,2
539,173,4
539,174,2
539,175,2
539,176,3
539,177,3
539,181,4
539,182,3
539,184,3
539,185,2
539,186,3
539,189,2
539,195,2
539,197,4
539,200,2
539,201,1
539,202,2
539,205,3
539,206,4
539,208,4
539,211,3
539,212,2
539,213,3
539,214,4
539,216,3
539,217,2
539,219,3
539,220,3
539,222,3
539,224,2
539,225,3
539,226,4
539,227,2
539,228,2
539,230,4
539,231,5
539,232,3
539,233,2
539,234,2
539,236,4
539,237,2
539,239,1
539,240,2
539,241,1
539,244,2
539,245,1
539,246,1
539,247,4
539,249,3
539,252,2
539,253,3
539,256,4
539,258,1
539,260,3
539,261,3
539,263,1
539,264,2
539,266,2
539,268,1
539,269,4
539,271,4
539,272,2
539,275,3
539,276,2
539,277,3
539,280,3
539,281,3
539,283,3
539,284,2
539,286,2
539,288,2
539,289,3
539,290,3
539,291,1
539,293,1
539,295,3
539,298,2
539,299,3
539,301,2
539,302,3
539,303,3
539,307,3
539,308,3
539,309,3
539,310,3
539,313,2
539,314,2
539,315,3
539,316,4
539,318,2
539,320,3
539,321,2
539,323,2
539,324,3
539,325,1
539,326,3
539,328,4
539,329,4
539,330,3
539,332,3
539,333,1
539,335,3
539,337,1
539,338,4
539,339,3
539,343,2
539,346,3
539,348,4
539,352,2
539,353,2
539,354,4
539,355,2
539,356,5
539,357,2
539,359,3
539,362,3
539,363,2
539,364,3
539,365,1
539,367,3
539,368,2
539,369,1
539,370,5
539,371,3
539,372,3
539,374,2
539,375,3
539,376,4
539,377,3
539,379,3
539,380,3
539,381,3
539,382,3
539,383,3
539,384,3
539,385,2
539,386,1
539,387,3
539,388,4
539,389,3
539,391,4
539,392,4
539,394,2
539,396,3
539,399,2
539,400,2
540,9,4
540,38,4
540,61,3
540,70,2
540,74,3
540,93,4
540,125,3
540,137,4
540,155,3
540,161,4
540,197,3
540,208,3
540,224,3
540,230,3
540,257,3
540,258,4
540,269,4
540,273,3
540,318,3
540,326,4
540,346,4
540,374,2
540,377,4
540,385,4
540,389,3
541,7,3
541,10,4
541,22,4
541,25,4
541,36,4
541,37,3
541,53,4
541,60,3
541,71,4
541,73,4
541,86,3
541,87,3
541,88,3
541,91,5
541,109,3
541,116,4
541,120,5
541,137,4
541,139,3
541,145,3
541,172,4
541,201,4
541,202,4
541,208,3
541,227,4
541,236,3
541,240,4
541,246,4
541,254,5
541,257,3
541,259,2
541,264,3
541,266,3
541,292,3
541,296,4
541,315,3
541,326,4
541,328,5
541,333,4
541,338,5
541,346,5
541,351,5
541,357,5
541,366,3
541,372,3
541,389,3
541,400,3
542,5,4
542,8,4
542,9,1
542,11,1
542,13,4
542,15,3
542,23,5
542,25,4
542,27,4
542,31,2
542,34,3
542,42,3
542,48,4
542,49,4
542,54,4
542,67,4
542,69,3
542,74,4
542,76,3
542,77,3
542,79,3
542,84,3
542,87,4
542,88,4
542,93,4
542,100,2
542,103,1
542,109,2
542,110,3
542,111,3
542,114,2
542,116,4
542,119,4
542,120,2
542,124,2
542,125,3
542,128,3
542,137,3
542,143,3
542,154,3
542,155,5
542,160,3
542,164,3
542,166,1
542,167,4
542,169,2
542,172,3
542,174,2
542,181,4
542,197,4
542,202,4
542,206,4
542,208,4
542,209,5
542,213,3
542,217,4
542,225,4
542,232,3
542,235,3
542,237,3
542,245,4
542,253,4
542,255,4
542,258,3
542,262,3
542,266,3
542,267,4
542,269,4
542,274,3
542,275,4
542,277,3
542,288,2
542,290,4
542,293,1
542,300,2
542,301,4
542,305,4
542,306,3
542,313,4
542,314,3
542,315,3
542,316,4
542,317,2
542,323,3
542,329,4
542,331,3
542,337,4
542,339,5
542,344,4
542,345,2
542,355,3
542,357,2
542,364,4
542,365,2
542,366,2
542,370,5
542,384,5
542,386,2
542,388,4
543,12,3
543,13,4
543,19,3
543,35,4
543,48,4
543,53,4
543,61,3
543,67,5
543,87,3
543,88,3
543,99,4
543,111,4
543,117,3
543,122,4
543,125,3
543,139,4
543,143,5
543,170,3
543,185,3
543,194,4
543,200,3
543,205,4
543,212,2
543,234,3
543,244,5
543,246,4
543,269,4
543,275,4
543,276,4
543,293,4
543,300,3
543,316,5
543,319,3
543,321,4
543,335,3
543,338,2
543,339,4
543,342,3
543,345,3
543,356,4
543,363,3
543,380,4
543,384,4
544,6,3
544,7,3
544,8,3
544,10,4
544,12,4
544,26,3
544,27,3
544,29,3
544,30,5
544,31,3
544,32,3
544,34,4
544,44,4
544,49,4
544,60,3
544,65,3
544,67,4
544,71,3
544,73,4
544,74,4
544,79,3
544,84,4
544,87,3
544,88,4
544,93,5
544,95,4
544,98,3
544,101,4
544,107,3
544,109,3
544,115,3
544,129,4
544,138,4
544,139,4
544,143,3
544,146,4
544,156,4
544,158,3
544,160,4
544,164,4
544,200,4
544,211,3
544,212,3
544,217,4
544,228,3
544,240,3
544,255,4
544,258,3
544,260,5
544,261,3
544,269,5
544,275,3
544,277,3
544,290,3
544,293,4
544,301,3
544,307,4
544,314,4
544,315,4
544,316,4
544,321,5
544,324,5
544,325,2
544,327,3
544,333,3
544,337,4
544,348,5
544,350,4
544,353,3
544,354,5
544,356,4
544,357,4
544,370,5
544,372,3
544,378,5
544,384,5
544,387,5
544,388,4
544,390,3
544,393,5
545,8,3
545,11,2
545,12,3
545,34,5
545,64,3
545,71,4
545,77,4
545,84,4
545,88,4
545,89,5
545,90,3
545,92,4
545,112,4
545,122,3
545,135,4
545,147,3
545,154,4
545,155,3
545,172,3
545,181,4
545,194,4
545,217,4
545,220,3
545,222,4
545,255,3
545,266,4
545,269,5
545,293,3
545,300,4
545,301,3
545,307,3
545,311,3
545,316,4
545,319,3
545,339,5
545,360,3
545,370,5
545,377,3
545,379,3
545,382,5
545,384,4
545,390,4
545,394,3
545,399,4
546,8,3
546,9,3
546,11,2
546,37,2
546,52,3
546,53,3
546,67,4
546,77,4
546,85,3
546,87,3
546,88,3
546,95,4
546,98,2
546,128,4
546,142,4
546,146,4
546,184,4
546,190,3
546,191,2
546,200,3
546,212,2
546,213,4
546,219,3
546,223,5
546,225,4
546,234,3
546,244,4
546,248,4
546,255,3
546,269,3
546,275,2
546,284,3
546,288,3
546,304,4
546,313,3
546,320,3
546,333,2
546,336,4
546,350,3
546,354,3
546,357,4
546,360,4
546,372,2
546,379,3
546,384,4
546,400,3
547,5,4
547,6,3
547,13,5
547,19,3
547,27,3
547,34,4
547,36,4
547,47,4
547,48,4
547,53,5
547,54,5
547,56,2
547,59,3
547,60,2
547,74,3
547,76,4
547,84,4
547,87,4
547,88,3
547,93,4
547,110,4
547,111,3
547,122,4
547,125,2
547,127,4
547,132,2
547,140,2
547,153,4
547,154,5
547,158,3
547,164,4
547,166,3
547,175,2
547,177,3
547,189,4
547,198,3
547,200,4
547,205,3
547,207,3
547,216,3
547,232,5
547,234,3
547,237,3
547,245,3
547,255,5
547,257,3
547,269,4
547,277,5
547,279,4
547,287,2
547,290,3
547,298,4
547,299,4
547,301,3
547,306,3
547,307,3
547,311,4
547,316,3
547,325,3
547,327,2
547,333,3
547,335,4
547,345,2
547,346,3
547,354,3
547,356,4
547,370,5
547,374,2
547,384,4
547,388,3
547,391,4
548,3,5
548,4,3
548,7,3
548,9,4
548,11,1
548,19,3
548,24,4
548,25,4
548,27,4
548,31,3
548,35,4
548,41,3
548,50,3
548,51,3
548,61,2
548,76,3
548,79,3
548,80,4
548,84,3
548,90,3
548,93,3
548,102,4
548,104,2
548,109,3
548,110,3
548,116,4
548,120,4
548,122,5
548,126,4
548,130,3
548,134,4
548,139,3
548,142,3
548,145,3
548,146,3
548,149,3
548,151,3
548,156,4
548,159,3
548,160,4
548,172,3
548,182,3
548,183,4
548,185,3
548,193,2
548,198,4
548,199,4
548,200,3
548,203,3
548,205,3
548,211,3
548,213,3
548,217,4
548,225,3
548,233,2
548,245,4
548,255,4
548,260,3
548,261,3
548,263,2
548,266,3
548,268,3
548,269,3
548,271,4
548,272,4
548,275,4
548,284,3
548,293,3
548,295,3
548,299,3
548,301,5
548,302,4
548,304,4
548,307,4
548,309,3
548,311,3
548,315,2
548,316,4
548,317,4
548,319,4
548,323,4
548,328,3
548,329,4
548,330,4
548,331,3
548,332,5
548,333,3
548,334,3
548,337,4
548,338,3
548,345,2
548,348,4
548,353,3
548,354,3
548,362,3
548,370,4
548,380,3
548,382,4
548,384,4
548,385,3
548,390,3
548,396,3
548,397,3
548,399,4
549,2,4
549,13,5
549,21,4
549,23,4
549,25,4
549,30,4
549,31,3
549,36,5
549,41,3
549,43,3
549,50,5
549,73,4
549,79,4
549,82,4
549,93,3
549,101,2
549,110,4
549,123,4
549,125,5
549,138,4
549,139,2
549,142,4
549,151,4
549,153,5
549,154,3
549,164,5
549,166,2
549,169,3
549,181,4
549,182,3
549,185,4
549,189,4
549,190,4
549,191,4
549,194,4
549,206,3
549,208,4
549,210,2
549,212,3
549,213,4
549,233,5
549,236,4
549,244,3
549,255,4
549,261,2
549,266,5
549,283,4
549,284,4
549,290,4
549,292,3
549,300,2
549,302,3
549,304,5
549,307,3
549,309,2
549,313,4
549,325,4
549,326,4
549,330,2
549,331,3
549,333,3
549,339,4
549,345,3
549,348,5
549,354,3
549,357,3
549,360,4
549,370,4
549,393,4
550,2,3
550,13,4
550,15,3
550,19,3
550,27,4
550,34,3
550,36,3
550,44,3
550,48,4
550,57,3
550,62,3
550,64,4
550,74,2
550,80,3
550,83,2
550,87,5
550,91,1
550,93,4
550,99,3
550,107,2
550,110,1
550,122,3
550,125,3
550,143,3
550,146,3
550,151,3
550,159,3
550,160,3
550,167,2
550,191,2
550,198,3
550,202,3
550,211,3
550,214,5
550,217,2
550,223,2
550,232,2
550,234,2
550,239,2
550,240,3
550,244,3
550,246,2
550,255,4
550,258,3
550,266,3
550,269,4
550,275,2
550,299,2
550,308,4
550,309,1
550,313,3
550,315,3
550,316,4
550,317,4
550,319,3
550,321,2
550,333,3
550,350,3
550,351,4
550,353,3
550,357,3
550,360,3
550,362,3
550,363,3
550,377,3
550,379,3
550,384,4
550,385,2
550,388,1
550,389,2
551,3,5
551,5,4
551,7,2
551,11,2
551,12,3
551,13,4
551,28,4
551,42,3
551,48,5
551,54,2
551,61,3
551,64,3
551,67,4
551,72,3
551,80,4
551,83,3
551,86,3
551,87,5
551,88,3
551,98,4
551,112,3
551,114,5
551,122,4
551,132,3
551,139,4
551,160,3
551,161,3
551,188,3
551,198,3
551,202,4
551,205,3
551,213,3
551,224,3
551,246,2
551,254,4
551,255,4
551,261,3
551,266,3
551,269,4
551,275,4
551,278,4
551,289,4
551,303,3
551,308,4
551,315,4
551,316,5
551,319,4
551,321,4
551,331,4
551,333,3
551,345,3
551,346,3
551,351,3
551,353,4
551,354,4
551,363,1
551,384,3
551,394,2
552,12,3
552,13,4
552,39,3
552,67,5
552,151,3
552,156,3
552,174,2
552,200,3
552,253,3
552,269,3
552,301,3
552,309,4
552,320,2
552,345,3
552,350,3
552,354,3
552,357,4
552,363,2
552,377,2
552,384,3
552,385,2
552,387,3
552,394,4
552,399,2
553,10,2
553,19,3
553,38,3
553,53,3
553,61,1
553,73,4
553,80,4
553,82,3
553,95,3
553,98,1
553,113,3
553,114,3
553,117,3
553,122,3
553,125,2
553,131,3
553,135,3
553,145,3
553,149,2
553,166,2
553,168,4
553,171,2
553,172,3
553,187,3
553,206,3
553,207,1
553,232,2
553,237,3
553,238,2
553,255,4
553,259,3
553,271,4
553,284,3
553,290,2
553,301,3
553,315,4
553,333,3
553,355,3
553,356,3
553,363,2
553,382,3
553,388,3
554,8,2
554,22,3
554,34,3
554,71,2
554,76,1
554,84,2
554,87,3
554,98,2
554,110,1
554,114,2
554,118,2
554,139,1
554,150,4
554,155,2
554,156,3
554,160,2
554,169,2
554,172,2
554,176,3
554,226,2
554,246,2
554,255,3
554,261,1
554,285,2
554,290,2
554,296,3
554,299,2
554,315,2
554,319,2
554,328,3
554,336,4
554,337,2
554,345,2
554,392,3
554,397,1
555,5,3
555,9,4
555,31,4
555,41,4
555,59,4
555,63,4
555,67,5
555,76,3
555,85,3
555,95,4
555,98,4
555,102,4
555,107,3
555,110,4
555,126,4
555,137,5
555,139,3
555,180,3
555,198,4
555,200,3
555,201,3
555,206,4
555,209,4
555,213,4
555,219,4
555,222,3
555,225,4
555,234,3
555,237,4
555,253,4
555,275,3
555,344,4
555,345,3
555,357,4
555,399,2
556,2,2
556,23,3
556,34,3
556,48,3
556,71,4
556,73,3
556,82,3
556,84,3
556,87,3
556,88,2
556,93,3
556,109,3
556,110,2
556,117,2
556,125,3
556,130,4
556,148,4
556,151,4
556,163,2
556,164,2
556,178,3
556,202,3
556,217,2
556,228,3
556,237,3
556,245,2
556,246,3
556,248,2
556,254,3
556,297,3
556,299,4
556,303,3
556,308,2
556,316,4
556,345,3
556,381,3
556,383,3
556,384,4
556,391,1
556,394,3
557,50,4
557,58,3
557,60,1
557,63,4
557,80,4
557,90,2
557,107,3
557,110,3
557,139,3
557,167,3
557,216,3
557,255,4
557,269,3
557,277,4
557,284,2
557,287,4
557,290,5
557,305,4
557,316,3
557,327,3
557,370,5
557,373,1
558,6,3
558,7,3
558,31,3
558,53,4
558,63,3
558,67,4
558,71,4
558,74,4
558,78,3
558,87,3
558,88,3
558,90,3
558,97,2
558,103,2
558,107,3
558,110,4
558,114,4
558,136,3
558,150,4
558,151,2
558,159,3
558,160,4
558,164,5
558,177,4
558,189,5
558,202,3
558,213,5
558,239,5
558,240,5
558,246,4
558,249,4
558,251,4
558,268,3
558,269,4
558,277,4
558,301,4
558,308,4
558,316,4
558,319,4
558,323,5
558,329,3
558,354,3
558,360,3
558,367,3
558,372,1
558,377,3
559,6,4
559,8,4
559,10,3
559,11,2
559,13,3
559,19,3
559,20,3
559,29,3
559,34,4
559,47,3
559,50,4
559,57,3
559,67,5
559,76,2
559,85,3
559,87,3
559,98,3
559,109,2
559,130,3
559,134,5
559,143,3
559,169,3
559,172,4
559,173,3
559,175,3
559,182,3
559,217,3
559,219,3
559,236,3
559,240,3
559,241,2
559,244,4
559,261,3
559,263,4
559,266,3
559,275,3
559,286,3
559,289,3
559,290,4
559,307,3
559,316,3
559,318,3
559,319,3
559,320,3
559,323,4
559,328,3
559,329,4
559,345,3
559,354,3
559,356,5
559,370,4
559,377,4
559,385,3
559,394,3
559,395,3
560,7,3
560,8,3
560,9,5
560,11,3
560,15,4
560,23,4
560,25,3
560,29,4
560,31,3
560,34,5
560,43,3
560,61,3
560,67,5
560,74,4
560,76,3
560,80,5
560,82,4
560,88,3
560,103,4
560,111,3
560,121,5
560,122,4
560,125,3
560,128,5
560,131,3
560,136,4
560,144,4
560,149,4
560,153,3
560,154,4
560,160,5
560,164,5
560,171,4
560,173,5
560,178,4
560,184,3
560,186,4
560,187,4
560,190,3
560,198,3
560,213,4
560,224,4
560,228,4
560,234,3
560,237,3
560,249,5
560,252,4
560,269,4
560,272,5
560,275,3
560,277,3
560,278,4
560,291,5
560,294,3
560,296,3
560,299,3
560,301,4
560,309,5
560,313,4
560,315,3
560,321,3
560,329,5
560,333,4
560,338,3
560,342,2
560,345,4
560,354,4
560,357,4
560,360,4
560,363,4
560,392,5
560,400,4
561,5,2
561,11,2
561,15,3
561,22,4
561,27,3
561,48,3
561,54,3
561,60,2
561,73,3
561,74,3
561,79,2
561,81,2
561,87,3
561,95,4
561,103,2
561,122,3
561,134,4
561,151,3
561,154,3
561,175,3
561,181,3
561,190,3
561,194,3
561,196,2
561,200,3
561,205,3
561,223,3
561,239,3
561,246,3
561,247,4
561,253,3
561,258,3
561,262,2
561,275,3
561,277,3
561,283,3
561,284,3
561,291,4
561,309,2
561,313,3
561,315,2
561,316,3
561,333,3
561,348,4
561,357,3
561,376,3
561,384,4
561,387,3
561,390,4
561,399,4
562,2,3
562,3,4
562,10,3
562,13,4
562,15,4
562,34,4
562,40,4
562,50,5
562,71,3
562,73,4
562,74,5
562,80,5
562,84,4
562,87,4
562,93,4
562,99,3
562,114,4
562,122,5
562,130,4
562,132,3
562,137,4
562,139,2
562,153,4
562,155,4
562,156,5
562,159,3
562,166,3
562,174,2
562,179,4
562,181,4
562,184,4
562,189,4
562,193,2
562,195,5
562,198,3
562,200,4
562,202,4
562,210,3
562,217,5
562,223,5
562,228,4
562,234,3
562,251,5
562,261,3
562,262,2
562,266,4
562,269,5
562,281,3
562,284,4
562,290,3
562,293,4
562,301,5
562,302,4
562,309,4
562,312,2
562,315,1
562,319,5
562,326,4
562,329,4
562,334,4
562,337,3
562,343,4
562,346,5
562,348,5
562,353,4
562,355,4
562,370,5
562,372,3
562,377,3
562,388,5
562,389,4
562,396,4
562,398,3
562,399,4
563,9,4
563,11,3
563,12,4
563,13,5
563,15,4
563,25,5
563,29,4
563,42,4
563,64,4
563,67,5
563,73,4
563,77,4
563,88,3
563,93,4
563,99,5
563,110,4
563,142,4
563,143,4
563,167,4
563,182,4
563,197,4
563,203,4
563,206,4
563,211,4
563,230,4
563,237,4
563,240,5
563,255,4
563,266,4
563,277,5
563,280,4
563,285,3
563,287,5
563,291,4
563,292,3
563,294,3
563,301,3
563,305,4
563,309,4
563,315,3
563,319,5
563,327,4
563,330,5
563,333,4
563,335,5
563,338,5
563,348,5
563,351,4
563,368,4
563,369,3
563,370,5
563,372,3
563,386,3
563,392,5
563,394,2
563,396,3
564,8,3
564,15,2
564,76,2
564,88,4
564,90,3
564,104,2
564,110,2
564,122,3
564,125,3
564,131,2
564,181,2
564,184,3
564,185,2
564,213,3
564,217,3
564,232,3
564,239,2
564,240,3
564,255,4
564,275,3
564,301,4
564,307,3
564,315,3
564,320,3
564,344,3
564,346,3
564,348,4
564,355,2
564,362,3
565,13,4
565,27,4
565,31,4
565,34,4
565,44,5
565,60,3
565,66,2
565,67,4
565,69,2
565,80,4
565,96,3
565,107,4
565,127,5
565,139,3
565,164,5
565,184,3
565,193,3
565,196,2
565,217,4
565,219,4
565,237,3
565,246,4
565,255,4
565,272,5
565,287,4
565,296,3
565,301,3
565,315,3
565,319,5
565,328,3
565,329,4
565,333,3
565,345,2
565,348,4
565,354,3
565,355,3
565,357,5
565,363,3
565,365,2
565,374,2
565,396,2
566,6,2
566,7,2
566,8,3
566,10,3
566,15,2
566,25,4
566,26,3
566,34,3
566,37,2
566,39,2
566,47,3
566,48,4
566,54,2
566,67,3
566,71,3
566,74,3
566,77,4
566,79,4
566,80,4
566,81,3
566,87,3
566,88,4
566,92,3
566,93,4
566,95,3
566,97,3
566,114,4
566,139,3
566,144,4
566,147,3
566,152,3
566,160,3
566,161,4
566,166,2
566,168,4
566,172,3
566,175,3
566,184,3
566,185,2
566,206,3
566,212,3
566,216,2
566,220,2
566,226,4
566,233,2
566,237,3
566,255,4
566,258,3
566,259,4
566,261,3
566,269,3
566,275,3
566,277,4
566,284,3
566,289,3
566,290,3
566,291,4
566,293,3
566,299,3
566,300,3
566,301,4
566,307,4
566,311,2
566,316,4
566,319,4
566,321,3
566,329,3
566,338,3
566,339,4
566,346,3
566,348,5
566,351,3
566,353,3
566,354,3
566,357,4
566,363,2
566,368,3
566,369,3
566,370,3
566,385,2
566,387,3
566,389,4
566,396,3
567,2,4
567,3,4
567,6,3
567,7,3
567,8,3
567,9,4
567,10,3
567,12,4
567,15,3
567,18,2
567,19,4
567,23,3
567,25,3
567,26,4
567,28,3
567,29,4
567,31,2
567,32,3
567,33,2
567,34,3
567,37,2
567,38,3
567,39,3
567,42,4
567,43,3
567,44,4
567,45,2
567,48,4
567,50,3
567,52,4
567,53,4
567,58,3
567,60,2
567,64,3
567,66,4
567,67,5
567,70,3
567,71,4
567,73,4
567,74,3
567,76,2
567,77,3
567,79,3
567,80,4
567,81,3
567,82,2
567,83,4
567,84,5
567,85,3
567,86,3
567,87,4
567,88,3
567,89,3
567,90,4
567,92,3
567,98,3
567,103,2
567,104,3
567,110,3
567,114,3
567,124,4
567,125,3
567,128,4
567,130,4
567,131,3
567,134,3
567,137,3
567,138,2
567,139,2
567,140,3
567,142,4
567,144,3
567,146,3
567,147,3
567,151,3
567,152,3
567,153,3
567,158,2
567,159,3
567,160,3
567,161,4
567,164,4
567,165,3
567,166,3
567,173,3
567,181,3
567,182,4
567,184,4
567,185,2
567,186,4
567,189,3
567,191,3
567,193,4
567,195,3
567,198,4
567,200,3
567,201,2
567,202,3
567,203,2
567,205,3
567,206,3
567,208,4
567,210,3
567,213,4
567,216,3
567,217,4
567,219,3
567,220,2
567,232,3
567,233,3
567,234,3
567,235,3
567,237,3
567,239,4
567,240,3
567,242,3
567,244,4
567,245,3
567,247,3
567,248,3
567,249,4
567,250,3
567,252,4
567,253,4
567,255,5
567,256,5
567,258,3
567,263,3
567,265,3
567,267,4
567,269,3
567,271,4
567,272,3
567,277,4
567,279,4
567,284,3
567,285,3
567,288,3
567,289,4
567,290,3
567,291,3
567,296,3
567,297,3
567,301,3
567,305,4
567,307,3
567,308,3
567,309,4
567,310,5
567,312,3
567,313,3
567,315,3
567,316,4
567,317,4
567,318,3
567,319,2
567,321,3
567,322,3
567,323,3
567,329,5
567,331,3
567,333,2
567,335,3
567,337,3
567,339,4
567,341,3
567,342,2
567,343,3
567,345,3
567,347,3
567,348,4
567,350,2
567,351,4
567,352,2
567,353,3
567,354,4
567,355,2
567,357,4
567,358,3
567,359,3
567,360,3
567,361,4
567,362,3
567,363,3
567,364,4
567,365,2
567,366,1
567,368,4
567,370,5
567,373,4
567,375,4
567,378,4
567,381,4
567,385,3
567,386,2
567,387,4
567,388,4
567,389,2
567,392,3
567,393,4
567,394,2
567,397,3
567,398,3
568,9,3
568,11,3
568,13,5
568,19,4
568,29,3
568,35,3
568,36,5
568,47,4
568,48,4
568,67,4
568,80,4
568,88,3
568,90,3
568,92,3
568,93,4
568,107,4
568,110,2
568,122,4
568,129,5
568,139,4
568,181,3
568,202,5
568,218,4
568,226,5
568,253,5
568,255,4
568,284,2
568,289,4
568,291,4
568,308,3
568,309,2
568,319,4
568,320,3
568,326,5
568,333,3
568,339,4
568,348,5
568,350,4
568,361,4
568,370,4
568,384,4
569,10,5
569,25,3
569,44,4
569,64,5
569,79,4
569,93,4
569,120,4
569,137,5
569,138,4
569,189,4
569,198,5
569,217,4
569,234,3
569,240,3
569,242,3
569,243,4
569,253,4
569,254,4
569,255,5
569,258,3
569,269,4
569,278,4
569,288,4
569,299,4
569,315,4
569,328,4
569,337,4
569,354,5
569,355,3
569,357,4
569,361,4
569,364,4
569,384,4
569,385,4
570,11,2
570,12,4
570,13,5
570,31,4
570,40,5
570,45,3
570,69,3
570,71,3
570,74,5
570,76,3
570,83,4
570,85,4
570,87,5
570,88,4
570,92,3
570,95,4
570,103,2
570,109,3
570,133,5
570,147,4
570,151,4
570,159,3
570,162,4
570,169,3
570,186,4
570,206,3
570,211,3
570,217,3
570,228,4
570,233,2
570,239,3
570,247,4
570,255,4
570,258,4
570,266,4
570,269,4
570,271,5
570,273,4
570,277,4
570,290,4
570,293,3
570,294,1
570,296,4
570,300,3
570,309,3
570,315,3
570,316,4
570,319,3
570,320,4
570,329,4
570,339,4
570,344,4
570,346,4
570,348,4
570,354,4
570,355,3
570,359,4
570,363,3
570,368,4
570,373,4
570,376,4
570,384,4
570,397,3
570,399,3
571,8,3
571,12,5
571,15,4
571,30,3
571,36,3
571,52,4
571,54,5
571,70,3
571,71,4
571,88,3
571,116,4
571,125,4
571,130,4
571,134,3
571,137,4
571,151,4
571,153,4
571,160,5
571,173,3
571,182,5
571,186,4
571,202,5
571,206,4
571,213,3
571,225,3
571,228,4
571,233,2
571,234,4
571,236,4
571,237,4
571,238,4
571,244,5
571,245,4
571,259,4
571,275,4
571,276,4
571,290,4
571,292,4
571,299,4
571,307,4
571,308,4
571,309,4
571,315,3
571,316,5
571,319,5
571,329,5
571,330,5
571,336,4
571,337,4
571,340,3
571,348,5
571,354,5
571,357,4
571,363,4
571,366,3
571,394,3
572,5,3
572,10,4
572,34,2
572,42,4
572,54,4
572,65,2
572,76,3
572,79,4
572,80,4
572,87,3
572,122,3
572,127,2
572,152,3
572,154,4
572,160,3
572,181,5
572,185,3
572,187,3
572,191,3
572,213,4
572,223,4
572,225,3
572,247,5
572,269,3
572,274,4
572,275,3
572,290,4
572,291,3
572,300,4
572,301,4
572,323,4
572,328,5
572,333,2
572,357,4
572,359,3
572,384,5
573,13,4
573,23,5
573,31,2
573,48,3
573,67,5
573,79,4
573,139,3
573,144,5
573,167,5
573,172,3
573,216,3
573,220,3
573,240,4
573,262,2
573,263,4
573,298,3
573,299,4
573,301,4
573,310,4
573,315,2
573,328,4
573,333,3
573,357,5
573,368,4
573,372,3
573,377,4
573,384,4
573,396,3
573,400,3
574,3,5
574,5,4
574,6,4
574,9,3
574,10,4
574,11,1
574,12,3
574,13,4
574,17,4
574,19,4
574,20,4
574,23,4
574,24,3
574,25,5
574,26,4
574,28,3
574,29,3
574,30,4
574,31,2
574,33,3
574,34,4
574,35,3
574,36,3
574,38,4
574,39,5
574,40,4
574,41,3
574,43,4
574,44,5
574,45,5
574,47,4
574,48,4
574,50,4
574,51,3
574,52,4
574,53,4
574,54,3
574,58,5
574,59,3
574,60,3
574,61,3
574,64,5
574,65,3
574,66,4
574,68,4
574,71,5
574,72,5
574,73,3
574,76,3
574,77,4
574,78,4
574,79,5
574,80,5
574,82,5
574,84,5
574,85,4
574,86,3
574,87,4
574,88,3
574,90,4
574,93,4
574,96,3
574,97,3
574,98,4
574,100,5
574,103,3
574,104,3
574,107,3
574,108,4
574,109,2
574,110,3
574,111,4
574,113,5
574,115,4
574,116,4
574,117,3
574,119,2
574,122,4
574,123,4
574,125,4
574,127,4
574,128,3
574,130,4
574,131,3
574,134,5
574,136,4
574,137,5
574,138,3
574,142,5
574,143,3
574,144,5
574,145,5
574,146,4
574,147,4
574,151,4
574,152,3
574,153,4
574,154,5
574,156,5
574,159,3
574,160,5
574,163,4
574,164,4
574,167,4
574,172,4
574,173,3
574,176,3
574,181,4
574,182,4
574,184,4
574,186,4
574,187,4
574,188,3
574,190,2
574,192,3
574,193,4
574,194,4
574,197,5
574,198,4
574,199,3
574,200,4
574,201,4
574,202,4
574,204,4
574,205,4
574,206,3
574,207,3
574,209,4
574,210,5
574,211,3
574,213,4
574,215,4
574,219,5
574,220,5
574,223,5
574,225,4
574,226,5
574,228,4
574,230,3
574,231,4
574,232,5
574,237,3
574,238,5
574,242,3
574,243,5
574,245,5
574,246,4
574,247,5
574,248,4
574,249,5
574,252,4
574,253,3
574,255,4
574,256,5
574,258,5
574,259,4
574,260,4
574,262,4
574,265,5
574,266,3
574,269,4
574,271,4
574,272,4
574,274,4
574,275,3
574,277,5
574,278,4
574,280,4
574,281,5
574,282,5
574,284,4
574,287,3
574,290,3
574,291,3
574,293,3
574,294,5
574,296,4
574,297,4
574,298,4
574,299,4
574,300,3
574,301,3
574,302,5
574,303,4
574,306,3
574,307,4
574,308,4
574,313,4
574,314,4
574,315,3
574,316,4
574,319,4
574,320,4
574,321,3
574,323,5
574,324,5
574,325,5
574,326,3
574,327,4
574,328,5
574,329,5
574,330,4
574,331,4
574,332,5
574,333,4
574,334,5
574,335,3
574,336,4
574,337,5
574,338,3
574,339,5
574,342,2
574,344,5
574,345,4
574,346,4
574,347,5
574,348,5
574,349,3
574,350,3
574,351,4
574,352,4
574,354,4
574,356,4
574,357,5
574,361,4
574,363,4
574,364,4
574,366,3
574,367,2
574,368,4
574,369,3
574,370,5
574,371,4
574,372,3
574,373,4
574,375,4
574,377,4
574,379,5
574,381,5
574,382,4
574,383,4
574,384,5
574,386,4
574,387,5
574,388,5
574,389,5
574,391,3
574,392,4
574,393,4
574,394,2
574,396,4
574,399,4
575,6,2
575,8,3
575,9,4
575,12,3
575,13,4
575,41,3
575,44,3
575,45,3
575,48,4
575,61,4
575,73,2
575,74,2
575,79,4
575,86,2
575,87,3
575,88,3
575,89,4
575,93,3
575,97,4
575,110,3
575,111,2
575,120,2
575,125,3
575,134,3
575,150,5
575,156,3
575,160,3
575,163,2
575,164,4
575,197,3
575,200,3
575,211,2
575,213,3
575,219,3
575,223,4
575,227,3
575,237,3
575,244,4
575,252,4
575,253,3
575,255,3
575,258,4
575,277,5
575,288,4
575,293,4
575,301,3
575,306,2
575,309,5
575,316,4
575,317,3
575,329,5
575,330,4
575,332,4
575,337,3
575,339,3
575,345,3
575,347,2
575,350,3
575,351,3
575,354,3
575,357,4
575,368,4
575,382,4
575,384,3
575,390,2
575,393,4
575,394,3
575,399,2
576,3,3
576,5,3
576,6,3
576,7,3
576,9,3
576,10,4
576,12,3
576,13,4
576,14,2
576,15,2
576,19,3
576,20,4
576,22,4
576,23,3
576,24,3
576,25,3
576,26,4
576,29,4
576,35,4
576,38,3
576,39,3
576,43,4
576,44,4
576,48,3
576,52,3
576,58,3
576,67,4
576,71,3
576,74,3
576,76,4
576,79,4
576,82,4
576,84,4
576,85,3
576,87,4
576,88,4
576,90,4
576,94,3
576,95,3
576,98,2
576,103,4
576,107,3
576,111,3
576,114,3
576,116,3
576,118,3
576,122,3
576,124,3
576,125,2
576,128,3
576,131,3
576,134,3
576,136,3
576,137,5
576,142,3
576,143,2
576,146,4
576,151,2
576,153,5
576,154,3
576,156,4
576,160,3
576,163,3
576,164,3
576,169,3
576,170,3
576,172,4
576,173,3
576,175,3
576,176,3
576,177,4
576,182,4
576,184,3
576,187,2
576,190,3
576,191,2
576,193,3
576,194,3
576,198,3
576,199,3
576,208,3
576,211,4
576,212,2
576,213,4
576,214,5
576,217,3
576,219,4
576,223,3
576,225,4
576,226,4
576,232,4
576,233,2
576,234,3
576,237,3
576,240,3
576,246,3
576,255,3
576,257,2
576,258,3
576,261,3
576,263,3
576,269,4
576,275,3
576,277,4
576,278,3
576,283,5
576,284,4
576,288,4
576,293,2
576,294,1
576,297,3
576,300,3
576,301,3
576,304,3
576,305,4
576,308,2
576,315,2
576,316,4
576,319,3
576,323,3
576,325,2
576,329,4
576,330,4
576,338,2
576,339,4
576,346,4
576,348,4
576,352,3
576,353,2
576,357,3
576,360,4
576,363,2
576,365,2
576,372,1
576,376,4
576,381,4
576,382,4
576,383,3
576,384,5
576,388,4
576,391,3
576,392,5
576,395,2
576,396,3
576,400,3
577,10,3
577,27,4
577,31,4
577,44,4
577,61,4
577,66,3
577,71,3
577,73,5
577,80,4
577,88,3
577,110,4
577,114,4
577,118,3
577,129,4
577,131,4
577,137,4
577,152,4
577,153,4
577,169,4
577,187,4
577,198,3
577,202,4
577,226,5
577,232,3
577,234,4
577,240,4
577,253,5
577,255,4
577,260,4
577,265,3
577,284,3
577,286,4
577,308,4
577,316,4
577,335,4
577,348,5
577,353,4
577,369,4
577,375,5
577,380,4
577,384,4
577,387,4
578,2,3
578,3,3
578,6,3
578,7,3
578,9,3
578,25,4
578,29,4
578,31,3
578,34,4
578,35,4
578,44,3
578,53,3
578,54,4
578,56,4
578,67,4
578,71,4
578,73,3
578,74,3
578,79,4
578,80,3
578,85,4
578,93,4
578,122,4
578,124,3
578,127,3
578,130,4
578,138,3
578,139,5
578,142,4
578,143,4
578,155,3
578,158,3
578,164,5
578,179,4
578,181,3
578,184,3
578,185,3
578,190,3
578,194,3
578,196,3
578,201,4
578,202,4
578,206,3
578,218,4
578,232,4
578,233,3
578,234,4
578,239,4
578,245,2
578,246,3
578,250,3
578,254,4
578,255,4
578,259,5
578,269,4
578,274,3
578,277,3
578,284,4
578,290,4
578,291,3
578,299,4
578,308,4
578,310,5
578,311,2
578,316,4
578,319,3
578,326,4
578,327,3
578,329,4
578,332,5
578,333,3
578,334,4
578,337,3
578,338,3
578,341,3
578,344,3
578,348,5
578,350,4
578,353,4
578,354,3
578,355,4
578,357,4
578,360,5
578,366,3
578,380,4
578,391,3
578,394,3
579,2,4
579,6,4
579,8,4
579,20,3
579,23,4
579,26,4
579,50,3
579,51,5
579,67,3
579,81,4
579,84,4
579,116,5
579,122,3
579,125,3
579,127,3
579,135,4
579,137,4
579,160,3
579,185,2
579,190,4
579,217,4
579,219,5
579,258,4
579,271,5
579,272,5
579,290,4
579,293,3
579,299,4
579,306,3
579,348,5
579,386,3
579,394,4
580,28,4
580,34,4
580,63,4
580,68,3
580,70,3
580,73,3
580,74,4
580,87,4
580,122,5
580,164,5
580,177,3
580,188,5
580,190,4
580,201,4
580,206,4
580,220,4
580,252,4
580,255,5
580,257,3
580,261,4
580,270,5
580,274,4
580,276,5
580,283,2
580,299,5
580,300,5
580,301,5
580,317,4
580,339,5
580,346,5
580,350,4
580,356,5
580,379,5
581,9,2
581,10,3
581,19,4
581,23,4
581,25,4
581,30,3
581,33,2
581,43,3
581,72,3
581,74,5
581,76,3
581,82,3
581,83,4
581,85,3
581,88,3
581,93,4
581,95,4
581,98,4
581,99,2
581,103,3
581,122,4
581,152,3
581,156,4
581,161,3
581,167,4
581,181,4
581,184,3
581,187,3
581,191,2
581,198,2
581,204,3
581,211,3
581,216,5
581,275,3
581,277,3
581,290,2
581,301,4
581,302,4
581,308,3
581,311,4
581,326,3
581,328,4
581,333,3
581,339,4
581,348,5
581,353,3
581,356,4
581,357,4
581,362,2
581,372,2
581,382,3
581,385,4
581,386,3
581,396,3
582,9,2
582,13,5
582,20,2
582,29,3
582,31,2
582,38,4
582,64,3
582,67,4
582,72,3
582,73,4
582,76,3
582,77,3
582,87,3
582,88,3
582,90,3
582,97,3
582,100,3
582,118,2
582,125,3
582,139,2
582,143,2
582,151,4
582,156,4
582,158,4
582,167,3
582,176,3
582,189,4
582,192,2
582,198,2
582,208,2
582,223,3
582,230,3
582,233,2
582,234,3
582,244,3
582,255,3
582,266,3
582,277,4
582,281,2
582,284,2
582,301,3
582,307,1
582,315,3
582,316,2
582,319,3
582,321,2
582,329,3
582,333,2
582,337,3
582,340,2
582,346,4
582,348,4
582,351,2
582,354,3
582,356,3
582,357,3
582,365,2
582,366,2
582,379,3
582,383,3
582,384,4
582,387,2
582,391,2
582,399,3
583,9,3
583,29,3
583,31,3
583,41,4
583,42,3
583,48,4
583,54,4
583,64,5
583,71,4
583,73,3
583,79,4
583,80,5
583,84,4
583,87,3
583,93,4
583,125,3
583,127,4
583,131,3
583,142,4
583,143,3
583,146,4
583,151,3
583,157,4
583,173,3
583,182,4
583,186,4
583,191,3
583,198,2
583,202,3
583,208,4
583,234,3
583,237,3
583,255,5
583,267,3
583,274,4
583,277,3
583,284,5
583,301,2
583,307,3
583,309,3
583,315,3
583,325,3
583,330,3
583,333,3
583,336,4
583,339,4
583,344,3
583,348,4
583,349,2
583,356,4
583,362,3
583,370,3
584,7,3
584,8,3
584,18,3
584,80,4
584,86,4
584,87,3
584,94,3
584,95,5
584,102,3
584,109,3
584,110,4
584,145,3
584,167,4
584,172,4
584,184,5
584,205,4
584,206,4
584,213,4
584,218,3
584,236,4
584,237,4
584,244,5
584,245,4
584,247,5
584,255,4
584,284,5
584,292,3
584,296,4
584,301,4
584,307,3
584,315,2
584,316,5
584,319,3
584,326,4
584,333,4
584,346,4
584,351,4
584,354,3
584,357,3
584,360,5
584,370,5
584,388,4
584,396,1
584,400,3
585,8,3
585,12,4
585,32,2
585,34,4
585,42,3
585,53,3
585,54,3
585,64,4
585,73,2
585,80,5
585,87,4
585,89,3
585,103,4
585,110,4
585,117,3
585,128,4
585,130,2
585,154,4
585,160,3
585,169,3
585,182,2
585,195,3
585,202,4
585,206,3
585,209,3
585,216,4
585,222,4
585,234,5
585,248,4
585,275,4
585,276,4
585,277,3
585,280,3
585,296,4
585,300,3
585,313,3
585,314,4
585,315,3
585,319,3
585,338,3
585,346,5
585,348,4
585,350,3
585,351,3
585,353,3
585,368,3
585,370,5
585,385,3
585,390,4
585,398,3
586,8,3
586,23,4
586,25,4
586,33,3
586,35,4
586,38,5
586,43,3
586,63,4
586,69,2
586,74,4
586,84,4
586,108,4
586,111,4
586,120,3
586,125,4
586,130,4
586,146,4
586,160,4
586,164,5
586,166,3
586,189,5
586,190,3
586,191,4
586,223,5
586,225,4
586,245,4
586,249,3
586,255,5
586,261,4
586,266,4
586,275,4
586,277,4
586,288,5
586,294,4
586,299,3
586,316,4
586,319,4
586,326,5
586,333,4
586,335,5
586,348,5
586,366,4
586,372,3
586,381,4
586,387,3
586,391,4
587,3,3
587,7,2
587,8,2
587,10,4
587,11,1
587,12,4
587,13,4
587,27,3
587,31,3
587,38,4
587,39,4
587,41,4
587,48,3
587,49,3
587,53,3
587,59,2
587,62,3
587,63,4
587,67,3
587,73,3
587,74,3
587,78,2
587,80,4
587,85,2
587,87,3
587,92,2
587,93,4
587,94,3
587,96,3
587,98,3
587,109,2
587,113,5
587,122,4
587,125,5
587,126,4
587,127,2
587,132,3
587,134,4
587,137,3
587,146,4
587,147,4
587,150,3
587,151,3
587,156,4
587,160,4
587,163,3
587,164,4
587,166,2
587,170,3
587,172,2
587,177,4
587,180,3
587,183,3
587,184,4
587,190,2
587,193,4
587,198,4
587,206,3
587,212,3
587,213,4
587,214,4
587,217,3
587,219,4
587,232,4
587,233,3
587,235,3
587,240,3
587,245,4
587,247,4
587,249,3
587,261,2
587,266,4
587,268,4
587,269,4
587,272,3
587,273,3
587,277,2
587,286,3
587,290,3
587,291,3
587,293,2
587,300,3
587,304,4
587,305,3
587,307,3
587,308,3
587,309,2
587,314,3
587,315,3
587,316,3
587,318,3
587,319,4
587,320,3
587,330,4
587,331,4
587,332,4
587,333,4
587,339,3
587,346,4
587,351,4
587,353,3
587,354,4
587,355,3
587,357,2
587,360,4
587,363,3
587,364,4
587,369,2
587,372,3
587,374,3
587,375,3
587,395,2
588,4,3
588,8,3
588,9,2
588,23,3
588,31,2
588,32,3
588,61,2
588,67,4
588,74,4
588,76,3
588,80,5
588,84,4
588,85,2
588,137,3
588,139,3
588,153,3
588,183,4
588,207,2
588,232,5
588,233,3
588,239,4
588,269,3
588,298,4
588,306,1
588,310,3
588,315,2
588,320,3
588,326,3
588,333,4
588,339,4
588,351,3
588,368,2
588,388,4
588,391,3
588,393,3
588,396,3
588,400,4
589,5,3
589,6,4
589,10,3
589,25,3
589,29,3
589,42,3
589,57,2
589,71,4
589,80,4
589,82,2
589,84,5
589,137,3
589,146,3
589,159,3
589,193,3
589,255,4
589,261,2
589,273,1
589,301,3
589,308,3
589,329,4
589,338,4
589,346,3
589,356,4
589,357,2
589,371,4
589,372,3
589,384,4
589,386,3
590,2,3
590,3,3
590,5,2
590,9,3
590,12,3
590,15,4
590,16,3
590,25,3
590,26,4
590,31,4
590,34,4
590,44,3
590,48,4
590,58,3
590,65,3
590,67,4
590,71,3
590,73,3
590,80,4
590,84,3
590,87,3
590,88,4
590,90,3
590,93,4
590,95,4
590,99,3
590,102,3
590,104,2
590,107,3
590,109,3
590,111,2
590,113,4
590,118,3
590,122,3
590,123,2
590,125,3
590,129,5
590,130,4
590,133,3
590,134,3
590,143,3
590,144,5
590,147,5
590,150,3
590,152,3
590,159,3
590,169,5
590,170,3
590,172,3
590,173,2
590,176,4
590,184,3
590,187,3
590,190,4
590,195,2
590,197,3
590,200,3
590,202,4
590,205,4
590,208,4
590,212,2
590,216,2
590,224,4
590,227,4
590,237,4
590,239,3
590,240,4
590,245,3
590,249,3
590,253,4
590,254,3
590,255,4
590,256,4
590,258,3
590,261,3
590,266,4
590,275,2
590,276,4
590,277,4
590,281,4
590,284,3
590,288,3
590,289,4
590,296,4
590,301,4
590,308,4
590,313,4
590,315,2
590,316,4
590,320,4
590,325,3
590,327,2
590,329,4
590,330,5
590,331,3
590,334,3
590,335,3
590,337,4
590,345,3
590,348,5
590,350,4
590,351,3
590,355,3
590,357,3
590,359,3
590,362,3
590,363,4
590,366,3
590,367,3
590,368,4
590,370,3
590,371,4
590,372,2
590,379,3
590,384,5
590,386,3
590,389,2
590,392,4
590,394,3
590,396,3
590,399,4
590,400,3
591,3,4
591,6,2
591,24,3
591,26,4
591,48,4
591,73,3
591,74,3
591,80,4
591,88,5
591,111,3
591,115,4
591,121,3
591,125,4
591,129,5
591,138,3
591,159,5
591,201,3
591,225,3
591,237,2
591,245,4
591,269,4
591,286,3
591,290,3
591,297,3
591,299,4
591,301,3
591,306,3
591,313,4
591,319,4
591,320,4
591,321,3
591,323,4
591,328,4
591,333,4
591,338,4
591,345,2
591,353,3
591,356,4
591,366,1
591,389,4
592,1,3
592,3,3
592,4,3
592,6,3
592,7,3
592,8,4
592,10,4
592,11,2
592,12,4
592,15,3
592,22,3
592,24,3
592,26,4
592,31,4
592,33,3
592,34,4
592,35,3
592,41,3
592,42,4
592,44,3
592,48,3
592,52,3
592,53,3
592,54,5
592,61,4
592,67,3
592,73,4
592,74,4
592,76,4
592,79,4
592,80,5
592,84,3
592,93,4
592,95,4
592,106,4
592,110,3
592,119,2
592,120,3
592,122,3
592,125,4
592,126,4
592,130,3
592,132,3
592,135,3
592,137,3
592,147,3
592,151,3
592,153,3
592,160,3
592,161,4
592,167,3
592,169,4
592,172,3
592,181,4
592,182,5
592,184,3
592,187,4
592,193,3
592,198,4
592,200,3
592,206,3
592,208,3
592,210,3
592,217,4
592,222,4
592,224,2
592,232,5
592,233,4
592,236,3
592,240,4
592,244,3
592,247,5
592,254,5
592,255,4
592,258,3
592,262,3
592,277,3
592,281,4
592,283,3
592,284,3
592,288,3
592,290,3
592,296,4
592,302,4
592,307,4
592,309,3
592,315,1
592,317,3
592,318,3
592,319,4
592,320,4
592,323,5
592,328,4
592,329,4
592,330,3
592,331,3
592,333,3
592,335,3
592,338,4
592,344,4
592,345,2
592,351,4
592,352,3
592,354,4
592,357,3
592,359,3
592,368,4
592,370,5
592,374,2
592,382,4
592,383,3
592,390,3
592,394,3
592,396,3
593,1,3
593,11,2
593,28,3
593,32,4
593,35,4
593,67,4
593,71,3
593,73,2
593,75,4
593,80,2
593,83,4
593,84,5
593,87,3
593,93,4
593,97,3
593,107,3
593,122,3
593,125,3
593,139,4
593,155,3
593,159,3
593,166,2
593,167,3
593,175,1
593,181,3
593,184,3
593,193,4
593,195,4
593,197,4
593,205,3
593,214,4
593,228,3
593,232,3
593,233,2
593,234,3
593,237,4
593,240,3
593,253,3
593,255,4
593,258,4
593,266,4
593,269,3
593,277,4
593,285,3
593,287,3
593,289,3
593,290,3
593,293,3
593,299,3
593,301,2
593,302,3
593,315,2
593,316,4
593,319,2
593,323,4
593,332,3
593,339,3
593,344,3
593,346,3
593,348,4
593,353,2
593,355,3
593,364,3
593,369,4
593,372,3
593,379,4
593,380,4
593,387,2
593,388,4
593,397,4
593,400,3
594,9,2
594,10,3
594,11,3
594,13,4
594,18,4
594,29,3
594,31,3
594,59,3
594,61,3
594,63,3
594,87,4
594,95,3
594,108,3
594,112,2
594,139,3
594,146,3
594,166,2
594,167,4
594,214,4
594,217,3
594,228,3
594,240,3
594,249,3
594,259,5
594,273,4
594,278,5
594,284,2
594,290,4
594,302,4
594,315,3
594,319,3
594,327,3
594,333,3
594,338,4
594,344,3
594,345,3
594,346,3
594,348,5
594,352,3
594,360,3
594,363,3
594,383,3
594,397,3
595,3,5
595,6,4
595,9,3
595,13,5
595,24,4
595,41,3
595,48,4
595,52,5
595,55,3
595,59,2
595,64,3
595,69,3
595,74,2
595,76,3
595,84,4
595,87,3
595,114,5
595,122,3
595,123,4
595,125,2
595,134,4
595,154,3
595,160,3
595,189,4
595,198,3
595,202,4
595,205,3
595,217,4
595,232,5
595,235,3
595,240,3
595,252,4
595,269,3
595,277,4
595,281,5
595,300,4
595,301,4
595,303,4
595,309,4
595,315,3
595,316,4
595,318,3
595,321,3
595,327,2
595,332,4
595,333,4
595,337,3
595,339,4
595,345,3
595,370,4
595,372,2
595,379,4
595,380,4
595,394,2
595,396,3
596,10,2
596,34,4
596,35,4
596,41,2
596,48,3
596,63,3
596,66,3
596,67,3
596,74,4
596,76,3
596,79,3
596,80,4
596,87,3
596,88,3
596,110,3
596,113,4
596,116,4
596,122,4
596,125,3
596,129,3
596,130,2
596,139,2
596,143,3
596,146,3
596,147,3
596,154,4
596,164,4
596,179,3
596,185,3
596,196,3
596,198,3
596,202,4
596,216,4
596,217,3
596,218,3
596,223,4
596,231,4
596,232,3
596,237,2
596,239,3
596,244,3
596,245,4
596,249,3
596,252,2
596,268,2
596,283,3
596,287,3
596,288,3
596,293,2
596,296,3
596,297,3
596,301,4
596,302,3
596,306,3
596,316,4
596,319,3
596,338,4
596,339,5
596,345,3
596,348,4
596,351,3
596,370,4
596,377,3
596,384,4
596,395,2
597,5,4
597,12,4
597,41,4
597,64,5
597,76,2
597,80,5
597,82,4
597,109,3
597,113,4
597,122,3
597,125,4
597,127,4
597,133,4
597,147,4
597,152,4
597,163,4
597,195,4
597,213,5
597,227,3
597,240,3
597,241,3
597,246,5
597,261,3
597,266,3
597,273,4
597,290,3
597,293,4
597,309,4
597,316,4
597,319,3
597,345,3
597,351,3
597,382,5
597,385,4
597,396,3
598,2,3
598,5,2
598,6,3
598,10,4
598,14,3
598,15,4
598,35,4
598,40,3
598,49,4
598,59,4
598,64,4
598,66,4
598,68,3
598,73,4
598,74,4
598,76,3
598,77,4
598,84,3
598,86,4
598,87,5
598,88,4
598,93,4
598,107,4
598,110,3
598,113,4
598,122,5
598,125,4
598,128,4
598,139,4
598,143,3
598,144,4
598,164,5
598,167,4
598,169,4
598,172,3
598,185,3
598,201,4
598,203,4
598,205,4
598,213,3
598,217,4
598,221,3
598,226,4
598,232,3
598,240,4
598,243,5
598,245,4
598,257,3
598,258,4
598,275,3
598,278,5
598,284,3
598,286,4
598,287,3
598,288,4
598,299,5
598,300,4
598,301,3
598,308,4
598,316,3
598,333,4
598,334,3
598,363,3
598,365,2
598,368,4
598,374,3
598,376,3
598,384,4
598,385,4
598,388,4
598,393,3
599,2,3
599,5,3
599,6,3
599,7,3
599,8,3
599,9,3
599,11,2
599,12,3
599,13,4
599,14,2
599,15,3
599,17,4
599,19,3
599,21,2
599,23,2
599,24,3
599,25,3
599,28,3
599,29,3
599,31,2
599,35,3
599,36,4
599,37,3
599,38,3
599,41,3
599,43,4
599,44,5
599,48,3
599,49,4
599,50,4
599,51,3
599,52,3
599,53,2
599,54,2
599,59,3
599,60,2
599,63,2
599,64,2
599,67,4
599,74,3
599,76,2
599,77,4
599,78,2
599,80,3
599,84,4
599,85,2
599,93,3
599,98,3
599,100,3
599,101,2
599,103,3
599,105,4
599,106,3
599,107,2
599,108,2
599,110,3
599,111,3
599,114,5
599,115,3
599,117,3
599,122,3
599,125,3
599,129,4
599,130,3
599,134,4
599,135,4
599,137,4
599,138,3
599,139,3
599,142,4
599,143,2
599,144,3
599,149,3
599,153,3
599,155,4
599,156,4
599,158,3
599,159,4
599,160,3
599,163,3
599,166,1
599,167,4
599,168,2
599,170,3
599,171,3
599,172,3
599,173,3
599,175,2
599,176,2
599,181,3
599,183,4
599,184,3
599,185,1
599,186,3
599,190,3
599,191,3
599,192,3
599,195,3
599,198,4
599,199,4
599,200,3
599,202,2
599,204,4
599,208,3
599,210,3
599,212,2
599,214,3
599,216,3
599,217,3
599,219,3
599,221,3
599,222,4
599,225,3
599,226,3
599,232,2
599,233,3
599,235,2
599,237,3
599,244,3
599,245,3
599,249,3
599,253,3
599,254,2
599,255,4
599,256,3
599,258,3
599,261,3
599,263,2
599,266,3
599,269,2
599,272,4
599,275,3
599,276,4
599,277,4
599,278,3
599,282,3
599,284,2
599,286,2
599,288,4
599,289,3
599,290,3
599,291,4
599,296,3
599,299,3
599,301,2
599,302,3
599,307,3
599,309,3
599,311,3
599,312,2
599,313,3
599,314,3
599,316,4
599,318,4
599,319,2
599,323,4
599,324,4
599,328,4
599,329,4
599,330,3
599,333,2
599,335,2
599,337,2
599,338,3
599,339,3
599,340,3
599,343,2
599,344,2
599,345,3
599,346,3
599,347,3
599,348,4
599,352,2
599,353,2
599,354,4
599,356,3
599,361,3
599,362,2
599,364,3
599,366,3
599,367,2
599,370,5
599,372,2
599,377,4
599,378,3
599,379,4
599,381,4
599,382,4
599,383,2
599,384,3
599,386,2
599,391,1
599,392,3
599,393,3
599,397,2
599,398,4
600,5,2
600,12,4
600,18,4
600,29,2
600,32,3
600,48,4
600,59,3
600,76,2
600,82,5
600,87,4
600,99,4
600,103,3
600,125,3
600,127,4
600,131,3
600,150,4
600,153,4
600,156,4
600,160,4
600,175,3
600,211,3
600,229,2
600,230,3
600,233,3
600,237,3
600,240,4
600,244,4
600,252,3
600,258,3
600,266,4
600,269,4
600,277,5
600,278,4
600,292,4
600,299,3
600,302,4
600,310,4
600,313,4
600,315,3
600,319,4
600,329,3
600,333,4
600,335,3
600,350,2
600,354,4
600,355,3
600,370,4
600,390,2
600,396,3
