amount,merchant_category,hour,days_since_last_txn,txn_count_24h,avg_amount_30d,foreign,card_not_present,label
178.08,6,23,2.3,1,46.10,0,1,1
16.99,2,19,2.1,1,57.44,0,1,0
58.01,0,11,2.9,3,114.05,0,0,0
11.29,6,18,6.5,2,25.05,0,1,0
106.16,2,13,3.4,2,68.36,0,1,0
46.09,2,19,2.3,2,79.45,0,0,0
14.14,8,2,1.4,3,48.69,0,1,0
11.26,7,20,4.9,3,30.96,1,1,0
63.79,11,14,0.9,7,25.92,0,0,0
376.00,5,22,0.8,2,243.52,1,1,1
38.54,11,12,1.9,4,64.60,0,0,0
124.70,3,17,0.8,6,102.41,0,0,0
102.69,1,7,0.4,5,92.72,0,0,0
238.17,2,11,0.3,3,86.91,0,0,0
21.15,4,17,2.7,1,22.04,0,0,0
79.78,1,9,0.4,2,86.56,0,1,0
30.95,5,14,0.8,2,34.52,0,1,0
102.95,6,5,0.3,3,40.72,0,0,0
29.51,5,17,1.0,5,41.59,0,0,0
66.00,0,13,1.0,4,35.50,0,0,0
37.95,4,17,0.7,1,73.57,0,0,0
44.62,3,23,0.1,3,24.55,0,0,0
335.59,3,13,3.0,1,82.42,0,1,0
37.01,10,7,0.9,3,12.40,1,1,1
13.99,5,5,0.2,2,,0,0,0
57.31,6,19,6.3,2,32.20,0,0,0
56.30,9,20,0.7,3,165.38,0,0,0
80.00,8,1,0.3,2,64.95,0,0,0
24.92,3,10,2.4,2,30.26,0,1,0
157.44,10,21,1.6,5,98.88,0,0,0
36.99,3,20,0.5,2,46.99,0,1,0
22.99,0,21,2.2,2,13.34,0,0,0
22.72,1,21,0.5,3,16.40,0,0,0
31.33,10,13,2.9,4,49.48,0,0,0
7.49,0,13,0.5,2,40.53,0,0,0
100.99,1,9,2.0,4,26.41,0,0,0
181.00,6,20,0.6,1,50.85,0,0,0
23.99,6,9,2.2,3,27.94,1,0,0
22.95,6,18,2.0,5,59.71,0,0,0
38.62,10,4,1.1,2,26.26,0,1,0
134.92,3,5,4.9,3,107.93,0,0,0
284.99,4,18,0.6,4,149.18,0,0,0
23.48,6,15,0.3,3,48.77,0,0,0
54.58,3,13,0.9,4,63.31,0,0,0
54.58,3,13,0.9,4,63.31,0,0,0
40.19,7,13,0.7,3,44.00,1,0,0
19.95,4,18,2.7,2,40.68,0,1,0
179.95,0,12,1.6,4,131.10,0,0,0
15.99,1,21,1.0,5,30.32,0,1,0
226.58,6,3,0.3,3,73.88,0,0,1
64.14,8,22,2.3,3,71.71,0,0,0
118.97,9,16,7.8,4,69.59,0,0,0
91.95,0,19,1.9,2,76.04,0,0,0
355.00,8,10,13.5,2,162.85,0,0,0
63.04,8,4,1.1,4,37.31,0,0,0
95.00,5,18,1.5,4,121.43,0,0,0
70.20,4,18,6.6,3,48.74,0,1,0
87.20,1,16,1.4,2,62.52,0,1,0
57.00,7,16,0.7,1,32.89,0,0,0
21.00,6,21,0.3,1,52.05,0,0,0
73.35,8,12,0.6,3,191.13,0,1,0
56.00,2,9,0.9,3,52.27,1,0,0
5.76,2,18,0.1,3,21.37,0,1,0
35.56,8,20,3.7,3,25.48,0,0,0
34.29,5,4,1.0,4,42.64,0,1,0
78.29,8,12,6.8,3,25.93,0,0,0
314.78,5,21,2.0,3,140.49,0,1,0
108.95,2,23,2.4,3,83.35,0,0,0
18.62,7,11,3.9,5,32.04,0,1,1
122.21,0,11,1.1,2,65.90,0,0,0
15.99,0,16,5.8,1,36.70,0,0,0
70.98,9,13,1.2,2,109.16,0,1,0
89.88,6,19,1.4,3,112.21,0,0,0
47.98,3,9,6.1,2,55.24,1,0,0
68.15,10,7,0.6,3,25.27,0,0,0
57.99,5,19,2.1,8,90.41,1,0,0
6.53,2,8,2.6,3,30.31,0,0,0
6.33,11,13,2.2,2,51.25,0,1,0
119.08,2,10,3.9,3,78.49,0,0,0
127.61,6,20,0.6,3,91.41,0,0,0
125.15,4,3,1.0,3,167.23,0,1,0
74.39,7,20,0.1,4,67.02,0,0,0
130.76,3,10,1.8,5,53.37,0,1,0
74.99,6,9,3.8,1,30.32,1,1,1
148.39,1,18,3.1,3,39.07,1,0,1
137.50,2,21,1.6,2,56.51,0,0,0
280.92,0,13,4.2,1,155.22,0,1,0
107.50,7,21,2.5,2,45.62,0,1,0
126.86,1,18,1.4,4,111.20,0,0,0
71.00,6,18,0.8,3,140.19,1,0,0
202.84,4,15,1.3,1,140.15,0,1,0
221.00,2,8,0.5,2,99.47,0,0,0
15.00,8,7,0.2,1,53.16,0,1,0
18.59,7,20,0.6,1,26.13,0,1,0
86.99,2,11,0.0,4,87.77,0,0,0
113.76,6,9,9.6,3,93.26,0,0,0
122.00,1,10,0.4,3,52.17,0,1,0
100.72,3,22,3.1,2,85.83,0,0,0
65.78,4,6,0.9,5,73.85,1,0,0
50.00,0,21,3.9,1,61.29,0,0,0
229.00,6,13,2.0,1,221.76,0,0,0
70.50,3,8,0.9,3,31.98,0,0,0
34.50,7,13,1.2,2,21.89,0,0,0
89.17,11,22,1.8,5,41.65,0,0,0
48.59,9,0,2.1,1,47.42,0,0,0
106.67,2,17,0.8,2,74.30,1,1,1
80.50,8,17,5.8,4,15.34,0,1,1
34.00,0,12,9.7,2,123.78,1,0,1
34.00,6,9,1.7,1,48.33,0,0,0
40.88,3,13,3.4,2,89.32,0,0,0
22.93,7,17,8.0,2,57.12,1,0,0
55.95,6,15,2.7,2,57.60,0,1,0
257.99,0,8,1.3,4,60.74,0,0,0
8.29,3,18,3.5,1,22.79,0,1,0
33.00,7,16,3.9,1,53.82,0,1,0
104.96,3,18,0.9,4,150.42,0,0,0
7.54,7,20,1.8,4,50.40,0,0,0
5.18,6,16,0.3,4,20.56,0,1,0
40.85,1,13,0.7,2,44.41,0,0,0
15.99,3,8,0.8,5,28.79,0,0,0
60.00,2,10,2.5,2,21.11,0,0,0
62.00,3,17,1.9,3,,0,0,0
52.75,7,16,6.3,4,25.83,0,1,0
45.50,6,10,2.7,2,41.29,0,0,0
158.22,7,8,11.9,3,101.53,0,1,0
15.82,1,13,2.3,3,13.15,0,1,0
39.03,10,8,2.9,5,87.07,0,1,0
23.99,1,5,3.7,4,94.50,0,1,0
123.89,5,10,6.1,3,55.68,0,0,0
41.00,5,22,0.7,2,35.47,0,0,0
28.38,6,13,3.9,1,116.24,0,0,0
79.00,2,18,0.3,3,35.95,0,1,0
35.08,1,19,0.7,2,69.66,0,0,0
51.99,1,13,1.4,4,13.58,0,0,0
78.50,6,18,5.1,3,66.92,0,1,0
45.00,1,17,0.7,1,28.45,0,0,0
192.73,3,13,1.7,2,146.56,0,0,0
11.64,8,2,1.1,1,18.57,0,1,0
108.06,7,11,2.9,2,48.07,0,1,0
45.95,6,14,3.2,4,73.94,0,0,0
103.00,1,11,2.1,5,36.63,0,1,0
79.71,1,11,4.2,5,206.83,0,1,0
114.24,9,17,5.7,5,86.35,0,0,0
160.99,8,13,7.2,2,91.32,0,0,0
38.50,10,18,1.1,3,48.35,1,0,0
11.50,4,0,1.9,2,24.78,0,0,0
109.60,7,19,0.4,1,110.58,0,1,0
249.99,1,5,0.5,1,120.19,0,0,1
68.39,1,10,1.1,3,52.27,0,0,0
117.99,1,16,3.4,3,39.33,0,1,0
63.50,8,12,1.6,3,128.36,0,1,0
141.61,5,14,0.2,2,68.59,0,0,0
94.84,7,12,10.3,3,64.26,0,1,0
25.50,0,13,1.9,5,65.72,0,1,0
65.00,1,14,3.0,2,100.49,0,0,0
51.67,5,10,1.8,1,24.23,0,1,0
11.07,3,18,2.9,2,23.36,0,0,0
357.73,3,11,2.5,3,96.20,0,0,0
12.99,0,21,4.0,2,57.29,0,1,0
735.83,10,20,1.7,5,157.92,0,0,0
82.14,0,10,1.1,2,36.38,0,1,0
14.00,4,10,0.4,2,31.99,0,0,0
37.00,5,6,0.1,3,37.41,0,0,0
259.85,4,3,0.1,2,117.78,0,0,0
78.36,2,20,0.9,4,149.96,0,0,0
170.99,0,8,0.1,3,75.14,0,1,0
77.65,6,17,0.7,1,97.97,0,0,0
44.35,2,8,6.8,1,95.49,0,0,0
31.99,6,15,4.0,1,34.11,0,0,0
17.64,0,19,0.6,4,30.90,0,0,0
12.48,2,14,0.8,3,23.61,0,0,0
23.00,0,15,1.7,1,51.59,0,0,0
29.94,5,20,1.8,4,133.19,0,0,0
60.23,2,4,0.6,2,18.31,0,1,1
144.51,1,6,3.8,3,64.63,1,0,0
28.43,9,19,1.1,4,52.13,1,1,1
32.43,4,13,4.5,2,26.04,0,0,0
215.70,10,16,2.2,3,174.01,0,0,0
38.62,1,12,1.0,6,18.53,0,0,0
53.00,9,0,0.3,1,63.52,0,0,0
53.35,1,18,0.3,4,112.92,1,0,0
237.44,11,20,1.2,2,87.93,0,0,0
2.93,6,12,0.3,5,19.66,0,1,0
22.65,0,19,1.9,3,24.31,0,0,0
178.14,5,23,0.5,1,165.02,1,0,0
5.67,10,7,0.9,2,24.72,0,0,0
22.60,6,22,1.4,3,39.21,0,0,0
63.75,0,18,1.3,2,60.53,0,1,0
13.95,3,9,0.9,4,74.25,0,0,0
19.23,6,22,6.5,2,39.09,1,1,0
12.00,11,22,1.5,5,63.93,0,0,0
10.81,2,19,2.4,2,19.22,0,1,0
16.00,1,7,7.6,5,62.55,0,0,0
77.27,8,12,1.5,2,99.58,0,0,0
137.18,0,6,1.2,1,72.09,0,0,0
46.23,11,14,0.1,2,50.48,0,0,0
235.50,7,0,3.2,4,72.57,0,1,1
36.99,1,9,0.4,5,29.98,0,1,0
193.15,6,2,5.9,1,101.78,0,0,0
18.95,7,12,0.7,1,17.39,0,0,0
63.75,4,9,8.5,3,51.62,0,1,0
55.99,4,9,2.3,3,36.70,1,0,0
25.95,5,17,0.7,5,57.17,0,0,0
52.64,1,10,0.1,2,52.75,0,0,0
28.00,6,18,1.8,1,32.56,0,0,0
57.00,9,13,3.4,2,256.07,0,1,0
113.13,8,13,0.1,3,47.29,0,1,0
20.46,8,11,0.7,2,44.31,1,0,0
13.22,6,19,0.2,4,73.12,1,1,0
40.35,8,21,0.6,2,52.39,0,1,0
11.63,10,17,0.0,4,29.83,1,1,0
11.53,7,9,4.6,2,59.19,0,1,0
200.00,9,10,1.8,3,84.99,0,1,0
41.99,0,15,0.7,2,27.33,0,0,0
88.31,3,16,4.9,1,91.74,0,0,0
39.99,4,12,0.5,1,62.37,0,0,0
87.00,8,16,0.3,2,106.63,0,0,0
24.99,1,16,0.2,2,50.95,0,0,0
49.51,0,10,1.1,2,19.61,0,0,0
86.78,6,18,6.4,2,88.95,0,0,0
19.39,8,10,2.8,2,35.48,0,1,0
165.46,2,7,1.2,2,87.75,0,0,0
456.95,6,3,1.4,3,71.11,0,1,1
9.57,2,19,5.0,3,33.38,0,1,0
93.00,8,10,1.5,1,70.57,0,0,0
11.61,6,18,0.3,1,88.03,0,0,0
13.99,0,19,2.3,4,47.85,0,0,0
27.62,5,21,3.4,3,33.00,0,1,0
44.64,8,8,2.0,1,27.73,0,0,0
47.08,0,14,0.4,2,46.27,0,1,0
18.37,0,15,2.9,3,101.41,0,0,0
72.43,2,2,1.8,4,76.67,0,0,0
103.20,2,10,1.3,3,115.36,0,1,0
67.53,2,10,0.2,3,36.83,0,0,0
20.61,7,18,5.8,2,34.47,0,0,0
147.31,6,23,4.7,2,44.19,0,0,0
242.99,1,18,0.7,2,46.60,0,0,0
15.38,6,9,0.2,2,34.39,0,1,0
216.93,7,0,2.1,3,96.28,1,0,1
113.06,9,21,0.4,1,94.05,0,0,0
39.16,2,13,1.7,3,71.68,0,1,0
785.00,7,13,0.8,3,204.74,0,0,0
61.44,4,18,0.1,3,36.41,0,0,0
76.99,1,4,0.8,1,53.90,1,1,1
64.95,10,14,6.4,2,,0,0,0
57.47,4,20,3.4,4,56.78,0,1,0
16.13,4,10,3.8,2,5.43,0,0,0
49.50,8,23,0.7,4,79.63,0,0,0
47.79,9,15,0.1,2,69.31,0,0,0
76.69,6,11,9.8,2,73.50,0,0,0
85.00,2,20,0.4,2,79.38,0,0,0
9.99,0,15,1.8,3,11.05,0,0,0
144.26,7,13,1.8,2,75.89,0,0,0
4.32,5,0,7.0,5,22.32,0,1,0
9.67,5,22,2.5,1,26.42,1,0,0
11.00,1,21,1.0,3,41.60,0,0,0
203.00,2,2,0.4,3,47.30,0,0,1
34.97,2,15,1.4,3,24.27,0,0,0
133.86,4,0,1.3,2,76.15,0,0,0
53.95,4,20,3.6,1,32.16,0,0,0
52.06,2,11,2.6,2,77.74,0,0,0
169.29,6,10,0.8,4,123.42,0,0,0
108.57,0,0,0.1,3,68.49,0,0,1
40.98,8,19,1.1,3,55.61,0,0,0
67.00,7,1,1.5,5,47.98,0,1,1
541.90,5,21,1.0,2,107.97,0,0,0
36.91,0,9,2.1,4,47.84,0,1,0
157.00,8,21,1.1,3,58.49,0,0,0
64.73,11,13,4.7,3,100.65,0,1,0
18.00,0,17,1.6,1,22.42,0,1,0
132.99,0,9,2.1,4,79.83,0,1,0
20.46,10,17,3.8,1,36.83,0,0,0
18.10,6,12,0.0,6,34.66,0,0,0
253.99,1,12,2.3,2,179.25,0,0,0
70.95,8,13,3.7,5,30.14,0,0,0
85.93,11,21,0.8,2,33.50,1,1,1
90.99,6,16,1.8,2,23.78,0,0,0
79.12,2,11,1.2,4,127.75,0,0,0
114.43,2,3,2.2,3,48.28,0,1,0
90.99,8,11,1.2,3,59.11,0,1,0
45.50,3,12,1.8,1,89.09,0,0,0
995.19,0,15,3.9,4,222.29,0,0,0
30.09,0,13,0.0,3,39.67,0,0,0
54.82,2,11,0.7,1,47.68,0,0,0
80.50,10,17,2.9,3,32.19,0,1,1
407.00,11,19,3.7,1,125.92,0,1,1
93.78,4,6,2.7,3,79.36,0,0,0
53.14,2,13,5.9,1,32.29,0,0,0
30.00,0,17,0.8,1,25.00,0,0,0
42.99,3,16,0.8,3,86.70,0,0,0
20.78,8,12,4.8,3,22.79,1,0,0
13.50,10,13,2.9,2,47.44,0,1,0
357.78,6,18,0.8,3,156.86,0,0,0
100.00,4,4,1.8,4,83.39,0,1,0
17.14,9,22,8.7,5,19.49,0,0,0
28.26,1,13,4.0,2,103.38,0,1,0
145.00,0,14,0.1,2,160.95,0,0,0
54.51,3,10,11.0,4,127.44,0,1,0
59.48,11,1,0.5,1,115.97,1,0,0
208.00,2,14,0.1,2,90.03,1,1,1
40.65,4,11,4.2,2,27.94,0,1,0
205.70,11,3,1.1,5,152.55,1,1,1
52.71,1,13,2.0,4,35.95,0,0,0
23.00,6,7,3.9,5,51.65,0,0,1
36.00,11,13,1.1,5,65.17,0,0,0
69.04,1,19,0.5,2,66.14,0,0,0
39.99,0,12,6.9,1,106.87,0,0,0
86.99,6,15,4.5,2,61.12,1,0,0
15.00,11,13,0.9,1,22.19,0,0,0
60.26,1,18,7.4,2,33.06,0,0,0
20.82,5,10,1.4,2,83.16,0,0,0
118.00,7,19,4.1,2,24.96,0,1,0
14.04,0,10,2.0,3,41.11,1,1,0
18.99,10,10,4.3,3,35.22,0,1,0
60.00,3,5,2.0,2,72.08,0,0,0
30.10,7,9,1.1,3,22.65,0,1,0
484.00,6,18,2.9,1,103.05,0,0,0
74.21,9,19,0.5,2,73.57,0,1,0
79.57,6,11,0.7,3,,0,1,0
28.31,0,16,7.2,1,56.77,0,0,0
36.00,3,8,1.4,1,33.42,0,0,0
22.99,2,22,2.5,2,66.24,0,1,0
4.12,0,17,2.3,2,7.14,0,0,0
26.99,5,19,7.7,3,50.61,0,0,0
22.40,0,15,6.1,2,41.40,0,1,0
146.31,7,15,1.9,3,56.97,0,0,1
34.03,6,17,0.3,5,16.70,0,1,0
51.56,1,19,0.7,1,52.70,0,1,0
54.64,1,14,6.3,3,55.45,0,0,0
10.30,6,21,2.7,2,22.88,0,0,0
66.31,0,18,2.1,5,59.33,0,0,0
110.42,0,5,2.1,6,43.10,0,1,1
603.83,5,11,2.4,3,206.66,0,0,0
19.73,4,13,2.7,3,33.71,0,0,0
48.00,7,4,1.5,3,63.60,0,0,0
51.80,5,17,1.7,2,95.89,0,0,0
37.44,3,6,4.0,6,49.00,0,1,0
87.99,11,7,14.1,2,54.16,0,0,0
9.49,4,21,1.2,3,34.66,0,0,0
283.28,0,9,1.8,2,115.61,0,0,0
40.99,1,20,4.7,3,27.03,0,0,0
72.99,5,9,2.5,3,45.76,0,0,0
232.00,7,21,1.1,4,47.18,0,0,1
32.19,0,14,2.9,2,105.62,0,1,0
68.50,4,19,2.4,1,81.03,0,0,0
433.00,1,22,2.8,1,41.86,0,0,0
24.05,1,19,1.9,1,27.46,0,1,0
23.00,6,17,1.3,2,53.25,0,0,0
258.00,3,16,2.3,4,222.19,1,0,0
30.00,5,13,0.3,3,79.13,0,1,0
17.99,1,20,1.1,2,53.35,0,1,0
42.55,3,8,2.9,2,34.19,0,1,0
13.08,0,9,2.9,2,51.75,0,0,0
61.00,8,17,10.1,3,42.62,0,1,0
17.00,4,22,1.9,3,,0,1,0
21.12,2,9,1.8,2,14.63,0,0,0
103.00,2,11,0.6,3,36.71,0,0,0
953.95,4,22,0.4,2,257.86,0,1,0
98.99,2,15,0.8,5,77.46,0,1,0
19.26,9,15,0.5,2,44.16,0,1,0
79.68,3,7,4.5,4,78.49,0,0,0
39.16,4,16,6.5,3,62.09,0,1,0
14.97,4,22,3.9,4,50.74,0,1,0
67.07,11,8,2.3,1,47.06,0,0,0
23.00,6,14,2.7,4,21.85,0,0,0
15.51,7,10,0.0,4,26.49,0,0,0
16.95,2,13,0.6,2,45.18,0,1,0
3.58,3,18,4.2,3,27.78,0,0,0
99.79,4,15,4.4,1,138.93,0,0,0
59.00,5,20,0.6,2,92.21,0,1,0
9.99,7,10,4.0,5,27.70,0,0,0
112.99,0,11,2.8,3,73.00,0,0,0
3.74,2,8,2.4,3,24.28,0,0,0
27.50,1,18,3.5,3,59.07,1,1,0
30.02,0,3,0.5,2,62.34,0,1,0
17.99,1,10,2.9,3,17.43,0,0,0
97.63,3,12,2.5,5,45.49,0,0,0
14.06,1,14,2.6,4,46.96,0,0,0
21.08,2,22,0.2,3,25.53,1,1,1
27.29,0,20,2.6,5,50.60,0,1,0
37.99,8,10,2.7,4,18.61,0,0,0
391.37,11,7,1.5,8,257.50,0,0,0
19.00,0,13,2.6,2,45.88,1,1,0
74.04,7,17,1.5,4,201.25,0,0,0
59.04,0,16,0.1,2,53.61,0,0,0
122.71,6,18,1.0,8,139.72,0,0,0
76.99,6,23,1.8,1,106.09,0,1,0
25.77,9,10,1.4,4,101.80,0,0,0
36.00,4,17,0.5,1,25.53,0,1,0
85.25,5,6,0.6,5,121.32,0,1,0
114.47,2,20,2.3,5,26.44,0,0,0
25.61,5,10,1.1,2,33.41,0,1,0
7.00,4,7,1.0,2,16.02,0,1,0
24.74,1,12,1.7,1,52.85,0,1,0
141.35,1,15,0.7,3,82.74,0,1,0
77.95,8,4,5.8,5,73.75,0,0,0
63.99,4,21,0.7,1,24.75,0,1,0
94.00,2,17,4.2,4,118.63,0,0,0
27.87,0,20,0.2,1,54.73,0,0,0
34.43,6,10,2.0,2,,0,0,0
20.60,5,17,2.1,3,31.49,0,1,0
757.33,4,17,8.6,4,110.69,0,0,1
120.50,6,19,2.0,1,68.85,0,1,0
74.48,9,21,0.0,5,38.62,0,0,0
14.37,8,16,3.9,2,33.29,0,0,0
9.95,7,9,1.2,2,14.76,0,0,0
4.94,1,11,0.8,1,20.44,0,1,0
23.86,2,17,0.1,3,16.38,0,0,0
44.55,10,17,0.1,1,54.31,0,0,0
37.98,4,17,1.7,1,41.90,0,1,1
50.56,9,6,0.7,2,64.28,0,0,0
285.20,1,15,0.2,3,67.54,0,0,0
54.28,4,14,2.9,3,116.68,0,0,0
111.99,2,11,3.6,2,272.94,0,1,0
134.95,5,22,0.7,2,59.78,0,0,0
86.72,9,15,1.5,3,139.10,0,0,0
17.46,0,12,6.0,3,60.22,0,1,0
50.59,8,19,1.8,3,74.47,0,0,0
89.48,0,12,1.3,1,37.84,0,0,0
400.69,3,11,6.0,2,148.37,0,0,0
193.99,1,7,0.7,2,61.41,0,0,0
21.59,10,7,3.0,2,14.49,0,0,0
74.50,6,23,2.9,3,89.27,0,1,0
43.00,2,13,1.2,2,30.99,0,0,0
7.30,4,18,3.6,7,56.64,0,0,0
29.89,3,11,0.4,4,30.53,0,0,0
104.26,5,20,0.2,2,74.23,0,0,0
42.00,11,16,3.8,2,58.39,0,0,0
207.99,6,9,3.6,3,53.08,0,0,0
46.89,2,2,3.5,2,71.01,0,0,0
81.99,2,17,0.6,2,104.96,0,0,0
91.95,2,9,1.8,1,52.94,0,0,0
20.33,4,0,3.4,2,9.77,0,0,0
291.36,7,15,2.4,2,99.10,0,1,0
44.99,1,0,0.5,2,16.97,0,0,0
100.20,2,15,1.6,2,97.62,0,1,1
360.51,0,6,1.9,1,134.51,0,0,0
137.06,7,0,2.1,4,114.09,0,0,0
50.50,9,22,2.1,4,53.28,0,0,0
196.43,0,9,2.8,2,73.54,0,1,0
84.49,6,15,2.0,1,71.44,0,1,0
48.12,6,19,2.3,6,28.36,1,0,0
92.00,5,10,0.2,2,37.46,0,1,1
49.00,3,12,1.1,3,63.83,0,1,0
49.37,4,10,3.7,4,71.89,1,0,0
15.99,7,12,0.7,2,38.61,0,0,0
24.95,0,9,0.7,6,39.33,0,1,0
204.88,6,8,0.2,1,79.35,0,1,0
11.95,0,9,0.1,3,62.06,0,1,0
108.99,11,13,0.8,6,81.91,0,0,0
31.99,2,10,4.5,1,46.49,0,0,0
52.00,1,12,0.2,2,79.46,0,1,0
38.98,7,18,0.6,2,53.06,0,0,0
22.99,6,15,0.0,5,25.96,1,1,1
94.34,2,13,2.1,4,34.10,0,0,0
43.50,2,15,0.5,2,55.61,0,0,0
35.50,2,14,5.9,2,43.22,0,1,0
106.02,3,18,1.4,5,65.16,1,0,0
68.90,1,15,0.1,4,37.13,0,0,0
100.84,10,13,1.8,1,82.27,0,1,0
89.65,8,12,8.1,1,174.84,0,1,0
27.91,0,0,0.1,3,50.94,0,1,0
198.99,2,18,2.4,2,192.50,0,0,0
132.53,2,12,0.1,4,44.09,0,0,0
21.11,4,16,0.3,3,64.04,0,0,0
173.95,3,0,3.0,4,59.45,0,0,0
72.99,1,18,2.5,1,69.66,0,0,0
93.00,11,19,1.7,2,80.49,0,0,0
44.00,0,8,1.7,5,67.85,0,0,0
60.50,1,10,2.0,1,67.89,0,0,0
296.50,0,20,1.5,3,136.07,0,1,0
28.80,6,15,0.7,1,38.34,0,0,0
101.95,11,7,1.3,2,67.60,0,0,0
10.50,7,15,0.2,2,60.46,0,1,0
52.00,6,18,0.0,1,35.48,0,0,0
25.14,1,10,1.1,3,23.87,0,0,0
36.50,11,9,0.2,2,95.11,0,0,0
117.79,2,21,4.6,2,86.63,0,1,0
126.99,4,20,1.8,4,80.99,1,0,0
252.77,11,8,1.1,1,98.28,1,0,1
12.96,3,4,0.4,3,35.60,0,0,0
94.50,5,21,0.9,1,76.76,0,0,0
49.43,0,15,1.1,2,85.12,0,1,0
15.00,5,19,0.6,4,43.74,0,1,1
78.90,2,9,0.1,2,18.55,0,0,0
74.66,4,17,4.7,1,62.02,0,0,0
114.61,3,9,0.0,3,64.79,0,0,0
86.00,9,19,0.6,3,41.19,0,1,0
123.50,5,13,1.1,4,74.95,0,1,0
271.95,9,19,0.9,2,109.30,0,1,1
28.99,3,13,1.4,4,40.58,0,0,0
77.71,2,19,0.9,4,214.42,0,1,0
15.98,3,16,0.7,3,26.93,1,1,1
100.27,9,8,5.6,4,54.72,0,1,0
51.16,1,17,0.3,1,26.47,0,0,0
35.51,5,8,7.9,4,51.60,0,1,0
35.31,5,21,0.8,2,61.28,0,1,0
89.02,0,8,2.3,4,28.11,0,0,0
203.91,6,18,1.8,2,99.79,0,0,0
31.38,11,17,5.4,3,62.33,0,0,0
42.00,6,23,6.3,1,73.98,0,0,0
481.10,2,13,0.8,1,81.10,0,0,1
288.87,9,16,0.3,4,124.34,0,0,0
27.95,0,16,1.5,3,24.86,0,0,0
92.53,4,19,6.1,7,42.77,0,0,0
48.00,11,13,6.6,3,78.78,0,0,0
62.18,7,15,1.9,4,66.03,0,0,0
181.18,2,15,2.6,5,87.54,0,0,0
170.29,3,17,9.6,7,56.53,0,0,0
54.00,3,20,2.7,3,26.93,0,0,0
31.28,6,11,3.4,1,44.66,0,1,0
271.99,4,15,5.2,3,108.60,0,0,0
450.06,10,11,0.9,3,92.86,0,1,1
243.33,1,18,0.3,1,326.47,0,0,0
136.00,1,17,0.9,4,93.42,0,0,0
47.19,6,14,0.4,1,56.74,0,0,0
41.46,0,18,0.0,2,59.10,0,0,0
42.96,0,17,1.2,1,36.03,0,1,0
62.66,0,9,2.2,2,45.77,0,1,0
376.99,0,22,0.0,3,78.34,0,0,1
59.42,6,16,1.5,2,49.34,1,1,0
43.65,3,21,3.4,4,19.54,0,1,0
105.99,4,18,3.0,2,58.70,0,0,0
13.50,4,12,3.9,4,49.98,1,0,0
91.99,6,13,2.2,4,122.53,0,1,0
183.91,6,14,0.7,1,90.67,0,0,0
660.16,2,13,0.1,3,188.16,0,1,1
162.96,1,9,0.1,2,128.25,0,1,0
36.19,5,13,0.5,4,55.77,0,0,0
67.99,1,13,5.1,5,42.45,0,1,0
71.87,4,15,4.6,3,223.49,1,1,0
106.50,3,21,0.1,3,45.33,0,0,0
514.71,4,8,2.8,1,197.34,0,0,0
27.18,9,17,3.6,3,35.27,0,0,0
70.26,0,17,1.0,2,98.64,0,0,0
64.99,6,13,0.8,3,29.42,0,0,0
27.57,0,1,4.5,2,71.80,1,0,0
25.86,9,6,0.5,1,,0,1,0
22.00,8,18,3.1,3,83.63,0,1,0
36.99,5,13,1.8,2,17.80,0,0,0
743.00,5,12,0.3,1,58.48,0,1,1
13.62,4,13,1.9,3,27.50,0,1,0
205.23,11,19,3.0,2,120.01,0,0,0
25.07,7,13,1.5,4,35.78,0,0,0
28.26,6,19,4.9,4,39.99,0,1,0
12.93,1,2,1.9,3,24.48,0,0,0
65.59,8,12,0.6,3,55.40,0,1,0
5.50,11,19,0.5,1,23.90,0,0,0
249.73,1,8,1.8,4,196.23,0,0,0
96.02,0,12,2.0,3,45.14,0,0,0
46.01,11,10,1.1,2,63.18,0,0,0
75.79,10,12,4.1,3,125.27,0,0,0
122.71,11,10,3.8,3,159.50,0,0,0
36.00,0,17,2.9,3,45.02,0,0,0
10.72,4,10,7.4,1,25.02,0,0,0
216.24,4,12,0.1,5,67.42,0,0,1
24.99,3,11,2.3,1,39.58,0,1,0
115.50,0,21,1.0,2,59.47,0,1,0
10.87,7,19,0.2,3,36.03,0,0,0
63.44,4,15,2.6,3,181.71,0,1,0
279.08,1,14,1.0,3,46.32,0,1,1
25.58,5,10,0.3,2,32.31,0,0,0
21.62,9,8,2.3,2,46.83,0,0,0
58.97,4,18,2.0,2,63.76,1,1,1
52.84,11,5,0.5,3,57.62,0,1,0
128.95,3,9,17.2,2,56.67,0,0,0
28.89,8,10,5.0,1,25.27,0,0,0
46.58,0,15,2.3,1,19.84,0,0,0
20.70,7,16,2.2,2,55.96,0,0,0
71.99,5,11,3.1,1,22.71,0,0,0
129.00,1,10,0.6,4,113.80,0,1,0
83.33,2,13,0.3,2,92.52,0,0,0
83.33,2,13,0.3,2,92.52,0,0,0
119.00,0,11,0.6,1,105.20,0,0,0
46.00,0,13,0.0,4,47.88,0,0,0
16.00,6,16,0.7,4,22.78,1,0,0
38.99,8,15,1.6,4,50.40,0,1,0
90.61,11,9,0.2,2,48.18,0,0,0
108.85,3,10,2.0,3,117.56,0,0,0
59.99,2,10,1.3,5,48.73,0,1,0
34.99,2,11,4.2,3,55.60,0,0,0
231.99,6,21,0.6,4,87.64,0,0,0
11.01,6,17,0.3,1,42.26,0,1,0
58.95,4,17,4.6,2,30.63,0,0,1
48.84,6,18,1.5,2,103.92,0,1,0
44.41,1,8,0.0,2,73.39,0,0,0
40.99,7,6,1.2,3,73.76,0,0,0
77.99,6,19,0.3,3,93.14,0,1,0
20.55,2,19,0.5,4,59.52,0,0,0
9.72,7,21,4.9,2,15.28,1,0,0
148.31,5,14,0.5,4,106.18,0,1,0
113.03,2,19,0.1,1,108.18,0,0,0
302.83,1,10,1.9,3,59.70,0,1,1
27.00,1,17,2.7,4,82.40,0,0,0
91.79,6,19,10.6,5,125.42,0,0,0
72.30,5,20,1.0,5,76.66,0,1,0
43.00,2,15,3.8,1,72.26,0,1,0
108.99,0,19,3.0,3,184.13,0,0,0
59.60,1,9,0.4,1,55.47,0,0,0
34.00,8,11,2.5,1,23.50,0,0,0
63.50,6,19,0.0,1,29.58,0,0,0
26.99,4,14,1.3,4,30.04,0,0,0
175.00,0,16,3.5,3,26.12,0,1,1
67.34,5,14,2.5,6,24.60,0,0,0
249.31,8,8,1.4,5,35.62,0,1,1
15.80,6,22,0.7,5,22.20,0,0,0
87.53,3,11,2.1,1,214.08,0,0,0
70.99,11,11,1.7,4,34.73,0,0,0
137.00,10,19,1.7,4,69.59,0,0,0
29.21,4,6,0.4,3,62.37,0,0,0
8.04,5,14,0.2,3,14.64,1,1,1
182.99,2,20,0.4,3,114.16,0,1,0
24.00,2,23,1.2,3,49.66,0,1,0
5.99,3,2,0.5,6,18.95,0,0,0
117.38,10,13,0.7,2,77.26,0,1,0
144.99,5,16,9.4,2,64.70,0,0,0
144.99,5,16,9.4,2,64.70,0,0,0
40.04,2,7,2.4,2,63.33,0,0,0
93.16,2,9,8.2,3,139.43,0,1,0
337.00,10,13,9.8,2,80.55,0,0,0
122.95,6,13,0.4,1,153.50,1,1,1
17.00,9,16,1.6,3,27.71,0,1,0
213.95,9,15,4.2,1,101.12,0,0,0
337.00,4,16,2.3,3,144.66,0,0,0
180.82,9,17,2.1,1,83.77,0,1,0
180.82,9,17,2.1,1,83.77,0,1,0
30.00,11,18,2.1,2,47.82,1,0,0
77.37,2,8,1.8,2,38.48,0,0,0
54.95,3,19,0.5,3,226.88,0,1,0
10.50,5,21,0.0,1,26.66,0,0,0
155.00,4,10,0.3,3,116.43,0,0,0
115.95,7,10,1.5,2,84.29,0,1,0
26.99,8,9,0.2,4,64.92,0,0,0
353.99,1,2,0.6,3,60.63,0,0,1
24.30,4,11,0.1,2,44.04,0,0,0
121.24,0,9,1.0,2,66.63,0,0,0
53.49,2,21,5.5,2,56.91,0,1,0
942.10,7,14,4.8,5,126.15,0,0,1
55.15,0,0,0.1,2,62.42,0,0,0
89.00,2,21,0.9,3,30.72,0,1,1
33.00,5,12,3.5,1,21.69,0,0,0
271.38,0,9,1.0,2,86.76,0,1,0
8.68,9,14,3.0,4,16.23,0,0,0
547.99,3,12,8.3,2,127.15,0,0,0
46.11,0,6,3.6,2,50.05,0,0,0
149.99,3,9,2.5,2,110.43,0,1,0
11.69,0,13,4.8,3,22.34,0,0,0
20.50,0,7,2.1,2,9.18,0,1,0
77.84,5,14,3.6,2,126.98,0,1,0
58.12,7,14,0.2,6,25.83,0,0,0
52.95,6,23,9.0,2,152.85,0,0,0
109.98,4,11,4.7,1,64.42,0,1,0
70.95,2,8,0.3,8,73.66,0,1,0
59.25,7,19,5.1,3,117.11,0,0,0
101.17,0,14,2.7,3,140.93,0,1,0
130.99,3,15,1.4,2,115.99,0,0,0
66.43,8,15,1.9,4,87.34,0,0,0
291.30,1,8,2.8,4,93.65,0,0,0
11.41,0,16,0.3,6,28.67,0,0,0
17.99,1,21,0.3,3,44.51,1,0,0
8.17,10,11,4.3,6,38.79,0,0,0
32.50,1,16,2.3,3,28.66,0,0,0
33.05,0,17,0.8,3,46.15,0,0,0
10.99,8,10,1.3,3,29.19,0,0,0
209.00,11,18,3.2,4,110.09,0,0,0
422.41,10,10,0.3,2,125.83,0,1,1
56.00,5,22,0.0,1,52.94,0,0,0
14.00,4,12,1.8,7,24.47,1,0,0
105.00,2,16,0.1,1,100.82,0,0,0
36.83,10,13,2.6,1,44.99,0,1,0
278.00,2,9,2.2,2,98.77,0,1,0
17.50,6,14,0.4,2,31.98,0,1,0
61.10,6,22,0.5,3,65.00,0,0,0
74.50,2,9,0.1,5,34.39,0,1,0
127.41,0,23,0.7,2,125.60,0,0,0
17.55,8,11,0.3,2,46.68,0,0,0
57.95,0,12,1.3,1,33.99,0,0,0
210.00,4,11,0.3,3,50.22,0,1,1
138.08,0,19,5.3,3,87.42,0,0,0
29.00,2,17,0.6,3,42.60,0,1,0
75.99,1,18,0.2,5,117.84,0,0,0
149.56,1,13,2.5,4,153.42,0,1,0
96.71,3,0,4.4,2,102.43,0,0,0
449.50,2,11,3.7,3,,0,0,0
56.55,5,17,0.2,2,66.27,0,0,0
197.74,0,21,6.8,4,133.08,0,1,0
168.99,2,14,1.7,4,98.28,0,1,0
70.76,9,17,0.1,2,42.39,0,0,0
39.34,5,16,2.1,2,24.78,0,0,0
163.01,0,14,1.5,5,113.77,0,0,0
46.00,11,15,0.5,2,43.23,0,0,0
32.97,0,6,6.0,4,15.95,0,0,0
44.23,1,8,1.0,2,27.12,0,0,0
111.29,9,11,2.2,3,76.41,1,1,1
22.27,3,14,2.2,3,69.56,0,0,0
189.57,0,15,3.1,3,141.97,0,0,0
57.66,6,2,1.9,1,47.36,0,0,0
55.00,1,21,0.9,5,66.83,0,0,0
66.91,0,11,0.0,2,29.56,0,1,0
9.92,1,9,2.1,5,41.75,0,0,0
62.05,1,17,6.0,1,115.96,0,0,0
192.49,9,21,1.8,1,24.64,0,0,1
56.00,0,16,0.1,3,21.53,0,0,0
975.99,11,8,2.7,2,151.12,0,0,1
68.00,3,11,0.7,2,42.39,0,0,0
45.96,3,12,2.8,3,85.15,0,0,0
36.50,0,16,1.9,2,45.06,1,0,0
19.56,0,11,3.4,1,39.08,1,0,0
161.55,2,13,0.2,2,69.69,0,0,0
92.86,7,17,7.0,3,55.20,0,1,0
122.06,6,8,10.8,4,134.29,0,0,0
112.99,11,10,0.2,1,26.02,0,1,1
152.99,10,19,0.1,1,170.17,0,0,0
52.99,1,23,1.0,2,72.00,0,0,0
120.52,1,11,1.1,1,93.15,0,1,0
8.00,9,15,1.7,2,21.11,0,1,0
291.00,2,13,1.6,2,246.22,0,0,0
26.52,8,9,2.7,1,34.34,0,0,0
48.00,11,11,4.4,4,37.59,0,0,0
34.74,0,23,1.4,3,19.10,1,1,0
68.13,2,16,0.5,3,49.18,0,0,0
23.99,11,11,0.7,2,53.74,0,0,0
131.72,6,9,1.7,2,74.53,0,0,0
277.00,4,10,1.6,3,104.15,0,0,0
66.17,5,20,0.5,1,44.68,0,0,0
11.99,3,14,1.3,3,26.96,1,0,0
21.83,2,18,1.7,3,39.18,0,0,0
129.66,4,12,1.7,4,84.01,0,0,0
40.95,4,17,3.2,2,130.97,0,0,0
187.99,6,9,1.6,3,37.64,0,0,0
170.30,10,21,0.2,4,59.35,0,0,0
129.99,7,11,2.0,2,63.87,0,0,0
41.19,2,12,0.7,1,66.09,0,1,0
36.99,2,23,2.9,4,145.75,1,1,0
80.08,5,13,1.2,1,21.17,0,0,0
87.30,9,19,4.7,2,85.64,0,0,0
8.81,7,14,3.1,2,32.11,0,1,0
760.47,8,21,0.5,6,135.87,0,0,1
71.59,9,13,3.4,1,62.95,0,0,0
60.66,11,11,1.0,4,115.39,0,1,0
90.00,3,18,4.1,3,118.78,0,1,0
14.95,7,18,0.9,3,49.72,0,1,0
354.18,1,12,0.1,3,325.72,1,1,1
92.17,8,11,2.6,3,239.14,0,0,0
104.37,1,14,3.0,1,41.46,0,1,0
53.40,8,18,0.0,5,48.05,0,1,0
107.18,7,10,4.1,1,59.79,0,1,0
18.07,1,12,0.1,2,22.27,0,0,0
28.91,2,8,6.0,4,,0,1,1
151.31,3,21,2.2,2,162.38,0,1,0
12.27,9,23,4.4,4,27.33,0,0,0
70.72,3,9,1.4,2,84.81,0,1,0
166.42,7,1,7.4,1,257.01,0,1,0
27.00,6,9,1.6,3,46.97,0,0,0
391.00,8,13,0.3,1,137.29,0,0,0
71.99,5,13,1.6,3,40.11,0,1,0
965.91,2,12,0.7,3,228.52,0,0,0
151.99,0,12,6.7,3,193.28,0,1,0
257.42,2,19,3.2,2,55.40,0,1,1
22.51,0,16,3.1,3,30.34,0,0,0
99.16,4,12,0.5,1,44.12,0,1,0
198.99,3,9,1.3,1,90.02,0,1,0
45.99,4,23,0.9,1,43.35,0,1,0
27.73,0,21,1.0,4,32.76,0,0,0
80.77,0,13,0.0,2,16.28,0,0,0
47.83,8,20,2.3,1,,0,0,0
8.53,4,13,0.8,1,17.92,0,0,0
72.59,8,21,1.3,4,69.12,1,0,0
43.00,9,18,1.0,4,29.64,0,1,0
95.62,9,20,0.8,2,40.72,0,0,0
129.95,7,2,16.5,2,147.80,0,0,0
23.81,0,19,0.7,1,23.52,0,0,0
662.99,3,13,0.5,2,,0,0,0
69.00,4,18,0.6,2,147.98,0,0,0
59.68,2,13,1.8,3,104.81,0,0,0
10.04,9,8,6.3,4,26.52,0,1,0
77.00,3,15,1.1,2,81.15,0,0,0
108.99,1,17,1.0,3,47.63,0,0,0
19.02,5,9,1.6,4,46.61,0,0,0
13.53,5,14,3.5,3,19.93,0,1,0
27.89,0,20,1.3,2,36.39,1,0,0
79.79,11,21,0.3,3,,0,0,0
48.99,2,22,2.1,1,26.79,0,0,0
86.84,6,13,0.1,2,69.39,0,0,0
122.17,2,17,4.2,2,171.42,0,0,0
130.22,2,11,0.5,3,46.14,0,0,0
453.25,10,4,2.0,3,96.43,0,1,1
25.60,7,18,0.1,1,53.20,0,0,0
26.13,3,6,2.2,2,110.52,0,1,0
204.00,0,0,1.1,3,42.82,0,0,1
63.89,3,10,2.7,2,80.02,0,0,0
58.96,1,5,0.0,4,86.96,0,0,0
76.99,0,15,0.2,2,110.00,0,1,0
100.99,0,3,4.3,4,203.15,0,1,0
28.59,0,9,0.3,3,25.85,0,1,0
132.28,10,19,4.7,3,99.82,0,0,0
17.73,10,17,2.0,3,63.82,0,1,0
17.73,10,17,2.0,3,63.82,0,1,0
37.44,8,14,6.8,3,50.37,0,1,0
1278.00,4,12,3.3,2,192.07,1,0,1
46.63,2,17,0.6,2,67.58,0,1,0
26.39,11,0,1.5,4,31.58,0,0,0
95.22,9,16,2.4,1,168.81,0,1,1
76.86,5,21,5.7,5,46.93,1,0,0
60.99,2,9,0.1,2,55.25,0,0,0
17.22,8,21,0.9,2,50.46,0,0,0
233.03,6,13,1.8,1,225.59,0,1,0
11.99,1,11,0.2,1,15.63,0,0,0
30.93,0,16,2.6,2,123.68,0,1,0
149.31,5,5,2.3,2,29.52,0,0,1
43.00,5,15,2.6,2,54.26,0,0,0
134.00,6,15,1.7,2,131.30,0,0,0
16.50,5,7,6.3,2,65.49,0,0,0
105.95,1,10,0.3,2,84.55,1,1,1
520.52,6,12,0.6,1,236.69,0,1,0
4.18,4,15,0.3,2,20.95,0,0,0
228.89,1,9,2.4,1,87.29,0,0,0
123.60,4,9,1.9,2,96.90,0,0,0
37.99,2,9,1.1,2,58.12,0,0,0
45.75,4,2,0.3,3,97.84,0,0,0
20.99,2,0,2.9,2,55.15,0,0,0
112.41,1,18,8.7,1,61.46,0,0,0
53.00,11,8,3.0,1,103.00,0,0,0
50.09,5,23,1.9,5,54.09,1,1,1
20.99,0,13,0.5,2,59.86,1,0,0
40.95,5,15,0.3,5,88.99,0,1,0
74.00,1,11,6.1,1,40.60,1,0,0
109.00,6,10,3.7,1,97.81,0,0,0
38.74,5,9,3.2,2,37.15,0,0,0
46.99,8,8,12.5,3,53.96,1,0,0
54.41,8,9,2.0,3,22.37,0,0,0
19.85,2,10,1.4,3,30.37,0,1,0
17.99,1,8,1.0,2,30.20,0,1,0
4.00,5,17,3.7,2,22.89,0,0,0
40.77,11,6,0.2,1,60.26,0,0,0
40.77,11,6,0.2,1,60.26,0,0,0
83.61,10,18,1.4,5,138.68,0,0,0
40.42,4,14,1.8,4,21.31,0,0,0
88.00,3,16,0.4,2,44.43,0,1,0
34.03,2,17,0.9,2,79.67,0,1,0
228.88,4,8,0.0,4,41.18,0,0,1
38.50,1,12,2.8,3,46.27,0,0,0
33.22,7,12,1.3,2,64.80,0,1,0
53.50,11,23,6.6,1,96.71,0,1,0
60.95,0,1,0.3,2,59.92,0,1,0
6.99,6,12,1.5,1,31.22,0,1,0
35.00,2,2,1.0,5,78.79,0,0,0
14.26,4,15,1.2,1,20.04,0,0,0
28.00,0,16,0.2,4,38.64,0,0,0
149.55,0,13,10.0,2,92.99,0,1,0
128.93,9,11,0.7,3,203.54,0,0,0
201.75,0,18,0.4,2,29.15,0,0,1
52.17,7,11,1.0,1,68.50,0,0,0
22.50,11,12,1.6,5,38.09,1,1,1
21.41,4,13,1.7,3,41.12,0,1,0
133.32,11,9,2.7,2,50.48,0,0,0
56.75,1,6,2.3,3,,0,0,0
67.16,4,15,1.0,4,63.99,0,1,0
10.00,6,13,0.5,4,25.31,0,0,0
36.41,0,14,1.3,4,54.00,0,0,0
164.95,0,9,0.8,1,90.75,0,0,0
94.00,2,20,1.7,3,104.59,1,0,0
106.17,6,13,2.2,2,64.62,0,0,0
29.00,0,6,7.2,3,34.15,0,1,0
826.00,7,13,1.7,3,191.56,0,0,1
50.99,5,16,4.2,2,67.38,0,0,0
23.63,8,13,2.3,3,32.82,0,0,0
20.42,1,21,3.9,2,34.04,0,0,0
10.53,2,5,1.1,2,63.43,0,0,0
57.00,3,3,2.5,2,58.26,0,1,0
70.99,5,4,3.1,4,35.01,0,0,0
230.00,3,19,1.0,1,118.18,0,1,0
180.99,0,10,1.5,1,52.66,0,0,0
50.50,1,8,0.7,2,67.49,0,1,0
4.42,3,10,2.2,1,63.32,0,0,0
189.50,3,16,0.8,3,82.44,0,0,0
16.95,2,15,0.7,2,43.14,0,0,0
87.86,7,16,0.7,3,29.16,0,0,0
83.03,5,19,3.1,3,98.50,0,1,0
212.96,1,13,3.5,2,39.58,0,1,1
36.00,8,19,0.5,3,26.89,0,0,0
106.00,8,14,0.3,2,73.81,0,0,0
52.00,9,11,3.7,3,72.68,0,0,1
149.95,2,18,2.1,2,50.16,0,0,0
27.99,0,12,6.3,3,53.24,0,0,0
20.99,6,10,0.6,5,36.43,0,0,0
22.58,1,19,3.4,2,61.24,0,1,0
507.70,8,19,3.8,2,58.37,0,1,0
47.02,4,8,2.6,2,22.26,1,1,1
94.65,2,11,1.9,3,72.59,0,1,0
52.72,2,10,6.5,3,41.78,0,1,0
91.99,7,17,1.4,5,25.10,0,1,1
123.99,6,17,0.8,4,79.90,1,0,0
83.41,0,8,0.4,3,33.25,0,0,0
11.33,0,9,1.1,2,36.15,0,1,0
49.55,9,16,0.6,3,58.80,0,1,0
199.67,7,13,5.0,6,75.36,0,0,0
12.44,11,13,2.5,3,17.84,0,0,0
7.99,9,15,1.9,3,12.10,0,1,0
11.49,5,16,0.5,2,29.52,0,1,0
40.00,5,16,0.1,4,62.09,0,1,0
206.00,0,15,4.2,1,94.75,0,1,0
45.50,8,18,3.4,2,42.39,0,0,0
70.95,8,5,0.7,2,130.74,0,1,0
22.00,6,21,0.8,4,73.53,0,1,0
24.58,3,5,2.0,2,58.00,0,1,0
26.10,8,19,3.2,2,26.70,1,1,1
16.65,10,18,2.7,4,20.46,0,0,0
81.76,1,15,3.0,2,61.34,0,1,0
20.40,3,1,2.9,2,107.90,0,0,0
123.43,8,10,1.7,2,174.72,0,0,0
55.16,6,19,3.0,3,160.32,0,0,0
20.00,8,2,2.5,2,44.46,0,0,0
210.00,4,13,3.5,2,238.01,0,1,0
46.35,11,15,4.1,4,37.70,0,0,0
9.44,6,9,0.7,3,22.02,0,1,0
17.61,4,21,8.8,2,44.08,0,1,0
10.81,8,23,1.1,2,53.90,0,0,0
197.02,2,18,3.9,1,267.07,0,0,0
14.00,10,21,5.7,3,24.77,0,0,0
77.50,2,13,4.1,2,36.74,0,1,0
205.00,3,8,2.3,4,139.65,0,0,0
23.06,7,13,1.2,2,32.35,0,1,0
26.50,1,10,3.4,2,61.23,0,1,0
148.03,9,10,1.0,2,55.29,0,0,0
7.29,8,5,0.4,2,24.49,0,1,0
159.99,1,14,1.4,3,56.46,0,0,0
15.20,0,7,5.2,3,20.40,0,1,0
122.51,5,14,3.7,2,59.06,0,1,0
150.41,1,9,0.0,2,,0,0,0
36.95,2,8,1.1,2,52.47,0,1,0
571.99,2,16,8.4,2,80.05,0,0,1
52.08,2,9,0.0,3,41.48,0,1,0
93.75,7,13,1.8,1,114.14,0,0,0
10.98,1,14,6.7,4,24.53,0,0,0
29.00,11,8,7.7,4,45.56,0,1,0
738.50,7,13,4.0,2,94.46,0,0,1
71.00,7,7,2.2,4,73.10,0,1,0
29.69,4,11,1.1,3,24.31,0,1,0
288.00,0,14,3.2,3,124.85,0,0,0
87.99,11,21,1.3,1,87.23,1,1,1
358.30,2,18,0.8,1,142.35,0,0,0
106.00,1,23,3.2,1,48.78,0,1,0
212.95,10,7,2.5,1,168.83,1,0,0
132.83,2,16,6.4,2,78.21,0,0,0
122.25,5,23,0.6,5,149.84,0,0,0
81.99,5,9,2.2,3,63.45,0,1,0
44.82,8,17,2.5,5,38.62,0,0,0
52.99,0,14,0.2,4,65.76,0,1,0
527.86,5,12,4.6,3,103.00,0,0,0
143.96,3,14,0.5,4,173.50,0,0,0
21.95,7,5,0.0,3,16.27,0,0,0
21.95,7,5,0.0,3,16.27,0,0,0
226.29,5,13,0.4,7,47.97,0,1,1
335.98,3,11,2.1,4,71.75,0,0,0
16.00,7,12,0.8,2,50.49,0,0,0
104.40,4,21,0.5,4,90.55,0,0,0
270.66,8,13,4.6,2,118.59,0,1,0
145.80,7,10,0.7,2,52.53,0,0,0
189.39,0,20,0.5,2,139.80,0,0,0
204.32,5,16,3.7,3,70.34,0,0,0
57.95,1,15,1.0,6,50.47,0,1,0
180.98,4,11,2.2,7,39.11,0,0,1
57.93,10,21,0.8,1,34.75,1,1,1
232.84,8,18,0.7,5,97.04,0,0,0
718.99,6,7,3.3,2,94.08,0,0,0
198.00,11,19,6.7,2,75.61,0,0,0
25.00,1,17,1.1,2,70.23,0,1,0
84.74,6,14,4.7,1,138.70,0,0,0
6.20,1,12,1.9,4,16.56,0,0,0
93.64,0,19,2.3,3,59.43,0,1,0
97.00,2,1,2.7,6,97.05,0,1,0
27.99,6,17,0.4,2,45.20,0,0,0
74.63,8,19,3.5,2,119.81,0,1,0
26.86,5,14,2.3,4,20.82,0,0,0
117.50,0,4,2.9,1,80.42,0,0,0
61.00,2,22,2.1,1,40.50,0,0,0
41.66,0,16,4.1,2,66.97,0,0,0
16.58,2,17,1.0,1,18.31,0,0,0
82.77,3,15,4.6,2,32.48,0,0,0
26.94,6,15,6.9,5,59.32,1,1,0
61.95,11,4,6.5,2,64.20,0,1,0
28.99,11,23,0.9,2,44.22,0,0,0
35.52,3,13,3.2,2,79.71,0,0,0
107.30,0,12,0.7,5,104.83,0,0,0
33.19,1,23,1.2,2,48.68,0,1,0
50.44,0,14,0.2,1,39.99,0,0,0
139.95,0,10,10.5,4,47.54,0,0,0
67.99,2,20,3.0,5,64.37,0,0,0
120.75,5,22,0.1,1,119.02,0,0,0
107.99,9,18,0.5,2,111.42,0,0,0
73.95,4,16,0.4,1,46.42,0,1,0
150.06,7,12,4.6,2,151.18,0,0,0
42.99,4,8,3.4,2,51.37,0,1,0
14.50,9,13,7.1,2,17.83,0,0,0
27.49,7,21,0.1,2,115.20,0,0,0
32.17,3,19,1.4,1,23.65,0,1,0
56.09,5,18,0.2,1,41.73,0,0,0
79.00,4,11,3.3,1,69.20,0,1,0
104.99,0,13,2.5,3,184.83,0,1,0
24.57,4,17,2.1,3,49.02,0,0,0
21.79,3,21,2.3,1,38.29,0,0,0
30.22,0,16,3.8,3,33.27,0,0,0
12.31,8,17,0.2,4,30.14,0,0,1
40.99,6,4,0.0,2,20.58,0,1,1
13.70,3,18,1.4,2,32.49,0,1,0
18.99,2,16,0.1,2,56.19,0,1,0
78.07,0,13,0.5,2,46.77,1,0,0
54.00,9,21,0.3,2,62.38,0,0,0
33.50,0,9,3.6,2,34.69,0,1,0
210.16,4,14,2.8,2,89.09,0,0,0
28.40,2,9,5.8,2,22.64,0,0,0
27.99,5,6,1.8,2,69.01,0,0,0
316.50,11,8,0.6,4,82.95,0,0,0
43.00,2,9,1.2,2,32.98,0,1,0
45.00,7,14,2.2,3,154.48,0,0,0
53.98,0,15,0.0,1,71.50,0,0,0
164.00,6,19,3.1,2,81.53,0,0,0
14.50,4,14,0.8,1,86.68,0,1,0
118.08,10,13,6.6,4,70.44,0,0,0
64.35,1,13,4.2,3,54.63,0,0,0
157.45,7,16,1.6,2,90.79,0,0,0
49.95,3,11,3.9,1,39.68,1,1,1
111.32,7,20,0.7,4,38.84,0,1,1
129.99,9,4,0.9,4,53.48,0,0,1
37.77,0,12,1.6,2,20.29,0,0,0
226.32,1,18,1.1,2,75.18,0,0,0
4.04,0,10,1.6,3,10.23,0,0,0
30.99,4,15,8.2,4,192.78,0,0,0
51.21,9,16,0.3,2,52.15,0,0,0
46.95,4,17,0.5,3,74.51,0,1,0
16.00,6,20,1.4,4,51.65,0,1,0
73.95,0,0,4.1,3,72.59,0,0,0
13.06,3,0,0.2,3,64.39,0,0,0
235.80,3,17,1.3,1,129.65,0,1,0
200.05,11,5,1.9,2,71.74,0,1,1
21.45,2,0,1.1,2,50.62,0,0,0
24.46,6,18,0.3,3,27.40,1,0,0
60.91,8,17,0.9,1,52.89,0,1,1
23.89,11,19,7.7,3,56.08,0,0,0
29.98,6,6,1.8,3,86.71,0,1,0
44.94,1,16,0.7,1,16.37,0,0,0
86.21,2,13,0.6,3,72.69,0,0,0
106.00,4,13,1.9,4,110.77,0,0,0
96.51,5,14,4.3,3,51.15,0,0,0
90.10,0,11,3.0,2,96.82,0,0,0
86.58,5,22,1.9,3,31.37,0,1,0
26.80,1,16,2.3,2,47.29,0,0,0
52.30,4,15,0.5,2,39.42,0,1,0
51.96,0,0,0.2,5,58.33,0,1,0
231.99,2,22,2.1,2,107.90,0,0,0
283.42,3,14,0.7,6,170.12,1,0,0
525.10,4,9,1.4,3,92.06,0,1,1
134.99,0,13,0.0,1,108.39,0,1,1
28.64,3,9,0.6,3,64.27,0,1,0
10.41,0,18,0.9,3,17.68,0,1,0
34.96,5,15,1.0,2,155.54,0,0,0
37.57,5,23,0.5,3,58.58,0,0,0
130.00,3,22,0.7,4,78.58,0,1,0
72.49,0,13,0.2,2,47.36,0,1,0
30.43,8,13,0.0,3,16.31,0,0,0
52.00,3,11,2.3,1,28.39,0,1,0
74.70,11,6,3.4,4,39.35,0,0,0
26.00,8,5,2.5,4,49.25,0,1,0
83.71,4,9,0.2,3,49.60,0,0,0
117.48,3,18,0.3,1,61.51,0,1,0
229.08,2,6,1.0,3,58.89,0,0,0
82.99,8,11,4.3,2,44.76,0,1,0
16.00,1,7,0.3,4,37.72,1,1,0
110.99,4,18,6.2,3,234.27,0,1,0
43.36,5,17,1.9,1,119.93,0,0,0
46.87,3,22,5.1,1,106.71,0,0,0
13.99,6,10,0.1,3,99.24,0,0,0
23.65,0,13,2.1,2,68.50,0,0,0
52.56,10,11,6.7,2,30.83,0,0,0
289.53,6,10,0.2,1,56.17,0,0,0
37.75,3,11,0.2,2,20.20,0,0,0
41.12,1,17,0.2,1,70.71,0,0,0
110.31,2,6,4.5,5,64.64,0,0,0
116.99,1,12,2.4,5,235.64,0,0,0
149.42,0,16,1.5,2,98.21,0,1,0
38.51,0,22,2.2,3,59.24,0,0,0
31.68,5,20,0.5,3,18.25,0,1,0
22.10,3,11,0.1,3,20.24,1,0,0
96.00,10,20,0.7,2,48.43,0,1,0
58.99,8,10,0.3,2,17.77,0,0,0
115.99,8,15,1.1,2,27.85,0,0,0
35.94,5,11,4.1,1,66.89,0,1,0
7.00,7,18,1.7,1,13.96,0,0,0
163.76,5,19,0.3,1,139.76,0,0,0
32.84,4,20,0.4,3,40.16,1,1,1
50.00,0,12,3.9,1,44.56,0,0,0
73.32,11,11,2.5,2,100.23,0,1,0
276.00,10,21,1.4,2,166.49,0,0,0
172.99,6,17,1.4,1,82.52,0,1,0
33.68,0,10,2.8,5,43.10,0,1,0
95.63,4,4,1.1,1,27.92,0,0,1
143.04,0,22,0.7,2,67.35,0,0,0
393.95,8,6,1.4,1,62.79,0,1,0
66.93,5,11,0.7,3,65.25,0,0,0
54.00,10,19,0.1,2,63.21,0,1,0
88.43,1,23,1.7,4,28.33,0,0,0
254.00,10,19,1.4,3,65.12,0,0,0
34.62,3,16,3.1,1,69.54,1,0,0
21.56,9,15,0.5,5,83.36,0,1,0
73.87,7,19,0.5,4,22.78,0,0,0
87.99,11,5,0.3,3,35.74,0,1,1
183.92,3,23,3.0,1,44.53,0,1,0
29.88,4,15,0.7,2,32.34,0,0,0
36.87,0,14,0.7,3,62.23,0,0,0
75.55,1,21,1.7,1,44.19,0,1,0
18.30,10,10,0.2,3,24.88,0,1,0
309.00,2,15,3.2,2,76.54,0,1,1
144.66,3,16,3.6,1,96.52,0,0,0
44.31,6,15,5.6,2,55.91,0,0,0
32.99,5,3,0.4,2,22.40,0,0,0
15.40,6,18,0.4,2,28.49,0,0,0
24.55,4,19,0.9,1,54.07,0,0,0
142.27,5,17,3.7,4,108.69,0,1,0
124.99,6,14,0.7,3,102.15,0,0,0
149.99,8,12,1.1,2,38.44,0,0,0
142.32,0,10,5.9,5,69.83,0,0,0
3.00,0,17,2.4,3,21.06,0,0,0
91.96,3,13,0.8,2,111.31,0,0,0
48.15,3,12,2.6,1,74.11,0,0,0
44.99,0,18,0.5,4,38.57,0,0,0
30.95,5,12,1.4,2,95.69,0,0,0
48.87,7,2,8.0,2,32.60,0,0,0
59.37,2,19,0.1,3,34.38,0,0,0
60.53,4,10,8.0,3,79.55,0,1,0
54.99,8,13,5.4,2,31.97,0,1,0
13.09,4,21,1.2,3,47.15,0,0,0
39.99,1,12,3.8,2,48.09,0,0,0
7.96,8,4,2.3,4,83.19,0,0,0
35.65,1,16,0.1,2,48.73,0,0,0
55.69,3,21,2.3,1,25.63,0,0,0
34.64,9,14,5.0,3,55.03,0,0,0
4.00,9,19,2.8,2,23.24,0,0,0
75.02,6,12,3.7,2,46.66,0,0,0
21.09,4,10,4.7,1,50.62,0,1,0
133.11,3,14,0.3,1,94.23,0,1,0
372.01,11,18,6.0,3,329.55,0,1,0
72.99,4,14,1.0,3,55.17,0,0,0
31.60,2,14,0.3,4,42.79,1,1,1
304.78,4,18,2.6,3,131.42,0,0,0
18.50,11,19,3.0,4,29.57,0,1,0
26.95,2,12,1.1,1,74.28,0,0,0
27.33,9,16,0.6,2,27.01,0,0,0
66.20,11,13,0.0,3,42.72,0,0,0
249.46,1,19,3.0,3,238.63,1,1,1
233.68,8,13,1.8,3,229.44,0,0,0
29.99,1,9,4.3,4,,0,1,0
409.95,1,3,1.4,2,170.29,0,0,0
97.50,0,13,0.3,6,48.47,0,0,0
21.87,6,20,3.9,2,41.44,0,0,0
95.84,4,20,1.4,4,122.07,0,0,0
692.45,4,5,3.2,1,223.03,0,0,0
315.76,6,16,1.2,3,52.15,0,1,1
88.09,5,15,2.9,2,136.13,1,0,0
21.00,1,21,3.0,3,45.46,0,0,0
193.99,7,12,0.2,3,44.16,0,0,0
121.50,10,22,3.1,3,57.70,0,1,0
247.78,2,17,2.1,5,73.30,0,1,0
15.34,1,3,0.2,2,29.79,0,0,0
107.24,6,17,2.8,2,60.63,0,1,0
39.29,6,6,0.2,1,16.74,0,0,0
35.00,0,18,0.9,3,56.52,0,1,0
127.70,2,16,5.1,2,53.24,0,0,0
16.00,0,20,0.6,3,83.54,1,1,0
379.23,11,10,2.0,2,91.19,0,1,0
123.00,3,17,1.0,1,58.96,0,0,0
127.99,11,11,3.5,3,45.52,0,1,0
125.00,0,18,3.7,3,128.47,0,0,0
101.12,6,7,1.6,1,241.92,1,0,0
10.81,10,6,8.7,4,53.07,0,1,0
31.99,6,12,5.6,4,,0,0,0
38.99,0,7,1.9,5,39.20,0,1,0
28.82,0,23,0.5,2,59.33,1,1,1
116.99,0,19,5.7,2,142.99,0,0,0
229.39,2,16,6.3,3,85.77,0,0,1
37.25,1,19,2.0,2,51.15,0,1,0
24.22,2,13,2.5,7,,1,0,0
192.74,0,9,0.8,3,78.69,0,0,0
55.03,5,15,5.0,2,47.38,0,0,0
50.87,11,20,1.2,4,125.45,0,0,0
186.82,1,19,8.9,3,40.37,0,0,0
55.00,8,15,0.4,3,105.97,0,0,0
214.83,2,11,1.1,5,83.58,0,0,0
36.99,0,19,2.8,4,97.22,0,0,0
114.05,2,20,2.2,1,166.77,1,0,0
37.50,9,16,1.9,2,25.85,0,1,0
150.13,10,19,4.7,6,57.35,0,0,0
28.52,8,10,0.3,2,21.41,0,0,0
49.76,2,12,3.7,2,51.59,0,1,0
15.08,2,18,1.0,2,31.20,0,0,0
48.95,6,13,3.2,1,83.54,0,1,0
26.99,0,12,6.8,1,48.43,0,0,0
19.50,0,23,3.2,2,29.81,0,1,0
112.00,5,18,7.0,3,85.11,0,0,0
17.99,2,11,2.0,4,27.32,0,0,0
42.75,8,14,3.5,1,32.73,0,0,0
39.50,7,4,2.7,2,55.43,1,0,0
67.90,1,13,0.1,2,126.37,1,1,1
161.99,0,8,0.5,2,48.76,0,1,0
20.05,9,9,5.5,1,76.93,0,1,0
17.00,6,13,5.6,1,54.93,0,0,0
396.00,3,19,3.6,2,61.99,0,0,0
25.86,1,15,0.8,3,12.82,0,0,0
91.44,6,16,0.3,2,89.17,0,1,0
39.71,0,18,3.2,3,20.85,0,1,0
51.99,6,22,3.5,2,43.82,0,1,0
99.50,4,7,4.9,1,42.30,1,1,1
8.95,4,17,0.5,3,,0,1,0
793.81,1,18,9.3,2,128.43,1,0,1
269.50,4,19,2.2,3,71.18,0,1,1
137.99,4,13,2.0,4,119.29,0,0,0
38.11,2,19,2.1,5,57.73,0,0,0
26.04,0,18,0.0,2,46.24,0,0,0
52.21,3,8,0.6,1,97.56,0,0,0
237.99,6,12,2.0,2,228.87,1,0,0
29.09,11,9,3.1,2,28.75,0,0,0
83.77,0,17,0.5,2,66.76,0,0,0
76.06,8,19,0.4,3,49.69,0,0,0
10.99,2,1,2.5,1,21.55,0,1,0
18.63,4,15,1.2,2,48.25,0,1,0
15.73,0,19,7.6,5,112.33,0,0,1
19.53,0,21,0.1,1,58.77,0,0,0
41.94,9,12,0.3,3,35.95,0,1,0
24.51,4,7,0.5,2,43.17,1,0,0
47.07,8,18,1.0,2,62.94,0,0,0
10.31,1,13,7.9,1,33.72,0,0,0
69.24,2,13,1.7,5,45.23,0,0,0
102.99,0,17,0.3,3,122.28,0,0,0
23.34,10,18,0.7,3,13.43,0,0,0
343.99,8,11,1.4,3,204.89,0,0,0
16.00,0,16,0.0,4,36.46,0,1,0
51.21,3,16,3.6,5,147.82,0,0,0
33.80,4,14,1.4,4,166.26,0,1,0
49.30,1,15,0.1,2,73.07,0,0,0
25.82,10,7,1.0,5,37.02,0,0,0
25.99,8,13,3.1,3,59.61,0,1,0
58.57,7,19,2.6,1,33.93,0,0,0
28.52,7,16,1.9,1,54.00,0,1,0
43.00,3,17,5.0,2,65.47,0,0,0
630.14,2,17,2.9,4,272.38,1,0,0
33.06,8,18,2.4,4,65.37,0,1,0
65.50,1,14,0.6,6,33.51,0,0,0
36.36,8,19,5.0,2,39.88,0,0,0
112.99,6,10,0.3,3,55.44,0,1,0
49.36,9,10,0.7,3,43.44,0,0,0
27.99,5,11,8.5,2,85.86,0,0,0
181.99,1,14,1.2,2,35.90,1,1,1
23.50,5,20,2.4,2,25.61,0,1,0
73.95,9,6,0.5,1,54.46,0,1,0
4.00,4,17,0.9,2,19.43,0,0,0
138.63,2,12,3.1,3,75.67,0,0,0
50.00,6,15,0.2,2,53.78,0,1,0
20.92,7,21,1.4,1,47.44,0,1,0
65.95,9,10,0.6,2,74.42,0,1,0
89.43,8,15,0.4,1,250.95,0,0,0
28.58,7,0,3.1,4,84.38,0,0,0
35.99,1,19,0.4,1,48.51,0,0,0
35.99,7,17,7.0,3,45.38,0,0,0
107.51,6,9,2.8,2,76.82,0,0,0
42.40,6,13,6.3,1,41.02,0,0,0
296.50,2,22,0.7,2,88.70,0,0,0
68.22,0,12,1.5,2,60.47,0,0,0
23.99,2,21,0.8,2,30.42,0,0,0
11.58,2,9,1.5,3,83.28,0,1,0
33.95,6,15,2.6,1,14.06,0,1,0
50.40,5,12,1.8,1,41.82,0,0,0
63.27,6,6,1.9,3,23.99,0,1,0
14.99,5,16,1.3,1,52.79,0,0,0
314.53,7,13,6.9,3,62.23,0,0,0
262.05,7,10,0.2,1,159.32,0,1,0
104.48,3,15,1.3,5,45.10,0,0,0
15.99,0,9,0.6,3,12.38,0,0,1
45.31,0,21,0.7,1,54.27,0,0,0
53.24,0,13,3.3,2,56.52,0,0,0
17.99,4,22,0.1,2,25.21,0,1,1
39.58,11,9,1.7,1,21.43,0,0,0
12.00,1,9,2.3,2,51.36,1,0,0
25.00,1,6,0.8,1,19.43,0,1,0
55.95,3,21,3.4,3,52.69,0,0,0
106.00,5,17,4.1,2,141.46,0,1,0
9.99,9,17,0.3,1,17.00,0,0,0
91.00,6,21,7.6,2,57.64,0,0,0
20.07,7,17,2.1,2,35.83,0,0,0
31.00,3,23,5.9,4,23.34,0,1,0
187.27,3,18,0.9,3,114.33,0,0,0
99.99,0,14,0.3,1,56.31,0,1,0
36.30,1,21,2.7,2,40.26,0,1,0
81.72,4,9,1.7,1,48.61,0,0,0
231.00,1,15,2.1,2,63.08,0,0,0
25.99,4,15,0.2,4,71.77,0,0,0
183.00,6,21,3.2,1,106.31,0,0,0
94.18,3,8,2.2,4,153.43,0,0,0
47.69,6,9,0.4,2,35.08,0,0,0
174.00,10,22,3.9,3,170.21,0,0,0
145.00,2,18,1.2,4,65.03,0,1,1
33.99,0,20,4.4,4,26.93,0,0,0
58.50,0,7,1.1,4,31.21,0,0,0
29.00,9,18,0.9,3,34.11,0,1,0
7.27,6,19,0.1,3,37.24,0,0,0
25.36,9,17,1.9,1,21.59,0,1,0
11.99,10,6,2.9,4,30.01,0,0,0
133.95,0,13,7.6,1,147.23,1,0,0
94.61,5,11,4.1,3,61.10,0,0,0
18.05,0,6,0.9,2,22.54,0,0,0
27.00,4,13,0.7,3,35.93,0,0,0
150.95,7,11,2.9,1,82.18,0,1,0
39.00,6,15,0.5,3,45.02,1,0,0
31.38,5,9,1.4,2,34.55,1,1,0
128.71,3,16,0.3,1,57.96,0,0,0
55.95,6,8,0.6,5,25.36,0,1,0
83.33,0,20,1.9,3,87.04,0,0,0
53.99,1,17,1.2,2,101.21,0,1,0
54.00,0,8,1.8,4,73.74,0,0,0
32.65,0,15,2.4,2,67.42,0,1,0
69.30,9,10,1.8,3,38.82,0,0,0
143.00,2,14,1.3,2,83.24,0,0,0
816.64,0,19,2.4,1,83.55,0,0,0
123.99,2,1,2.1,1,41.40,0,0,0
29.99,4,14,2.3,4,12.74,1,1,1
10.25,0,22,3.7,2,30.47,0,0,0
115.57,4,15,6.0,2,57.52,0,0,0
10.50,6,19,3.4,5,35.53,0,1,0
141.13,8,22,8.8,1,540.55,0,0,0
54.00,0,7,0.7,2,73.35,0,0,0
51.00,10,10,2.2,1,69.42,0,0,0
530.00,5,14,1.7,1,236.39,0,1,0
22.17,11,6,0.1,4,83.56,0,0,0
45.34,1,20,0.9,1,42.38,0,1,0
17.22,9,18,0.3,3,61.25,0,1,0
52.99,1,17,7.0,1,18.81,0,1,0
289.50,4,13,1.9,1,59.15,0,0,0
30.00,1,14,2.9,2,132.85,1,0,0
176.00,6,17,1.4,1,,0,0,0
50.96,4,21,0.4,2,68.45,1,0,0
62.00,1,22,1.0,4,58.00,0,0,0
127.08,0,12,0.7,3,303.14,0,0,0
178.95,11,13,0.7,3,250.61,0,1,0
39.00,6,4,2.2,3,71.22,0,1,0
110.00,7,15,1.5,4,90.69,0,0,0
48.00,3,18,1.5,2,87.52,0,1,0
121.34,4,12,1.2,5,115.13,0,1,0
95.44,2,17,7.4,3,32.36,0,1,0
8.99,0,12,1.9,2,23.36,0,0,1
80.05,1,16,0.5,1,102.55,0,0,0
98.98,7,0,1.0,3,45.51,0,1,1
104.85,2,12,2.1,3,75.50,0,1,0
48.99,2,3,2.5,2,56.15,0,0,0
48.99,2,3,2.5,2,56.15,0,0,0
11.00,9,15,1.1,5,169.66,0,1,0
52.30,11,16,5.3,4,64.64,0,0,0
203.00,4,8,1.1,2,58.36,0,1,0
71.00,1,22,3.5,1,83.39,0,0,0
96.63,0,14,5.9,5,48.85,0,0,0
505.00,0,3,0.5,2,103.71,0,1,1
111.95,1,22,1.2,2,79.71,0,0,0
39.23,1,14,3.0,3,132.95,0,0,0
72.50,5,19,4.7,3,43.24,0,1,0
81.00,0,11,6.0,4,47.19,0,0,0
78.26,9,16,0.9,4,85.51,0,0,0
34.95,11,15,2.9,2,27.66,0,1,0
80.39,5,14,1.0,3,44.75,0,0,0
23.14,9,18,1.0,4,34.80,1,1,1
18.31,9,15,0.4,3,22.20,0,1,0
208.00,8,13,0.1,1,71.24,0,1,0
69.99,8,18,1.4,2,58.19,0,1,0
51.99,0,20,0.4,1,21.21,0,0,0
32.86,5,19,0.3,4,53.83,0,1,0
340.88,10,23,4.7,6,45.63,0,1,1
109.99,3,17,0.2,4,115.78,0,0,0
152.99,7,13,0.8,4,51.75,0,1,1
58.85,7,18,3.6,4,32.48,0,0,0
92.99,2,12,3.9,1,78.17,0,1,0
212.03,1,14,1.6,2,107.41,0,0,0
28.00,7,16,0.3,4,60.88,0,1,0
236.00,9,11,3.0,1,105.89,0,1,0
89.99,1,7,0.9,4,62.93,1,0,0
281.15,9,10,2.3,2,134.56,0,1,0
925.24,2,15,4.5,5,145.77,0,0,1
108.65,2,9,0.0,1,81.72,0,0,0
21.00,0,20,0.7,3,78.75,0,0,0
25.00,7,14,3.8,1,50.77,0,0,0
261.00,6,11,1.8,3,174.23,0,1,0
46.19,6,18,4.3,3,43.42,0,1,0
79.12,8,20,0.0,3,59.35,0,0,0
83.99,2,15,1.5,6,56.67,0,0,0
21.39,0,10,2.8,3,27.38,0,1,0
34.50,11,14,0.0,6,127.90,0,0,0
138.00,9,10,1.6,2,139.24,0,1,0
31.00,2,10,2.1,5,22.01,1,0,0
50.71,0,18,0.3,3,68.58,0,0,0
103.99,0,6,2.6,3,86.21,0,0,0
34.00,2,11,0.2,2,25.43,1,0,0
127.48,8,7,0.5,2,82.31,0,0,0
155.78,3,17,1.2,2,143.07,0,1,0
211.00,9,14,1.6,4,60.54,0,0,1
57.81,3,17,3.3,3,24.87,0,0,0
760.90,2,16,0.4,1,55.63,0,0,1
12.76,6,11,6.4,4,25.82,0,0,0
120.95,6,1,1.2,1,102.50,0,0,0
19.50,9,13,0.6,2,99.02,0,1,0
36.98,2,6,1.7,3,57.59,0,1,0
259.30,1,8,0.4,3,163.12,0,0,0
11.34,0,15,1.7,3,20.69,0,1,0
13.10,5,13,0.7,3,91.80,0,1,0
129.00,4,10,0.7,3,140.88,0,0,0
183.49,0,10,0.2,2,88.38,0,0,0
66.31,3,8,4.8,2,33.11,0,0,0
123.55,7,9,0.5,4,154.65,1,0,0
19.24,9,17,1.0,1,78.10,0,0,0
26.33,3,15,2.8,2,67.21,0,0,0
93.87,11,14,1.4,2,130.70,0,1,0
9.83,4,19,2.5,3,23.46,0,1,0
13.51,7,14,1.5,1,14.51,0,0,0
30.00,3,13,1.3,6,26.70,0,0,0
32.08,5,17,6.8,3,43.81,0,0,0
20.51,0,2,1.7,3,40.56,0,1,0
171.00,4,12,0.6,1,63.57,0,0,0
73.35,8,18,1.0,2,85.81,0,1,0
35.50,6,23,1.0,2,100.29,0,0,1
13.30,3,9,0.0,5,47.10,0,0,0
31.49,3,10,1.5,2,41.20,0,0,0
32.59,6,12,1.3,7,53.58,0,0,0
10.00,4,15,0.2,4,45.64,0,0,0
21.50,3,17,1.0,4,43.56,0,0,0
127.58,2,15,1.0,3,87.89,1,1,1
136.44,10,14,0.4,3,121.48,0,0,0
24.99,5,7,2.6,1,56.27,0,1,0
161.52,1,14,2.6,1,,0,0,0
49.11,0,16,0.2,2,24.99,0,0,0
85.88,3,10,5.0,2,101.86,0,0,0
15.00,5,15,0.3,1,21.08,0,0,0
161.99,2,8,2.2,2,102.56,0,0,0
111.99,9,16,8.7,4,142.06,0,0,0
310.19,7,8,12.6,2,235.66,0,0,0
110.18,3,17,1.1,3,57.83,0,0,0
77.02,6,16,3.3,2,58.06,0,0,0
37.16,5,14,3.0,1,55.63,0,0,0
30.27,11,17,0.8,2,52.23,0,0,0
14.64,1,15,1.2,2,28.31,0,0,0
290.95,3,10,1.5,2,93.63,0,1,0
79.99,2,18,2.6,1,194.19,0,0,0
781.81,4,10,0.9,2,76.73,0,1,0
29.41,0,20,1.0,2,87.25,0,1,0
47.50,1,11,4.3,2,120.53,0,1,0
46.07,2,19,0.6,2,64.56,0,0,0
45.55,0,10,1.3,3,15.47,0,1,0
28.26,3,14,2.1,3,39.11,0,0,0
52.99,4,4,1.4,4,51.81,0,1,0
27.60,2,9,0.4,3,48.94,0,0,0
58.99,1,14,0.8,2,42.23,0,0,0
83.58,6,21,0.5,3,64.89,0,0,0
169.95,1,18,1.2,1,37.09,0,1,0
43.31,4,14,1.7,3,67.39,0,1,0
93.49,9,23,0.4,2,76.35,0,0,0
34.00,9,10,8.5,1,60.25,0,0,0
91.06,5,8,10.8,3,164.19,0,1,0
59.13,1,18,2.2,1,93.54,0,0,0
78.34,1,2,3.9,2,33.50,0,0,0
11.68,2,12,5.1,5,38.47,1,0,0
153.00,5,13,0.4,2,27.48,0,0,0
7.98,5,12,4.4,5,10.20,1,0,0
30.54,8,14,1.5,2,71.19,0,0,0
42.00,9,15,6.3,2,37.28,0,1,0
57.99,8,6,3.4,2,182.95,0,0,0
31.00,0,18,0.5,5,30.37,0,0,0
552.50,2,20,0.4,2,58.48,0,0,1
33.97,3,16,4.1,2,44.82,0,0,0
102.00,3,17,1.6,2,35.82,0,1,0
30.80,1,1,1.6,1,79.27,0,0,0
120.54,3,17,2.9,2,117.20,1,0,1
83.03,8,9,0.1,1,45.14,0,1,0
57.55,4,18,4.5,2,44.45,0,0,0
17.00,2,10,1.8,2,56.71,0,1,0
54.50,7,8,2.8,3,82.06,0,1,0
27.46,5,19,2.0,4,62.29,0,0,0
43.47,6,17,3.8,2,52.38,0,1,0
38.97,0,19,1.7,4,20.00,0,0,0
29.81,1,21,1.1,2,63.28,0,0,0
10.61,1,19,1.1,5,29.89,0,0,0
37.00,0,16,3.4,2,40.34,0,1,0
24.90,1,8,0.7,2,116.56,0,1,0
189.11,5,19,2.6,3,53.63,0,0,0
8.00,5,14,1.4,2,19.09,0,0,0
67.50,3,22,1.3,2,53.32,0,1,0
25.30,0,7,3.2,1,26.82,1,1,0
26.95,0,16,2.0,3,54.24,0,1,0
313.29,5,7,2.4,2,116.04,0,0,0
21.00,10,21,1.4,3,30.68,0,0,0
63.82,0,23,0.8,1,28.47,0,0,0
16.73,5,11,0.7,3,70.97,0,0,0
21.99,8,10,2.6,3,31.71,0,0,0
15.25,3,9,2.7,1,27.13,0,1,0
144.89,11,16,2.6,2,120.45,0,0,0
14.56,8,17,1.9,2,69.44,1,0,0
105.99,2,12,0.2,1,52.36,0,0,0
24.99,0,12,1.3,2,30.68,0,0,0
404.99,4,11,1.0,1,57.19,1,1,1
11.33,6,13,0.3,1,57.08,0,0,0
225.99,5,6,3.0,5,143.36,0,1,0
50.86,6,4,4.9,2,43.64,0,1,0
32.99,1,13,1.3,5,23.75,0,0,0
88.55,8,8,2.7,5,73.34,0,1,0
67.68,0,10,0.7,2,53.72,0,0,0
261.37,0,20,1.4,1,110.33,0,0,0
43.95,2,10,2.8,2,105.19,0,1,1
26.99,3,16,0.4,5,40.80,0,1,1
77.21,6,12,1.3,2,86.97,0,1,0
253.95,3,12,0.7,3,77.87,0,0,0
90.00,0,9,2.6,2,70.84,0,1,0
35.41,4,10,0.5,2,13.06,0,0,0
24.32,0,15,3.3,3,23.57,0,0,0
41.00,2,7,3.0,2,22.46,0,0,0
220.00,1,8,2.5,3,140.46,0,0,0
7.99,5,18,0.2,1,22.77,0,0,1
17.49,9,8,0.6,3,55.42,0,0,0
84.46,4,11,3.6,3,51.50,0,0,0
54.88,3,20,2.5,3,45.60,0,0,0
56.50,0,11,0.1,2,44.36,0,1,0
217.00,0,12,2.2,3,87.71,1,0,0
127.19,5,11,1.4,3,104.31,0,0,0
13.20,6,14,1.8,5,40.07,0,1,0
78.00,3,9,0.3,1,72.21,0,0,0
31.05,1,16,2.1,2,43.89,0,0,0
31.85,4,22,1.8,2,83.01,0,0,0
33.33,0,18,2.3,2,64.11,0,0,0
11.22,0,12,1.0,1,15.71,0,1,0
61.99,3,13,0.2,3,311.38,0,1,0
540.82,0,10,4.1,1,98.16,0,1,0
18.10,7,10,0.2,5,19.86,0,0,0
104.52,0,19,1.9,6,57.97,1,1,1
173.95,10,21,0.3,3,58.87,0,1,1
19.50,5,15,1.0,2,23.68,1,1,1
77.87,0,9,0.2,2,49.54,0,0,0
22.73,11,13,1.1,4,59.20,0,0,0
25.41,6,13,0.2,1,45.07,0,0,0
26.99,3,14,1.2,1,33.72,0,1,0
278.46,1,14,1.7,1,109.64,0,0,0
211.94,2,21,1.0,1,28.46,0,0,1
155.74,4,22,0.0,3,49.00,0,0,0
19.65,3,13,0.4,2,23.18,0,0,0
14.14,3,19,0.6,1,22.21,0,1,0
30.50,1,14,0.1,4,109.06,0,1,0
58.30,2,20,2.9,2,105.95,0,1,0
73.90,5,1,0.4,5,72.17,0,0,0
60.77,9,10,6.9,2,58.02,0,0,0
124.55,5,17,2.5,2,110.17,0,1,0
139.86,11,18,1.7,1,25.66,0,0,0
55.29,6,13,0.7,3,63.85,0,0,0
37.12,1,12,4.0,3,64.24,0,0,0
240.29,9,17,1.1,1,144.49,0,1,0
113.92,5,18,3.6,4,25.17,0,1,1
63.00,5,13,1.2,3,78.19,0,1,0
86.18,8,15,1.3,4,53.03,0,1,0
26.99,2,12,4.9,3,33.73,0,0,0
74.50,6,8,0.2,5,53.20,1,0,0
11.47,8,9,5.0,1,22.31,0,1,0
223.99,6,10,2.4,2,177.32,0,0,0
12.00,2,11,0.5,2,19.86,0,1,0
121.40,2,20,0.4,2,77.51,0,0,0
84.99,5,8,0.6,5,23.30,0,0,0
12.98,7,11,0.9,1,32.40,0,0,0
71.99,10,12,3.7,1,135.06,0,1,0
36.92,0,16,1.6,3,51.50,0,1,0
83.75,2,18,0.8,2,74.67,0,0,0
135.19,4,14,3.1,2,77.74,0,0,0
119.95,5,22,0.7,1,73.30,0,0,0
392.99,2,11,2.3,3,99.35,0,0,0
124.21,10,11,3.6,4,55.74,0,0,0
40.95,1,0,1.9,2,97.02,0,0,0
89.00,3,1,1.8,4,46.30,0,0,0
51.00,1,10,2.6,1,46.10,0,0,0
19.99,8,9,1.0,3,47.32,1,1,0
41.00,0,5,3.9,3,40.71,0,1,0
115.99,9,10,0.8,2,61.88,0,0,0
319.83,7,14,3.1,3,118.33,0,1,0
160.99,2,13,2.3,4,80.41,0,0,0
52.00,1,18,5.6,3,139.26,0,1,0
89.98,11,12,3.2,4,133.84,0,0,0
59.55,11,17,1.6,3,38.47,0,0,0
10.99,0,23,1.8,3,29.93,0,1,0
52.99,5,15,0.2,1,41.73,0,0,0
23.52,2,9,0.1,3,43.40,0,1,0
64.00,6,20,0.5,2,41.06,0,1,0
340.36,0,12,0.8,1,58.75,0,0,0
9.57,3,19,0.4,1,11.46,0,0,0
95.63,1,19,0.2,1,113.51,0,0,0
132.54,1,17,2.8,2,82.29,1,0,0
8.99,2,15,0.3,1,35.82,0,1,0
86.44,7,22,5.2,3,60.34,0,0,0
111.74,0,16,0.2,4,82.19,0,0,0
45.57,2,18,1.6,1,103.39,0,0,0
125.43,0,22,0.1,1,95.12,0,0,0
29.90,5,12,2.8,1,21.75,0,0,0
4.00,2,14,8.1,2,8.64,0,0,0
45.00,2,0,0.8,3,35.19,0,0,0
15.00,8,9,2.3,4,33.77,0,0,0
9.99,2,19,0.8,2,32.20,0,0,0
219.99,8,23,0.5,2,87.29,0,1,0
62.37,3,2,3.0,2,40.94,0,1,0
24.99,1,9,2.5,3,36.04,0,0,0
83.73,2,21,5.0,4,77.72,0,0,0
1796.11,1,17,2.1,4,299.02,0,0,1
48.93,5,23,0.6,4,46.14,0,0,0
62.18,11,11,5.3,2,79.41,0,0,0
35.49,1,12,0.7,2,84.53,0,1,0
53.83,5,15,0.8,2,46.96,0,0,0
63.50,6,10,2.8,3,157.51,0,1,0
41.99,4,10,1.2,2,30.31,0,1,0
26.77,0,12,5.0,2,83.81,0,0,0
69.04,4,23,1.0,3,88.59,0,0,0
61.42,2,15,0.5,4,124.78,0,0,0
6.43,0,23,3.6,2,15.39,0,0,0
58.51,7,3,0.7,5,35.15,0,0,0
104.95,4,7,0.4,2,82.30,0,0,0
79.60,7,10,2.3,1,35.34,0,0,0
7.03,6,19,1.5,4,44.72,0,0,0
121.82,5,19,4.9,2,35.81,0,1,0
39.00,3,15,5.0,3,108.35,0,0,0
19.00,5,22,1.5,3,17.33,0,0,0
30.63,11,19,4.8,1,29.54,0,0,0
26.95,10,17,0.8,2,94.76,0,1,0
24.44,2,16,0.9,3,52.00,0,0,0
44.50,6,6,0.2,2,31.57,0,0,0
60.18,3,19,0.0,2,68.46,0,1,0
175.18,0,10,0.5,2,128.14,0,0,0
25.71,11,7,2.0,1,39.64,0,1,0
20.60,1,11,6.3,4,39.26,0,0,0
90.97,1,2,1.2,4,42.30,1,0,0
14.12,4,22,8.3,2,82.20,0,0,0
110.45,5,13,0.1,5,63.05,0,0,0
169.99,5,22,2.8,4,52.64,0,0,0
92.80,6,14,4.2,2,112.94,0,0,0
125.99,1,17,2.6,4,21.40,0,0,0
110.60,8,15,3.0,4,88.46,0,0,0
48.00,4,15,2.6,3,26.00,0,1,0
157.10,7,9,1.5,2,127.25,0,0,0
15.22,3,16,1.7,3,18.79,0,0,0
154.50,0,13,1.9,2,97.56,0,0,0
226.00,9,7,1.7,3,31.50,0,0,1
32.98,9,9,0.1,1,48.65,0,0,0
512.65,10,11,0.5,1,381.11,0,0,0
18.24,7,16,1.3,1,20.52,0,0,0
72.23,4,18,11.5,2,76.87,0,1,0
186.87,1,10,1.1,3,32.49,0,1,0
186.87,1,10,1.1,3,32.49,0,1,0
29.13,4,7,3.3,3,32.64,0,0,0
137.95,7,8,1.3,5,41.75,0,0,0
25.99,3,15,2.1,4,35.82,0,0,0
557.64,1,16,1.3,2,152.66,0,1,0
679.90,6,21,5.2,3,209.14,0,1,0
840.68,7,16,5.6,3,206.05,0,1,0
18.99,0,7,2.4,7,64.52,0,0,0
10.71,7,12,3.0,5,64.79,0,0,0
39.24,1,14,1.7,3,27.92,0,0,0
121.50,0,19,2.8,5,51.73,0,1,0
133.99,11,10,1.9,2,137.94,0,0,0
45.01,11,16,2.2,3,30.82,0,0,0
23.88,8,20,0.2,2,29.40,0,0,0
43.36,2,22,4.2,1,64.09,0,0,0
87.99,3,23,0.6,2,164.08,0,0,0
11.35,11,22,0.0,5,33.13,0,0,0
57.95,0,9,2.4,2,20.07,0,0,0
22.51,5,16,2.9,1,38.88,0,1,0
65.95,1,19,3.6,2,137.43,0,1,0
8.00,1,7,1.8,2,21.23,0,0,0
111.23,1,17,1.8,1,109.60,0,0,0
22.44,11,13,0.4,2,81.71,0,1,0
60.46,6,15,0.9,3,111.59,0,1,0
43.29,0,1,1.2,1,22.52,0,1,0
22.79,5,11,3.1,4,78.96,0,0,0
24.40,3,15,1.8,4,33.62,0,0,0
27.03,1,12,0.0,5,43.84,1,0,0
10.00,3,19,0.5,6,40.25,0,1,0
18.37,5,11,0.2,1,52.38,0,0,0
92.00,0,22,0.3,3,79.69,0,1,0
52.60,2,7,1.8,2,41.82,0,1,0
174.00,5,4,4.7,2,73.83,0,0,0
26.35,4,14,2.8,2,33.34,0,1,0
114.91,3,11,0.1,3,88.91,0,0,0
19.47,6,13,1.4,1,28.98,0,1,0
134.95,0,7,1.4,1,41.13,0,0,0
64.50,6,18,0.5,3,185.59,0,0,0
215.70,0,17,2.8,1,122.47,0,0,0
25.40,8,15,1.3,3,37.16,0,1,0
35.51,6,12,0.9,3,16.84,0,1,0
46.65,1,18,3.1,2,37.43,0,1,0
49.18,1,8,1.1,2,43.54,0,1,0
63.18,3,13,2.6,3,47.72,0,1,0
70.89,1,10,0.0,2,33.03,0,0,0
58.71,10,10,1.1,5,50.07,0,0,0
21.32,0,17,0.5,6,47.57,0,1,0
73.15,0,1,1.2,2,162.25,0,1,1
51.81,4,8,0.6,2,40.63,0,0,0
193.12,2,21,2.0,2,99.00,0,0,0
21.13,5,17,0.8,3,56.23,0,0,0
19.22,5,19,1.6,1,46.24,0,1,0
74.99,3,14,0.2,2,44.45,0,0,0
76.04,2,10,5.1,4,25.98,0,0,0
124.56,4,7,0.9,2,46.59,0,1,1
148.00,8,14,1.7,1,139.15,0,0,0
122.65,0,12,8.7,2,43.00,0,0,0
27.99,8,13,0.8,3,25.32,0,0,0
17.00,7,14,3.8,2,10.29,0,0,0
473.42,5,15,0.9,2,103.05,1,1,1
18.00,0,9,9.7,2,27.55,0,0,0
425.19,4,7,0.2,1,155.15,0,1,0
21.79,8,8,0.2,4,49.16,0,1,0
5.83,0,11,0.3,3,19.48,0,0,0
90.88,0,11,3.3,4,36.56,0,0,0
103.97,4,11,8.2,3,54.54,0,0,0
69.23,0,18,1.4,4,60.31,0,0,0
77.99,0,22,2.4,2,38.35,0,0,0
53.15,0,14,2.7,3,55.13,1,0,0
13.00,1,17,0.4,1,25.90,0,0,0
36.43,0,22,4.2,2,32.46,1,0,0
159.35,8,9,0.1,4,102.13,0,0,0
116.53,11,8,1.3,1,97.52,0,1,0
73.38,3,8,2.8,2,60.51,0,0,0
78.00,3,18,1.0,1,123.49,0,0,0
259.35,4,10,5.3,3,75.34,0,0,0
46.99,10,11,7.4,1,53.65,0,0,0
40.47,0,15,1.5,1,78.50,0,0,0
42.00,4,12,4.0,3,49.38,0,1,0
67.16,0,6,3.7,2,55.63,0,0,0
22.60,4,12,6.3,4,64.63,0,0,0
30.28,11,8,1.5,1,44.86,0,0,0
115.92,5,5,0.1,2,77.76,0,1,1
40.76,9,9,1.1,5,31.78,0,0,0
109.95,0,13,1.2,3,61.54,0,0,0
236.91,6,21,0.4,3,123.10,0,0,0
16.50,5,3,0.7,4,43.61,0,1,0
187.99,11,1,3.2,2,104.53,0,0,0
77.00,5,11,2.5,1,110.85,0,0,0
83.00,1,11,2.2,7,44.88,0,0,0
161.34,10,16,11.0,2,66.02,1,1,1
13.00,2,18,0.0,2,38.51,0,1,0
10.20,5,13,0.9,2,42.36,0,0,0
39.86,6,13,0.8,2,16.79,0,1,0
23.00,11,18,1.3,7,48.79,0,0,0
218.46,0,4,0.6,1,61.31,0,0,0
14.95,5,20,1.1,2,31.00,0,0,0
56.44,4,21,2.4,3,64.91,0,0,0
13.59,1,19,12.6,4,29.35,0,1,0
26.50,0,9,0.1,2,23.13,0,0,0
9.50,3,13,0.5,2,27.06,0,1,0
40.50,2,13,0.1,4,77.85,0,0,0
226.00,8,11,1.9,3,62.02,0,0,0
26.29,8,16,2.0,4,26.91,0,0,0
92.31,6,21,6.1,4,61.05,0,0,0
527.09,5,10,0.7,3,329.74,0,0,0
126.86,6,18,0.6,4,123.51,0,0,0
19.95,1,11,3.4,3,16.17,1,0,0
45.99,1,9,1.3,2,115.53,0,0,0
22.00,8,17,1.3,2,38.79,0,0,0
39.86,2,20,0.0,4,28.10,0,1,0
23.82,2,0,0.5,5,84.42,0,0,0
86.12,2,20,0.6,2,116.50,0,1,0
17.00,0,11,0.3,2,65.64,0,0,0
191.50,2,9,0.3,5,125.57,0,0,0
516.00,1,14,0.2,4,150.19,0,0,0
64.99,2,9,0.7,4,62.44,0,1,0
64.00,6,12,2.8,2,37.19,0,0,0
27.49,0,13,0.0,2,43.04,0,0,0
12.00,7,12,1.8,1,13.56,0,1,0
32.53,2,17,7.1,1,41.28,0,0,0
9.00,5,13,1.8,2,37.35,0,0,0
87.00,7,10,7.9,2,36.82,0,1,0
39.95,7,20,1.9,1,122.84,0,1,0
8.94,10,14,0.6,3,62.30,0,0,0
108.99,0,0,0.0,1,23.97,0,1,1
233.22,5,23,1.1,3,140.63,0,0,0
103.76,2,13,2.6,4,59.43,0,1,0
12.65,6,10,2.4,1,15.74,0,0,0
15.99,4,19,1.7,1,25.15,0,1,0
6.99,10,20,5.3,3,32.23,0,1,0
46.37,7,18,0.1,3,41.00,1,0,0
156.21,4,0,2.6,2,161.05,0,1,0
43.99,3,9,0.2,3,49.58,0,1,1
31.11,1,14,4.0,2,56.59,0,0,0
168.61,0,13,2.1,3,97.27,0,1,0
152.99,1,14,0.2,4,37.49,0,1,0
80.99,5,12,1.4,3,80.41,0,0,0
131.12,1,16,1.5,2,113.12,0,1,0
283.64,8,9,0.2,3,146.98,0,0,0
79.00,4,13,4.3,1,24.70,0,0,0
65.99,4,23,2.1,2,53.52,0,1,0
117.00,9,20,3.1,7,42.66,0,0,0
167.00,1,13,5.3,2,112.27,0,0,0
49.00,2,16,1.3,3,23.38,0,0,0
206.78,9,22,1.2,1,,0,1,1
112.00,8,11,1.4,1,67.94,0,0,0
50.00,5,17,7.5,2,29.53,0,1,0
78.00,2,21,4.0,3,25.37,0,0,0
17.98,3,9,0.9,1,34.81,0,0,0
14.45,3,7,1.8,2,15.68,0,1,0
252.82,3,7,2.0,3,50.56,0,1,1
14.35,6,1,2.8,4,,0,0,0
53.95,9,10,0.9,3,60.65,0,1,0
87.85,1,18,1.2,4,205.03,0,1,0
34.00,6,15,5.3,2,106.35,0,0,0
35.80,10,12,1.0,2,39.89,0,0,0
43.85,0,9,1.0,3,70.59,0,0,0
33.50,9,17,2.2,5,78.86,0,1,0
190.81,0,23,1.6,1,45.18,0,1,0
462.00,0,16,1.8,3,49.53,0,0,1
55.00,5,12,1.9,1,92.03,0,1,0
8.95,4,3,1.8,4,38.94,0,1,0
10.89,5,16,3.5,3,11.46,0,0,0
108.99,3,23,1.1,3,212.97,0,0,0
7.00,0,15,1.5,2,61.14,0,0,0
7.86,2,19,2.8,2,10.47,0,0,0
34.26,7,13,1.8,3,45.50,0,1,0
20.00,0,16,1.3,2,89.39,1,1,0
20.91,8,21,4.1,3,70.26,1,1,0
74.06,3,8,2.7,3,85.81,0,0,0
105.00,2,12,11.8,3,96.88,0,1,0
65.59,8,14,2.0,3,85.94,0,1,0
90.62,0,16,7.1,3,47.91,0,1,0
43.11,8,18,2.6,3,16.24,0,0,0
74.33,6,19,2.6,3,271.77,0,0,0
149.99,4,9,1.6,2,52.02,0,1,0
13.99,3,13,0.2,3,11.25,0,1,0
26.87,3,12,6.5,2,26.71,0,0,0
83.99,11,9,1.0,3,91.70,0,0,0
120.79,5,7,0.9,3,38.53,0,0,0
43.99,9,1,1.3,2,75.91,0,0,0
75.99,0,16,3.3,4,34.24,0,0,0
248.77,0,17,1.0,1,157.43,0,1,0
146.98,6,15,0.3,3,95.62,0,0,0
12.99,0,13,1.0,4,34.39,0,0,0
39.26,2,16,2.0,2,60.50,0,0,0
21.99,8,18,4.3,1,62.89,0,0,0
16.71,2,14,3.9,3,49.02,0,0,0
338.95,4,13,2.3,3,208.34,0,0,0
140.00,1,11,0.3,1,149.95,1,1,1
495.99,2,16,1.1,2,83.11,0,1,1
21.99,0,5,1.2,1,28.88,0,0,0
22.97,2,19,1.7,2,36.54,1,1,1
14.01,6,7,2.4,4,21.47,0,0,0
13.64,1,10,1.5,2,39.96,0,0,0
36.64,6,14,4.3,1,89.53,1,1,0
1280.82,2,13,1.0,2,246.36,0,0,1
102.31,0,13,1.0,3,119.69,0,0,0
45.43,3,11,1.4,3,33.91,0,0,0
98.50,5,19,0.3,2,58.09,0,1,0
30.06,6,14,8.8,1,81.00,0,0,0
247.32,5,10,5.9,2,33.15,0,1,1
334.95,1,14,0.5,2,102.06,0,0,0
31.95,11,16,1.3,4,67.66,0,1,0
4.41,4,17,7.2,6,45.40,0,0,0
80.82,0,8,1.1,1,35.15,1,0,0
8.50,0,8,5.7,3,40.68,0,0,0
20.73,3,8,0.3,3,20.39,0,0,0
373.94,5,11,2.8,3,51.24,0,0,0
34.15,5,13,0.7,2,67.46,0,0,0
69.65,10,12,6.2,2,60.47,0,0,0
21.63,1,10,0.0,5,44.46,1,1,0
65.28,1,15,4.5,3,55.13,0,0,0
162.26,11,15,1.1,4,67.97,0,0,0
20.07,3,13,0.4,3,24.68,0,0,0
128.87,2,20,1.3,1,59.18,0,0,0
220.61,0,8,12.1,5,71.01,0,0,0
76.33,3,18,1.1,1,139.21,0,1,0
79.58,9,10,2.4,1,72.30,0,1,0
66.64,1,8,5.2,3,53.59,0,0,0
74.95,4,18,1.5,3,72.53,0,1,0
83.98,1,18,5.2,1,54.70,0,0,0
67.00,1,2,0.7,1,22.46,0,0,0
88.50,3,18,0.6,2,83.52,0,0,0
52.86,11,7,0.8,4,53.23,0,1,0
209.52,0,23,5.3,1,166.92,0,0,0
141.00,8,23,1.0,5,61.47,0,0,0
129.75,4,20,3.2,4,89.34,0,0,0
7.99,0,18,0.3,2,23.37,0,0,0
16.99,9,13,0.6,2,42.86,0,0,0
106.54,2,15,8.8,3,31.96,0,0,0
118.45,4,12,0.6,2,182.35,0,0,0
17.41,1,8,1.7,1,45.73,0,0,0
21.53,2,14,2.8,3,67.02,0,0,0
3.36,9,13,2.2,3,20.65,0,0,0
34.37,7,10,3.4,4,67.77,1,1,0
89.99,10,10,0.1,2,76.58,0,0,0
4.46,0,7,1.0,4,16.79,0,0,0
76.55,9,16,0.1,6,43.03,0,0,0
59.92,0,17,1.1,1,61.95,0,0,0
42.95,10,15,1.0,6,32.06,1,0,0
32.16,1,19,3.7,3,68.09,0,0,1
26.35,9,12,1.8,4,30.73,0,1,0
14.65,2,21,1.0,1,15.12,0,0,0
275.99,8,15,0.7,2,95.15,0,0,0
24.83,5,12,3.3,2,36.46,1,0,0
383.00,7,14,0.4,3,79.91,0,0,1
35.24,7,21,2.2,1,159.00,0,0,0
229.95,5,13,0.2,1,62.38,0,0,0
91.95,2,17,3.8,6,124.39,0,0,0
32.69,1,8,2.9,2,37.58,0,0,0
143.00,2,15,0.7,2,91.22,1,0,0
202.51,0,13,1.3,2,84.81,1,1,1
87.85,4,15,2.2,3,53.40,0,1,0
134.25,2,8,3.3,1,73.23,0,0,0
22.23,9,7,2.2,3,35.66,0,0,0
79.00,3,12,4.1,1,67.03,0,0,0
27.00,2,15,0.3,2,,0,1,0
163.76,8,21,0.3,4,91.25,0,0,0
12.99,1,22,0.9,3,70.30,0,0,0
65.67,6,22,2.7,4,52.53,0,1,0
8.00,1,21,1.0,2,27.23,0,0,0
14.00,6,11,1.3,2,40.86,0,0,0
48.53,5,15,0.8,1,67.44,0,1,0
126.39,11,11,1.3,3,62.58,0,0,0
20.00,1,12,0.0,3,30.24,0,0,0
4.50,7,19,2.0,4,7.52,0,0,0
215.07,6,16,3.6,2,47.32,0,1,0
174.00,4,17,1.1,3,83.98,0,0,0
417.38,6,10,2.2,1,94.51,0,0,0
26.00,0,10,2.2,1,22.37,0,1,0
7.30,8,18,12.5,3,14.18,0,1,0
69.96,1,13,0.1,3,39.45,0,1,0
283.39,5,14,1.1,2,57.77,0,0,0
29.99,2,16,0.7,5,25.04,0,0,0
164.91,10,12,8.4,2,42.17,0,0,0
27.99,2,15,2.8,2,48.08,0,0,0
22.86,1,10,2.6,2,27.30,0,0,0
50.99,0,20,0.5,1,52.31,0,0,0
70.65,8,16,5.8,3,38.36,0,1,0
34.44,0,15,2.8,3,26.11,0,1,0
231.62,3,21,1.2,2,103.91,0,0,0
101.00,5,6,0.6,4,62.50,0,1,0
267.00,11,8,0.4,1,78.34,0,0,0
49.00,0,23,0.2,1,37.99,0,0,0
50.95,8,11,4.5,1,56.46,1,0,0
45.04,4,19,0.4,1,147.67,0,0,0
212.41,3,10,0.9,5,51.17,0,0,0
41.50,0,7,0.5,2,28.33,0,0,0
1.07,7,13,3.2,4,17.67,1,0,0
24.36,0,9,0.3,2,42.15,0,1,0
17.50,0,20,2.1,1,37.09,1,0,0
35.26,5,18,1.7,3,79.08,0,1,0
18.00,8,0,0.3,2,51.21,0,0,0
31.66,9,15,7.0,4,27.18,0,0,0
14.57,2,18,2.5,3,27.97,0,1,0
288.66,3,11,0.1,5,109.14,0,0,0
497.78,5,18,0.3,2,144.42,1,0,0
89.80,1,13,1.6,2,84.81,0,1,0
92.00,2,17,1.2,4,77.00,0,0,0
95.00,5,16,3.4,2,46.47,0,0,0
17.87,0,19,2.2,4,23.91,0,0,0
50.00,3,22,1.6,2,46.47,0,0,0
28.90,0,13,1.7,2,,0,0,0
87.29,1,9,0.1,2,56.58,0,0,0
32.99,9,22,0.3,2,29.07,0,0,0
638.99,1,14,5.0,2,140.86,0,1,1
9.70,4,21,0.9,3,19.15,0,0,0
51.41,10,2,1.2,5,17.41,0,1,1
170.24,1,18,3.3,4,82.01,0,1,0
12.00,8,18,0.1,2,37.12,0,0,0
37.86,5,13,0.7,4,54.19,0,1,1
27.99,2,18,0.2,2,40.98,0,1,0
42.14,2,12,0.7,2,67.87,0,1,0
10.50,3,12,0.2,2,44.20,0,0,0
41.20,7,19,2.5,2,50.87,0,0,0
8.95,10,19,3.0,3,14.09,0,0,0
117.99,7,6,0.8,4,167.80,0,1,0
65.66,4,10,7.1,2,118.41,0,0,0
113.96,3,13,1.7,4,60.30,0,0,0
116.95,1,21,2.7,2,46.70,0,0,0
31.00,0,14,6.0,4,21.78,0,1,0
61.46,2,9,2.6,3,94.64,0,1,0
30.00,0,12,5.0,1,63.21,0,0,0
10.76,6,11,5.9,2,34.04,0,0,0
21.09,0,4,3.5,1,23.81,0,0,0
30.13,10,16,2.4,4,51.44,0,1,0
32.95,10,19,3.0,6,33.87,1,1,1
49.17,6,21,1.8,4,28.79,0,0,0
6.59,2,8,3.8,2,36.20,0,1,0
31.50,0,1,3.3,3,31.28,0,0,0
45.99,0,17,0.2,4,40.81,0,1,0
65.83,6,12,1.0,2,53.96,0,0,0
17.71,0,8,7.0,1,69.25,0,0,0
65.87,4,12,1.8,2,84.68,0,0,0
60.96,1,7,5.8,3,113.46,0,0,0
96.69,5,9,0.6,1,27.70,0,0,0
156.99,1,12,6.5,2,170.23,0,0,0
113.46,7,12,3.5,2,27.44,0,0,0
156.28,2,11,4.4,3,97.30,0,1,0
92.99,2,18,3.0,4,130.06,0,1,0
35.28,0,9,2.3,3,63.23,0,0,0
13.61,1,15,1.1,2,59.32,0,0,0
5.16,1,7,2.6,2,29.44,0,0,0
29.44,9,10,1.9,2,54.95,0,0,0
165.00,2,2,3.0,2,78.69,0,0,0
19.41,2,6,1.0,3,93.33,0,1,0
84.12,7,11,0.2,2,52.73,0,0,0
23.99,5,10,1.2,1,30.66,0,0,0
48.00,4,10,1.3,2,77.46,0,0,1
23.99,3,19,0.7,2,46.72,1,0,0
184.99,5,10,0.4,1,71.10,1,0,0
21.19,8,5,0.4,1,89.79,0,1,0
20.41,7,4,2.0,3,39.09,0,0,0
13.07,1,22,1.8,1,27.15,0,0,0
12.98,0,7,2.1,3,37.54,0,0,0
18.25,8,16,1.7,1,95.98,0,0,0
45.69,5,1,0.6,3,100.29,1,1,1
20.23,2,11,1.3,4,19.21,0,1,0
232.16,4,5,3.1,5,94.41,0,0,0
50.56,7,7,1.6,3,54.66,0,0,0
66.44,6,14,0.0,3,53.15,0,1,0
65.99,4,13,0.7,1,46.38,0,1,0
29.99,10,13,8.5,1,36.35,0,0,0
64.86,5,14,3.4,2,36.05,0,0,0
68.21,4,10,0.3,1,64.10,0,0,0
348.37,3,10,6.8,3,158.41,0,1,0
35.16,4,20,2.1,1,36.63,0,0,0
16.79,10,13,0.3,2,58.09,0,0,0
62.99,10,13,0.5,3,49.74,0,0,0
116.97,9,12,1.2,3,89.73,0,0,0
111.99,5,2,0.9,3,75.21,0,0,0
21.99,1,20,0.7,3,57.09,0,0,0
353.04,2,14,5.0,1,64.94,0,0,0
17.20,9,7,0.5,3,14.63,0,1,0
47.38,6,15,4.3,2,21.54,0,0,0
60.38,1,17,1.2,4,29.49,1,0,0
19.00,7,12,1.6,3,41.73,0,1,0
195.95,7,14,0.0,4,131.00,0,0,0
96.00,0,17,0.6,3,69.03,0,0,0
56.00,2,22,1.9,1,65.33,0,0,0
80.65,3,14,5.8,1,71.21,1,0,0
67.54,7,9,4.6,3,69.57,0,1,0
36.99,2,20,0.7,2,40.57,0,1,0
83.63,3,15,0.2,3,51.96,0,0,0
8.53,6,10,12.1,2,33.14,0,0,0
12.00,5,9,0.3,5,20.41,1,1,1
159.41,4,11,3.7,3,106.84,0,1,0
151.03,4,10,5.9,2,199.44,0,0,0
24.99,3,17,4.3,4,47.13,0,0,0
75.99,0,21,3.1,2,,0,0,0
32.68,8,16,1.9,1,43.64,0,1,0
96.71,8,12,1.5,2,33.45,0,0,0
367.00,3,9,0.6,2,116.73,0,1,1
20.32,8,15,0.8,2,27.90,0,0,0
41.94,7,11,3.5,2,11.91,0,0,0
27.15,2,15,1.2,2,60.22,0,1,0
31.74,9,18,3.3,3,53.84,0,1,0
21.32,0,18,4.0,1,50.61,0,0,0
24.35,4,1,2.3,1,136.84,0,0,0
49.00,3,8,0.9,4,71.71,0,0,0
62.80,4,9,4.3,2,206.76,0,0,0
485.49,2,18,1.2,1,119.04,0,1,0
70.51,2,11,0.8,3,48.08,0,0,0
280.53,3,12,0.2,1,72.12,0,0,0
74.83,2,15,0.8,1,58.94,0,1,0
19.50,3,11,2.8,4,31.06,0,1,0
75.49,0,3,0.8,2,66.60,0,0,0
65.52,4,13,1.2,1,63.63,0,0,0
412.00,1,4,5.4,5,94.54,0,1,1
48.09,3,14,0.2,1,81.04,0,0,0
45.41,4,18,3.1,4,82.31,0,0,0
129.62,0,16,0.4,2,79.39,0,0,0
37.73,6,20,2.2,1,60.00,1,0,0
56.00,1,17,0.0,4,,0,1,0
414.51,2,21,5.1,1,56.24,0,1,1
60.58,6,14,14.5,5,23.54,0,1,0
182.00,7,4,0.5,2,43.06,0,0,1
153.50,0,12,0.5,1,44.93,0,0,0
57.74,10,7,1.7,5,58.08,0,0,0
29.42,10,11,5.0,2,164.60,0,1,0
103.58,9,14,7.9,2,49.29,0,0,0
33.00,0,16,5.1,3,26.46,0,0,0
52.47,0,12,0.2,1,47.83,0,0,0
40.95,2,17,3.0,2,50.50,0,0,0
209.02,8,18,0.4,3,170.86,0,1,0
15.65,5,13,1.0,3,29.14,0,0,0
60.87,0,2,0.6,1,87.16,0,0,0
48.99,0,17,5.7,4,35.37,0,0,0
38.63,5,19,1.0,2,65.93,0,0,0
389.69,0,8,7.8,4,187.40,0,0,0
206.00,11,16,2.1,2,175.84,0,0,0
41.95,3,14,8.2,1,62.23,0,0,0
64.58,1,17,0.6,3,38.25,0,0,0
104.11,4,13,8.4,3,108.09,0,0,0
24.50,0,5,3.4,2,31.81,0,1,0
91.52,8,20,2.3,3,52.19,0,0,0
97.51,0,12,10.6,1,81.08,1,0,0
11.95,8,15,0.5,3,9.48,0,0,0
52.50,8,13,0.2,4,133.51,0,1,0
49.95,1,8,1.8,1,39.92,0,1,0
71.01,10,18,4.3,3,27.79,0,0,0
96.95,8,19,2.7,3,146.13,0,1,0
74.04,0,1,5.2,3,60.20,0,0,0
95.47,9,6,0.4,3,30.45,0,0,1
110.64,2,9,0.4,2,148.12,0,1,0
43.00,8,14,2.4,2,26.72,0,1,0
14.10,8,15,0.1,3,9.58,0,1,0
59.17,8,23,6.2,4,62.88,0,1,0
177.52,5,17,0.4,4,171.56,0,0,0
39.27,4,2,6.2,2,53.72,0,1,0
243.49,2,9,0.5,2,74.37,0,0,0
28.00,7,8,1.8,3,75.96,0,0,0
48.07,0,15,2.0,3,30.34,0,0,0
22.00,5,11,4.3,3,27.23,0,0,0
110.99,6,7,1.4,1,143.99,1,0,0
12.00,5,6,1.3,2,48.26,1,0,0
89.99,3,14,3.0,2,50.59,1,0,0
90.99,4,20,4.8,3,108.58,0,1,0
107.25,4,13,0.7,6,107.59,0,1,0
180.05,2,22,1.6,3,98.28,0,1,0
182.21,8,21,0.2,2,53.88,0,0,0
49.66,1,15,2.9,3,95.05,0,0,0
105.51,1,14,8.1,4,59.44,0,0,0
73.95,4,14,0.5,2,69.39,0,1,0
59.58,10,20,1.3,5,71.19,0,1,0
148.00,3,18,1.2,3,53.38,0,1,0
7.85,8,9,0.4,4,33.10,0,0,1
12.15,1,15,0.9,4,24.36,0,0,0
7.99,8,20,3.4,2,25.28,0,0,0
42.31,1,18,7.0,1,41.33,0,1,0
231.26,1,10,3.3,1,65.17,0,0,0
54.03,3,18,2.0,2,27.74,0,0,0
51.71,6,15,0.5,1,48.90,0,1,0
62.34,10,19,1.9,3,59.84,0,0,0
786.74,1,13,0.3,4,51.05,1,0,1
41.68,3,1,1.6,2,36.77,0,0,0
928.67,0,12,3.3,2,66.85,1,1,1
55.25,10,18,3.8,2,84.87,0,1,0
23.28,3,8,0.1,3,18.52,0,0,0
21.09,2,17,0.6,2,23.68,0,1,0
116.50,2,22,3.2,3,54.17,0,0,0
94.89,4,11,0.9,6,30.14,0,0,0
151.85,7,6,1.7,3,152.72,0,1,0
97.02,7,17,0.5,3,58.00,0,1,0
54.50,4,10,0.5,2,104.30,0,0,0
54.99,4,6,4.0,1,81.23,0,0,0
356.59,1,19,3.7,4,100.18,0,0,0
49.00,3,18,2.8,2,36.94,0,0,0
51.00,0,16,2.8,4,58.88,0,1,0
25.02,5,14,2.7,2,65.16,0,1,0
103.00,0,9,7.4,1,29.70,0,0,0
97.99,1,9,6.0,4,63.31,0,0,0
41.19,2,14,2.3,3,26.19,0,0,0
29.37,10,15,0.6,2,32.08,0,1,0
176.48,8,12,3.2,2,85.41,0,0,0
221.99,7,19,3.4,3,60.50,0,0,0
8.00,3,17,1.1,7,47.23,0,0,0
7.99,5,16,3.2,1,10.44,0,1,0
104.53,4,21,2.5,6,,0,1,0
272.00,8,15,6.1,2,52.16,0,1,0
24.76,4,14,0.3,5,67.44,0,0,0
96.00,8,17,4.4,2,89.16,0,0,0
232.34,7,22,1.5,3,106.99,0,0,0
41.70,2,7,2.9,2,33.57,0,0,0
47.50,5,13,6.1,3,30.82,0,0,0
49.00,4,19,2.7,3,39.99,0,1,0
18.35,10,14,0.6,3,12.72,0,1,0
7.00,7,13,2.3,2,10.87,1,1,1
503.41,3,11,0.9,3,150.93,0,0,0
407.75,7,13,3.0,2,92.81,0,0,0
51.14,2,15,8.1,1,42.90,0,0,0
8.00,0,16,0.5,2,35.11,0,1,0
184.49,6,21,1.0,2,29.97,0,0,0
252.53,8,12,0.6,3,55.26,1,0,1
21.29,0,10,4.7,4,22.46,1,1,1
135.99,2,19,2.9,4,43.45,0,0,0
299.62,1,15,1.9,3,88.80,0,0,0
127.00,4,14,0.3,2,59.66,0,1,1
14.00,3,15,0.1,4,24.00,0,0,0
154.00,6,13,2.7,2,107.75,0,0,0
210.58,10,15,1.9,1,150.12,0,0,0
129.71,8,20,3.1,6,124.95,0,0,0
290.18,8,12,2.2,2,132.34,0,1,0
147.58,9,9,0.1,4,56.07,0,0,0
13.90,4,8,6.3,4,33.62,0,0,0
117.48,3,16,1.8,3,42.71,0,0,0
34.99,2,20,2.1,5,21.50,0,0,0
36.99,4,16,2.6,2,21.84,0,0,0
76.95,4,17,0.6,4,50.12,0,0,0
18.50,1,17,1.2,3,46.58,0,0,0
19.99,11,19,1.0,2,34.84,0,1,0
10.00,2,15,1.1,1,30.63,0,1,0
95.99,9,12,1.3,1,44.65,0,0,0
18.36,3,19,1.8,2,16.33,0,0,0
39.80,3,3,2.5,1,22.11,0,1,0
24.41,9,13,1.0,5,30.93,0,1,0
4.95,5,11,0.9,4,46.38,0,1,0
63.00,1,8,0.3,5,95.85,0,0,0
10.31,8,14,1.9,3,23.79,0,0,0
185.39,5,8,0.2,1,157.27,0,0,0
63.99,1,18,0.8,3,68.88,0,1,0
29.87,5,20,1.3,3,54.39,0,0,0
59.93,5,16,2.0,4,59.99,1,0,0
16.99,5,14,2.3,2,26.99,1,0,0
150.00,1,15,5.1,4,85.18,0,1,0
81.00,2,20,2.3,2,71.15,0,1,0
87.34,6,14,7.8,3,80.46,0,0,0
57.81,5,20,1.1,2,79.19,0,1,0
55.00,0,18,0.5,2,49.64,0,0,0
880.58,0,15,1.1,1,344.45,0,0,0
66.50,0,13,1.5,3,79.67,0,0,0
68.58,0,19,0.1,3,104.68,0,1,0
25.26,6,15,0.8,1,106.75,0,1,0
18.87,1,9,0.2,3,29.52,0,0,0
15.26,7,14,4.1,1,43.19,0,1,0
844.00,1,6,1.2,5,290.10,0,0,0
3.78,11,14,0.9,3,15.37,0,0,0
89.50,2,16,1.1,1,56.73,0,0,0
148.92,0,10,2.4,4,113.90,0,0,0
26.50,8,20,3.3,4,47.46,0,1,0
162.35,2,10,5.0,1,72.21,1,1,1
470.66,0,12,7.0,1,282.13,0,1,0
47.09,2,8,0.9,1,61.97,0,0,0
162.12,0,13,2.6,2,91.74,0,1,0
137.64,6,18,4.5,4,47.38,0,0,0
42.73,5,15,1.6,2,21.79,1,1,1
13.99,2,13,0.2,2,52.03,0,0,0
56.20,2,15,1.2,2,59.03,0,0,0
194.65,6,4,0.5,2,55.97,0,1,1
64.99,11,11,2.0,3,37.54,0,1,0
54.99,2,12,0.4,3,48.37,0,0,0
30.99,10,16,4.2,1,62.75,0,1,0
17.05,4,18,3.0,1,24.89,0,0,0
300.60,8,16,0.5,1,116.18,0,0,0
177.87,2,9,3.8,2,109.07,1,1,0
290.55,9,12,0.7,2,71.66,0,0,0
29.37,7,10,1.2,2,63.35,0,0,0
94.95,7,13,0.1,3,116.82,0,0,0
91.84,0,10,1.6,3,33.45,0,0,0
134.21,0,16,0.7,4,52.52,0,1,1
110.99,6,16,3.4,3,104.82,0,0,0
32.95,6,19,0.1,4,55.45,0,0,0
43.81,5,12,1.7,3,27.20,0,0,0
18.78,3,19,2.2,2,44.65,0,1,0
16.12,9,15,1.5,5,70.28,0,0,0
37.00,8,15,3.5,4,107.78,0,1,0
12.14,1,16,3.9,4,22.09,1,0,0
25.00,9,12,0.1,2,112.84,0,0,0
60.10,6,13,1.7,1,32.90,0,0,0
60.00,6,16,1.0,3,39.29,0,0,0
68.95,4,15,7.9,2,51.70,0,1,0
54.08,0,15,0.5,3,24.27,1,1,1
47.00,2,17,0.5,2,28.34,0,0,0
63.69,7,21,11.7,4,20.28,0,0,0
571.42,5,18,3.0,3,128.53,0,1,0
41.02,2,4,5.1,1,142.79,1,0,0
63.06,1,16,0.7,1,90.22,0,0,0
33.96,8,20,1.1,4,118.64,0,1,0
306.99,8,20,3.6,4,52.99,0,1,0
83.54,0,18,3.7,1,26.05,0,0,0
111.00,4,17,2.9,3,40.54,0,1,0
94.99,0,23,0.7,1,97.03,0,1,0
107.00,0,7,0.8,3,178.06,0,0,0
39.95,2,8,4.3,5,117.54,0,0,0
212.07,4,10,2.8,1,115.23,0,0,0
42.24,0,18,1.5,1,62.42,0,0,0
38.99,3,16,2.6,5,38.92,0,0,0
35.62,9,18,3.9,3,47.84,0,0,0
118.95,2,0,1.1,1,72.83,0,0,0
33.99,3,0,0.1,1,57.61,0,0,0
360.07,0,12,0.4,6,123.39,0,0,0
38.64,4,17,0.7,4,66.68,0,0,1
372.31,2,13,1.4,2,144.61,0,0,0
46.75,0,18,0.1,4,30.84,0,0,0
17.88,5,17,2.9,3,55.21,0,1,1
80.00,10,12,3.1,4,135.27,0,0,0
9.50,6,5,5.5,2,14.42,0,0,0
147.99,2,18,0.7,6,79.89,0,1,0
144.04,0,9,1.5,2,137.38,0,1,0
40.00,2,12,5.2,2,41.29,0,0,0
19.46,4,12,0.4,2,32.07,0,0,0
81.00,11,14,0.7,2,54.97,0,0,0
52.00,2,13,1.4,3,300.59,0,1,0
55.99,2,13,1.9,4,186.14,0,0,0
31.58,8,15,2.6,2,75.58,0,0,0
31.99,9,16,1.1,3,21.41,1,0,0
120.99,1,17,1.5,1,22.62,0,1,0
23.99,0,10,1.5,1,33.65,0,0,0
50.21,1,12,6.2,3,14.62,0,0,0
13.50,4,19,3.0,3,30.54,0,1,0
8.96,3,19,10.5,3,38.91,0,0,0
37.23,5,11,0.1,2,163.18,0,0,0
65.33,0,11,6.4,4,50.53,1,1,1
17.00,7,18,1.0,3,58.65,0,0,0
78.00,4,22,1.1,1,44.20,0,1,0
48.99,6,10,1.4,2,51.97,0,0,0
18.99,5,17,0.2,3,72.12,1,1,0
13.19,11,16,3.1,2,22.63,0,1,0
39.97,6,0,3.7,6,58.89,0,1,0
34.99,1,15,6.3,2,33.80,0,0,0
26.46,4,23,3.9,3,36.95,0,0,0
95.29,4,9,1.1,2,70.21,0,1,0
487.00,1,20,1.0,4,148.67,0,1,0
41.28,2,11,1.3,2,46.68,0,0,0
67.00,1,15,2.3,2,32.73,0,0,0
120.50,5,3,7.1,1,118.86,0,0,0
44.88,2,21,5.5,2,25.19,0,1,0
33.57,1,12,0.5,3,31.63,0,1,0
78.50,7,12,0.2,3,119.20,0,1,0
114.88,3,12,2.3,2,76.50,0,0,0
73.08,2,0,0.7,2,183.88,0,0,0
14.06,6,5,0.7,2,42.98,0,0,0
115.00,1,13,0.9,3,85.89,0,1,0
69.00,1,21,0.5,2,218.98,1,1,0
9.56,11,21,1.6,1,39.06,0,0,0
45.67,5,19,3.1,1,72.41,0,0,0
20.54,4,21,1.8,3,32.07,0,0,0
365.30,9,4,3.0,2,97.75,0,0,1
21.47,1,16,0.2,2,49.45,0,0,0
183.00,1,12,1.8,3,57.01,0,0,0
212.15,1,11,8.6,3,152.96,0,1,0
44.99,0,19,3.6,2,62.09,0,0,0
10.76,8,19,2.6,1,15.64,0,0,0
97.00,11,11,4.2,5,68.77,0,0,0
179.00,7,11,0.8,2,188.96,0,0,0
82.36,8,9,1.8,2,78.35,0,0,0
89.95,9,20,2.4,3,33.52,0,1,0
60.50,7,8,1.0,4,60.16,0,0,0
100.00,9,10,0.1,3,87.60,0,0,0
31.28,4,11,0.4,5,19.90,0,0,0
893.40,0,9,4.7,2,,0,0,1
165.41,8,20,4.5,1,63.44,0,0,0
117.73,8,18,0.0,3,55.31,0,0,0
102.05,3,7,4.5,4,147.70,0,0,0
398.50,8,15,2.3,3,86.07,0,1,1
53.08,11,8,2.5,4,49.15,0,1,0
20.95,0,16,5.0,2,52.53,0,0,0
89.81,7,9,0.8,2,27.45,0,0,0
997.06,5,17,1.7,4,155.07,0,0,1
24.29,0,15,0.9,2,59.88,0,0,0
23.75,2,9,1.8,4,55.40,0,1,0
178.24,0,12,1.2,2,58.64,0,1,0
100.33,1,17,1.7,2,28.21,0,0,0
34.99,0,12,0.2,2,57.93,0,0,0
35.99,9,23,3.7,5,50.35,1,0,0
38.01,7,12,4.7,2,124.69,0,1,0
152.00,6,15,1.0,4,64.92,1,0,0
15.99,8,15,0.1,3,26.93,0,0,0
348.68,0,19,0.2,3,39.90,0,1,1
22.99,0,4,0.4,3,42.17,0,0,0
139.00,5,17,4.4,3,113.36,1,0,0
120.50,0,19,0.2,1,115.28,0,0,0
154.99,10,11,1.6,3,65.52,0,0,0
102.00,4,21,4.2,1,68.95,0,0,0
37.95,5,10,0.5,3,58.51,1,0,0
245.00,7,8,0.4,3,150.86,0,0,0
25.99,1,17,0.5,4,34.08,0,1,0
18.70,7,13,5.4,4,19.08,0,0,0
40.60,3,15,6.5,3,79.79,0,1,0
22.10,10,13,2.7,2,37.58,0,0,0
195.95,9,18,1.7,6,89.61,0,0,0
76.17,10,15,3.2,2,31.98,0,0,0
14.70,4,11,0.9,3,16.42,0,1,0
77.95,7,23,3.2,1,61.05,0,0,0
33.99,4,18,0.5,2,8.86,0,0,0
132.50,4,13,0.5,1,50.36,0,0,0
23.75,1,6,10.3,3,23.48,0,1,0
79.50,4,15,3.8,3,139.59,0,0,0
107.45,1,20,2.5,1,34.68,0,0,0
37.85,4,2,1.6,3,92.71,0,0,0
32.00,8,9,3.0,3,125.76,0,1,0
4.77,2,0,0.3,2,24.70,0,0,0
85.59,8,13,0.8,2,62.26,0,0,0
57.95,8,19,10.8,6,57.61,0,0,0
27.60,2,15,2.4,3,73.04,0,0,0
47.67,6,20,2.1,2,24.39,1,1,1
162.80,1,17,1.1,1,414.54,0,0,0
60.10,10,19,2.1,3,42.82,1,0,0
24.56,5,13,1.3,2,19.55,0,0,0
63.48,7,9,2.2,2,42.98,0,1,0
45.50,4,15,5.1,1,43.68,0,0,0
47.00,2,21,1.1,1,87.30,0,1,0
38.59,0,14,2.4,4,80.28,0,0,0
188.55,0,10,1.2,3,69.61,0,0,0
177.29,8,23,3.3,1,100.59,0,1,0
28.95,0,10,0.6,6,116.36,1,1,0
58.61,5,10,0.7,1,73.11,0,0,0
34.92,9,11,6.5,2,24.14,0,0,0
119.57,10,1,4.8,4,39.01,0,1,0
45.00,2,3,0.3,5,50.09,0,1,0
24.67,7,7,0.1,2,36.47,0,0,0
49.34,5,18,0.5,1,76.42,0,0,0
185.99,5,17,0.2,2,379.10,0,0,0
22.99,0,10,3.8,3,25.47,0,0,0
37.41,4,9,2.1,3,68.87,0,1,0
39.00,7,14,0.5,2,57.25,0,0,0
221.95,9,13,0.5,4,126.48,0,1,1
90.75,3,11,6.2,1,62.87,0,0,0
38.87,4,10,4.7,6,28.69,0,0,0
32.21,8,10,4.9,2,23.57,0,0,0
22.14,9,14,0.7,4,34.03,0,0,0
18.93,5,11,9.0,1,51.15,0,1,0
54.05,6,14,5.9,4,48.10,0,1,0
47.20,6,7,1.7,2,36.44,0,0,0
163.70,3,16,0.6,2,181.78,0,0,0
21.77,3,11,1.5,1,16.67,1,1,1
296.00,1,9,3.2,3,175.98,0,0,0
42.26,11,17,0.5,2,23.04,0,0,0
89.02,3,12,0.5,4,41.72,0,0,0
25.15,8,12,0.5,1,45.15,0,0,0
49.37,0,14,5.5,2,93.66,0,0,0
26.57,5,16,0.2,2,62.21,0,1,0
222.21,7,10,3.1,4,87.29,0,0,0
25.00,7,10,1.0,2,33.90,1,0,0
1096.99,6,17,0.6,3,178.75,0,0,1
130.16,3,9,4.0,4,101.74,0,1,0
164.27,3,18,3.1,3,302.17,0,1,0
321.95,2,13,2.5,2,69.55,1,0,1
93.85,7,13,2.9,1,38.22,0,0,0
161.22,3,23,1.4,4,69.06,0,0,0
20.99,3,20,0.4,2,43.39,0,1,0
90.05,6,10,9.0,2,18.63,0,0,0
341.00,0,6,2.5,5,174.88,0,1,0
16.37,2,12,0.5,2,36.74,0,1,0
91.27,1,18,3.8,3,48.27,0,0,0
86.99,6,19,0.7,2,142.78,0,0,0
67.95,11,7,1.5,3,42.92,0,0,0
43.87,3,19,0.2,3,55.07,0,0,0
108.53,0,17,3.4,3,115.77,0,0,0
88.00,9,15,7.2,1,141.55,0,1,0
47.99,3,23,2.1,5,148.33,1,1,0
103.95,11,12,0.5,3,47.48,0,0,0
52.57,5,14,0.5,2,51.64,0,0,0
30.99,2,15,10.9,1,65.02,0,1,0
206.23,9,20,0.8,1,42.13,0,0,0
34.99,0,20,0.7,5,42.18,0,0,0
90.50,8,22,2.7,1,60.82,0,1,0
58.52,1,11,0.7,3,25.95,0,0,0
70.91,5,23,0.1,4,107.48,0,1,0
158.73,2,15,1.0,3,66.50,0,1,0
50.27,0,9,2.2,2,25.87,0,1,0
104.50,0,13,0.7,3,18.90,0,0,1
32.48,2,17,0.6,3,47.42,0,0,0
202.83,4,11,1.3,3,143.07,0,1,0
463.23,9,18,4.2,4,83.40,0,0,1
28.34,8,18,0.7,1,34.83,0,0,0
20.53,5,17,0.3,1,63.81,0,0,0
81.95,3,2,2.9,5,91.08,0,0,0
61.53,5,14,1.5,3,101.53,0,0,0
43.00,5,15,0.2,2,22.92,0,1,0
98.99,7,11,4.7,2,129.19,0,1,0
136.50,0,12,0.5,3,59.36,0,0,0
111.79,1,17,0.2,4,150.98,0,1,0
122.69,1,9,5.4,3,79.69,0,0,0
362.49,1,15,1.4,2,184.49,0,1,0
180.55,6,13,1.8,1,116.42,0,1,0
146.08,9,12,2.6,1,71.86,0,1,0
92.78,6,17,2.8,3,55.26,0,0,0
8.97,0,13,2.1,4,25.81,1,0,0
129.31,9,15,0.9,2,101.44,0,0,0
25.27,7,1,3.0,1,30.44,0,1,0
28.50,8,18,0.8,2,29.40,0,0,0
9.99,0,16,2.3,5,34.51,0,0,0
67.95,1,17,0.7,3,47.12,0,0,0
41.99,4,20,5.2,2,33.46,0,0,0
107.34,4,4,0.1,2,38.75,0,1,1
24.48,6,8,0.8,6,17.39,1,0,0
73.83,11,1,0.6,4,48.53,0,1,0
11.20,0,14,0.2,4,44.65,0,0,0
56.99,0,18,1.0,4,76.80,0,0,0
205.82,2,20,1.7,6,161.53,0,0,0
41.43,9,11,2.2,2,92.10,0,0,0
393.00,2,17,2.0,2,77.50,0,0,0
7.06,5,21,4.7,3,13.50,0,0,0
36.03,6,10,2.6,2,22.96,0,0,0
44.57,7,10,0.1,4,61.62,1,0,0
37.81,5,18,2.2,4,49.42,0,0,0
37.90,1,12,0.6,5,66.54,0,0,0
323.99,0,9,6.5,2,75.71,0,1,1
72.00,7,20,3.5,1,62.61,0,1,0
165.56,10,0,0.4,1,161.12,0,1,0
198.00,5,20,1.4,2,63.39,0,0,0
27.64,10,16,1.4,3,53.95,0,0,0
13.95,2,15,6.0,2,44.63,0,0,0
43.00,5,10,2.6,3,36.22,0,0,0
120.00,2,10,1.1,4,104.31,0,0,0
48.50,5,11,1.1,3,62.34,0,1,0
128.99,7,19,1.3,2,46.53,0,0,0
29.00,11,19,1.7,2,45.10,0,0,0
36.50,5,11,1.7,2,72.87,0,0,0
30.99,7,9,4.1,2,18.26,0,1,0
47.00,7,8,0.5,1,62.04,0,0,0
21.98,1,4,2.5,6,42.39,0,1,0
203.09,11,17,4.4,4,117.04,0,0,0
22.99,3,8,1.5,2,11.82,1,1,1
4.59,0,18,4.2,1,15.01,0,0,0
134.00,4,20,4.6,4,92.55,1,1,1
49.61,5,14,0.1,3,38.19,0,0,0
24.99,0,0,1.9,3,21.48,1,0,0
30.99,8,11,1.5,2,48.80,0,0,0
25.94,0,5,3.7,1,55.61,0,1,0
102.67,5,12,0.2,1,102.14,1,0,0
49.54,1,18,5.6,2,68.67,0,0,0
109.83,2,9,1.8,3,72.68,0,0,0
14.00,0,20,0.5,1,21.19,0,1,0
164.76,0,21,0.6,3,116.82,0,1,0
365.79,1,5,4.1,1,69.91,0,1,1
15.50,7,6,0.1,1,26.65,0,1,0
237.27,8,11,0.7,2,38.39,0,0,0
45.00,1,10,2.7,3,63.43,0,0,0
15.29,7,22,0.8,1,24.52,0,1,0
8.25,8,10,2.6,1,18.21,0,0,0
37.18,0,20,0.2,3,69.47,0,1,0
41.71,1,15,0.0,5,28.99,0,1,0
664.50,8,22,0.6,1,69.30,0,1,0
43.00,2,20,2.5,4,47.86,0,1,0
20.56,11,16,3.4,2,37.30,0,0,0
7.83,3,4,1.8,3,26.95,0,0,0
27.35,0,13,6.4,4,35.35,1,0,0
9.07,0,20,2.4,4,11.78,0,0,0
37.93,9,0,0.1,2,49.96,0,0,0
316.99,6,7,8.5,2,149.05,0,0,0
94.93,0,17,0.4,3,98.79,0,1,0
95.91,7,14,4.0,1,91.08,0,1,0
130.50,9,9,3.2,1,64.77,0,0,0
11.71,7,16,3.0,2,32.78,0,1,0
61.00,3,14,0.5,2,55.56,0,0,0
21.99,1,8,1.5,2,10.80,0,0,0
49.81,5,1,1.4,3,107.40,0,1,0
109.53,1,10,0.1,2,150.45,0,0,0
48.00,4,12,0.1,4,57.53,0,1,0
45.06,5,5,3.6,2,60.91,0,0,0
86.12,0,16,2.0,4,39.47,0,0,0
47.00,9,12,1.7,3,52.88,0,0,0
85.20,10,10,2.2,4,118.75,0,0,0
108.39,11,17,0.2,3,77.11,0,0,0
115.60,6,17,0.3,1,103.81,0,1,0
26.00,8,17,0.7,2,110.53,0,0,0
121.00,0,12,2.9,3,198.71,0,0,0
32.95,8,11,0.7,5,76.59,1,0,0
20.46,7,2,4.9,3,22.96,0,1,0
127.99,2,19,2.0,2,91.06,1,0,0
77.95,1,15,0.3,3,24.94,0,0,0
74.22,1,3,0.6,9,50.39,0,0,0
14.48,4,19,1.0,1,37.85,0,1,0
403.50,3,17,0.6,3,121.31,0,0,0
25.27,10,3,5.0,3,69.75,0,0,0
260.05,0,21,0.7,1,39.41,0,0,1
66.99,5,13,1.1,3,64.78,0,0,0
193.00,2,12,12.8,2,100.20,0,0,0
229.34,4,14,0.8,3,58.40,0,0,0
25.43,7,17,1.5,4,42.60,0,0,0
356.28,0,21,1.2,2,102.51,0,0,0
107.68,0,17,1.2,2,43.43,0,0,0
109.00,1,13,4.5,3,56.61,1,0,0
98.99,1,17,1.4,2,280.87,0,1,0
34.00,6,19,1.7,4,16.32,1,1,1
191.95,8,13,2.4,4,20.97,0,0,1
37.00,7,9,10.3,5,66.79,0,0,0
563.28,1,10,1.6,1,341.36,0,1,0
181.71,0,10,0.7,2,30.77,0,0,0
168.44,10,15,1.5,3,124.02,0,1,0
256.71,3,16,4.7,2,153.63,0,1,0
60.57,6,7,0.1,3,88.14,1,0,0
61.04,1,14,0.5,1,27.60,0,0,0
167.79,10,18,1.2,3,162.42,0,1,0
9.51,3,12,1.6,2,39.15,0,1,0
369.95,4,16,2.3,2,146.54,0,1,0
30.00,4,13,5.9,2,45.70,0,1,0
16.19,2,13,1.0,2,30.98,0,0,0
97.99,5,15,2.5,3,52.91,0,1,0
44.99,5,11,1.1,3,60.91,0,0,0
20.99,6,12,2.0,3,89.31,0,0,0
42.05,1,10,0.9,4,19.77,0,1,0
88.59,6,17,1.9,3,77.38,0,1,0
43.95,0,15,1.1,4,28.38,0,0,0
34.57,2,5,3.0,2,59.46,0,1,0
51.94,6,23,7.8,2,58.80,0,0,0
101.62,4,22,13.8,2,229.94,0,0,0
15.04,1,17,1.5,2,13.44,0,1,0
6.92,8,9,1.7,4,17.98,0,0,0
72.29,8,23,0.0,1,63.11,0,1,0
354.95,11,18,0.8,4,29.47,0,0,0
27.95,0,10,3.0,2,,0,0,0
228.78,0,12,3.2,2,90.18,0,0,0
27.34,1,9,0.5,3,28.02,0,1,0
68.74,1,10,3.8,2,90.40,0,0,0
380.72,11,13,2.9,1,78.73,0,0,0
6.84,1,10,0.4,3,25.14,0,1,0
21.00,0,16,7.6,2,18.28,0,0,0
62.50,2,14,5.1,1,98.73,0,1,0
33.22,2,14,0.4,2,57.40,0,0,0
68.04,4,9,0.0,2,55.32,0,1,0
78.77,8,17,3.0,2,103.63,0,0,0
178.64,6,7,3.5,1,62.64,0,0,0
122.04,5,12,1.7,1,46.63,0,1,0
79.95,11,13,0.4,2,73.65,0,0,0
543.00,0,6,2.3,4,316.50,0,0,0
78.99,8,16,0.3,4,187.16,0,1,0
35.85,8,4,6.5,1,23.28,1,0,0
24.99,9,12,5.0,3,79.01,0,1,0
12.00,1,9,4.5,2,32.43,0,0,0
288.40,6,11,0.8,5,64.49,0,0,1
84.83,5,11,0.6,2,84.51,0,0,0
25.57,2,9,3.3,3,20.99,0,0,0
47.22,1,18,2.9,4,45.03,0,0,0
158.50,10,21,0.0,5,120.92,0,0,0
203.98,4,8,2.4,1,36.83,0,0,0
99.95,3,16,0.1,3,185.56,0,0,0
37.79,4,20,3.0,2,31.00,0,0,0
30.31,4,10,1.2,3,118.61,0,0,0
23.41,0,13,3.1,3,108.91,0,0,0
21.18,4,21,0.4,2,42.72,0,0,0
41.95,0,8,1.9,4,58.22,0,0,0
58.86,2,7,3.8,1,61.55,0,1,0
79.99,0,8,5.2,2,59.93,0,1,0
151.95,1,21,0.3,3,104.50,0,0,1
3.95,5,9,1.3,3,8.78,0,1,0
22.72,3,12,0.6,3,14.43,0,1,0
63.27,0,19,0.1,3,35.99,0,0,0
38.23,5,20,1.5,3,100.53,0,0,0
16.47,10,21,0.5,2,38.90,0,0,0
62.56,9,11,2.9,3,55.03,0,0,0
9.00,5,10,6.3,2,46.59,0,0,0
8.86,6,12,9.1,3,55.01,0,0,0
14.40,1,17,1.2,4,37.68,0,1,0
41.47,0,22,2.7,3,26.74,0,0,0
138.14,3,10,0.4,1,99.16,0,0,0
26.24,4,15,3.6,1,24.56,0,0,0
52.00,2,18,3.3,5,57.32,0,0,0
39.61,1,11,3.6,1,55.48,0,0,0
199.18,5,5,1.6,2,124.75,0,0,0
169.45,1,11,0.4,3,46.71,0,1,0
55.00,7,20,3.0,1,90.24,0,0,0
132.49,8,20,0.1,2,32.16,0,1,1
17.50,1,18,2.5,2,,0,1,0
82.99,3,19,0.7,5,45.25,0,0,0
71.99,2,18,1.9,5,48.48,0,0,0
7.29,9,20,2.6,3,52.27,0,0,0
24.03,4,12,1.4,1,57.06,0,0,0
130.50,2,23,0.2,5,96.49,0,1,0
27.97,0,17,1.2,2,49.42,0,1,0
20.15,6,6,7.2,2,25.74,0,0,0
129.40,0,13,0.3,3,124.34,0,0,0
62.96,11,7,7.8,4,40.79,0,0,0
41.45,0,13,0.3,3,62.94,1,1,1
96.95,2,12,0.6,2,16.33,0,0,0
25.37,10,18,0.1,1,16.11,0,0,0
37.57,7,12,1.1,2,55.40,0,0,0
75.13,0,13,3.2,2,42.58,0,0,0
31.60,3,10,3.5,4,35.21,0,0,0
513.46,5,21,0.4,2,183.32,0,0,0
60.03,6,7,1.9,2,37.46,0,1,0
35.54,5,18,0.4,2,53.07,1,0,0
22.20,5,21,0.1,3,60.67,0,0,0
81.08,3,13,7.5,4,117.90,0,0,0
769.79,5,18,1.7,4,212.50,1,1,1
6.96,2,9,1.3,6,23.23,0,0,0
68.99,4,14,5.5,2,49.37,0,0,0
50.00,10,20,1.4,6,130.19,0,1,0
37.96,5,12,9.9,4,34.95,0,1,0
12.93,4,23,1.6,3,81.26,0,0,0
11.06,10,18,3.2,2,30.80,0,0,0
106.73,6,22,1.2,2,30.99,0,1,0
43.00,0,9,0.1,1,65.74,0,0,0
173.54,1,15,4.1,3,63.71,0,1,0
38.99,8,14,5.7,3,60.07,0,0,0
13.23,6,0,1.1,2,28.01,0,0,0
148.68,8,9,4.3,3,99.36,0,0,0
41.59,2,12,0.6,2,54.30,0,0,0
80.95,6,17,3.7,1,129.15,0,1,0
100.90,10,19,0.5,4,139.07,0,0,0
63.39,2,4,8.0,3,62.44,0,0,0
32.00,5,12,1.6,3,59.62,0,0,0
27.00,6,12,0.8,1,19.62,1,0,0
6.10,4,21,0.9,2,13.59,0,0,0
15.50,1,3,2.0,1,28.05,0,0,0
87.94,4,21,1.4,6,62.36,0,0,0
18.99,8,17,2.8,1,37.44,1,0,0
10.02,2,22,0.1,5,46.93,0,1,0
221.42,4,1,4.6,3,52.76,0,0,1
32.44,2,11,2.0,2,62.26,0,1,0
45.08,0,13,1.5,3,55.09,0,0,0
82.00,1,12,0.0,2,108.21,0,0,0
27.00,2,22,0.0,2,20.46,0,1,0
230.00,4,18,0.9,3,65.27,1,0,1
7.75,1,21,0.1,2,35.58,0,0,0
128.90,0,12,1.1,1,105.99,0,1,0
42.00,3,11,1.3,2,67.98,0,1,0
71.28,2,14,12.3,2,27.23,0,1,0
110.99,8,22,0.7,3,213.41,0,1,0
105.89,1,16,0.2,1,70.42,0,0,0
147.98,0,15,1.3,2,206.80,0,0,0
40.00,0,13,1.7,4,48.16,0,0,0
37.19,3,13,8.0,3,49.34,0,0,1
160.95,2,18,6.6,2,55.60,0,0,0
51.24,7,12,0.5,2,31.04,0,0,0
38.00,1,19,2.0,4,88.65,0,0,0
263.00,7,12,2.0,3,91.33,0,0,0
18.07,5,19,5.1,2,40.45,0,0,0
13.03,2,17,3.3,2,24.89,0,0,0
76.01,4,19,0.1,4,82.50,0,0,0
47.26,4,9,1.6,2,54.33,1,0,0
19.85,1,11,4.7,4,54.48,0,0,0
61.00,0,15,0.6,1,70.44,0,0,0
8.95,0,15,0.6,2,19.60,0,0,0
13.91,1,10,4.0,2,24.97,0,0,0
283.87,11,0,0.5,4,39.07,0,1,1
7.00,1,22,2.3,2,37.60,0,1,0
18.34,0,9,4.3,6,19.97,0,0,0
126.92,8,16,0.3,3,160.41,0,1,0
36.59,1,8,0.0,4,88.83,0,1,0
40.64,10,22,0.7,2,31.68,0,0,0
130.00,3,11,0.1,4,104.59,0,0,0
105.63,9,13,9.6,5,45.85,0,1,0
118.78,2,12,0.6,1,46.29,0,1,1
313.00,3,13,0.5,3,141.79,0,0,0
438.39,9,21,1.3,5,75.49,0,0,1
82.23,0,10,0.9,2,17.76,0,1,1
18.99,6,18,0.6,1,56.58,0,0,1
123.94,2,13,4.0,3,320.89,0,0,0
26.59,0,18,7.3,1,34.00,0,1,0
69.41,1,16,1.4,5,31.83,0,0,0
461.95,0,22,0.9,2,161.84,0,0,0
40.00,6,21,1.5,1,109.41,0,1,0
29.99,1,10,5.2,2,26.21,1,0,0
63.99,7,10,0.5,2,118.57,0,0,0
37.81,0,10,3.7,1,33.66,0,1,0
88.58,1,18,4.3,1,63.16,0,0,1
25.48,2,1,0.4,2,52.79,0,1,0
172.54,11,9,2.9,2,70.32,0,0,0
102.67,8,12,2.3,6,71.94,0,0,0
75.15,3,9,2.2,4,45.57,0,1,0
29.33,5,15,3.5,3,34.31,0,0,0
447.83,7,21,0.2,3,217.08,0,0,0
76.30,1,14,0.5,3,51.50,0,1,0
271.29,9,11,1.3,2,109.47,0,1,0
116.99,1,15,0.3,2,126.00,0,1,0
97.15,4,18,5.3,3,106.62,0,0,0
20.67,0,17,1.1,3,19.43,0,0,0
205.30,0,15,0.4,4,66.87,0,0,0
52.00,11,0,1.0,3,99.17,0,0,0
148.00,0,3,3.0,2,37.11,0,1,1
68.00,2,17,1.7,1,109.94,0,0,1
21.94,4,12,0.5,4,98.78,0,0,0
65.03,1,11,0.4,1,55.83,0,0,0
227.32,3,8,1.3,1,155.93,0,1,0
35.02,0,22,3.1,4,64.15,0,0,0
38.86,6,14,2.5,2,98.19,0,0,0
38.86,6,14,2.5,2,98.19,0,0,0
31.85,6,4,0.7,2,36.51,0,0,0
38.17,0,1,4.2,5,51.39,0,1,0
17.80,2,11,5.5,2,24.56,0,1,0
57.99,5,17,3.2,2,120.69,0,0,0
514.03,1,13,2.8,1,237.31,0,1,0
35.61,0,9,1.4,2,19.24,0,1,0
38.50,1,18,0.4,4,48.07,0,1,0
176.46,6,17,1.9,3,97.58,0,0,0
133.98,4,21,1.5,3,59.52,0,1,0
115.96,5,8,1.0,2,152.83,0,1,0
67.05,0,15,1.2,2,,0,1,0
24.09,3,15,3.0,2,69.52,0,0,0
104.82,1,15,1.6,3,129.69,0,0,0
140.73,9,7,3.4,1,198.86,0,1,0
43.79,0,2,4.8,6,21.30,0,0,0
173.56,7,11,6.2,4,48.53,0,0,1
47.99,1,4,3.1,4,51.88,0,0,0
27.17,2,10,0.3,2,32.19,1,0,0
6.51,0,18,0.6,3,28.68,0,0,0
10.00,7,6,0.7,2,9.80,0,1,0
162.82,11,18,7.3,3,77.55,0,0,0
88.99,1,21,5.8,4,79.66,0,0,0
10.15,8,23,1.5,2,,0,0,0
30.57,6,11,0.6,5,41.09,0,1,0
136.26,0,10,0.7,1,38.81,0,0,0
29.99,5,21,5.3,3,72.85,0,0,0
76.49,1,19,0.8,3,45.80,0,0,0
35.49,3,7,6.4,3,60.29,0,1,0
70.00,2,16,2.1,4,71.72,0,0,0
30.85,8,18,1.7,3,39.61,0,1,0
28.00,8,14,0.5,1,51.68,0,0,0
50.99,1,12,3.3,4,20.28,0,1,0
20.04,11,8,1.1,2,29.32,0,0,0
285.06,3,14,0.8,3,181.19,0,1,0
34.00,1,15,3.5,3,40.39,0,0,0
180.99,8,9,1.4,3,93.14,0,1,0
47.64,1,18,0.0,1,26.94,0,0,0
41.29,0,10,1.2,1,81.20,0,0,0
27.58,0,3,0.5,2,57.11,0,0,0
36.00,9,6,11.9,6,62.30,0,1,0
47.27,6,16,0.1,2,140.77,0,1,0
30.87,2,19,0.9,2,53.18,0,0,0
209.00,3,22,1.3,4,315.08,0,1,0
617.93,5,16,1.0,5,196.40,1,1,1
42.55,1,14,2.5,2,41.45,0,0,0
679.29,2,8,1.6,2,52.59,0,0,1
24.71,1,17,2.2,1,38.16,0,0,0
12.54,5,9,0.7,2,20.45,0,1,0
116.28,2,8,0.0,2,163.67,0,0,0
188.00,0,14,1.1,2,216.35,0,0,0
1001.81,8,16,1.1,5,127.97,0,1,1
25.00,5,19,2.1,1,160.74,0,0,0
21.67,10,11,2.6,4,29.04,0,0,0
17.94,5,13,2.3,3,39.18,0,0,1
25.00,6,1,0.6,1,209.14,0,0,0
60.99,1,8,1.1,3,55.01,0,1,0
32.64,2,22,2.5,2,46.61,0,1,0
26.35,10,19,2.4,4,37.73,0,0,1
155.41,1,8,3.3,3,18.25,1,1,1
154.26,6,16,1.9,4,159.02,0,0,0
547.00,2,16,0.3,1,166.88,0,0,0
40.00,0,17,8.4,3,44.95,1,0,0
85.95,5,23,4.9,2,60.78,0,1,0
109.00,3,15,3.1,3,44.81,0,1,0
33.99,8,20,1.4,3,56.44,0,1,0
41.65,9,12,0.1,2,,0,1,1
18.00,8,15,0.9,3,31.33,0,0,0
246.65,4,13,1.0,4,35.59,0,1,0
18.00,1,11,1.4,1,17.12,0,1,0
41.00,11,12,0.6,1,15.02,0,1,0
30.37,6,9,1.6,2,44.54,0,0,0
134.90,4,9,0.6,4,128.99,0,0,0
36.99,2,14,1.1,1,50.56,0,1,0
158.99,0,18,0.2,1,108.44,0,0,0
40.49,4,22,2.5,2,68.29,0,1,0
27.00,3,16,4.1,1,44.96,0,0,0
174.32,5,15,1.1,2,81.93,0,1,0
17.88,2,15,1.5,1,32.57,0,0,0
22.80,1,13,1.6,2,20.08,0,0,0
647.96,5,9,2.2,1,195.71,0,1,0
9.48,5,9,1.2,4,50.01,0,1,1
39.38,9,19,6.8,1,36.40,0,1,0
45.00,4,19,1.4,2,17.55,0,0,0
95.23,5,6,3.0,1,82.69,0,0,0
21.99,2,12,1.8,1,15.35,0,0,0
118.75,2,6,0.1,2,79.69,0,0,0
266.57,7,10,8.6,2,116.26,0,0,0
25.77,8,19,2.2,4,33.48,0,0,0
19.99,2,22,0.4,3,24.66,0,1,0
114.70,0,21,0.3,2,77.20,0,0,0
139.00,8,12,5.7,3,93.41,0,1,0
35.00,9,7,3.1,4,35.36,0,1,0
75.29,4,13,0.7,4,56.20,0,0,0
33.30,4,14,0.2,2,26.81,0,0,0
11.06,11,17,3.0,1,24.62,0,0,0
67.83,5,20,7.6,5,21.60,0,0,0
82.41,0,19,2.2,2,43.82,0,0,0
36.10,8,10,3.0,4,20.63,0,1,0
35.33,5,19,2.0,4,29.61,1,0,0
322.55,2,8,2.1,1,75.98,0,1,1
38.00,1,18,0.7,1,34.38,0,0,0
33.95,4,23,0.0,2,42.68,0,0,0
85.09,8,18,7.5,3,42.35,0,0,0
85.56,6,15,3.9,4,66.23,0,0,0
215.20,2,18,0.4,1,208.36,0,1,0
275.00,1,10,0.1,2,127.37,0,0,0
54.30,8,13,4.2,3,82.51,0,0,0
165.83,6,4,2.3,2,28.16,0,1,1
105.19,0,10,2.8,4,48.72,0,1,0
40.88,1,22,1.3,3,59.41,1,0,0
120.00,6,13,1.7,4,53.64,0,1,0
120.00,6,13,1.7,4,53.64,0,1,0
103.00,4,17,2.5,2,48.08,0,0,0
351.99,7,6,1.3,1,68.51,0,1,1
7.10,9,14,2.3,1,28.09,0,1,0
26.99,2,8,0.6,4,60.54,0,0,0
3.39,0,14,8.4,2,30.20,0,1,0
103.00,9,11,0.9,2,43.37,0,1,0
68.64,8,17,1.1,2,64.74,0,1,0
60.27,10,15,1.5,3,36.95,0,1,0
17.00,7,16,0.2,4,57.63,1,0,0
6.00,10,13,1.4,3,20.06,0,1,0
41.50,8,10,0.5,4,44.75,0,0,0
81.00,11,10,0.1,2,31.16,0,1,1
23.00,11,6,0.5,3,18.37,0,1,0
34.27,1,22,4.4,3,46.89,0,1,0
31.72,9,8,1.0,3,43.80,0,0,0
36.21,2,21,1.0,4,38.30,0,1,0
19.00,4,21,2.4,4,58.26,0,1,0
197.83,0,7,0.9,2,113.17,0,0,0
12.02,6,7,0.3,3,14.70,0,1,0
209.16,8,12,0.1,4,159.53,0,0,1
37.75,1,16,5.4,3,29.67,0,1,0
45.16,4,10,0.7,2,20.78,0,1,0
5.99,8,13,0.3,2,50.05,1,0,0
246.95,4,11,0.2,2,84.95,0,1,0
35.50,4,23,0.5,3,31.21,0,1,0
71.44,6,18,3.7,4,110.25,0,1,0
56.00,6,18,6.0,5,23.39,0,0,0
56.00,6,18,6.0,5,23.39,0,0,0
17.50,7,15,0.7,2,50.67,0,0,0
26.63,5,9,2.2,2,35.02,0,0,0
123.28,1,23,3.2,4,221.93,0,0,0
46.69,7,15,1.9,3,36.42,0,1,0
109.76,3,2,2.8,2,160.90,0,1,0
45.44,6,15,0.1,2,34.00,1,1,1
58.77,1,13,0.8,4,16.26,0,0,0
34.64,7,0,4.1,4,39.20,0,1,0
137.62,5,18,4.2,3,70.33,0,0,0
32.40,8,13,2.1,2,48.27,0,1,0
159.61,6,12,3.9,3,38.04,0,0,0
76.00,2,17,3.3,4,37.31,0,0,0
68.01,2,21,8.2,1,108.65,0,0,0
27.83,0,16,1.2,2,36.95,1,1,0
199.00,11,13,0.2,1,105.27,0,1,0
178.99,3,14,4.9,2,104.52,0,1,0
83.95,4,16,3.7,3,96.11,0,0,0
53.99,0,12,0.4,1,50.05,0,0,0
426.90,7,21,3.2,2,156.46,0,1,0
16.00,1,11,2.3,4,40.23,0,0,0
44.06,0,9,4.4,1,41.11,0,1,0
21.04,3,14,8.9,3,63.98,0,0,0
147.00,5,8,1.1,5,62.79,0,0,0
29.00,9,19,0.5,1,34.89,0,1,0
107.73,4,19,2.7,2,110.68,0,1,0
18.86,1,15,0.4,3,96.96,0,0,0
53.73,10,15,1.1,4,96.05,0,0,0
46.99,1,12,2.8,2,35.68,0,0,1
37.98,3,13,0.2,3,25.26,0,0,0
75.33,4,12,3.7,5,129.14,0,0,0
29.07,2,18,1.9,1,41.58,0,0,0
48.33,4,6,2.5,1,54.95,0,0,0
44.69,2,19,7.0,2,88.13,0,0,0
9.00,5,15,0.4,4,11.21,0,0,0
4.50,4,7,0.5,3,24.11,0,0,0
34.99,11,9,3.4,2,79.07,0,0,0
21.69,9,16,3.4,2,82.57,0,0,0
52.99,6,3,2.9,2,93.98,0,0,0
41.99,0,12,0.3,4,67.68,0,0,0
40.00,3,8,0.0,2,58.08,0,1,0
88.10,5,15,1.5,1,71.90,0,0,0
39.47,2,14,0.5,1,63.38,0,0,0
25.99,2,12,3.3,2,78.96,0,0,0
18.96,3,9,2.6,5,35.54,0,1,0
84.67,4,22,0.6,4,49.34,0,0,0
87.66,2,7,6.0,3,129.19,0,0,0
55.94,3,16,1.0,5,42.06,0,0,0
14.99,9,15,0.2,3,43.81,1,0,0
62.67,4,12,0.9,2,36.22,0,0,0
48.00,8,18,1.8,2,,0,0,0
14.00,4,16,2.0,7,21.75,0,1,0
26.55,4,10,4.3,3,32.33,0,1,0
12.23,10,10,0.1,1,35.22,1,0,0
20.99,3,20,0.4,4,19.12,0,1,0
92.99,1,16,2.2,3,44.55,0,0,0
211.85,1,11,2.6,5,105.66,0,0,0
58.12,10,14,0.8,4,29.13,0,0,0
68.23,1,10,2.8,4,72.77,0,0,0
49.93,4,18,5.4,1,22.64,0,0,0
46.62,9,10,1.7,1,51.12,0,1,0
20.96,3,16,4.5,5,35.51,0,0,0
68.18,3,12,1.1,1,52.42,0,0,0
234.30,5,10,1.2,2,72.09,0,0,0
64.32,11,13,0.0,1,48.76,0,1,0
56.81,10,18,0.5,2,80.45,0,1,0
318.13,5,7,2.7,4,111.97,0,0,1
50.79,5,12,0.5,1,85.53,0,0,0
13.99,3,5,8.3,1,53.67,0,0,0
55.00,6,5,2.4,1,48.18,0,0,0
26.65,2,15,0.4,3,79.71,0,0,0
11.99,4,12,0.3,1,45.44,0,1,0
277.00,6,11,1.9,3,126.85,0,0,0
38.66,3,13,2.5,3,31.34,0,0,0
72.32,4,11,4.1,1,73.80,0,0,1
85.79,7,20,5.2,3,50.31,0,0,0
177.76,1,16,1.0,1,85.73,0,1,0
157.36,0,14,4.1,4,190.22,0,0,0
340.00,6,9,2.4,1,120.03,0,0,0
340.00,6,9,2.4,1,120.03,0,0,0
49.67,9,17,2.2,2,58.23,0,0,0
174.02,5,13,1.0,2,40.94,0,0,0
11.00,5,16,2.7,3,30.90,0,1,0
34.97,5,18,0.2,3,48.83,1,0,0
107.79,1,16,1.0,5,43.29,0,0,0
72.50,1,10,2.5,1,109.12,0,1,0
49.99,8,16,1.0,4,118.67,0,0,0
67.09,8,22,4.1,1,30.18,0,0,0
9.20,2,22,1.1,2,25.00,0,1,0
92.00,9,16,2.2,2,96.80,1,1,1
45.55,1,5,5.7,1,83.74,0,0,0
69.99,1,10,0.4,4,37.97,0,0,0
154.00,2,18,2.1,1,104.68,0,0,0
89.32,9,16,0.5,7,47.51,0,0,0
183.18,1,23,1.8,1,83.57,0,0,0
27.18,6,22,4.4,3,28.51,0,0,0
73.49,10,13,0.6,3,146.36,0,0,0
10.99,0,22,0.1,3,33.59,0,1,0
12.95,6,18,2.0,3,31.76,0,0,0
98.15,5,13,7.8,1,79.36,0,1,0
198.95,10,16,7.6,2,139.09,1,0,0
68.28,0,11,0.2,4,50.53,0,1,0
29.07,3,13,1.2,3,23.62,1,1,1
10.64,0,15,1.2,1,26.08,0,0,0
83.75,8,8,0.6,1,72.18,0,0,0
37.39,9,6,6.4,1,32.46,0,0,0
21.24,10,6,0.6,2,26.66,0,0,0
18.95,0,19,1.4,3,57.29,0,1,0
23.86,6,11,1.4,3,45.86,1,0,0
53.34,3,14,0.3,3,26.36,0,0,0
130.44,6,18,2.0,2,174.26,0,1,0
24.80,11,17,0.5,1,69.58,0,1,0
52.99,5,13,0.6,4,53.23,0,1,0
44.84,6,10,3.5,3,74.76,0,1,0
10.70,8,5,0.1,2,36.14,0,0,0
166.98,4,6,2.0,2,36.07,1,1,1
69.00,2,1,0.2,1,37.80,0,0,0
16.53,4,12,0.8,4,30.30,0,1,0
221.24,3,10,1.7,4,67.90,0,0,0
22.37,11,19,3.2,1,61.31,0,1,0
21.00,6,14,5.8,3,27.74,0,0,0
45.99,5,7,0.5,3,69.85,0,0,0
31.13,5,20,10.4,2,35.98,0,0,0
55.55,4,21,1.2,3,44.71,0,1,0
44.99,10,6,3.0,6,23.40,0,0,0
10.44,3,18,4.9,1,43.66,0,1,0
10.92,4,21,0.8,4,20.44,0,1,0
125.99,2,14,2.7,3,85.84,0,0,0
6.41,4,10,0.5,3,24.53,0,1,0
289.57,8,23,3.1,5,60.56,0,1,1
27.02,3,6,3.8,3,42.05,0,0,1
23.64,2,3,2.4,1,23.85,0,0,0
4.51,6,10,1.6,4,11.71,1,1,0
29.65,11,0,0.3,3,39.09,0,1,0
114.00,3,6,2.2,3,137.84,0,0,0
79.96,7,13,1.6,1,102.44,0,0,1
20.26,7,15,2.2,3,41.35,0,0,0
138.00,1,12,2.4,6,103.56,0,0,0
107.21,1,17,7.8,1,83.28,0,0,0
72.78,8,16,0.4,4,86.03,0,0,0
38.24,6,7,3.8,1,53.90,0,0,0
206.17,3,21,6.7,4,150.51,0,0,0
206.79,0,14,0.2,5,56.78,0,0,0
36.43,8,17,3.0,2,78.42,0,0,0
64.94,8,15,4.0,5,43.89,0,0,0
176.00,0,17,4.2,2,38.59,0,0,0
64.13,6,22,0.3,5,98.23,0,0,0
20.00,4,23,0.2,3,28.38,0,1,0
243.46,11,11,1.4,3,112.61,0,0,1
69.00,2,12,4.5,3,81.91,0,0,0
302.24,8,20,0.8,3,220.14,0,0,0
5.97,7,13,2.1,4,25.19,1,0,0
9.95,2,23,2.9,4,47.63,0,0,0
52.52,5,22,0.9,4,63.60,0,0,0
315.76,9,17,2.4,3,167.58,0,1,0
25.25,5,19,4.6,1,24.88,0,1,0
52.18,5,17,0.7,5,23.94,0,0,0
39.00,11,9,1.7,1,39.74,1,0,0
131.00,3,9,4.2,2,56.04,0,1,0
823.54,0,21,1.0,3,130.08,0,1,1
28.00,0,9,0.2,1,95.60,0,1,0
50.95,5,13,4.7,3,91.51,0,0,0
5.89,5,12,0.9,1,80.99,1,1,0
120.00,1,16,1.9,1,61.94,0,1,0
184.87,2,20,0.0,4,130.45,0,0,0
148.00,0,17,5.5,5,89.32,0,0,0
59.99,1,18,0.1,1,116.13,0,0,0
375.00,3,15,0.1,3,124.06,0,0,0
5.00,4,19,0.2,2,14.03,0,0,0
561.43,1,9,1.7,2,83.83,0,1,0
14.78,10,18,1.0,3,75.06,0,1,0
33.95,9,9,4.0,1,36.38,1,0,0
100.67,9,9,5.4,3,50.94,0,0,1
371.00,7,8,4.4,2,,1,0,1
197.44,10,12,2.8,1,54.92,0,0,0
147.89,3,23,0.7,2,84.66,0,0,0
17.72,2,12,0.2,2,43.43,0,1,0
110.00,6,16,2.6,2,79.92,0,0,0
1763.63,10,18,0.8,5,177.35,0,1,1
80.40,10,22,0.7,3,93.03,0,0,0
17.94,5,11,0.9,4,19.41,0,0,0
13.22,2,6,5.4,2,50.67,0,0,0
36.91,1,23,0.2,2,24.85,0,0,0
75.60,6,18,2.6,4,85.91,0,1,0
40.95,4,13,0.9,6,82.83,0,0,0
51.50,5,16,0.5,1,31.97,0,1,0
30.09,7,2,4.4,2,43.70,0,0,0
32.99,5,18,1.0,3,35.88,0,0,0
170.00,6,13,5.2,4,79.53,0,1,0
32.22,7,20,0.7,4,25.42,0,0,0
44.27,4,10,1.8,2,21.91,0,1,0
6.63,2,12,0.1,4,21.61,0,0,0
86.63,3,12,0.4,3,124.96,0,0,0
20.50,0,13,1.7,3,12.60,0,1,0
319.52,3,13,1.2,2,58.97,0,0,0
341.00,1,18,0.3,3,347.29,0,1,0
26.02,0,18,6.7,3,63.35,0,1,0
39.89,2,20,2.2,1,35.09,1,0,0
630.32,9,19,1.1,2,95.67,0,0,1
55.71,9,14,1.4,2,92.79,1,0,0
224.54,7,18,1.4,4,81.06,0,1,1
661.85,5,23,1.1,1,273.35,0,0,0
38.00,9,14,0.5,2,,0,0,0
11.00,4,0,1.1,2,32.30,0,0,0
20.08,3,11,2.3,1,37.11,1,0,0
87.35,2,11,6.9,5,56.83,0,0,0
75.50,3,14,1.6,1,56.15,0,1,0
29.87,6,20,11.4,2,44.55,1,1,1
120.99,5,10,2.3,4,84.14,0,0,0
35.97,4,18,1.4,5,58.57,0,0,0
12.22,0,22,0.7,1,34.56,0,0,0
161.17,4,14,1.9,5,59.87,0,0,0
98.26,1,6,6.7,1,77.58,0,1,0
131.88,4,21,0.2,2,66.82,0,0,0
35.61,5,8,1.7,2,27.39,0,1,0
11.50,0,9,1.0,3,38.54,0,0,0
8.86,10,19,4.1,1,62.54,0,0,0
12.95,5,14,3.1,3,48.14,0,0,0
4.75,6,11,9.7,3,17.51,0,0,0
113.99,9,18,2.4,1,124.34,0,0,0
58.40,10,11,1.4,3,68.19,0,0,0
25.40,7,10,0.4,3,50.45,0,0,0
51.99,10,19,0.3,4,51.32,0,0,0
69.85,6,20,2.1,3,30.69,0,0,0
12.56,1,14,5.4,1,33.46,0,1,0
53.40,7,21,6.0,3,43.92,0,1,0
144.24,3,17,2.5,3,98.41,0,0,0
163.11,1,10,3.8,8,45.97,0,0,0
76.22,6,11,4.7,1,71.14,0,1,0
58.10,4,22,0.6,2,62.33,0,1,0
138.50,6,15,5.1,3,85.30,0,0,0
53.38,8,18,5.6,2,27.18,0,0,0
60.26,8,13,1.1,2,,0,0,0
113.99,0,18,1.6,3,162.94,0,0,0
118.04,11,8,2.7,2,61.68,0,1,0
66.93,9,19,6.3,4,115.81,0,0,0
387.00,1,20,0.1,1,94.21,0,0,0
81.93,4,17,2.0,1,51.49,0,1,0
53.11,2,6,4.4,1,67.49,0,0,0
21.94,1,21,0.5,2,18.11,0,0,0
20.08,5,16,1.9,1,37.19,0,1,0
30.00,10,11,0.9,2,25.31,0,0,0
28.63,5,14,0.4,2,153.70,0,1,0
24.68,9,14,1.6,1,26.21,0,1,1
19.47,8,6,4.3,2,15.14,0,0,0
79.10,6,21,0.7,1,122.17,0,0,0
215.99,5,15,3.3,3,48.76,0,0,0
76.11,11,21,0.0,4,160.09,0,0,0
49.55,8,10,1.7,4,82.22,0,0,0
6.00,0,16,6.0,6,30.15,0,1,0
314.99,5,16,0.6,4,117.80,0,0,1
146.50,3,18,1.2,3,59.29,0,0,0
233.99,1,9,0.9,3,216.19,0,0,0
11.04,2,11,2.0,5,7.01,0,1,0
29.37,0,14,2.8,3,133.88,0,0,0
229.50,7,20,7.6,4,123.48,0,0,0
58.00,8,2,3.5,3,53.52,0,0,0
17.00,10,12,1.5,2,25.47,0,0,0
90.99,1,12,1.4,2,72.49,0,0,0
180.95,2,14,1.0,4,117.93,0,0,0
16.84,5,10,0.2,4,33.92,0,0,0
42.77,5,14,1.0,2,31.35,0,0,0
22.00,5,0,4.0,3,39.71,0,1,0
84.00,2,11,3.0,2,61.16,0,0,0
23.18,3,13,2.1,3,15.51,1,1,1
20.00,3,9,1.0,2,36.45,0,1,0
43.76,2,20,4.5,2,19.97,0,1,0
62.99,6,17,3.5,4,131.71,0,1,0
16.40,2,12,1.2,1,58.79,0,0,0
18.21,7,10,1.8,2,42.76,0,1,0
203.35,2,17,0.8,2,32.86,0,0,0
20.03,4,14,5.6,1,17.77,0,0,0
3.61,2,8,0.3,3,16.40,0,0,0
44.02,7,8,0.7,2,72.19,1,1,1
31.83,6,19,9.5,2,,0,1,0
10.00,0,19,1.2,2,28.86,0,1,0
34.50,8,10,0.9,4,40.68,0,0,0
61.29,8,0,0.4,4,157.19,0,1,0
49.00,5,6,1.0,2,20.79,0,0,0
72.00,5,12,0.5,1,74.35,0,1,0
58.18,10,11,0.0,1,14.85,0,0,0
38.07,2,19,1.9,4,49.56,0,0,0
173.00,2,17,4.1,4,192.65,0,0,0
47.50,6,10,2.3,1,33.75,0,0,0
266.00,4,9,1.0,3,65.02,0,0,0
45.99,8,18,4.5,2,102.92,0,0,0
86.24,4,12,1.6,4,101.15,0,0,0
79.00,9,21,1.9,2,43.48,0,0,0
21.00,9,9,1.9,2,42.71,0,0,0
92.50,10,17,0.3,2,41.16,0,0,0
163.53,8,15,2.1,3,94.52,0,0,0
30.06,7,6,1.6,2,23.45,0,0,0
28.00,3,11,0.3,2,,0,0,0
25.16,9,20,3.3,6,59.12,0,0,0
91.60,1,21,7.4,2,46.53,0,0,0
47.99,5,11,3.0,2,83.63,0,0,0
334.00,10,17,3.5,2,69.59,0,0,0
347.99,7,12,0.9,4,117.42,0,1,1
22.75,4,23,0.3,3,106.32,0,0,0
29.19,3,17,1.8,5,76.20,0,0,0
115.29,6,2,0.9,4,68.11,0,1,0
18.70,6,8,0.5,2,52.50,0,0,0
159.44,2,9,0.6,1,87.15,0,0,0
54.57,5,6,0.2,1,60.98,0,1,0
230.65,11,15,6.5,4,110.43,0,0,0
39.04,5,15,0.2,5,33.75,0,0,0
30.00,1,8,0.5,3,35.21,0,0,0
67.00,7,20,6.4,4,86.62,0,0,0
73.19,7,18,6.9,2,21.75,0,0,0
51.00,8,18,0.2,1,27.24,0,1,0
41.99,6,9,3.6,3,34.86,0,0,0
28.00,1,10,0.7,2,63.66,0,0,0
23.57,0,11,3.1,5,65.31,0,0,0
75.99,6,6,3.3,2,70.73,0,1,0
270.27,2,5,2.3,5,107.56,0,0,0
48.90,4,14,0.1,1,42.56,0,1,0
66.91,5,14,1.5,2,52.87,0,0,1
169.96,6,19,0.7,3,24.33,0,0,0
28.95,2,11,0.7,1,24.17,0,0,0
324.00,10,13,1.0,3,81.74,0,1,1
15.95,2,17,3.0,3,34.40,0,1,0
381.12,4,11,1.6,1,286.63,1,1,0
128.06,10,11,0.3,2,43.39,0,0,0
45.95,8,12,1.4,2,43.18,0,0,0
55.99,5,8,1.7,2,64.64,0,0,0
10.99,1,17,0.4,2,33.47,0,0,0
815.19,0,18,1.3,3,204.53,0,0,0
16.33,8,12,0.2,4,43.75,0,1,0
18.19,8,13,2.5,4,11.79,1,0,0
37.59,1,4,1.7,1,39.31,0,0,0
326.80,4,8,0.1,3,149.78,0,0,0
59.50,4,14,1.4,1,82.74,1,0,0
107.99,6,10,0.8,5,48.83,0,1,0
47.95,7,11,10.5,3,27.76,0,0,0
732.23,5,14,1.0,3,305.47,0,0,0
23.59,2,18,0.5,3,36.10,0,0,0
20.13,1,18,0.6,3,25.10,0,1,0
13.50,5,8,6.3,2,65.21,1,0,0
146.15,4,13,2.0,3,112.80,0,0,0
35.31,1,6,2.6,2,49.85,0,0,0
252.74,5,12,0.4,2,248.88,0,1,0
192.50,3,17,0.3,4,95.86,0,1,0
232.66,0,2,0.8,1,36.50,0,1,1
44.18,5,19,0.8,3,161.07,0,0,0
14.50,3,13,1.1,3,21.86,0,0,0
231.00,11,10,0.7,3,86.20,0,0,0
728.34,7,17,1.1,3,112.76,0,1,1
91.00,10,16,0.4,4,82.71,0,0,0
109.00,7,22,2.0,2,51.21,0,0,0
139.16,4,21,2.5,2,105.66,0,0,0
88.17,2,21,0.9,3,53.20,1,0,0
227.24,0,18,11.0,2,23.96,0,1,1
76.00,0,11,0.2,1,48.97,0,1,0
72.00,1,17,5.6,4,72.02,0,0,0
244.25,9,12,7.0,4,50.07,0,1,1
50.20,1,9,3.7,3,39.47,0,0,0
23.76,1,15,3.0,1,22.70,0,1,0
21.37,3,11,3.8,3,29.30,0,0,0
83.98,2,16,3.3,3,46.24,0,0,0
75.66,7,14,4.2,3,64.62,0,1,0
20.50,3,15,2.0,2,20.14,1,1,1
37.57,2,11,2.1,3,85.40,0,0,0
84.01,9,16,0.4,2,62.63,0,0,0
68.00,0,13,3.6,3,34.32,0,0,0
12.83,0,8,0.8,2,22.89,0,0,0
431.16,4,12,6.6,6,117.10,0,0,0
185.99,4,13,0.5,3,165.85,0,0,0
153.95,7,0,3.1,2,90.23,0,0,0
32.99,7,20,0.5,3,73.90,0,0,0
289.95,9,7,1.5,1,271.24,0,1,0
2.63,4,13,1.9,3,16.19,0,1,0
29.00,6,5,8.3,2,47.26,0,0,0
205.71,3,8,0.8,3,36.56,0,0,1
13.95,4,21,0.7,5,24.89,0,1,0
216.00,1,17,3.6,2,124.54,0,1,0
19.25,6,19,1.4,3,40.92,0,0,0
95.49,1,11,1.9,3,92.89,0,0,0
82.00,3,15,10.1,3,53.71,0,0,0
134.44,5,13,1.2,1,64.70,0,0,0
29.00,11,18,1.3,1,31.48,0,0,0
42.50,7,12,4.3,2,26.66,0,0,0
81.00,1,11,0.2,3,67.12,0,0,0
23.33,10,11,2.8,6,16.13,0,0,0
16.22,5,20,2.4,4,53.23,0,0,0
95.77,5,14,0.2,1,26.73,0,1,0
204.00,2,9,0.5,3,133.51,0,1,0
21.31,9,13,0.7,2,18.70,0,0,0
217.99,9,20,0.0,1,130.07,0,0,0
14.99,0,16,2.7,4,35.48,0,0,0
2.21,9,5,2.1,3,12.51,0,0,0
246.99,3,13,1.8,3,235.03,0,0,0
23.39,8,18,0.5,1,24.17,0,1,1
17.00,1,16,3.0,2,32.20,0,1,0
86.50,5,18,3.8,1,53.77,0,1,0
5.00,3,6,2.3,3,45.20,0,0,0
93.00,6,12,3.6,4,113.76,0,1,1
38.06,3,19,2.1,2,42.07,0,0,0
36.72,4,8,1.5,4,23.00,0,0,0
170.24,2,14,9.8,3,138.67,0,0,1
260.00,8,8,0.2,1,102.69,0,0,0
61.05,5,10,1.6,2,78.21,1,0,0
38.01,6,15,1.7,2,35.36,0,1,0
82.50,2,15,0.7,5,85.20,1,0,0
33.35,0,16,0.9,2,25.29,0,0,0
30.68,5,11,1.1,1,29.08,0,0,0
18.13,6,10,0.5,1,58.44,0,1,0
7.50,3,19,0.2,2,18.48,0,1,0
155.20,6,19,1.6,3,49.08,0,0,0
32.49,6,13,0.5,2,30.93,0,1,0
88.75,1,13,2.6,3,44.89,0,0,0
156.00,7,15,1.3,3,179.82,0,1,0
212.00,3,0,2.1,3,74.59,0,1,1
144.99,1,14,3.4,3,77.65,1,0,0
68.99,11,12,0.1,2,53.30,0,0,0
666.00,5,14,1.1,2,241.92,0,1,0
47.06,11,5,2.6,2,122.16,0,0,0
25.85,2,21,1.9,1,50.69,0,1,0
80.76,3,10,0.6,1,67.73,0,1,0
56.84,8,14,1.2,1,31.02,0,0,0
16.99,8,5,4.9,5,30.16,0,0,0
6.19,11,12,0.4,5,41.14,0,0,0
63.95,0,12,0.7,1,26.78,0,0,0
525.00,2,23,1.3,4,59.39,0,0,1
245.96,3,18,2.5,4,201.94,0,1,0
156.00,3,9,0.3,3,84.28,0,0,0
129.85,0,5,0.8,3,104.69,0,0,0
244.99,1,10,0.5,6,59.96,0,0,0
57.93,8,19,7.5,4,71.17,0,0,0
61.23,9,21,3.5,4,50.70,0,0,0
20.04,10,9,0.9,4,42.15,0,1,0
9.00,0,19,4.9,2,32.81,0,0,1
9.75,0,19,0.5,2,35.23,0,0,0
9.41,2,1,0.9,4,97.54,0,1,0
26.30,0,21,1.1,1,20.38,0,1,0
267.87,6,10,1.5,5,48.36,0,1,1
219.47,0,16,2.7,1,110.77,0,1,0
97.95,5,9,3.4,1,188.91,0,0,0
55.34,7,15,0.7,1,51.30,0,1,0
15.33,2,10,0.4,2,26.37,0,0,0
146.06,10,17,1.6,3,76.11,0,1,0
58.24,5,9,3.3,2,90.52,0,1,0
14.00,1,21,1.3,5,21.43,0,0,0
35.00,4,14,0.6,5,37.84,0,1,0
46.99,11,19,2.9,1,97.78,0,0,0
11.91,1,12,3.6,3,26.13,1,0,0
35.33,0,14,0.4,3,317.10,1,0,0
72.08,1,0,5.9,5,307.24,0,1,0
65.11,2,21,6.1,2,74.18,1,0,0
93.82,4,19,0.6,3,30.32,0,0,0
38.54,1,14,0.9,1,79.97,0,1,0
14.00,1,6,0.3,2,47.03,0,1,0
77.95,3,11,7.1,1,140.36,1,0,0
53.12,7,16,1.7,3,59.54,0,1,0
94.29,7,20,4.7,2,39.24,0,0,0
2.52,1,10,0.5,1,15.84,0,0,0
14.00,8,12,2.2,3,17.80,0,0,0
47.53,5,9,4.4,2,69.44,0,1,0
68.31,1,2,3.3,3,20.15,0,0,0
4.95,8,16,1.0,3,4.64,0,0,0
20.18,6,8,0.5,2,19.38,0,1,0
3.35,7,17,0.2,2,11.12,0,0,0
132.49,4,11,1.1,3,89.38,0,1,0
12.95,5,18,1.0,2,18.32,0,0,0
323.00,1,9,0.6,2,131.25,0,1,0
68.00,7,16,1.4,2,40.46,0,1,0
659.14,11,8,5.8,2,165.01,0,0,0
30.35,1,7,0.9,3,72.76,0,0,0
89.60,5,16,0.1,1,164.59,1,0,0
32.99,0,19,2.1,2,62.90,0,1,0
139.98,4,11,1.1,1,53.37,0,1,0
354.63,9,16,4.6,2,170.76,0,1,0
101.00,6,7,2.4,4,43.48,1,1,1
16.99,0,17,0.2,2,61.61,0,0,0
13.90,1,16,0.3,2,22.25,0,0,0
47.00,4,11,5.3,2,38.36,0,0,0
40.41,4,5,4.2,2,42.19,0,0,0
25.00,0,8,0.4,3,55.44,0,0,0
385.99,2,21,0.0,3,146.94,0,0,0
28.00,3,23,1.2,2,46.10,0,0,0
44.54,8,18,2.2,1,69.83,1,0,0
17.02,2,21,0.2,2,44.91,0,0,0
127.49,7,2,0.0,3,48.31,0,0,1
18.00,2,11,3.3,4,52.86,0,1,0
86.99,7,6,2.3,1,43.44,0,0,0
25.97,7,10,0.3,3,47.03,0,0,0
4.13,5,10,2.8,1,40.32,0,1,0
60.00,7,21,1.0,2,77.09,0,1,0
23.20,1,8,2.2,1,46.80,0,0,0
17.09,6,14,0.2,2,52.85,0,0,0
38.95,1,18,3.5,3,27.02,0,0,0
87.43,5,2,1.1,4,96.95,0,1,0
75.00,1,17,0.1,2,51.84,0,0,0
136.99,6,12,7.4,2,122.11,0,0,0
23.45,2,6,1.9,1,42.87,0,1,0
449.00,1,17,0.8,1,83.05,0,0,0
81.65,5,15,0.7,6,24.14,0,0,0
20.95,1,18,6.6,5,68.80,1,1,0
68.59,0,2,2.6,5,44.95,0,1,1
159.99,5,15,3.5,4,137.01,0,0,0
31.00,7,9,0.9,1,208.66,0,1,0
135.95,0,16,18.1,2,109.47,0,0,0
1221.50,1,11,0.5,3,75.84,0,0,1
43.41,1,21,0.1,1,28.21,0,0,0
43.41,1,21,0.1,1,28.21,0,0,0
69.95,0,0,1.5,2,71.37,0,0,0
60.00,0,8,1.4,2,46.31,0,0,0
60.99,0,20,4.1,5,10.29,0,0,1
27.99,7,21,0.6,6,35.80,1,1,1
19.99,4,18,3.5,4,69.83,1,0,0
11.48,3,9,0.0,1,32.16,0,0,0
84.00,1,10,2.1,4,47.82,1,0,0
15.70,3,13,0.8,1,106.98,0,1,0
95.99,1,9,4.0,1,116.38,1,0,0
21.01,11,14,0.6,2,41.99,0,1,0
84.50,8,10,3.3,2,41.77,0,1,0
263.99,6,15,2.3,2,116.88,0,0,0
69.22,3,13,0.2,1,19.48,0,1,0
5.16,8,20,3.3,2,14.46,0,0,0
106.99,2,10,1.1,3,152.41,0,0,0
41.69,9,23,2.6,1,35.58,1,0,0
16.35,1,8,0.0,3,19.66,0,0,0
32.99,0,19,0.1,3,29.44,0,0,0
165.00,0,21,0.6,3,120.06,0,0,0
41.00,0,11,1.5,3,25.82,0,0,0
46.88,7,17,1.0,1,57.71,1,0,0
102.99,7,7,2.5,2,47.28,0,0,0
85.09,5,16,5.9,1,93.62,0,1,0
148.50,0,12,3.3,4,46.02,0,1,0
67.95,7,7,5.4,3,95.10,0,0,0
723.00,10,15,9.4,2,101.47,0,0,0
4.00,2,7,0.9,4,18.75,0,1,0
58.45,2,20,6.6,3,53.33,0,0,0
28.99,5,11,2.2,4,23.97,0,0,0
54.97,11,9,0.9,3,24.40,0,0,0
8.68,2,17,1.8,1,77.56,0,0,0
32.24,9,20,0.4,3,36.42,0,0,0
59.98,3,16,2.1,1,95.55,0,0,0
105.99,5,20,0.4,2,54.74,0,0,0
72.50,0,7,3.1,5,53.08,0,1,0
63.00,10,10,3.7,3,160.52,1,1,0
50.99,0,14,0.9,2,37.46,0,1,0
46.43,1,9,1.6,4,105.64,0,1,0
142.99,2,14,1.9,1,96.55,0,0,0
4.12,0,10,2.0,3,6.55,1,0,0
10.95,1,17,1.7,3,38.44,0,1,0
40.00,0,5,0.5,2,64.54,0,0,0
30.90,2,15,11.6,2,25.20,0,1,0
49.50,10,9,0.0,3,79.43,0,0,0
48.50,4,18,4.1,1,,0,0,0
18.50,1,5,0.7,3,11.56,0,0,0
31.71,7,19,0.8,2,79.40,0,0,0
26.62,2,18,0.9,2,80.50,0,1,0
163.53,2,16,0.3,1,61.75,0,0,0
133.99,1,15,1.6,5,99.69,0,0,0
60.50,1,20,0.0,1,77.22,0,1,0
20.15,5,11,2.1,2,78.03,0,0,0
22.00,3,9,1.3,2,28.28,0,1,0
72.95,3,7,1.5,2,61.67,0,0,0
68.94,10,3,0.3,4,76.74,0,0,0
71.39,7,20,1.6,1,108.70,0,0,0
32.00,5,12,0.6,3,75.46,0,0,0
105.00,6,2,1.3,1,44.66,0,0,0
14.68,1,22,3.3,2,17.78,0,0,0
121.48,6,12,3.7,1,56.41,0,0,0
43.55,7,9,0.0,1,52.17,0,0,0
25.38,1,9,0.4,3,24.63,0,0,0
59.00,11,15,5.7,4,51.82,0,0,0
45.47,1,20,3.1,3,65.90,0,0,0
789.74,5,16,2.5,2,146.14,1,0,1
40.64,9,15,3.5,2,18.02,0,1,0
44.96,5,17,0.7,2,90.15,0,1,0
20.99,10,3,5.0,1,18.12,1,1,1
3.10,1,12,1.6,6,7.48,0,0,0
174.50,0,9,1.0,1,111.16,0,0,0
87.11,6,19,2.6,2,117.72,0,0,0
187.50,8,9,2.9,2,92.47,1,0,0
38.19,4,16,3.0,2,44.23,0,1,0
6.95,1,10,0.8,1,10.23,0,1,0
12.37,1,18,0.9,3,31.12,0,0,0
95.13,0,12,1.6,1,71.10,0,0,0
185.00,3,21,1.8,6,101.50,0,0,0
64.54,8,12,0.3,3,165.79,0,1,0
54.03,7,18,2.1,3,30.06,0,1,0
24.95,4,18,0.5,3,33.81,1,0,0
7.99,3,12,0.6,2,26.96,0,0,0
23.14,8,19,0.3,4,27.84,1,0,0
319.95,2,12,0.1,6,72.44,0,0,1
7.45,3,19,2.6,3,51.12,0,1,0
59.00,0,18,0.4,2,43.96,0,0,0
22.75,0,20,2.1,3,89.72,0,0,0
18.74,10,16,0.3,2,18.81,0,0,0
98.79,6,6,6.0,1,47.00,0,1,0
60.76,11,17,0.3,3,95.33,0,0,0
28.50,9,18,0.5,4,91.20,0,1,0
12.00,8,5,0.7,3,32.90,0,0,0
61.00,5,14,0.3,1,88.98,0,0,0
28.00,6,12,4.4,3,55.60,1,0,0
239.34,4,12,1.3,3,51.08,0,0,0
30.95,5,15,4.9,2,48.76,0,1,0
403.97,5,21,0.1,1,,0,0,0
29.70,2,17,4.9,3,44.91,0,1,0
32.01,11,17,4.6,6,52.65,0,1,0
44.90,6,14,0.1,3,42.58,0,0,0
80.03,6,9,0.6,3,135.58,0,0,0
88.00,4,1,0.0,1,36.69,0,0,0
30.31,0,12,5.6,1,76.09,1,0,0
45.50,0,17,1.0,2,77.62,0,0,0
66.00,11,13,2.8,2,138.15,0,1,0
45.67,6,10,2.4,5,41.60,0,1,0
21.17,9,20,0.8,2,45.03,0,1,0
75.99,4,17,2.8,3,72.12,0,0,0
22.50,0,11,6.4,4,108.84,0,1,0
63.05,4,15,0.6,3,69.56,0,0,0
34.95,5,18,1.1,2,89.41,0,0,0
62.88,1,9,4.8,1,54.05,0,0,0
7.53,2,0,1.5,5,25.09,0,0,0
177.31,1,13,7.4,2,106.16,0,0,0
23.08,1,17,0.6,3,,0,0,0
46.69,1,9,0.3,3,103.22,0,1,0
381.73,8,14,1.2,2,70.39,0,0,0
47.95,4,7,3.5,2,87.27,0,0,0
65.90,6,12,2.5,2,33.60,0,1,0
34.61,8,16,0.3,2,38.55,0,0,0
153.53,3,8,3.6,3,56.86,1,0,0
30.12,4,13,1.4,2,52.72,0,0,0
141.00,0,12,2.6,4,21.08,0,1,1
49.40,6,23,0.5,2,31.00,0,1,0
65.57,3,21,3.1,3,46.53,0,1,0
120.07,6,12,5.1,1,33.66,0,0,0
23.66,4,8,1.2,3,74.40,1,0,0
50.39,1,22,1.3,4,86.35,0,0,0
118.49,3,11,1.4,6,138.27,1,0,0
26.00,1,9,7.1,2,38.15,0,0,0
22.30,10,13,2.7,2,94.26,0,1,0
93.00,5,10,3.5,1,104.33,0,1,0
31.99,1,20,0.2,5,,0,1,0
13.04,1,13,0.7,4,59.48,0,1,0
90.95,1,13,2.2,3,36.82,0,0,0
27.25,3,23,0.6,2,39.80,0,1,0
401.06,4,17,2.1,3,233.72,0,0,0
14.00,0,23,0.6,3,20.16,0,0,0
991.08,5,14,1.1,6,122.57,0,0,1
28.95,5,22,0.2,2,73.52,0,1,0
326.00,9,18,3.7,3,65.21,0,1,1
9.94,4,5,2.6,3,15.65,0,0,0
265.89,0,22,1.8,5,41.72,1,1,1
198.37,4,8,6.3,3,57.18,1,0,1
198.37,4,8,6.3,3,57.18,1,0,1
319.86,4,0,6.1,1,72.41,0,0,0
14.00,3,22,6.4,3,29.89,0,1,0
115.00,1,19,0.8,2,63.53,0,0,0
49.13,7,13,5.4,4,52.66,0,0,0
28.81,6,15,1.9,1,58.87,0,0,0
21.25,1,22,1.7,2,26.96,1,0,0
18.22,2,18,1.6,2,22.86,0,0,0
23.57,0,12,2.1,1,39.64,0,0,0
18.99,6,4,0.5,3,89.86,0,0,0
175.97,5,20,0.9,1,125.74,0,0,0
45.95,3,15,0.5,2,79.57,0,0,0
26.36,11,13,0.1,1,30.22,0,0,0
119.74,10,1,0.1,2,40.55,0,0,1
80.88,5,18,2.1,2,40.28,0,0,0
157.84,8,18,1.8,3,37.02,0,0,0
59.54,7,10,2.8,3,59.00,0,0,0
147.67,2,14,0.6,1,105.52,0,0,0
35.99,0,7,3.6,2,57.33,0,0,0
33.00,0,15,4.5,4,50.66,0,0,0
59.84,7,5,1.1,3,28.41,0,0,0
15.16,7,15,0.3,2,100.62,0,0,0
36.33,1,16,1.1,2,72.89,0,0,0
34.50,3,17,6.6,1,32.05,0,0,0
134.09,2,13,1.5,3,127.70,0,1,0
297.31,2,18,1.0,3,83.42,0,1,1
187.35,8,11,1.0,5,165.09,0,0,0
84.86,0,12,3.8,3,138.53,0,0,0
139.67,5,12,0.5,2,33.39,0,0,0
115.33,4,10,4.0,2,52.81,0,0,0
31.99,0,10,3.9,3,51.84,0,1,0
417.00,5,22,0.1,2,189.51,1,1,1
30.53,4,20,4.7,4,53.67,0,0,0
126.00,11,20,0.7,3,71.10,0,0,0
104.72,2,14,0.4,2,70.11,0,0,0
203.99,0,12,1.1,2,133.30,0,0,0
257.56,1,22,0.2,6,33.32,0,1,1
611.41,3,12,0.3,5,209.46,0,0,0
39.99,3,11,3.5,4,34.35,0,1,0
49.28,1,8,1.5,3,89.03,0,1,0
101.09,4,18,1.3,1,147.92,0,1,0
18.21,8,20,5.2,4,25.15,1,0,0
270.98,5,12,3.8,4,88.83,0,1,1
25.99,2,17,0.9,2,39.28,0,1,0
33.80,6,10,0.9,2,88.47,0,0,0
111.48,6,8,2.7,1,105.02,0,1,0
190.61,6,9,1.2,2,107.55,0,0,0
235.76,9,0,1.0,4,51.90,0,1,1
166.52,6,14,0.6,2,90.74,0,0,1
22.00,11,23,0.8,2,27.33,0,0,0
76.50,2,1,1.0,3,77.98,0,0,0
16.00,0,16,5.5,1,42.87,0,1,0
42.26,7,14,0.5,2,35.68,0,0,0
43.23,2,18,4.2,2,93.44,0,1,0
10.99,5,11,4.2,2,19.88,1,0,0
14.57,8,17,2.9,2,21.43,0,1,0
197.45,1,18,6.2,3,115.15,0,0,0
121.78,3,22,1.5,1,100.83,0,0,0
3.99,3,10,2.0,4,19.61,0,1,0
104.00,10,7,1.2,3,72.89,0,0,0
10.63,6,18,2.6,2,20.33,0,0,0
80.35,2,13,5.5,2,33.34,0,0,0
58.00,4,19,2.9,1,89.66,0,0,0
32.99,1,22,4.3,3,16.66,0,0,0
40.99,3,20,5.2,3,78.50,0,0,0
47.19,3,21,0.2,5,112.30,0,0,0
45.68,0,13,8.3,2,26.70,0,1,0
19.99,8,13,1.9,1,,0,0,0
117.57,0,17,0.2,2,92.68,0,1,0
54.99,3,14,1.1,3,96.85,0,0,0
48.11,1,5,0.7,1,39.10,0,0,0
45.77,1,20,1.1,4,84.16,0,0,0
27.89,11,11,0.6,1,17.98,0,0,0
24.87,0,12,0.4,2,70.10,0,0,0
86.81,7,20,0.9,3,70.00,0,1,0
9.99,3,19,0.5,2,24.13,0,0,0
100.47,1,18,1.7,5,65.17,0,0,0
166.00,3,23,3.2,2,210.24,0,0,0
32.91,4,7,3.9,2,48.72,0,0,0
18.55,1,16,3.8,2,24.79,0,0,0
40.24,7,3,2.2,3,49.13,0,1,0
103.87,6,10,1.5,2,74.90,0,0,0
11.46,5,8,2.2,5,41.84,0,1,0
267.99,1,19,2.3,3,120.04,0,0,0
214.39,5,14,0.3,2,326.43,0,0,0
84.59,5,8,1.2,1,45.34,0,0,0
18.95,4,11,5.1,2,50.25,0,0,0
23.99,1,13,5.2,3,20.92,0,0,0
15.00,0,11,2.6,1,43.59,0,0,0
42.09,1,1,0.4,4,74.38,0,1,0
90.75,4,19,5.2,3,96.23,0,0,0
51.07,9,12,1.9,1,78.87,0,0,0
76.99,4,10,2.3,2,72.60,0,0,0
66.22,3,23,3.5,5,29.71,0,1,0
314.00,8,2,2.3,7,100.91,1,0,1
28.92,5,10,0.0,2,30.82,0,0,0
7.93,0,13,1.0,3,11.78,1,0,0
100.12,6,20,1.2,1,28.92,0,1,0
91.50,0,9,1.2,1,104.40,0,1,0
104.00,4,19,1.4,1,68.49,0,0,0
105.09,0,10,0.4,2,57.38,0,0,0
57.00,10,7,0.6,2,86.99,0,0,0
101.00,5,3,0.6,4,35.87,0,0,0
58.00,4,13,2.2,2,43.37,0,0,0
69.99,1,9,2.9,3,165.65,0,0,0
131.71,2,11,1.1,1,63.54,0,0,0
243.10,0,5,0.2,3,82.83,0,0,1
17.61,7,21,0.4,2,30.32,0,0,0
105.05,5,5,2.1,6,183.65,0,0,0
66.13,2,18,1.2,2,41.29,0,1,0
13.99,1,13,7.4,3,24.27,0,1,0
16.11,2,19,1.4,2,29.83,0,0,0
6.43,1,21,0.9,3,14.01,0,0,1
44.95,2,10,0.5,3,166.14,0,0,0
259.99,11,18,4.8,3,29.44,0,0,0
42.17,0,0,7.0,3,75.48,1,0,0
39.99,5,4,0.7,1,63.17,0,1,0
171.84,4,18,2.3,1,92.85,0,0,0
5.35,7,21,0.1,3,17.55,1,1,0
106.81,2,17,3.1,1,42.16,0,1,0
210.51,7,17,0.6,1,31.94,0,0,0
66.95,10,13,1.3,2,55.64,0,1,0
58.50,6,11,3.1,3,53.87,0,1,0
9.99,3,15,0.1,4,36.20,0,0,0
32.00,5,18,2.4,2,68.40,0,0,1
88.99,7,22,0.1,3,134.21,0,0,0
47.85,2,18,0.9,3,40.64,0,0,0
262.42,1,17,1.8,4,133.35,0,0,0
30.59,0,8,3.6,3,39.59,0,0,0
97.92,8,23,6.8,3,78.76,0,1,0
397.00,5,7,6.1,1,97.38,0,1,0
141.99,0,11,2.2,3,131.69,0,0,0
1098.81,4,17,3.8,2,86.99,0,0,1
35.99,5,19,3.8,4,26.05,0,1,0
251.68,1,9,2.9,3,36.72,0,0,0
10.10,3,16,1.7,3,30.59,1,1,0
29.99,2,18,2.4,3,36.72,0,0,0
25.78,5,11,0.2,2,34.70,0,0,0
325.97,5,11,1.0,4,213.68,0,0,0
265.34,5,18,0.4,2,116.85,0,0,0
110.06,5,20,2.1,2,124.40,0,0,0
47.87,11,15,2.2,2,25.05,0,0,0
188.98,3,7,2.1,2,68.30,1,0,0
170.42,11,19,6.3,1,127.51,0,0,0
43.95,0,16,0.4,1,75.74,1,0,0
39.94,5,6,2.7,1,123.58,0,0,0
44.83,6,20,6.6,1,73.63,0,0,0
222.07,5,21,4.3,4,86.93,0,0,0
109.76,1,14,0.1,5,25.33,0,1,1
45.99,6,10,1.9,3,39.13,0,1,0
91.95,11,0,4.9,1,24.35,0,0,0
82.99,4,18,0.5,2,17.43,1,0,1
189.79,3,22,0.8,4,150.34,0,0,0
33.60,3,18,0.1,2,20.82,0,0,0
9.68,2,15,4.0,4,45.30,0,0,0
17.42,11,21,1.7,2,61.00,0,1,0
17.42,11,21,1.7,2,61.00,0,1,0
328.00,5,20,0.0,4,115.18,0,1,1
21.82,8,13,2.4,4,31.40,0,1,0
19.04,1,20,3.1,6,49.62,0,0,0
25.99,2,22,1.8,3,28.94,0,0,0
44.44,1,11,2.0,4,110.55,1,1,0
50.95,6,3,0.2,1,39.40,1,1,1
98.45,5,8,0.8,3,53.25,0,0,0
18.87,2,10,1.1,2,49.42,0,1,0
261.00,7,18,5.5,1,95.18,0,0,0
57.44,5,23,1.2,3,71.20,0,0,0
262.99,6,9,2.0,3,72.07,0,0,0
384.53,0,12,1.7,3,123.52,0,1,0
73.92,3,6,0.9,3,53.22,0,0,0
73.67,8,16,0.3,2,22.31,0,1,0
12.79,2,22,3.8,5,28.22,0,1,0
16.00,1,10,1.9,4,57.80,0,0,0
26.30,3,12,3.7,1,31.21,0,0,0
349.95,5,11,1.1,3,353.19,0,1,0
50.83,3,17,1.5,3,65.86,0,0,0
5.00,3,15,0.3,2,29.95,0,0,0
26.99,5,14,0.6,3,30.24,0,0,0
108.34,8,12,1.1,2,47.27,1,0,0
37.35,2,14,9.0,2,23.40,0,0,0
43.00,6,6,0.3,1,71.65,0,1,0
6.63,3,11,0.0,3,17.82,0,1,0
9.73,1,22,1.7,4,44.19,0,0,0
117.95,4,21,0.2,3,175.54,0,1,0
109.95,5,21,0.0,5,76.24,0,0,0
77.65,6,16,2.0,6,58.05,0,1,0
13.99,0,8,4.9,1,15.60,0,0,0
133.53,1,12,0.9,1,48.20,0,0,0
50.76,11,11,0.5,6,51.03,0,0,0
157.00,2,5,1.8,2,85.30,0,0,0
77.70,7,15,1.6,4,99.00,0,0,0
79.72,8,19,3.9,2,76.63,1,0,0
117.00,5,9,0.3,2,56.58,0,0,0
18.50,0,11,0.1,2,46.61,0,1,0
57.00,1,8,0.2,1,62.99,0,0,0
57.38,8,14,1.5,5,35.59,0,1,0
55.00,1,19,4.1,3,125.65,0,1,0
1134.99,1,23,1.3,1,148.37,0,0,0
40.94,2,8,4.7,2,35.76,0,0,0
20.70,3,17,0.2,3,55.70,0,0,0
3.00,5,17,1.3,3,15.42,0,1,0
36.95,3,12,2.9,1,47.84,0,0,0
32.95,1,14,0.4,3,52.05,0,1,0
30.26,7,15,3.2,1,97.67,0,0,0
36.00,11,18,1.3,3,25.78,0,1,0
135.53,1,11,4.8,1,38.34,0,0,0
92.89,1,13,2.1,1,87.26,0,1,0
381.27,6,21,1.0,2,63.59,0,0,0
116.77,7,15,1.3,2,31.46,0,0,0
217.00,5,19,5.9,2,348.44,1,0,0
66.55,11,12,0.2,1,66.29,0,1,0
90.48,11,17,0.6,2,38.31,0,1,0
30.00,5,17,1.6,1,49.33,1,0,0
30.50,6,12,4.8,4,36.27,0,0,0
137.00,6,9,8.3,3,83.90,0,1,0
9.95,3,20,5.6,5,34.96,0,0,0
41.00,4,9,1.0,1,143.42,0,0,0
80.06,7,9,0.0,6,62.86,0,0,0
10.31,10,15,0.4,1,35.60,0,0,0
27.67,9,9,2.8,1,43.51,0,0,0
192.62,0,16,1.9,2,,0,1,0
512.24,5,9,3.7,3,135.36,0,1,0
209.84,7,15,2.0,3,87.90,0,1,0
18.99,3,17,0.1,3,61.50,0,0,0
144.30,4,18,6.7,5,113.58,0,1,0
76.32,4,22,0.2,3,125.89,0,0,0
112.00,8,0,5.8,1,110.68,0,1,0
94.04,8,22,0.6,4,82.02,0,1,0
88.58,9,15,1.7,3,35.14,0,1,1
5.69,6,12,2.2,1,56.12,0,0,0
185.48,7,16,3.0,5,57.41,0,0,0
118.59,0,20,3.4,3,157.91,0,0,0
9.51,0,9,0.8,4,23.14,0,0,0
38.28,1,11,0.7,3,60.09,0,0,0
127.00,5,15,0.0,1,110.04,0,1,0
640.00,9,8,0.0,3,73.91,0,0,1
368.00,6,7,5.0,1,61.15,0,0,0
695.00,1,13,0.5,1,446.96,0,0,1
88.50,1,16,4.2,2,56.14,0,1,0
34.68,2,10,2.8,4,34.31,0,0,0
68.63,0,23,0.5,3,94.64,0,1,0
24.99,3,12,0.6,1,21.17,0,1,0
43.66,5,13,2.2,3,157.38,0,0,0
191.00,5,15,2.9,2,155.98,0,0,0
138.81,9,12,1.0,3,104.96,0,1,0
34.00,9,19,4.7,4,22.24,1,0,0
38.92,4,17,0.2,3,63.80,0,0,0
1135.20,7,9,0.2,2,145.83,0,1,1
7.99,3,12,0.6,3,44.11,0,0,0
26.99,2,9,1.9,1,75.09,1,0,0
33.99,6,15,2.5,2,15.25,0,0,0
132.99,1,8,3.7,3,85.70,0,0,0
92.99,6,16,4.6,3,151.45,0,0,0
15.08,4,10,4.2,2,32.22,0,0,0
65.92,1,11,4.0,2,48.96,0,0,0
79.93,6,5,1.5,3,96.11,0,0,0
72.78,5,16,0.5,4,119.13,0,0,0
77.00,5,11,0.2,5,56.28,0,0,0
167.89,9,21,5.0,2,128.22,0,1,0
48.99,1,11,0.1,1,45.90,0,0,0
48.99,1,11,0.1,1,45.90,0,0,0
104.23,8,11,4.8,1,48.12,1,0,0
20.23,1,16,0.3,2,19.32,0,0,0
28.77,10,12,2.3,2,29.65,0,0,0
45.00,1,19,2.3,5,45.83,0,0,0
108.06,0,21,0.6,1,48.79,0,1,0
11.00,5,19,5.3,4,22.20,0,0,0
565.99,5,19,1.2,1,146.71,0,0,0
40.66,4,4,0.3,1,25.92,0,0,0
65.90,0,13,1.0,3,48.51,0,1,0
70.64,3,12,1.2,2,54.77,0,1,0
1048.39,7,18,2.1,3,216.82,0,0,1
1201.50,6,22,3.9,2,294.86,0,0,0
24.95,2,2,4.0,2,51.43,0,1,0
60.04,7,9,5.1,4,75.08,0,1,0
21.95,5,14,0.7,2,23.05,0,1,0
85.99,0,18,1.1,2,62.84,0,0,0
30.99,4,22,0.0,2,34.25,0,1,0
30.98,4,19,4.5,2,66.15,0,0,0
12.08,2,17,1.6,3,30.66,0,0,0
58.95,5,8,4.4,2,58.92,0,1,0
325.90,5,22,0.1,2,94.42,0,0,0
21.99,2,2,2.6,2,22.43,0,0,0
150.47,2,17,0.4,1,51.23,0,1,0
74.00,0,22,3.3,1,242.76,0,0,0
57.86,5,9,2.8,4,51.64,0,1,0
230.79,6,12,2.0,1,146.73,0,0,0
40.16,7,7,3.9,2,87.03,0,1,0
30.00,6,15,1.1,1,24.32,0,1,0
17.76,0,13,4.2,2,37.95,0,0,0
589.55,7,21,1.0,3,64.83,0,1,1
42.00,5,15,0.2,2,40.52,0,0,0
354.28,6,14,1.1,1,70.35,0,1,1
92.99,2,9,0.8,3,61.04,0,0,0
22.00,2,12,3.0,3,29.09,0,1,0
14.48,2,16,1.0,2,30.59,0,1,0
13.23,11,13,3.7,4,56.03,0,1,0
315.00,3,10,3.5,3,181.39,0,0,0
84.00,7,21,6.8,2,78.79,0,0,0
26.89,10,22,2.8,5,71.15,0,0,0
116.43,3,9,1.6,5,58.79,0,0,0
280.95,1,19,4.1,4,163.67,0,0,0
24.99,0,10,0.5,3,75.96,0,0,0
36.03,6,9,1.8,2,23.61,0,1,0
56.99,7,9,6.5,4,146.95,0,0,0
203.02,4,11,3.9,2,128.61,1,0,0
59.88,9,2,0.6,2,75.95,1,0,0
22.36,2,10,4.9,3,44.31,0,0,0
96.75,3,11,0.3,3,85.35,0,0,0
185.00,2,20,4.0,5,72.01,0,0,0
32.03,5,10,1.3,2,17.80,0,1,0
100.67,11,18,0.7,1,43.36,0,0,0
23.05,4,12,3.6,2,65.87,0,0,0
95.00,6,14,5.1,3,111.56,0,0,0
8.73,5,0,0.7,5,21.96,0,1,0
34.08,9,5,0.2,2,39.61,0,0,0
60.27,3,12,2.2,4,53.87,0,0,0
72.19,7,3,1.5,2,75.97,0,0,0
14.00,7,23,1.2,4,22.29,0,0,0
81.06,1,13,2.0,4,58.70,0,1,0
223.80,4,15,0.5,1,81.98,0,1,1
188.00,11,13,0.3,6,47.37,0,1,1
25.06,5,9,4.9,1,32.29,0,0,0
158.66,3,23,2.4,1,97.12,0,1,0
242.00,6,14,1.0,4,128.86,0,1,0
90.00,6,12,5.2,6,89.62,1,0,0
38.97,5,11,1.2,2,61.58,0,0,0
46.00,1,17,0.8,5,28.99,0,0,0
76.20,4,21,3.0,4,101.16,0,0,0
213.26,0,19,0.5,6,94.88,0,0,0
23.95,0,12,1.2,2,26.53,0,0,0
42.04,1,12,0.2,3,28.56,0,0,0
28.36,8,13,1.6,4,55.34,0,0,0
71.00,4,10,4.6,2,75.81,0,0,0
48.78,0,14,0.5,4,50.96,0,1,0
60.60,4,8,1.1,4,47.48,0,0,0
27.99,5,0,4.1,1,41.26,0,0,0
39.50,2,0,3.9,2,25.33,0,0,0
51.50,0,20,4.5,2,78.01,1,1,1
21.56,5,20,1.7,2,31.05,0,0,0
28.00,8,11,0.6,2,56.53,0,0,0
16.99,6,11,0.8,1,56.94,0,1,0
7.99,2,19,2.7,1,35.13,0,1,0
36.34,6,9,3.8,2,30.05,0,1,0
338.95,1,16,1.4,2,64.75,0,0,0
108.48,2,9,4.2,1,73.80,0,0,0
122.89,5,15,2.5,1,49.10,0,1,0
42.50,5,15,1.1,2,13.04,0,0,0
15.34,0,10,1.8,4,49.00,0,0,0
66.88,5,9,5.1,8,47.18,0,1,0
21.38,11,12,1.1,3,30.36,0,1,0
27.99,0,2,0.2,3,102.78,0,1,0
41.66,4,6,2.0,5,49.08,0,0,0
15.40,0,20,5.3,2,45.60,0,1,0
38.29,1,4,1.6,1,37.60,0,0,0
254.99,1,10,1.4,1,171.24,0,0,0
39.16,11,19,2.4,3,29.15,0,1,0
49.99,0,23,1.5,2,50.57,0,0,0
32.49,8,11,3.7,2,29.81,0,0,1
46.95,1,20,0.7,3,74.83,0,0,0
22.20,0,12,0.3,3,8.78,0,1,0
39.16,3,16,0.6,2,57.76,0,0,0
79.00,3,2,5.9,4,32.92,0,0,0
182.00,0,11,1.3,1,59.08,0,0,0
647.99,10,18,1.3,4,316.25,0,1,0
154.99,1,9,3.5,1,149.31,0,1,0
20.24,5,19,2.2,1,40.73,0,0,0
31.58,2,9,5.3,3,66.84,0,0,0
54.86,5,13,2.9,2,78.28,0,1,0
86.00,3,20,1.1,1,87.54,0,0,0
68.79,4,15,0.2,4,99.68,0,1,0
16.97,5,13,2.3,4,31.34,0,0,0
92.70,0,7,1.6,1,185.63,0,1,0
80.59,8,11,4.6,2,45.12,0,0,0
173.86,10,9,0.8,2,35.46,0,0,0
40.99,1,11,0.4,2,59.68,0,0,0
73.45,4,19,5.0,1,28.15,0,0,0
465.52,4,16,8.2,3,258.58,0,0,0
81.98,8,23,2.4,3,24.01,0,0,0
364.95,3,19,5.4,5,174.24,0,1,0
5.00,1,19,3.3,4,23.14,0,0,0
20.03,3,19,7.7,3,71.86,0,0,0
22.95,8,18,3.0,2,61.47,1,1,0
696.50,6,23,4.1,4,180.86,0,0,0
95.58,1,10,10.1,3,58.51,0,0,0
21.82,6,20,2.6,2,40.21,0,0,0
411.21,8,8,0.0,2,157.25,0,0,0
57.18,0,19,0.7,1,38.15,0,0,0
608.78,0,16,7.9,2,278.62,0,0,0
192.00,2,12,0.7,3,86.78,0,0,0
32.38,7,22,1.6,3,28.03,0,0,0
48.50,1,10,5.6,2,174.96,1,0,0
23.00,4,13,0.8,1,8.20,0,0,0
36.99,1,6,10.6,2,46.10,1,0,0
143.14,3,23,0.2,4,96.86,0,1,0
11.50,0,22,2.4,3,50.59,0,0,0
71.50,2,13,7.6,2,127.84,0,1,0
7.00,8,19,0.8,4,33.25,1,0,0
35.38,4,19,1.0,3,77.04,0,0,0
90.00,6,1,5.2,4,198.72,0,1,0
11.95,4,11,2.8,1,81.59,0,0,0
567.95,2,20,0.8,2,186.70,0,0,0
19.00,5,11,0.1,2,15.25,0,0,0
31.99,9,16,5.5,3,41.16,0,1,0
55.00,5,18,4.6,2,37.47,0,1,0
55.34,8,19,2.3,1,74.53,0,0,0
105.16,4,17,1.1,4,119.88,0,0,0
124.99,6,12,0.6,1,49.85,0,0,0
47.13,6,23,0.1,3,41.38,0,0,0
46.60,4,16,4.2,3,117.23,0,1,0
16.95,3,9,3.3,4,52.75,0,1,0
38.00,3,16,2.4,1,51.62,0,1,0
52.37,8,23,1.4,1,25.22,0,0,0
10.00,9,17,1.5,2,9.05,0,0,0
4.00,0,16,1.7,2,16.78,0,1,0
23.02,0,7,0.3,1,34.78,0,1,0
78.88,0,10,2.2,5,110.52,0,0,0
60.00,9,21,1.7,2,51.27,0,0,0
24.99,1,12,2.2,5,22.27,0,0,0
8.10,0,15,0.8,2,40.96,0,1,0
43.00,1,20,1.9,3,102.66,0,0,0
96.00,6,16,4.3,1,84.61,0,0,0
6.43,7,5,1.2,1,12.17,0,1,0
167.00,8,13,1.5,1,183.25,0,1,0
11.10,0,9,2.2,5,24.94,0,0,0
50.98,5,15,1.4,2,55.15,0,0,0
164.85,2,16,4.5,1,178.00,0,0,0
18.38,7,9,0.5,1,22.84,0,0,0
77.94,10,21,2.3,1,111.56,1,0,0
132.99,4,8,0.7,3,99.57,0,0,0
17.18,5,18,2.5,3,22.02,0,0,0
115.00,4,10,5.7,1,154.63,1,0,0
14.03,9,13,1.2,3,17.83,0,0,0
24.62,3,20,1.8,2,34.41,0,0,0
54.00,8,12,1.1,1,28.38,0,0,0
148.99,8,21,0.4,2,83.41,0,0,0
26.71,2,20,1.6,1,,1,1,1
43.00,1,18,4.7,2,128.19,0,0,0
244.34,5,2,9.6,5,74.20,1,1,1
397.13,1,19,0.1,1,111.17,0,1,0
210.62,5,18,2.6,1,122.19,1,0,0
26.50,10,18,5.7,1,43.15,1,1,0
57.94,5,19,0.5,2,112.84,1,0,0
36.47,10,12,1.6,2,58.50,0,0,0
54.17,1,12,1.5,2,126.51,0,0,0
150.59,9,9,0.8,5,40.45,0,1,1
48.38,0,17,0.7,5,69.56,0,1,0
228.99,0,13,1.7,2,91.60,0,0,0
10.05,1,11,0.1,2,25.55,0,1,0
16.10,5,19,3.0,3,73.98,0,0,0
20.00,4,20,0.9,2,31.27,0,1,0
56.00,0,10,0.2,2,43.25,0,0,0
42.50,8,12,7.0,5,56.04,0,1,0
33.82,5,15,2.2,2,17.22,0,1,0
80.00,1,12,1.0,4,44.15,0,0,0
70.78,0,17,1.5,2,34.46,0,0,0
104.50,3,15,0.8,4,53.28,0,1,0
163.00,5,20,3.1,1,98.02,0,0,0
475.38,5,22,2.0,2,181.30,0,0,0
121.99,1,13,0.4,3,161.66,0,0,0
12.99,10,21,3.1,2,38.88,0,1,0
174.33,0,11,3.1,3,138.45,0,0,0
22.00,8,13,4.5,1,32.62,0,1,0
112.99,2,8,0.4,2,24.59,0,1,1
814.00,4,14,1.8,2,162.50,0,0,0
24.00,2,17,4.7,5,33.64,0,1,0
50.50,11,19,0.9,2,101.66,0,0,0
49.38,11,2,2.2,1,49.24,0,0,0
36.00,0,19,4.5,2,37.82,0,1,0
201.31,4,11,1.4,3,80.66,0,0,0
52.00,0,17,0.9,2,131.54,0,0,0
50.16,10,13,4.3,1,24.10,0,1,0
26.99,3,17,0.6,1,32.63,0,0,0
118.32,9,18,3.9,3,57.29,0,1,0
36.00,2,20,1.7,2,22.62,0,0,0
179.69,0,13,0.3,1,22.19,0,0,1
30.64,1,18,0.3,1,76.61,0,0,0
260.27,7,16,2.6,3,119.36,0,1,0
21.95,10,18,4.1,4,35.29,0,1,0
39.21,1,4,5.7,1,98.45,0,1,0
13.00,2,13,0.6,2,50.80,1,0,1
59.99,2,20,0.6,1,51.09,0,0,0
33.99,6,10,0.1,4,54.62,0,0,1
5.17,3,16,3.0,2,29.68,0,1,0
81.99,3,19,5.3,2,77.33,0,1,0
39.87,6,10,1.6,2,30.35,0,0,0
36.00,7,12,3.9,4,41.40,0,1,0
46.00,9,10,7.8,1,24.52,0,1,0
40.41,1,16,2.3,3,167.52,0,0,0
106.07,6,12,2.3,3,122.02,0,1,0
113.00,3,7,1.3,4,132.93,0,0,0
85.00,5,12,1.8,2,130.33,0,1,0
5.86,7,22,0.8,1,25.22,0,0,0
43.97,6,11,2.1,3,35.85,0,0,0
573.50,4,18,0.8,1,275.25,0,0,0
21.50,1,1,2.2,3,51.73,0,1,0
1017.20,6,13,0.2,2,143.91,0,1,1
58.10,3,15,0.2,1,44.07,0,0,0
159.04,9,17,1.2,4,250.76,0,0,0
10.54,0,12,1.0,4,16.81,0,1,1
22.13,2,17,6.5,3,48.42,1,1,0
60.43,5,10,2.0,5,41.10,0,1,0
40.99,1,20,1.5,1,29.77,0,0,0
26.03,5,14,8.2,4,81.67,0,0,0
21.00,2,19,3.6,2,22.99,0,0,0
41.29,4,12,2.3,1,56.80,0,0,0
37.99,1,4,7.2,1,40.45,0,1,0
210.91,4,10,4.0,2,106.68,0,1,0
6.41,6,20,0.3,2,47.56,0,0,0
43.95,6,12,5.6,1,82.99,1,0,0
1.89,2,21,2.2,2,16.17,0,0,0
102.25,4,4,5.0,2,101.25,0,1,0
8.33,8,15,0.2,3,30.00,0,1,0
57.50,1,12,2.4,3,40.18,0,1,0
68.52,1,12,7.4,2,39.44,0,0,0
108.08,0,18,2.0,2,23.95,0,1,1
5.99,0,9,2.5,1,32.24,0,1,0
144.85,5,15,1.4,1,94.91,0,1,0
13.44,0,22,5.0,1,69.05,0,1,0
227.00,9,16,3.7,4,124.17,0,0,0
152.10,2,12,2.4,4,70.50,0,1,0
81.37,1,18,3.7,1,10.63,0,0,0
10.83,9,15,5.1,3,40.56,0,0,0
113.99,0,16,1.1,3,129.98,0,0,0
12.04,8,22,0.3,2,49.44,0,1,0
149.45,1,11,1.3,3,74.85,0,0,0
46.18,6,21,1.1,1,218.49,0,0,0
105.99,1,18,0.1,2,51.46,0,0,0
30.16,7,15,0.8,1,58.44,0,0,0
34.93,0,22,6.8,2,67.01,0,0,0
36.36,5,17,3.9,5,79.89,0,1,0
312.88,0,13,0.0,4,190.24,0,0,0
55.84,0,22,1.4,3,60.99,0,1,0
55.99,6,22,0.2,3,65.06,1,0,0
83.93,2,10,0.7,5,29.18,0,0,0
6.00,6,11,5.4,3,45.35,0,0,0
9.36,0,18,3.4,3,17.91,0,0,0
19.47,7,16,0.6,3,49.53,0,0,0
42.16,7,6,1.8,3,75.86,0,0,0
59.95,2,18,1.3,2,35.88,0,1,0
53.79,6,22,0.7,4,60.06,1,1,1
44.99,4,15,0.6,1,55.05,0,0,0
17.11,4,18,1.9,3,44.58,0,1,0
94.99,5,17,1.6,4,57.44,1,0,0
464.24,3,12,2.8,3,208.44,0,0,0
8.00,8,12,0.8,2,20.75,0,0,0
22.44,10,14,3.8,3,124.11,0,1,0
8.00,9,9,11.7,2,29.27,0,0,0
15.00,10,16,1.4,3,8.88,0,0,0
287.00,5,16,5.1,3,196.00,0,0,1
82.77,8,8,4.5,2,28.63,0,0,0
38.12,1,15,0.4,1,45.64,0,0,0
121.34,8,7,0.7,7,54.98,1,1,1
318.24,5,15,4.1,2,190.65,0,0,0
87.60,11,22,1.4,4,59.62,1,0,0
43.57,8,21,0.3,2,31.23,0,0,0
422.77,5,18,1.4,2,190.43,1,0,0
51.52,1,14,3.2,4,113.48,0,0,0
18.99,1,9,1.4,5,46.32,0,1,0
51.24,7,15,3.1,4,21.30,0,0,0
40.90,3,1,0.4,2,30.06,0,0,0
50.11,3,4,1.6,4,31.35,0,1,1
11.56,9,12,3.5,1,28.52,1,1,1
15.61,2,16,2.5,1,25.48,0,0,0
29.48,11,14,2.0,3,35.19,0,0,0
13.40,5,14,0.3,4,18.30,0,1,0
38.56,1,19,1.1,2,115.66,0,0,0
97.47,2,20,2.9,2,147.92,1,0,0
137.28,8,12,1.3,2,70.52,0,0,0
28.99,6,23,3.1,2,31.11,0,1,0
50.99,1,12,0.9,3,31.44,0,0,0
81.73,11,17,4.0,1,70.00,0,0,0
151.50,4,11,4.6,3,153.17,0,0,0
22.95,0,16,1.0,4,29.49,0,0,0
22.31,3,12,1.5,2,32.44,0,0,0
66.04,4,20,0.1,1,97.83,0,0,0
64.21,3,11,3.9,3,79.96,0,0,0
119.44,8,19,8.9,3,104.59,0,1,0
244.00,3,8,1.6,4,112.03,0,0,0
53.38,6,12,0.2,6,98.58,0,1,0
90.99,3,13,2.7,5,97.20,0,0,0
102.99,2,9,4.7,3,207.56,0,1,0
86.41,1,0,0.7,7,25.81,0,0,1
215.59,2,9,1.8,4,76.73,0,0,0
22.21,8,22,5.9,3,72.16,0,1,0
222.34,1,18,4.2,2,59.55,1,0,1
90.99,2,16,1.3,2,62.00,1,1,1
28.99,6,8,1.4,1,72.35,0,0,0
53.50,0,15,3.4,4,47.98,0,0,0
35.00,1,12,2.4,1,36.67,0,0,0
4.48,8,16,0.9,2,25.20,0,0,0
143.16,7,23,0.6,2,83.29,0,1,0
95.25,6,21,1.4,2,68.79,0,1,0
145.99,1,17,2.1,2,70.09,0,1,0
37.32,4,9,0.9,1,94.60,0,0,0
68.45,5,15,0.7,1,191.96,0,1,0
207.91,0,12,1.1,3,126.71,0,0,0
68.07,4,15,3.0,3,80.06,1,0,0
562.00,11,7,0.5,4,134.80,0,1,1
28.18,6,10,1.6,3,42.19,0,0,0
135.65,6,17,1.8,2,56.79,0,0,0
24.22,0,18,1.3,2,42.80,0,0,0
113.91,3,6,0.7,3,94.96,0,0,1
43.95,3,13,1.4,3,61.05,0,0,0
47.50,4,16,0.3,2,62.45,0,0,0
211.00,0,14,2.4,1,76.69,0,1,0
69.00,2,21,5.9,1,59.91,1,1,1
58.00,6,18,2.3,3,124.05,0,1,0
62.27,3,19,0.7,2,88.46,0,0,0
14.50,8,14,0.3,1,63.03,0,0,0
20.00,11,18,0.9,1,31.52,0,1,0
125.37,2,20,0.2,2,90.90,0,0,0
38.23,5,13,4.5,4,17.24,0,0,0
172.00,2,8,3.9,1,64.33,0,1,1
172.00,0,17,0.5,2,115.63,1,0,0
151.70,8,17,3.5,2,54.64,0,0,0
66.00,1,15,1.3,1,40.27,0,0,0
127.95,2,19,0.3,2,74.61,0,0,0
52.39,11,11,0.9,1,24.91,0,1,0
59.04,3,18,1.1,1,38.46,0,0,0
108.00,3,8,0.2,2,40.54,0,1,0
636.95,0,19,0.7,2,184.71,0,0,0
253.99,0,12,1.0,1,151.59,0,0,0
28.65,3,14,3.2,1,31.92,0,0,0
21.86,4,10,0.4,3,51.10,0,0,0
23.82,2,1,1.7,1,50.68,0,0,0
33.79,6,11,1.3,2,31.28,0,0,0
208.42,11,9,0.6,5,82.11,0,1,0
150.99,2,21,0.4,1,135.64,0,1,0
213.99,0,20,0.4,3,104.24,0,0,0
16.11,8,14,1.2,4,45.40,0,0,0
350.00,11,4,1.1,2,277.80,1,0,0
93.99,4,23,0.8,1,56.35,0,1,0
50.50,6,18,0.5,5,34.97,0,0,0
46.63,1,11,0.6,2,76.99,0,1,0
34.13,1,11,0.2,4,23.38,0,0,0
16.00,3,10,7.8,2,18.37,0,0,0
492.58,8,13,0.0,1,188.40,0,0,0
20.99,0,0,5.0,3,30.62,0,0,0
103.21,6,12,1.9,3,137.20,0,0,0
14.46,3,16,1.1,2,18.47,0,0,0
109.44,5,10,4.0,2,83.18,0,0,0
18.58,1,12,2.8,4,87.09,1,1,0
75.99,5,15,0.9,2,32.29,0,1,0
27.55,0,10,3.4,6,30.68,0,0,0
42.80,1,21,1.3,4,152.91,0,1,0
87.32,9,12,4.4,2,118.41,0,1,0
34.64,0,1,0.3,2,85.68,0,0,0
38.91,3,21,4.6,3,30.39,0,0,0
11.00,1,7,5.3,4,13.40,0,0,0
154.50,4,11,6.9,2,165.19,1,1,1
425.00,4,4,2.7,4,81.66,0,1,1
1000.36,7,12,3.6,3,415.67,0,0,0
63.00,0,1,0.3,1,76.20,0,1,0
78.00,3,21,2.9,4,71.02,0,1,0
74.29,6,17,0.9,2,46.15,0,1,0
20.99,7,10,4.9,1,70.82,0,0,0
18.90,0,21,1.2,3,54.02,0,0,0
80.99,6,20,1.7,3,131.94,0,0,0
68.99,11,16,1.5,4,76.16,0,0,1
14.39,2,9,1.6,2,31.39,0,0,0
45.72,5,12,0.6,2,68.81,0,1,0
74.99,9,6,2.7,2,87.11,0,0,0
108.95,1,21,0.9,2,39.09,0,0,0
581.00,2,14,2.0,2,,0,0,0
133.77,0,10,2.7,3,159.89,0,1,0
23.13,7,13,1.2,2,21.12,0,1,0
28.67,10,23,1.0,1,81.39,0,0,0
360.56,4,6,4.4,2,171.44,0,0,0
71.95,4,13,5.0,3,100.80,0,0,0
225.00,11,7,0.2,2,65.21,0,0,0
225.00,11,7,0.2,2,65.21,0,0,0
48.08,1,17,0.5,3,62.43,0,0,0
35.50,9,19,0.0,3,25.91,0,0,0
39.99,0,16,1.0,1,28.74,0,1,0
112.22,0,19,0.1,4,48.38,0,1,0
6.98,7,17,0.4,5,16.13,0,1,0
102.97,1,10,3.5,2,78.79,0,0,0
13.00,9,18,1.0,3,23.91,0,1,0
15.99,6,23,2.3,4,16.37,1,0,0
233.50,2,4,1.2,2,116.58,0,0,0
85.31,8,1,0.2,3,83.93,0,1,0
130.81,0,10,2.5,1,102.56,0,0,0
161.99,3,23,2.2,4,106.59,0,0,0
60.74,4,11,1.3,1,89.79,0,0,0
14.99,1,14,2.9,3,31.54,0,0,0
40.68,8,16,1.2,2,48.20,0,0,0
49.00,0,12,2.3,1,,0,0,0
46.37,1,20,0.5,2,15.76,0,0,0
143.55,0,9,0.2,1,41.25,0,0,0
17.00,0,10,0.2,2,45.98,0,0,0
29.77,6,4,2.9,4,53.85,0,0,0
201.58,4,12,1.8,6,110.17,0,0,0
51.49,7,8,1.7,3,59.41,0,0,0
132.24,9,0,0.1,2,,0,1,1
13.00,5,9,3.7,7,18.89,0,0,0
47.69,1,9,0.0,1,78.83,0,0,0
71.50,7,16,0.4,4,73.72,0,0,0
38.60,8,4,2.8,8,37.98,0,0,0
3.95,1,20,3.0,2,10.68,0,0,0
191.89,0,12,1.9,4,130.23,0,0,0
52.90,6,12,2.4,2,50.54,0,1,0
20.00,1,16,1.0,2,38.65,0,0,0
100.66,0,21,2.9,1,37.85,0,0,0
108.49,2,18,0.4,2,35.23,0,0,0
22.00,6,18,0.4,5,51.40,0,0,0
190.95,4,13,2.4,1,255.23,1,1,1
8.06,7,19,0.4,4,24.49,0,0,0
29.38,0,15,1.4,4,29.72,0,0,0
391.99,7,7,1.1,4,55.55,0,0,1
20.95,7,0,2.3,5,19.49,0,1,1
90.33,5,12,0.1,5,54.69,0,1,0
146.95,1,17,0.9,1,65.69,0,0,0
229.99,0,13,2.6,1,87.99,0,1,0
102.17,11,14,3.0,3,109.89,0,1,0
37.72,6,10,2.4,2,35.39,0,0,0
14.00,0,13,1.5,5,50.02,0,0,0
13.00,3,20,2.5,2,20.13,0,1,0
7.00,7,14,3.4,1,53.30,0,0,0
136.95,9,23,0.9,4,70.67,0,0,0
133.95,2,6,2.5,1,153.88,0,0,0
10.00,8,19,0.3,4,55.52,0,1,0
98.99,10,21,3.8,2,53.59,0,0,0
8.68,3,8,1.7,1,30.60,0,1,0
146.75,7,9,1.0,2,85.50,0,0,0
60.55,8,8,0.7,5,51.48,0,1,0
54.63,10,0,1.5,5,35.07,0,0,0
29.00,2,12,3.8,6,,1,0,0
308.11,3,14,1.5,3,70.50,0,1,1
12.99,0,10,1.4,1,33.45,0,0,0
35.67,2,13,2.1,2,78.49,1,0,0
21.91,4,9,0.5,3,44.44,0,1,0
28.62,6,12,1.1,4,115.95,0,1,0
27.16,0,22,3.0,5,27.67,0,0,0
446.03,7,6,1.7,6,70.46,0,0,1
168.00,8,2,3.6,2,80.12,0,1,0
247.99,10,15,0.9,1,57.85,0,1,1
30.00,7,19,0.6,1,48.50,0,0,0
18.72,6,10,2.9,2,58.44,0,1,0
79.99,0,8,0.4,4,82.28,0,1,1
25.99,5,13,10.1,4,40.58,0,1,0
66.50,9,19,0.8,2,110.56,0,1,0
98.58,4,13,1.3,3,63.39,0,0,0
47.90,9,21,1.9,3,32.61,0,1,0
11.00,6,16,1.5,3,61.15,0,1,0
151.12,9,18,0.3,1,105.42,0,1,0
147.00,6,20,0.0,7,112.10,0,1,0
53.00,8,19,1.1,3,58.09,0,0,0
61.34,2,8,3.0,1,63.93,1,1,0
75.95,5,13,0.1,2,53.89,0,0,0
16.90,4,18,0.7,1,68.85,0,0,0
42.30,2,20,2.3,1,72.77,0,1,0
807.99,6,11,0.5,3,140.67,0,1,1
140.00,1,20,1.1,1,70.03,0,0,0
189.00,7,16,0.5,3,90.21,0,1,0
125.00,2,18,0.9,3,79.12,0,1,0
577.20,7,12,3.4,1,150.22,0,0,0
246.95,1,22,1.7,2,148.23,0,0,0
12.95,7,14,1.5,5,63.40,0,1,0
16.45,3,1,0.8,3,61.11,0,0,0
181.50,10,13,0.9,2,150.61,0,1,0
56.72,5,23,3.5,1,40.87,0,0,0
113.46,3,18,0.3,3,63.99,0,1,0
30.00,10,14,0.2,2,32.62,0,0,0
164.89,10,13,6.3,3,97.49,0,1,0
11.76,1,14,2.8,2,45.77,0,0,0
34.84,8,10,3.9,2,48.46,0,0,0
62.99,3,20,1.7,1,155.16,0,0,0
108.88,4,11,4.1,3,108.16,0,1,0
40.00,5,12,0.3,2,48.82,0,0,0
36.00,1,20,0.3,2,179.72,0,0,0
188.28,1,17,2.2,1,64.04,0,0,0
161.00,4,8,2.8,1,73.65,0,1,0
142.00,11,3,1.1,2,93.51,0,1,0
63.50,10,13,0.1,2,98.55,0,1,0
33.15,0,11,2.7,2,60.46,0,0,0
16.74,6,13,0.4,3,31.04,0,1,0
86.17,11,10,0.8,2,67.72,0,0,0
118.99,4,8,0.5,3,64.86,0,0,0
53.00,7,19,1.7,3,28.42,0,0,0
23.00,4,16,2.1,2,56.94,0,1,0
143.75,0,17,0.3,5,45.92,0,0,0
91.49,2,13,8.2,4,478.62,0,0,0
14.31,4,11,13.6,2,21.39,0,1,0
32.31,1,21,0.6,1,89.67,0,0,0
14.45,2,23,0.5,4,38.44,0,0,0
270.99,2,0,1.1,2,84.92,1,1,1
52.44,7,14,4.3,3,36.18,1,1,1
20.76,10,11,0.6,4,16.93,1,0,0
31.00,1,19,0.4,3,73.03,0,0,0
272.00,9,19,1.4,5,165.30,0,0,0
27.27,5,7,2.3,5,35.96,0,0,0
61.80,0,14,1.0,3,53.34,0,0,0
33.43,11,1,6.1,2,68.63,1,0,0
278.30,1,21,0.3,2,84.63,0,0,0
145.64,10,19,0.1,2,85.59,0,0,0
59.91,0,8,0.4,4,56.47,1,0,0
9.90,1,13,3.8,5,28.38,0,0,0
26.00,4,14,4.1,2,41.75,0,0,0
32.03,1,11,1.3,1,24.06,0,0,0
36.96,0,15,3.3,3,24.25,0,1,0
48.99,10,17,0.2,2,54.87,0,0,0
240.00,8,10,3.1,1,112.71,0,0,0
51.80,5,10,1.4,4,27.93,0,1,0
52.13,3,20,3.9,2,60.65,0,0,0
23.54,0,19,2.3,3,43.32,0,0,0
50.99,9,12,2.0,5,34.60,0,1,0
25.00,9,6,0.7,2,17.41,0,0,0
16.52,4,14,1.2,3,60.87,0,0,0
1082.12,3,11,0.8,4,166.14,0,0,1
17.14,8,15,0.3,5,56.10,0,0,0
15.50,9,18,2.9,2,38.70,0,0,0
154.24,0,20,2.2,3,74.34,0,0,0
37.12,2,12,2.4,2,19.27,0,1,0
130.22,3,13,1.9,3,81.87,0,0,0
71.94,1,14,0.2,3,48.70,1,1,1
145.52,7,18,0.5,1,33.51,0,0,0
74.25,6,6,8.3,1,58.20,0,0,0
41.99,6,11,1.5,2,36.56,0,0,0
103.36,9,8,0.6,1,77.45,0,0,0
74.19,0,0,1.8,1,164.95,0,0,0
76.99,1,10,5.4,2,100.63,0,0,0
108.00,10,5,1.2,1,125.14,0,0,0
77.71,3,6,5.0,2,70.49,0,0,0
16.52,1,10,0.8,1,16.80,0,0,1
50.36,11,9,1.3,1,39.80,0,1,0
77.99,0,15,2.0,3,70.26,0,1,0
37.00,4,11,1.2,3,35.27,0,0,0
32.00,8,16,0.3,3,96.30,0,0,0
7.51,1,9,1.5,2,30.03,0,0,0
292.65,7,12,1.7,1,170.68,0,0,0
78.99,4,2,0.5,6,46.31,0,0,0
91.76,5,11,2.4,5,31.87,0,0,0
102.80,6,11,7.6,2,40.07,0,0,0
17.04,2,18,0.1,3,39.65,0,0,0
126.99,9,18,7.4,3,144.39,0,0,0
70.99,9,11,0.8,1,49.89,0,0,0
7.00,7,14,3.7,4,31.70,0,1,0
56.87,9,12,0.0,2,59.47,0,1,0
61.06,1,17,2.6,1,54.73,1,0,0
6.01,1,17,0.5,5,36.28,0,1,0
24.23,10,19,0.5,2,34.09,0,1,0
37.95,11,9,0.2,1,44.93,0,0,0
145.00,0,10,3.4,3,34.16,0,1,0
113.99,2,17,3.3,4,91.19,0,0,0
37.05,3,18,0.6,2,33.05,0,0,0
12.90,8,21,1.6,4,9.38,0,1,0
219.68,5,13,4.8,5,117.72,0,0,0
20.26,3,11,5.1,2,59.31,0,1,0
81.54,3,21,0.4,1,55.78,0,0,0
46.46,5,14,0.4,4,66.43,0,1,0
29.00,1,22,2.6,4,65.96,0,1,0
43.96,7,21,1.5,1,31.49,1,1,1
40.23,7,19,6.0,2,57.39,0,1,1
36.77,7,11,0.3,1,32.00,0,1,0
25.15,8,18,0.2,1,94.27,0,0,1
151.76,9,15,2.4,3,76.88,0,0,0
6.84,7,12,1.1,3,27.46,0,1,0
322.80,3,0,1.2,2,49.17,0,0,1
11.23,8,7,0.1,2,28.04,0,1,0
31.19,0,10,7.9,2,62.66,0,0,0
102.04,6,18,2.7,2,158.63,0,1,0
72.99,8,14,5.8,4,17.94,0,0,0
99.00,7,14,0.8,3,23.69,0,0,1
84.59,7,16,1.2,2,76.31,0,0,0
61.95,0,15,0.2,2,29.65,0,1,0
32.00,6,14,0.6,1,49.27,0,1,0
31.47,2,21,0.3,3,21.51,0,1,0
290.95,1,20,0.8,5,88.80,0,0,0
105.99,4,8,6.4,2,109.76,0,1,0
30.64,7,22,1.0,2,17.21,0,0,0
67.99,1,11,2.3,5,56.65,0,0,0
185.07,8,16,1.7,4,197.45,0,1,0
47.00,3,10,9.6,1,75.48,0,0,0
49.99,0,1,0.7,2,32.50,0,0,0
293.04,7,20,0.4,2,54.88,0,0,0
203.00,2,13,5.5,5,70.19,0,0,0
530.50,9,19,0.1,1,110.22,1,0,1
10.00,4,15,5.1,4,23.75,0,0,0
256.33,0,18,1.0,3,102.51,0,1,0
57.99,6,15,0.5,4,63.35,0,1,0
140.25,7,21,1.5,5,,0,1,0
44.00,4,20,2.0,3,41.69,1,1,1
33.12,3,5,1.2,4,61.97,0,0,0
55.57,7,15,1.1,3,69.28,0,0,0
14.37,3,12,6.1,5,17.73,0,0,0
437.46,2,12,1.5,2,71.98,0,0,0
70.79,9,12,0.0,2,47.16,0,1,0
222.55,7,10,0.3,4,89.18,0,1,0
33.50,1,11,7.3,5,56.27,1,0,0
15.99,5,12,0.1,2,35.38,0,1,0
72.00,4,7,1.9,2,92.24,0,1,1
56.82,2,10,0.1,2,38.86,0,0,0
77.73,2,18,0.5,1,88.28,0,1,0
7.49,3,14,5.0,2,17.12,0,0,0
75.73,1,14,2.6,2,164.14,0,0,0
27.05,7,18,3.2,2,51.00,0,0,0
74.99,10,12,1.5,2,118.78,0,1,0
259.00,7,18,0.2,1,143.92,1,0,0
86.06,1,8,5.4,2,55.01,0,0,0
47.16,0,10,1.7,2,23.57,0,0,0
19.70,7,22,3.3,2,81.53,0,1,0
23.20,2,17,3.6,1,32.80,0,0,0
50.97,0,15,0.3,3,33.39,0,0,0
58.50,4,17,0.2,5,107.89,1,1,1
24.95,6,22,1.8,2,83.01,0,0,0
370.95,6,0,2.4,5,122.68,0,0,0
128.00,3,18,2.0,3,87.37,0,0,0
16.59,0,17,6.4,6,17.82,0,0,0
152.95,8,16,0.5,5,77.50,0,0,0
143.45,5,19,3.0,2,86.85,0,1,0
196.51,5,23,0.2,2,122.03,0,0,0
163.95,2,19,0.3,4,57.79,0,0,0
52.12,0,10,5.9,2,28.21,0,0,0
26.36,3,0,0.6,3,,0,0,0
941.00,3,20,3.0,1,254.85,0,0,0
40.80,6,15,0.8,4,48.90,0,0,0
57.04,1,19,9.3,3,49.33,0,1,0
22.99,4,14,1.5,1,22.93,0,1,0
5.86,9,6,0.8,3,41.43,0,1,0
18.80,4,14,0.9,1,49.81,0,0,0
31.99,0,17,0.8,5,116.73,0,0,0
16.00,0,23,0.4,4,68.63,0,0,0
110.00,1,17,2.8,3,126.28,0,0,0
33.50,8,10,1.2,3,94.46,0,1,0
360.45,10,19,1.6,1,111.06,0,0,0
15.50,6,12,2.3,1,67.01,0,1,0
5.39,4,17,0.7,5,19.45,0,0,0
263.30,3,13,1.5,3,71.25,0,0,0
51.05,5,14,0.3,3,43.59,0,0,0
185.97,1,12,2.1,2,278.84,0,0,0
7.00,4,13,2.1,3,40.11,0,0,0
34.65,8,11,1.1,4,17.53,0,0,0
170.51,5,18,3.9,2,133.77,0,0,0
45.27,2,11,0.5,5,38.12,0,1,0
96.00,4,15,3.1,1,47.31,0,0,0
54.78,6,8,0.6,4,100.32,0,0,0
215.17,0,11,4.5,3,53.15,0,0,0
26.15,0,14,0.0,2,46.78,0,0,0
10.92,7,13,2.4,3,17.66,0,0,0
131.00,8,15,5.1,4,128.32,0,0,0
244.91,7,13,1.1,2,76.00,0,0,0
11.77,1,18,2.6,5,30.01,0,0,0
44.50,2,15,2.1,1,65.26,0,0,0
30.36,3,12,0.9,4,81.86,0,0,0
19.31,0,10,0.7,2,108.30,1,0,0
46.46,5,16,0.1,1,145.54,0,1,0
42.99,3,8,3.6,2,21.86,0,0,0
94.44,7,16,2.6,4,40.27,0,0,0
49.47,8,18,1.6,5,20.71,0,0,0
11.42,8,16,0.1,3,28.56,1,0,0
10.70,11,22,3.3,6,39.84,0,0,0
199.96,0,18,1.4,4,152.41,0,0,0
28.00,5,13,3.8,3,42.55,0,0,0
49.95,5,20,1.3,4,40.50,0,0,0
58.99,3,16,4.2,4,73.22,0,0,0
49.00,0,20,2.9,2,183.63,0,0,0
1682.00,7,6,0.4,1,174.39,0,1,1
38.95,4,18,1.4,3,38.52,0,0,0
35.98,8,21,1.6,2,48.17,0,0,0
258.26,9,15,0.6,8,258.03,0,0,0
95.92,1,13,2.8,2,85.68,0,0,0
18.99,1,12,1.2,3,35.33,0,0,0
119.39,6,10,1.1,2,73.45,0,0,0
14.68,3,21,4.9,2,13.67,0,0,0
116.99,4,12,2.8,4,44.45,1,0,0
71.99,4,11,0.4,2,39.51,0,1,0
51.95,2,11,2.1,5,105.08,0,0,0
132.50,2,7,6.4,1,123.72,0,1,1
28.50,1,18,0.4,2,33.03,0,1,0
113.53,0,11,0.0,1,69.08,0,1,0
467.96,5,16,0.5,2,201.76,0,0,0
34.11,6,9,0.2,3,68.30,0,0,0
20.72,6,13,0.2,2,14.01,0,0,0
90.58,3,15,10.0,5,92.28,0,0,0
39.73,9,8,0.3,1,27.80,0,0,1
33.64,5,14,0.2,2,120.79,0,0,0
27.78,4,9,0.3,4,35.01,0,0,0
22.35,4,11,0.7,2,16.89,0,0,0
111.99,5,18,2.7,1,86.79,0,0,0
19.35,7,17,0.1,3,72.49,0,0,0
22.99,0,14,5.4,1,28.30,1,0,0
82.99,1,17,0.2,2,44.66,0,0,0
28.28,2,9,1.7,1,33.91,0,0,0
92.67,0,19,0.1,6,120.73,0,0,0
59.00,3,20,4.4,1,50.15,0,0,0
116.97,4,13,6.1,1,86.76,0,0,0
326.17,2,20,1.8,4,114.48,0,1,0
24.61,10,13,0.4,1,42.98,0,1,0
12.15,6,12,0.1,1,61.21,0,0,0
65.14,11,9,1.9,3,70.58,0,0,0
96.00,0,12,5.0,5,38.93,0,0,0
11.83,2,13,1.2,1,19.96,0,1,0
68.70,5,1,0.7,3,148.63,0,0,0
4.10,5,7,5.6,1,17.92,0,0,0
93.99,5,12,2.9,1,60.45,0,0,0
23.50,2,22,1.4,3,77.42,0,0,0
15.07,2,0,1.2,3,42.29,0,0,0
64.15,5,18,0.1,2,36.59,0,0,0
15.41,2,15,2.2,4,57.19,0,1,0
90.71,8,7,2.6,2,38.41,0,0,0
23.54,2,18,1.2,4,93.21,0,0,0
16.49,8,15,4.2,3,54.17,0,0,0
3.90,8,3,4.8,5,22.61,0,1,0
52.95,9,16,3.5,1,92.86,0,1,0
88.44,3,17,0.0,4,92.67,0,0,0
44.36,5,14,2.5,6,27.12,0,0,0
230.99,2,22,10.2,2,67.39,0,1,0
4.38,11,0,0.5,5,8.63,0,0,0
151.50,3,22,2.4,4,64.74,0,1,0
12.99,7,22,1.8,2,28.25,0,0,0
26.39,1,17,3.0,1,24.78,0,0,0
77.95,10,16,1.4,1,120.50,0,0,0
114.11,7,18,5.4,3,73.71,0,0,0
46.95,3,19,3.4,1,33.45,0,1,0
41.00,8,19,0.2,2,62.13,0,1,0
154.69,5,13,0.6,4,55.69,0,0,0
31.50,0,12,4.9,1,101.73,0,0,0
11.78,3,16,2.7,1,48.91,0,0,0
58.18,2,21,2.1,4,73.44,0,0,0
9.06,6,23,1.3,3,77.52,0,1,0
34.50,1,9,0.3,5,57.23,0,0,0
151.27,9,20,0.1,1,94.67,0,0,0
187.00,8,9,1.5,2,,0,1,0
41.17,8,13,5.3,4,50.67,0,1,0
210.31,0,9,0.4,5,147.07,1,0,0
143.99,3,14,2.7,5,98.83,0,0,0
9.99,4,15,2.7,1,18.67,0,1,0
12.99,0,16,4.3,1,31.47,0,1,0
61.00,2,12,2.3,3,40.73,0,0,0
89.98,6,4,2.5,2,22.54,0,0,1
44.10,1,7,1.7,3,71.44,0,0,0
47.63,0,22,3.8,2,81.67,0,1,0
204.00,4,17,0.8,4,61.68,0,0,0
31.99,1,3,1.9,1,63.33,0,1,0
26.83,0,18,1.2,3,40.80,0,1,0
28.50,11,15,0.0,2,141.98,0,0,0
75.95,0,10,0.1,3,30.93,0,1,0
106.58,5,11,0.1,3,136.54,0,1,0
100.50,0,9,0.6,1,98.76,0,0,0
6.95,7,11,2.2,2,60.60,0,0,0
56.75,7,10,3.2,2,61.11,0,0,0
25.91,2,23,3.4,3,33.35,0,0,0
344.32,7,10,0.3,1,262.03,0,1,0
91.42,0,19,1.1,3,30.55,0,1,0
82.50,2,18,0.5,3,52.18,0,0,0
34.00,8,16,2.4,3,21.43,0,1,0
20.00,8,0,1.2,3,15.47,1,1,1
8.48,7,11,10.1,2,22.94,0,0,0
15.99,4,0,4.2,2,21.60,0,0,0
154.59,5,20,5.5,3,81.59,1,1,1
22.74,2,13,2.2,4,29.70,1,0,0
291.99,8,0,1.6,5,129.79,0,1,0
17.95,5,0,3.0,4,25.94,0,1,0
54.50,3,18,2.4,1,37.92,0,0,0
55.04,5,8,0.7,3,34.02,0,1,0
495.59,7,7,0.1,5,133.41,0,0,1
64.95,2,19,4.2,4,55.05,0,0,0
130.00,9,7,3.9,1,51.37,0,1,1
222.95,6,18,0.1,4,273.87,0,0,0
20.06,7,18,1.0,2,67.48,0,1,0
112.99,10,21,6.3,3,54.27,0,1,0
48.62,3,20,2.9,3,78.07,0,0,0
83.45,9,17,0.9,1,48.27,0,0,0
15.19,11,19,1.7,1,57.99,0,0,0
56.62,1,13,3.3,6,61.79,0,0,0
147.62,2,13,2.2,2,65.20,0,0,0
51.99,2,5,4.5,1,120.48,0,1,0
19.00,11,18,0.1,3,26.31,1,1,1
45.69,9,22,0.6,4,52.98,0,0,0
195.00,2,8,0.1,2,51.58,0,0,0
10.99,6,19,6.9,2,32.63,0,0,0
26.00,1,14,0.3,1,30.89,0,1,0
201.00,7,16,1.5,2,61.80,0,0,0
105.50,9,14,0.6,2,167.01,0,1,1
38.00,11,4,1.7,1,67.30,0,0,0
52.15,6,21,0.7,2,130.09,0,0,1
40.95,1,19,4.6,4,40.39,0,0,0
15.99,2,14,0.8,2,15.47,0,0,0
57.17,1,18,0.4,3,35.08,0,0,0
125.09,10,15,0.0,2,78.30,1,1,1
105.74,5,12,0.1,4,53.82,0,0,0
174.90,2,7,2.0,2,41.09,0,1,0
18.99,10,19,3.6,3,31.05,0,1,0
117.15,7,20,2.8,3,47.38,0,0,0
30.50,0,9,0.8,1,58.56,0,0,0
8.00,0,12,1.4,3,28.16,0,0,0
163.13,9,11,4.3,1,61.68,0,0,0
196.09,2,20,0.1,5,77.38,0,1,1
198.34,1,18,1.3,3,56.80,0,0,0
596.99,5,11,2.2,6,123.83,0,0,0
48.22,10,11,2.7,3,90.04,0,0,0
57.00,4,20,0.1,3,86.36,0,1,0
7.47,3,3,0.4,1,28.74,0,0,0
134.22,0,8,0.0,3,74.94,0,0,1
69.88,0,13,6.6,1,56.12,0,1,0
102.12,8,9,1.1,1,129.97,0,1,0
32.79,5,19,0.8,2,44.04,0,0,0
29.31,1,19,7.6,2,27.50,0,1,0
13.09,5,10,1.7,2,16.75,1,1,1
23.21,11,6,1.9,4,34.48,0,1,0
27.99,0,22,0.2,4,83.42,0,0,0
43.82,6,17,3.8,4,45.66,0,0,0
5.99,0,13,0.6,3,30.95,0,0,0
301.15,3,10,0.2,1,161.66,0,0,0
12.24,0,21,6.9,1,21.67,0,1,0
243.85,2,17,2.1,3,140.13,0,1,0
11.99,4,11,0.1,4,14.08,0,0,1
56.99,6,12,5.0,3,50.10,0,0,0
140.99,2,20,1.8,7,34.11,0,0,0
10.00,0,17,0.1,5,18.57,0,0,0
33.99,5,20,2.4,3,71.34,0,0,0
11.99,1,9,0.7,4,60.30,0,0,0
27.38,6,9,10.7,3,41.47,0,0,0
202.80,0,11,2.5,4,144.58,0,0,0
20.42,10,9,2.4,2,20.38,0,1,0
102.99,2,20,2.9,3,62.03,0,0,0
103.12,4,22,7.6,4,130.15,0,0,0
127.49,3,7,0.8,5,48.01,0,1,0
55.66,7,18,0.7,2,,0,0,0
18.00,6,7,0.4,5,96.79,0,1,0
21.99,0,11,0.4,3,75.42,0,0,0
13.99,10,17,1.9,4,26.37,0,0,0
112.73,2,19,3.1,3,73.25,0,0,0
22.81,11,20,2.8,1,29.82,0,1,0
38.99,1,16,2.1,3,69.08,0,0,0
27.00,8,11,2.8,2,79.10,0,1,0
348.50,1,21,0.1,3,98.50,0,0,0
2.43,8,17,0.0,3,25.12,0,0,0
128.99,2,16,5.8,3,218.24,0,0,0
156.00,0,19,2.3,2,69.36,0,1,0
72.10,9,12,3.4,3,141.33,0,0,0
86.07,3,12,0.1,1,63.63,0,1,0
29.68,5,22,1.7,2,32.34,0,0,0
365.61,8,12,3.1,3,39.33,0,0,0
57.57,0,8,2.8,3,74.95,0,1,0
311.99,7,12,0.7,2,,0,0,0
100.72,0,13,3.5,2,60.73,0,0,0
55.54,3,12,1.2,1,93.25,0,0,0
88.89,1,20,0.3,1,48.25,0,0,0
42.98,3,18,4.6,2,30.19,0,0,0
11.99,1,14,2.2,3,15.27,0,1,0
7.00,8,7,9.9,3,33.53,0,0,0
26.15,3,11,2.3,6,51.60,1,0,0
26.34,1,0,1.7,3,59.22,0,1,0
21.06,11,23,3.5,4,90.56,0,1,0
201.98,0,12,2.8,1,87.88,0,0,0
32.82,6,10,2.9,2,33.13,0,0,0
20.99,0,11,11.2,3,30.44,0,0,0
91.98,1,11,1.8,3,61.49,0,0,1
166.82,4,9,1.8,1,146.47,0,0,0
26.63,9,6,5.8,2,69.17,0,1,0
26.99,0,9,0.5,2,111.07,0,0,1
17.73,3,0,3.0,1,35.27,0,1,0
9.99,3,9,6.0,1,24.39,1,0,0
35.00,4,17,2.2,5,106.76,0,1,0
138.05,6,6,2.3,2,110.93,0,1,0
39.97,6,16,3.9,3,59.88,0,0,0
128.99,4,11,2.1,3,149.20,1,1,1
79.51,0,11,4.6,2,56.74,0,0,0
47.99,7,11,2.6,1,54.22,0,0,0
2.31,6,16,0.2,2,15.42,0,1,0
8.37,8,19,4.1,1,18.40,0,1,0
408.63,7,20,1.8,1,456.52,0,0,0
8.18,5,12,1.1,2,40.05,0,1,0
21.38,1,13,9.1,4,110.01,1,0,0
57.62,7,6,0.3,3,60.39,0,0,0
131.20,1,16,3.5,2,62.10,1,1,1
311.75,3,7,2.3,1,143.05,0,0,0
32.95,7,11,2.6,2,64.74,1,0,0
114.03,7,17,1.9,2,56.17,0,1,0
17.72,1,18,1.6,1,40.98,0,0,0
111.59,11,18,2.3,2,92.30,0,0,0
68.78,0,9,1.4,2,50.13,0,1,0
35.95,2,8,0.9,4,51.91,0,0,0
38.50,0,9,2.5,3,36.81,1,1,1
143.00,0,14,0.9,2,73.30,0,0,0
53.18,7,11,0.5,3,43.51,0,0,0
21.65,5,8,0.3,2,37.60,0,0,0
67.46,10,12,8.1,1,52.56,1,0,0
78.62,0,7,6.7,6,41.46,0,1,0
15.99,7,23,1.3,6,34.52,0,1,0
124.99,11,23,0.6,1,103.62,0,0,0
30.71,6,14,2.9,1,65.12,0,0,0
17.12,4,15,2.5,2,13.95,0,1,0
313.99,0,5,0.4,2,78.99,0,1,0
34.91,10,18,0.1,1,33.84,0,1,0
41.78,0,6,3.1,1,54.51,0,0,0
26.60,2,22,2.0,4,51.03,1,0,0
78.74,8,12,0.4,2,65.71,0,0,0
75.10,6,22,1.8,4,33.86,0,1,0
84.99,7,20,1.1,3,64.00,0,0,0
22.00,11,10,5.8,1,16.02,0,1,0
315.73,3,3,3.6,5,147.59,0,0,0
18.00,1,17,2.0,3,42.22,0,0,0
187.99,8,12,1.5,2,98.44,0,1,0
74.82,5,16,1.8,1,63.18,0,1,0
62.87,1,20,3.8,1,42.26,0,1,0
59.77,5,12,3.7,4,29.62,0,1,0
61.95,6,16,3.4,2,139.22,0,0,0
48.12,7,15,1.1,3,27.60,0,0,0
14.97,2,21,3.2,1,29.70,0,0,0
20.00,1,13,2.1,3,49.07,0,0,0
39.99,0,13,0.3,1,39.38,0,1,0
14.99,10,8,4.4,6,37.81,1,0,0
58.76,0,11,7.2,2,47.15,0,0,0
444.10,1,13,0.3,3,131.62,0,1,0
78.13,11,15,2.3,3,43.75,0,0,0
266.92,6,14,0.9,5,67.15,1,0,1
107.05,5,19,0.9,3,60.70,0,0,0
41.99,0,18,1.1,1,36.52,1,1,1
43.88,3,16,0.6,1,49.59,0,0,0
133.99,11,20,0.4,3,125.11,1,0,0
43.00,5,23,1.5,1,43.14,0,0,0
57.75,5,18,5.4,1,58.13,0,0,0
396.39,4,15,0.5,3,156.47,0,0,0
394.00,5,14,0.2,2,99.10,0,0,0
21.00,5,11,0.4,2,55.81,0,0,0
93.00,0,5,3.2,6,75.53,1,1,1
44.93,10,15,2.3,4,36.44,1,0,0
171.31,4,10,1.3,1,86.28,0,0,0
55.00,11,12,1.0,1,78.85,0,0,0
46.27,0,19,2.5,3,99.88,0,0,0
55.15,4,13,0.6,1,23.59,0,0,0
31.92,6,17,0.6,2,35.56,0,0,0
46.55,1,11,0.8,3,34.61,0,0,0
100.83,10,18,1.9,4,57.63,0,0,0
97.99,11,17,6.2,2,44.31,0,1,0
69.67,10,17,2.4,2,29.82,0,1,0
39.99,7,13,2.7,4,37.27,0,0,0
34.29,7,22,6.9,2,79.49,0,0,0
220.99,6,18,3.0,2,142.72,0,0,0
94.77,8,10,0.6,1,43.10,1,1,1
19.15,6,13,0.3,5,82.95,0,1,0
28.38,1,12,4.8,3,33.82,0,1,0
48.06,0,14,0.1,2,108.59,0,1,0
234.10,10,13,5.3,2,88.23,0,1,0
98.90,4,19,0.7,2,37.70,0,0,0
62.93,5,23,1.3,1,53.84,0,0,0
42.44,4,14,3.3,3,40.29,0,0,0
9.00,6,22,6.1,3,44.10,0,1,0
141.00,3,13,0.2,1,112.73,0,1,0
38.50,8,17,0.0,3,71.05,0,1,0
54.00,0,18,0.8,1,45.08,0,1,0
28.08,2,22,0.7,3,37.27,1,0,0
47.69,0,14,0.6,3,129.55,0,0,0
45.00,5,2,2.1,4,19.12,0,1,0
223.99,9,20,3.8,2,152.99,0,0,0
75.99,6,12,3.7,1,78.11,0,0,0
54.37,6,12,1.2,4,48.31,0,1,0
36.07,3,12,0.5,2,25.83,0,1,0
72.96,1,21,3.2,3,92.86,0,0,0
97.00,8,9,4.5,5,40.42,0,1,0
21.03,3,17,1.8,2,47.44,0,0,0
53.00,2,22,0.5,3,67.29,0,1,0
149.50,8,13,0.3,4,250.00,0,1,0
95.98,3,14,2.6,2,143.36,0,1,0
254.73,5,13,2.8,3,217.54,0,0,0
21.99,11,18,1.5,1,39.17,0,0,0
40.99,6,12,5.0,2,91.32,0,0,1
67.99,8,19,3.8,5,56.04,0,1,0
41.89,11,9,2.3,2,20.83,0,0,0
22.16,0,12,3.9,3,38.25,0,0,0
80.08,7,7,4.4,3,50.84,0,1,0
208.37,1,9,6.6,2,115.90,0,1,0
91.21,0,18,0.9,1,35.58,0,0,0
21.00,3,5,3.0,7,73.21,0,0,0
14.86,1,0,5.5,3,64.14,0,0,0
116.97,7,14,0.4,1,70.79,0,1,0
31.49,0,7,1.2,2,35.84,0,0,0
57.23,7,22,2.1,4,,0,0,0
28.00,4,22,1.7,4,69.96,0,0,0
204.72,9,16,0.9,2,188.36,0,0,0
270.00,5,16,2.8,4,124.57,1,1,1
33.00,1,12,5.6,1,30.59,0,1,0
73.99,5,19,6.6,4,35.97,0,0,0
70.60,7,10,4.8,3,54.04,0,0,0
12.20,11,18,1.4,2,31.91,0,1,0
25.73,3,20,1.1,2,25.32,0,1,0
705.20,1,19,1.8,2,313.64,0,0,0
58.21,7,15,4.3,3,33.10,0,0,0
48.55,8,9,2.2,3,49.27,0,1,0
46.00,0,22,1.5,4,76.40,0,0,0
74.72,5,9,0.8,1,98.15,0,0,0
121.01,0,22,0.3,1,96.95,1,0,0
132.99,0,6,0.2,2,68.70,0,1,0
57.84,5,15,2.0,2,89.82,0,0,0
137.92,3,20,6.2,5,50.26,0,1,0
53.76,3,16,0.1,2,46.41,0,1,0
95.89,1,10,5.1,3,80.94,0,0,0
72.66,8,8,3.8,2,84.51,0,0,0
86.95,6,18,1.4,2,33.73,0,0,0
854.21,0,19,3.1,2,97.77,0,0,0
23.99,4,14,5.9,3,194.82,0,0,0
1070.00,3,17,0.6,2,260.72,0,1,1
70.68,3,12,1.2,2,59.86,0,0,0
11.88,0,7,0.9,2,27.31,0,0,0
69.75,5,18,4.0,2,219.99,0,0,0
21.96,7,6,0.0,1,47.39,0,0,0
65.99,5,19,0.2,1,35.44,0,0,0
23.00,3,19,1.2,6,18.50,0,1,0
24.99,5,9,3.3,4,57.01,1,0,0
33.12,2,6,1.7,3,66.41,0,0,0
289.95,3,12,7.3,2,34.61,0,0,0
57.71,0,12,0.9,1,51.39,1,1,1
21.63,11,15,4.5,3,34.66,0,0,0
8.00,6,22,0.7,3,19.03,0,0,0
80.24,1,16,0.5,2,37.90,0,0,0
22.00,9,14,3.6,1,12.16,0,1,0
8.99,6,8,0.1,2,23.51,0,1,0
93.00,9,19,0.2,4,58.12,0,0,1
22.89,2,18,1.3,4,47.05,0,1,0
343.47,5,14,3.6,2,98.15,0,1,0
35.00,0,18,0.1,1,25.80,0,0,0
55.99,6,16,1.8,2,70.60,0,0,0
23.80,5,19,0.5,3,48.39,0,1,0
225.05,1,11,2.0,4,53.78,0,1,0
38.43,9,0,1.0,3,29.42,0,0,0
18.58,3,12,4.1,4,36.33,0,0,0
24.90,3,14,3.5,4,28.53,0,1,1
326.99,4,12,1.5,4,112.95,0,0,0
15.00,1,15,1.0,2,32.10,0,1,0
189.10,0,6,2.9,4,74.69,0,0,0
230.78,7,15,2.4,4,98.11,1,0,0
15.26,7,20,3.7,6,24.64,0,0,0
73.99,6,22,1.8,1,158.37,0,0,0
134.95,5,20,3.8,1,68.56,0,0,0
17.23,2,22,0.4,1,22.12,0,0,0
37.95,1,20,1.2,2,105.68,1,1,0
41.00,4,11,5.1,4,43.51,0,1,0
526.00,8,20,1.9,4,106.23,0,1,1
47.81,7,4,4.8,3,35.06,0,1,1
75.83,1,9,1.1,3,77.94,0,1,0
11.79,6,22,0.4,4,53.82,0,0,0
153.34,7,14,2.9,2,66.05,0,0,0
22.66,1,9,8.5,3,29.14,0,0,0
109.99,9,13,2.1,3,67.01,0,0,0
119.41,7,12,5.2,5,24.13,1,0,0
45.32,9,12,0.6,1,69.92,0,0,0
308.31,0,14,0.2,1,126.69,0,0,0
69.00,5,2,0.4,2,64.18,0,0,0
67.12,1,12,11.3,3,41.36,0,1,0
89.70,1,11,1.4,1,31.99,0,0,0
11.67,9,20,5.6,3,18.73,0,0,0
7.57,2,11,2.4,5,48.14,0,0,0
57.00,1,12,2.7,4,43.93,0,1,0
24.23,3,10,0.7,3,26.73,0,0,0
130.99,0,18,1.2,4,109.03,1,0,0
216.01,6,8,0.7,3,90.93,0,0,0
290.99,6,23,5.5,1,111.47,0,0,0
371.63,9,17,0.2,3,143.59,0,0,1
34.26,0,12,0.7,3,68.99,0,1,0
22.99,1,18,5.9,2,21.04,0,0,0
156.00,5,16,0.7,2,108.15,1,0,0
51.06,10,17,1.5,4,51.32,1,1,1
114.11,2,9,0.2,3,66.72,0,0,0
38.04,6,15,0.8,3,46.55,0,0,0
44.13,0,7,2.0,3,42.68,0,0,0
888.60,6,11,0.4,1,78.85,0,1,1
30.99,7,21,10.2,1,123.16,0,1,0
25.95,6,15,0.9,3,35.29,0,0,0
16.31,0,11,4.4,2,47.20,0,0,1
2.86,7,10,7.9,2,12.61,0,0,0
91.42,1,18,4.9,1,41.83,0,0,0
11.00,0,10,0.0,3,14.36,0,1,0
156.29,0,18,1.4,3,68.90,0,1,0
6.00,1,8,0.9,4,8.69,0,0,0
66.07,9,15,0.9,3,39.71,0,0,0
20.11,0,20,5.7,4,31.46,0,1,0
83.22,3,9,2.7,2,79.79,1,0,0
83.22,3,9,2.7,2,79.79,1,0,0
92.86,1,13,1.7,3,79.39,0,1,0
31.09,11,10,2.0,1,30.22,0,1,0
15.50,7,1,1.7,3,19.78,0,1,0
41.92,7,22,1.6,5,53.67,0,1,0
31.73,4,22,0.7,4,25.24,0,0,0
8.99,0,23,1.1,1,52.94,0,0,0
109.00,6,19,1.5,2,68.56,0,1,0
11.99,0,8,1.9,3,36.46,0,1,0
103.62,3,8,2.7,3,134.27,0,0,0
56.95,2,14,1.7,2,66.41,0,1,0
144.74,10,4,2.6,2,42.60,0,0,0
49.00,0,19,3.3,3,41.18,0,0,0
22.55,3,20,5.0,2,75.06,0,0,0
65.06,7,4,8.2,4,34.86,0,1,0
232.00,3,14,0.4,2,127.14,0,0,0
58.00,1,18,1.4,1,42.33,0,1,0
86.95,3,15,0.9,1,158.81,0,0,0
9.46,10,18,2.6,3,54.20,0,0,0
85.89,10,7,3.1,2,118.87,0,1,0
33.22,1,10,3.3,2,28.35,0,0,0
145.29,2,17,1.2,2,79.69,0,0,0
101.61,0,7,0.9,6,80.73,0,0,0
104.02,8,3,1.2,2,52.81,0,0,0
31.83,3,6,0.3,5,83.25,1,1,0
12.66,0,10,3.3,3,41.77,0,1,0
180.59,7,7,1.6,2,139.65,0,1,0
79.99,9,10,1.0,3,23.40,0,0,0
56.81,6,15,0.6,4,39.73,0,0,0
74.09,0,14,6.7,1,68.05,0,1,0
8.00,10,22,0.2,4,31.51,0,0,0
123.99,5,13,0.9,2,56.52,0,0,0
69.99,3,21,1.9,4,22.51,0,0,0
9.00,1,7,0.0,2,26.22,0,1,0
43.99,10,3,0.5,2,,0,1,0
53.99,10,18,0.8,2,87.42,1,1,0
174.16,4,23,1.1,5,47.77,0,1,1
1362.50,8,12,2.3,2,156.01,0,0,0
50.14,6,15,0.8,6,55.54,0,0,0
1.00,6,18,7.3,3,19.88,0,1,0
62.31,5,23,1.5,1,18.61,0,0,0
58.83,10,20,1.9,4,51.98,0,0,0
335.00,1,17,0.6,6,74.30,0,0,0
73.95,2,19,1.1,1,65.96,0,0,0
35.45,3,17,0.2,3,43.80,0,1,0
116.63,3,18,2.7,3,209.86,0,0,0
16.99,0,15,0.9,1,32.31,1,0,0
160.66,5,17,2.3,1,96.58,0,0,0
96.78,2,2,0.7,2,67.09,0,0,0
136.95,0,2,6.6,1,180.92,0,0,0
307.71,11,7,2.5,3,66.54,0,0,0
174.00,0,18,0.9,1,61.77,0,0,0
17.95,1,14,0.8,4,31.93,0,0,0
55.92,3,14,8.0,3,102.98,0,0,0
17.68,9,13,4.7,4,38.72,0,1,0
38.00,1,10,0.1,2,45.48,0,0,0
51.58,0,17,0.9,6,49.33,0,0,0
323.60,10,13,2.1,4,99.13,0,0,0
112.61,6,13,3.8,4,62.02,0,0,0
28.83,10,10,6.6,3,40.32,0,0,0
5.00,7,19,3.2,1,20.89,0,1,0
55.07,5,19,6.3,2,38.82,0,1,0
51.73,6,13,2.1,1,51.39,0,0,0
162.76,3,22,0.5,5,189.96,0,1,0
12.00,1,20,1.6,4,8.26,0,1,0
52.00,11,21,4.1,1,36.79,0,0,1
78.14,1,17,1.5,3,49.08,0,0,0
172.00,8,11,2.8,1,76.97,0,1,0
145.06,2,21,1.9,3,134.04,0,0,0
7.51,11,2,1.1,4,16.18,0,1,0
31.66,0,15,0.6,4,88.72,0,0,0
68.91,7,12,2.4,3,62.48,0,1,0
97.46,4,2,5.5,2,62.03,0,0,0
43.99,5,19,0.4,2,28.80,0,0,0
97.00,7,16,4.6,1,71.41,1,0,0
76.42,2,4,0.7,2,44.90,0,0,0
114.50,11,12,4.7,1,131.46,0,0,0
28.69,0,11,7.8,5,14.42,0,0,0
98.42,4,19,1.5,1,71.40,1,0,0
144.10,7,12,5.1,2,41.38,0,0,0
96.95,8,12,0.7,4,76.53,0,1,0
59.26,2,8,1.3,3,132.70,0,1,0
15.00,2,4,1.7,5,71.80,0,1,0
59.79,2,6,3.1,4,33.14,0,0,0
78.00,5,9,5.0,3,38.87,0,0,0
22.99,4,21,2.1,4,41.97,0,0,0
18.97,2,9,1.0,3,38.60,0,0,0
75.85,4,16,10.6,4,25.69,0,1,0
121.53,4,6,1.0,2,57.53,0,1,0
58.95,1,12,3.5,2,55.29,0,0,0
50.00,11,16,4.5,1,56.76,0,1,0
140.53,10,8,0.7,5,142.36,0,1,0
37.22,9,21,0.5,2,102.08,0,0,0
82.00,1,16,0.7,4,58.11,0,0,0
78.99,5,10,0.8,4,64.56,0,1,0
68.30,3,7,1.7,1,62.55,0,1,0
40.00,4,21,7.6,2,27.55,0,0,0
14.11,0,18,0.6,2,46.35,0,0,0
17.00,5,4,2.1,2,26.28,0,0,0
9.73,2,8,2.3,3,12.27,0,0,0
444.01,3,17,1.0,3,89.79,0,1,1
13.31,5,15,2.3,2,63.03,0,0,0
650.95,7,20,0.4,2,110.39,0,1,1
160.95,2,11,2.4,3,58.45,0,0,0
60.31,4,8,0.9,5,152.53,0,0,0
33.87,2,18,1.2,3,54.02,0,0,0
17.48,10,12,1.5,2,19.01,0,1,0
358.68,8,18,0.9,6,58.57,0,1,1
12.56,0,19,1.4,6,43.02,0,0,0
25.71,7,7,0.4,3,48.44,0,1,0
21.99,2,12,5.7,4,50.67,0,0,0
41.00,9,20,0.8,3,41.02,0,1,0
115.77,10,18,0.8,6,36.47,1,1,1
66.75,2,9,2.7,1,74.71,0,0,0
103.50,10,19,0.4,2,217.04,0,0,0
232.40,9,20,4.2,3,193.47,0,0,0
235.99,7,15,0.9,1,188.09,1,0,0
9.56,0,12,3.0,2,27.82,0,1,0
33.93,1,13,0.2,2,53.84,0,0,0
476.51,6,14,4.3,3,350.23,0,1,0
22.18,2,7,3.8,5,91.09,0,0,0
227.00,10,8,3.7,1,44.39,0,0,0
314.13,2,7,0.3,1,157.09,0,0,0
10.86,1,18,1.4,3,16.55,0,1,0
20.99,1,14,7.7,5,22.69,1,1,1
134.62,1,16,2.4,2,40.20,0,0,0
53.85,0,19,1.5,2,43.32,0,0,0
178.49,0,11,0.4,5,45.97,0,1,1
36.45,0,12,3.8,3,68.02,0,1,0
8.05,11,1,1.9,3,17.32,0,0,0
27.68,2,7,0.5,1,21.63,0,0,0
87.50,2,21,0.4,1,110.59,0,1,0
49.50,4,0,0.2,4,34.82,0,0,0
22.00,5,11,2.7,5,12.55,0,0,0
321.84,11,17,0.2,3,116.19,0,0,0
15.99,5,11,0.4,3,39.52,0,0,0
34.43,9,11,0.2,6,49.56,0,0,0
660.08,0,18,0.4,6,110.06,0,0,1
219.99,4,19,2.5,1,55.87,1,0,0
29.89,6,18,2.9,1,,0,1,0
62.09,10,11,2.3,3,41.36,0,0,0
84.41,5,12,3.3,1,113.83,0,0,0
29.15,3,13,0.4,4,91.49,0,0,0
37.85,2,19,0.7,4,22.38,1,1,0
246.36,10,15,3.8,4,47.14,0,1,1
159.48,2,1,3.8,2,126.12,0,0,0
340.85,11,14,1.0,5,153.06,0,0,0
30.16,7,19,0.5,2,39.31,0,0,0
86.28,3,15,2.7,5,106.84,1,1,0
179.99,0,8,0.2,2,114.78,1,0,0
69.99,9,10,1.5,2,33.75,0,0,0
177.00,9,19,11.8,3,88.36,0,1,0
37.73,0,8,0.2,2,76.23,0,0,1
36.49,2,14,1.1,4,164.28,1,0,0
169.70,6,16,0.8,2,206.47,0,1,0
33.89,3,16,0.3,3,49.56,1,1,1
41.56,0,6,0.6,4,28.66,0,1,0
239.79,0,14,1.4,1,89.49,0,0,0
85.99,3,11,0.2,3,97.83,0,0,0
28.99,0,8,0.5,5,36.04,0,0,0
125.90,8,14,2.0,4,69.07,0,0,0
101.82,0,18,13.3,1,126.06,0,0,0
89.81,7,10,5.1,1,127.16,0,1,0
5.00,9,7,2.1,6,53.53,0,0,0
9.10,4,10,0.9,3,33.44,0,1,0
17.99,1,13,1.7,3,67.48,0,0,0
52.39,2,21,1.4,1,28.31,0,0,0
70.33,3,2,6.7,3,80.47,0,1,0
29.29,0,17,2.8,1,20.84,0,0,0
556.30,9,13,0.0,1,143.25,0,0,0
174.65,1,8,1.2,1,83.88,0,1,0
24.00,8,10,3.1,1,75.96,0,1,0
34.51,1,16,1.1,3,54.39,0,0,0
22.99,0,16,0.6,1,14.11,0,0,0
31.55,0,17,4.0,2,91.34,0,0,0
103.41,2,19,2.8,1,49.21,0,1,0
114.00,1,17,0.1,2,62.34,0,0,0
53.93,2,17,1.4,2,91.94,0,1,0
87.99,8,19,1.3,2,104.60,0,1,0
115.95,1,10,1.2,2,58.89,0,1,0
12.49,8,12,0.6,3,55.22,0,1,0
256.22,7,14,1.0,1,86.95,0,0,0
44.53,11,8,3.8,1,62.81,0,0,0
40.58,1,12,4.1,5,81.64,0,0,0
66.24,2,12,1.8,2,93.94,1,1,1
26.95,1,15,1.9,1,18.92,1,1,1
7.47,9,21,0.7,3,38.13,0,0,0
103.99,11,18,4.1,2,31.99,0,0,0
23.00,0,16,1.4,2,73.16,0,1,0
180.99,7,12,0.1,3,104.27,1,1,1
4.65,4,16,1.2,2,27.38,0,0,0
160.99,5,13,1.8,4,166.51,0,0,0
11.06,0,22,2.5,1,18.32,0,0,0
48.10,2,9,2.1,2,109.10,0,1,0
10.15,0,18,4.4,4,28.03,0,0,0
284.99,1,12,0.9,2,154.42,0,0,0
11.00,0,17,1.0,2,14.44,0,0,0
11.96,2,23,4.4,1,19.67,0,1,0
77.95,6,17,2.7,4,17.51,0,1,0
190.99,1,23,1.3,3,100.83,0,1,0
65.95,4,11,1.1,3,67.53,0,0,0
237.00,0,13,0.3,2,170.11,0,0,0
16.73,3,17,2.1,4,56.43,0,1,0
321.27,9,15,2.2,3,74.95,0,0,1
75.99,2,16,1.0,4,62.68,0,1,0
88.00,5,14,0.9,1,226.51,0,0,0
63.33,2,18,0.1,7,50.39,0,0,0
106.35,3,19,4.0,2,99.03,0,0,0
124.95,7,14,6.0,2,62.89,1,1,1
11.42,2,9,2.7,1,16.15,0,1,0
276.92,6,13,1.0,3,92.08,0,1,0
38.00,11,11,0.2,2,24.44,0,0,0
227.42,5,22,4.0,1,86.43,0,0,0
65.78,4,8,1.1,3,37.86,0,0,0
396.14,6,10,0.4,1,70.24,0,1,1
24.00,6,8,0.8,1,53.47,1,0,0
127.00,0,18,4.5,1,78.95,0,0,0
208.95,7,13,4.8,3,88.81,0,1,0
41.67,2,11,0.2,2,77.20,0,0,0
81.93,1,8,1.8,3,100.70,0,0,0
49.57,2,20,1.3,1,94.74,1,1,0
42.34,2,17,1.0,1,58.82,0,0,0
902.50,10,14,2.0,3,590.80,0,0,0
43.32,1,11,5.7,4,78.25,0,1,0
356.00,2,8,0.3,4,207.15,0,1,0
94.22,2,18,1.4,4,56.06,0,0,0
74.66,3,7,0.4,4,57.63,0,1,0
8.78,0,23,1.1,6,56.92,0,0,0
44.99,4,0,0.0,3,73.97,0,0,0
129.00,1,11,0.2,5,50.95,0,0,0
48.58,8,11,2.6,3,42.54,0,1,0
73.46,5,16,1.1,2,94.27,0,0,0
148.77,0,14,0.8,1,44.32,0,1,0
51.99,2,12,0.7,4,39.31,0,1,0
178.37,8,17,6.7,2,96.40,0,0,0
15.98,10,4,3.1,5,35.99,0,0,0
52.00,1,22,0.0,4,28.17,1,0,0
13.35,8,2,1.2,2,26.06,1,1,1
127.03,1,14,4.0,2,71.97,0,0,0
300.99,0,20,3.0,3,,0,0,0
17.99,0,21,0.4,3,18.20,0,0,0
112.91,5,11,6.2,1,60.28,0,0,0
14.25,2,16,2.5,2,26.56,0,0,0
26.00,2,13,2.6,2,66.90,0,0,0
32.63,1,7,4.2,3,24.52,0,0,0
88.36,7,7,2.1,1,70.78,0,0,0
55.00,2,15,9.5,3,25.67,0,1,0
14.99,9,9,1.6,1,21.00,0,0,0
59.89,0,20,0.2,1,51.22,0,0,0
97.00,3,9,0.9,4,58.41,0,0,0
123.00,6,9,1.3,1,67.25,0,0,1
45.99,6,16,1.8,4,24.00,1,0,1
25.99,2,8,0.5,3,17.85,0,1,0
28.00,9,21,6.8,3,26.18,0,0,0
13.87,5,3,0.8,3,51.89,0,1,0
33.00,3,13,0.8,3,109.55,0,0,0
40.00,0,20,1.1,2,30.31,0,1,0
76.61,2,8,0.9,2,72.46,0,0,0
32.04,5,16,8.6,1,59.20,0,1,0
92.65,3,18,1.7,2,79.27,0,1,0
93.13,4,6,0.7,4,45.49,1,0,1
26.50,1,15,2.5,1,86.28,0,1,0
150.99,2,7,0.9,1,96.43,0,0,0
69.97,1,6,0.6,1,71.62,0,1,0
95.72,0,12,5.7,4,200.20,0,0,0
10.12,3,17,0.7,4,13.62,0,0,0
127.50,0,15,9.1,4,,0,0,0
24.88,1,12,0.0,4,16.44,1,1,1
148.00,0,16,1.0,2,182.51,0,1,0
17.85,10,17,6.6,1,33.21,0,0,0
18.99,4,13,0.8,2,51.46,0,0,0
94.40,5,15,1.5,3,145.76,0,0,0
838.65,2,9,0.0,2,252.87,1,0,1
128.78,1,16,2.7,1,46.75,1,1,1
186.00,2,8,1.6,1,135.20,0,1,0
67.50,2,8,1.2,2,73.87,0,1,0
33.75,0,18,0.1,4,41.50,0,1,0
39.27,2,6,7.5,2,,0,0,0
42.00,9,10,3.8,2,82.61,0,1,0
44.00,6,21,1.2,1,84.27,0,1,0
50.16,8,12,1.2,1,217.25,0,0,0
82.00,8,22,1.4,3,93.24,0,0,0
72.99,4,13,0.5,3,65.38,0,0,0
44.00,3,15,3.1,4,38.67,0,0,0
19.22,9,12,0.3,4,51.50,0,0,0
99.52,0,13,3.6,2,41.01,0,1,0
84.20,5,13,1.4,1,80.93,0,0,0
28.20,2,17,4.3,3,46.50,0,1,0
56.44,4,13,0.6,2,158.41,0,0,0
43.56,1,14,1.0,1,61.18,0,1,0
34.55,0,18,1.3,2,60.62,0,1,0
50.54,2,17,0.0,1,37.36,0,1,0
36.56,2,12,2.5,3,30.28,0,0,0
11.85,1,12,1.2,3,63.79,0,0,0
55.39,0,9,2.1,1,67.37,0,0,0
28.50,8,1,0.1,2,24.94,0,1,0
120.30,3,7,0.8,2,68.45,0,0,0
132.95,6,15,0.3,2,28.66,1,0,1
102.62,4,15,2.9,2,117.17,0,0,0
230.00,4,17,0.5,4,182.61,0,1,0
63.99,3,14,4.5,3,52.95,0,1,0
42.53,2,21,0.5,4,68.50,1,0,0
80.77,4,14,2.8,3,54.15,0,1,0
450.00,3,9,0.7,4,81.21,0,0,0
18.56,0,17,6.6,5,40.68,0,1,0
69.73,10,9,6.5,1,39.90,0,1,0
4.00,0,12,1.2,1,38.72,0,1,0
18.25,1,13,0.7,3,36.26,0,0,0
102.36,1,22,0.5,4,45.24,0,1,0
250.99,1,11,1.6,1,82.63,0,0,0
2.99,2,16,3.1,3,21.06,0,1,0
82.11,4,14,0.0,1,24.96,0,0,0
21.91,3,12,0.6,2,48.15,0,0,0
292.99,0,12,3.0,2,64.05,0,0,0
58.09,0,10,2.0,6,,0,0,0
39.77,5,13,0.3,3,28.69,1,1,1
24.66,5,16,5.3,2,113.76,0,0,0
24.66,5,16,5.3,2,113.76,0,0,0
38.59,3,12,6.1,1,42.17,0,1,0
6.00,7,15,1.9,3,19.71,0,0,0
51.50,5,19,1.1,5,50.78,0,0,0
30.95,5,20,0.7,2,40.82,0,0,0
29.99,6,15,1.6,4,33.33,0,1,0
51.75,8,2,1.4,3,30.00,0,0,0
21.99,6,12,0.5,2,29.57,0,1,0
31.95,10,1,0.5,3,46.29,0,1,0
40.00,0,16,2.7,1,120.97,0,1,0
303.70,4,8,0.1,2,97.91,0,0,0
207.00,7,19,1.4,2,24.01,0,0,1
81.89,7,12,0.2,1,128.84,0,1,0
76.17,7,8,1.3,3,53.81,0,0,0
43.99,11,9,1.8,3,45.45,0,1,0
23.90,1,21,0.5,1,75.85,0,1,0
802.04,11,2,5.9,3,37.29,1,1,1
22.66,2,8,1.0,1,49.16,0,0,0
39.00,1,12,3.6,2,18.79,0,0,0
12.99,7,19,0.5,1,12.48,0,1,0
41.63,8,22,4.6,3,47.54,0,0,0
26.63,4,14,4.8,1,29.44,0,1,0
93.95,2,15,0.7,2,32.44,0,1,1
82.76,3,3,2.6,1,58.58,0,0,0
40.35,9,12,1.0,4,64.98,0,0,0
280.13,1,16,2.0,1,92.52,0,0,0
9.88,1,15,0.8,3,39.49,0,0,0
127.99,1,23,2.4,1,192.78,0,0,0
99.99,6,17,0.1,5,122.15,0,0,0
21.33,10,17,0.8,4,43.45,0,1,0
12.99,3,23,2.5,1,14.82,1,1,0
50.40,2,6,1.6,3,55.77,0,0,0
52.00,4,10,3.6,4,72.99,0,0,0
26.87,2,0,2.2,1,60.70,0,0,0
144.39,0,3,2.4,3,150.81,0,0,0
28.02,5,18,0.1,1,89.94,1,0,0
76.09,0,12,0.6,1,85.97,0,0,0
24.99,9,13,0.4,1,38.09,0,0,0
27.56,7,15,0.3,5,17.62,0,0,0
110.27,4,17,1.5,2,53.22,0,0,0
83.99,6,13,2.1,4,98.26,0,1,0
387.83,3,10,5.6,4,127.87,0,0,0
112.81,0,15,0.6,4,38.57,0,1,1
17.79,4,22,0.1,6,54.23,0,1,0
169.27,7,17,1.1,3,61.30,0,0,0
28.23,9,19,0.3,2,32.46,0,0,0
688.66,6,13,0.3,1,432.25,1,1,1
15.05,11,10,2.3,2,33.68,0,0,0
23.99,5,7,2.2,3,44.33,0,1,0
240.32,7,10,0.2,3,170.78,1,1,0
69.99,0,21,0.1,2,63.27,0,0,0
37.08,4,11,3.9,1,52.20,0,0,0
13.30,10,11,1.6,2,11.93,0,0,0
195.54,2,17,2.3,2,134.79,0,0,0
88.99,4,12,4.7,2,142.24,0,0,0
64.00,3,15,2.1,5,62.62,0,1,0
31.29,7,20,0.5,5,131.83,0,0,0
21.00,10,19,0.5,2,18.33,0,1,0
17.00,1,7,0.5,4,52.62,0,0,0
91.00,4,17,2.2,2,58.72,0,0,0
117.87,7,21,3.7,2,155.66,0,0,0
16.39,8,6,1.6,5,17.25,0,0,0
67.82,4,10,0.7,1,55.20,1,0,0
32.99,5,16,1.5,1,96.16,0,0,0
55.00,4,13,1.5,4,40.46,1,1,1
18.00,1,8,0.1,4,81.79,0,0,0
87.95,11,18,0.8,2,42.95,1,1,1
412.99,6,21,0.4,3,113.70,0,1,1
82.89,0,19,1.5,4,57.41,0,0,0
111.00,1,14,0.2,1,,0,0,0
55.73,11,11,1.3,2,33.21,0,0,0
249.14,8,15,0.8,1,98.19,0,0,0
63.95,5,4,0.6,1,31.59,0,1,0
253.54,6,20,0.2,6,55.83,0,0,0
12.48,6,5,0.8,4,23.92,0,1,0
13.20,8,15,1.2,4,20.29,0,0,0
135.99,1,11,5.0,4,77.52,0,1,0
108.99,3,22,1.9,2,28.76,0,0,0
95.50,3,18,6.6,3,37.67,0,0,0
41.96,8,18,3.7,4,46.88,1,0,0
262.56,6,13,0.3,4,74.29,0,0,1
71.99,1,20,4.3,2,45.95,0,1,0
50.99,4,14,3.9,1,76.41,0,1,0
43.68,4,16,0.1,3,58.44,0,0,0
121.34,6,10,4.2,2,54.12,0,0,0
71.50,2,1,1.7,5,80.23,0,0,0
11.04,4,15,0.5,2,37.16,0,0,0
43.67,5,20,0.1,4,128.00,0,1,0
15.99,7,11,0.5,4,65.71,0,0,0
197.63,1,12,0.1,1,227.02,0,1,0
59.99,2,12,0.6,2,58.57,1,0,0
139.82,8,19,1.7,2,117.25,0,0,0
33.51,0,16,1.3,1,47.25,0,0,0
68.90,3,19,0.5,3,69.70,0,1,0
111.95,11,20,0.9,2,41.32,0,0,0
21.95,0,14,0.1,4,32.25,0,1,0
105.47,1,11,2.4,2,64.28,0,1,0
259.87,6,18,2.8,3,252.46,0,1,0
82.46,7,23,1.9,4,88.71,0,0,0
32.99,0,18,0.7,1,56.20,0,0,0
358.72,11,8,6.7,1,404.94,0,0,0
96.53,2,1,0.4,3,60.79,0,1,0
47.99,1,0,1.2,5,39.15,0,0,0
83.42,5,7,4.1,1,32.54,0,1,0
32.00,1,19,4.6,5,126.23,0,0,0
270.00,7,22,0.1,3,72.07,0,0,0
195.99,1,16,2.0,1,46.89,0,0,0
10.00,0,2,6.4,3,39.42,1,0,0
20.08,10,16,1.6,4,38.03,0,1,0
335.74,11,20,4.2,4,165.12,1,1,1
11.16,1,10,0.2,4,14.84,0,0,0
21.29,10,15,2.6,4,25.76,0,0,0
130.03,8,14,0.1,2,75.81,0,0,0
187.47,3,17,0.0,2,80.90,0,0,0
149.11,4,12,6.1,2,71.43,0,0,0
9.95,4,7,7.4,1,14.09,0,0,1
141.12,9,19,3.7,2,76.45,0,1,0
70.47,3,16,0.1,1,98.76,0,1,0
109.24,2,22,1.6,2,51.20,0,0,0
139.57,7,21,1.7,3,59.85,0,0,0
56.00,8,4,0.7,2,149.10,0,0,0
115.95,1,7,1.9,3,37.05,0,0,0
88.29,1,12,5.0,2,104.20,0,0,0
161.00,2,13,0.1,4,230.00,0,0,0
431.95,1,17,2.2,4,176.19,0,0,0
25.57,2,20,0.9,2,31.74,0,0,0
18.00,2,18,0.3,2,31.70,0,1,0
106.31,2,8,0.1,2,14.22,0,0,0
24.00,2,13,3.6,2,23.58,0,0,0
158.64,8,11,0.0,3,79.80,0,1,0
23.99,3,23,1.9,2,31.33,1,0,0
226.00,4,10,4.0,2,122.06,0,1,0
33.95,0,1,1.3,3,47.15,0,0,0
21.50,6,0,2.9,3,25.04,0,0,0
159.89,5,21,0.3,3,64.00,0,0,0
156.95,1,15,0.5,5,61.39,0,0,0
13.27,0,13,1.5,3,45.35,0,0,0
9.81,2,12,5.7,1,24.63,0,1,0
20.80,1,18,0.2,3,47.69,0,0,0
42.72,11,1,3.0,2,,0,0,0
80.24,2,6,0.6,4,48.07,0,0,0
184.63,0,15,0.9,4,83.95,0,1,0
51.90,1,11,0.1,1,25.90,0,0,0
65.99,9,9,7.2,4,49.59,0,0,0
44.99,5,18,2.0,3,28.79,0,0,0
40.02,5,18,0.4,4,42.28,0,1,0
53.37,0,19,0.3,1,39.22,0,0,0
40.05,10,18,2.8,2,74.68,0,0,0
30.32,0,8,2.1,1,37.25,0,1,0
22.10,4,13,0.6,2,36.17,0,0,0
191.50,10,14,0.1,2,87.64,1,0,0
128.95,7,22,9.0,4,61.15,0,0,0
110.10,2,18,0.8,2,238.06,0,0,0
1550.99,4,9,0.7,5,144.50,0,0,1
37.00,4,19,7.0,1,84.01,0,1,0
187.93,0,12,1.7,3,87.29,0,0,0
16.06,3,2,0.0,3,48.63,0,0,0
31.00,7,6,3.2,2,55.52,0,0,0
253.28,4,11,4.0,3,102.30,0,0,0
150.00,1,1,0.3,1,45.20,0,0,1
40.00,7,12,0.9,3,19.43,0,1,1
58.99,1,20,2.5,2,49.22,0,0,0
8.98,8,22,0.0,1,51.44,0,0,0
11.79,5,12,0.3,2,54.96,0,1,0
17.62,3,20,0.6,3,54.63,0,0,0
112.00,4,17,2.6,1,31.91,0,1,0
36.99,1,17,3.4,4,86.76,0,0,1
97.50,4,22,0.4,2,107.06,0,0,0
54.00,11,11,1.1,1,40.09,0,1,0
147.72,1,8,2.8,2,93.85,0,1,0
44.99,3,15,0.6,1,45.23,0,0,0
78.18,0,9,0.8,2,177.96,0,0,0
99.79,3,15,0.3,1,93.89,0,1,0
103.99,7,8,1.3,1,187.09,0,0,0
46.31,0,13,3.5,2,44.51,0,0,0
22.59,8,19,2.1,3,29.57,0,1,0
23.10,0,15,0.1,3,44.08,0,0,0
122.00,6,18,0.5,3,48.46,0,1,1
157.45,4,2,1.7,5,117.30,0,0,0
79.99,1,20,3.4,5,52.27,0,0,0
9.31,2,21,2.0,1,23.78,1,0,0
15.77,2,22,1.3,5,19.45,0,0,0
10.81,5,14,0.3,1,12.38,0,1,0
144.62,11,18,3.2,1,91.71,0,0,0
47.81,2,15,6.4,3,50.07,0,0,0
27.16,10,20,2.5,2,44.08,0,0,0
46.45,7,7,1.9,3,84.09,0,0,0
10.99,6,8,0.7,4,22.92,0,1,0
70.79,9,17,0.8,4,16.87,1,0,1
201.13,5,11,3.2,3,100.05,0,1,0
410.00,6,11,2.1,2,177.09,1,1,0
82.53,5,19,1.8,3,48.83,0,1,0
148.00,2,14,2.5,2,81.74,0,0,0
129.12,7,8,0.1,2,141.04,0,0,0
29.93,0,22,2.1,1,,0,0,0
37.09,2,4,0.2,5,30.60,0,0,0
218.99,1,21,1.9,1,91.04,0,0,0
191.00,1,0,3.0,2,52.23,0,0,1
88.13,1,16,1.5,1,78.16,0,0,1
966.99,1,8,0.8,1,128.36,0,0,0
56.55,3,14,6.5,1,114.58,0,0,1
71.50,3,20,2.5,1,103.93,0,1,0
38.70,9,8,5.0,1,36.81,0,0,0
18.26,11,11,0.4,3,39.66,0,0,0
191.00,5,11,2.8,1,83.91,0,0,0
93.77,0,18,0.6,1,81.41,0,0,0
40.78,4,15,0.3,1,83.58,1,0,0
14.00,7,17,1.2,1,26.94,0,0,0
14.00,7,17,1.2,1,26.94,0,0,0
82.50,1,12,0.0,1,42.31,0,1,0
48.99,0,14,0.5,2,143.06,0,0,0
58.16,2,19,2.8,3,22.43,0,0,0
57.52,0,19,1.7,5,70.85,0,0,0
876.99,0,10,0.3,2,192.73,0,1,1
51.74,7,22,1.7,6,40.86,0,1,0
35.29,6,18,6.1,5,71.25,0,0,0
95.83,0,10,0.1,6,53.61,0,0,0
27.00,2,9,3.4,5,42.84,0,1,0
560.00,4,22,0.2,6,130.41,0,0,1
52.41,5,16,4.2,2,36.23,0,0,0
154.74,6,18,2.7,4,78.66,0,0,0
79.98,0,16,3.0,3,136.54,0,0,0
59.95,2,17,2.1,3,109.02,1,1,1
117.24,1,13,1.8,1,40.46,0,1,0
44.08,7,21,0.2,3,63.89,0,1,0
42.00,6,18,4.2,4,22.36,0,0,0
27.33,5,8,2.8,4,35.81,0,0,0
4.95,2,11,0.3,5,32.82,0,0,0
20.00,1,13,5.2,2,19.08,1,1,0
85.38,0,20,2.7,2,38.41,0,0,0
57.27,2,9,1.8,2,58.88,0,1,0
55.00,8,1,3.2,3,107.19,0,0,0
17.99,5,12,9.3,2,40.44,0,0,0
59.53,4,11,1.0,5,67.02,0,0,0
63.57,0,16,0.5,1,48.17,0,0,0
82.00,6,14,0.1,1,76.14,0,1,0
204.75,6,19,4.0,3,140.70,0,0,0
60.06,0,12,3.3,2,53.77,0,1,0
17.86,10,14,2.3,1,37.34,0,0,0
553.65,8,17,0.2,3,100.08,0,0,0
6.95,1,21,1.6,4,25.14,0,1,0
10.38,0,15,2.6,5,19.80,0,1,0
32.68,0,19,2.2,2,69.46,1,0,0
31.35,2,18,2.2,4,28.06,0,1,0
76.50,1,12,0.0,2,83.33,0,0,0
148.99,5,0,2.7,2,91.49,0,1,0
64.89,7,13,2.9,3,82.67,0,1,0
26.43,6,10,1.5,4,40.63,1,0,0
79.99,0,16,1.3,2,76.69,0,1,0
124.00,2,18,2.4,1,40.35,0,0,0
483.99,0,20,1.5,3,161.23,1,0,0
201.99,7,8,1.0,3,75.03,0,1,1
77.99,1,18,6.1,2,193.33,0,1,0
164.00,3,12,1.0,2,73.80,0,0,0
10.93,1,20,1.0,3,14.16,0,0,0
69.38,5,15,6.1,2,73.31,0,0,0
183.31,8,11,2.2,1,78.77,0,0,0
18.99,7,10,1.2,2,17.62,0,0,0
103.99,3,19,5.1,3,59.01,0,1,0
35.19,3,23,1.6,4,156.74,0,0,0
22.59,1,11,3.6,1,21.25,0,1,0
173.46,11,14,3.3,1,29.23,1,1,1
171.81,1,14,6.3,3,180.56,0,0,0
24.32,3,20,1.5,3,59.35,0,0,0
278.25,1,8,3.7,2,145.96,0,0,0
28.99,3,17,0.5,2,,0,0,0
36.15,5,12,4.5,2,30.41,0,1,0
54.99,9,14,0.5,4,137.93,0,0,0
62.60,1,8,8.9,2,24.02,0,1,0
66.82,4,18,2.1,2,76.15,0,0,0
18.77,4,11,4.4,3,57.25,0,0,0
39.21,2,0,0.0,6,46.05,0,0,0
27.00,1,12,1.6,5,63.43,0,1,0
34.71,4,16,1.0,3,97.54,0,0,0
108.97,1,8,4.3,1,70.75,0,1,0
609.55,0,19,1.9,2,91.44,0,0,0
30.59,4,11,0.0,3,74.25,0,1,0
23.00,6,12,7.6,2,93.48,0,0,0
70.72,1,12,1.8,2,81.73,1,0,0
266.99,2,8,2.1,5,80.71,0,0,0
59.99,4,19,1.1,4,34.44,0,0,0
8.33,0,1,5.4,1,37.10,0,0,0
26.14,7,17,0.5,3,49.04,0,0,0
78.48,4,16,1.2,3,33.20,0,0,0
81.91,7,2,4.2,2,94.57,0,0,0
44.73,4,9,5.1,4,139.09,0,0,0
983.95,0,16,2.6,2,188.88,0,1,1
48.73,7,9,3.8,2,31.27,0,1,0
147.69,1,10,1.2,2,168.06,1,0,0
32.55,2,10,3.2,1,43.01,0,1,0
74.09,4,17,2.4,5,92.23,0,1,0
40.98,1,10,0.6,4,32.90,0,1,0
13.00,0,22,1.1,2,43.30,0,0,0
97.85,2,18,0.1,1,115.57,0,0,0
61.50,0,9,3.9,2,55.95,0,1,0
9.99,4,13,5.0,4,21.70,0,0,0
126.83,2,17,1.3,2,63.45,0,1,0
221.99,3,6,0.8,7,177.13,0,0,0
218.99,3,19,1.3,4,97.12,0,0,0
2.84,11,13,2.3,2,15.42,0,0,0
35.00,4,16,4.2,4,34.99,0,0,1
95.89,6,20,3.9,2,45.46,0,0,0
94.92,0,12,5.0,3,40.14,0,1,0
27.17,8,18,5.3,2,43.57,0,0,0
49.65,9,17,0.6,1,43.70,0,0,0
68.28,0,16,5.5,3,20.77,0,0,0
115.34,2,13,3.4,3,89.72,0,0,0
900.50,11,10,0.6,1,201.19,0,0,0
22.55,8,23,1.9,5,50.83,0,0,0
18.00,8,11,2.5,2,24.71,0,0,0
37.90,2,9,1.7,2,19.48,0,0,0
156.59,5,23,0.5,1,54.14,1,1,1
172.67,1,20,0.3,2,85.35,0,1,0
32.32,3,12,3.2,3,27.45,0,0,0
102.00,1,20,2.0,6,63.43,0,0,0
58.50,10,15,1.6,2,40.22,0,0,0
38.22,7,21,3.2,6,103.31,0,0,0
96.00,2,12,0.4,4,24.38,1,0,1
63.03,5,23,2.1,3,77.31,0,0,0
78.47,6,21,3.9,3,96.92,0,1,0
84.80,3,14,0.6,2,118.45,0,1,0
212.06,8,0,4.4,2,167.04,0,1,0
42.00,4,15,3.4,4,159.36,1,1,0
122.95,3,13,2.5,1,62.15,0,1,0
124.75,0,18,2.7,3,71.41,1,0,0
53.99,9,11,6.2,5,36.05,1,1,1
27.70,3,12,0.2,4,21.72,0,0,0
13.25,3,10,1.9,4,24.37,0,0,0
130.73,1,15,3.5,3,73.52,1,0,0
132.35,2,13,2.6,5,123.89,0,0,0
28.99,6,21,2.0,2,79.13,0,0,0
26.00,0,10,1.4,1,208.20,0,1,0
96.00,4,16,0.1,4,56.13,0,1,0
96.00,4,16,0.1,4,56.13,0,1,0
33.94,1,10,2.8,1,25.74,0,1,0
90.95,2,12,4.9,2,64.17,0,0,0
25.00,8,13,0.7,1,45.28,0,0,0
642.91,0,8,2.6,2,241.66,0,0,0
26.00,9,11,1.7,5,33.34,0,0,0
152.33,2,7,0.1,1,208.35,0,0,0
15.00,7,21,3.3,1,69.51,0,1,0
34.85,7,10,0.5,4,73.18,0,0,0
33.99,2,3,0.0,1,33.82,0,0,0
7.00,6,14,1.6,1,8.14,0,0,0
206.92,3,16,0.5,4,144.50,0,0,0
52.95,7,21,1.4,3,27.49,0,1,1
33.00,0,6,6.2,3,141.64,0,1,0
142.43,7,22,5.1,3,61.61,0,0,0
31.57,10,20,1.1,2,41.72,0,0,0
8.95,4,17,0.5,3,33.76,0,1,0
8.95,4,17,0.5,3,33.76,0,1,0
42.00,3,8,0.7,3,40.99,0,1,0
13.84,1,19,2.4,5,56.06,0,0,0
148.32,1,9,1.9,3,53.73,0,0,0
69.00,11,20,0.3,1,41.78,0,0,0
24.50,7,17,1.5,2,85.73,0,1,0
82.00,0,14,0.9,3,84.88,0,1,0
31.19,8,13,0.4,3,25.61,0,0,0
104.86,8,22,7.5,3,25.25,0,0,0
187.17,10,7,7.3,1,120.72,0,0,0
77.54,0,10,5.0,3,37.20,0,0,0
191.69,6,20,0.8,3,96.25,0,0,0
10.84,3,15,2.9,2,42.40,0,1,0
7.48,0,11,4.2,1,14.10,0,0,0
80.95,1,14,3.3,2,44.73,0,0,0
54.10,5,9,2.0,4,38.38,0,0,0
109.77,11,19,2.6,2,93.72,0,0,0
436.00,10,15,1.0,3,221.74,0,0,0
16.17,11,11,1.9,3,82.27,0,1,0
50.23,3,9,1.7,2,30.41,0,1,1
173.99,8,14,5.2,4,38.53,0,0,0
24.00,3,9,2.6,4,32.78,0,0,0
139.31,1,9,0.7,2,142.92,0,0,0
56.99,1,22,1.8,2,19.54,0,0,0
145.41,5,0,0.3,3,123.15,0,0,0
137.00,2,11,5.3,2,364.84,0,0,0
122.00,10,14,4.9,1,62.85,0,0,0
134.00,4,15,1.0,2,69.40,0,0,0
65.99,1,15,0.3,2,47.43,0,0,0
105.71,8,16,2.0,2,131.20,0,1,0
366.99,10,9,1.8,2,63.48,0,1,1
67.99,0,12,4.8,3,73.93,0,0,0
27.61,4,0,2.2,2,36.57,0,1,0
63.51,1,20,0.1,2,100.95,0,0,0
144.09,11,8,2.5,2,48.24,0,1,0
135.46,1,18,0.7,2,112.78,0,1,0
33.91,8,13,1.9,3,30.50,1,0,0
33.71,1,19,0.7,3,100.58,0,0,0
17.79,10,16,7.7,4,35.21,0,1,0
124.22,0,9,6.5,4,70.74,0,1,0
81.63,6,20,0.4,6,35.69,0,1,0
74.00,3,5,1.1,3,82.57,0,1,0
67.50,11,17,0.9,1,102.25,0,0,0
176.37,3,2,1.6,2,77.79,0,0,0
112.08,2,18,1.7,1,41.35,1,0,0
49.07,5,15,1.2,1,122.80,0,0,0
150.13,5,14,4.0,2,69.17,0,0,0
205.99,0,14,3.8,2,164.78,0,1,0
39.53,7,11,1.5,4,40.53,1,0,0
15.56,0,19,2.0,1,41.33,1,1,0
25.03,2,16,8.9,4,18.86,0,0,0
30.00,3,7,0.2,2,85.17,0,1,0
8.63,2,22,1.3,3,28.58,0,0,0
90.16,1,2,0.3,1,78.56,0,0,0
167.65,1,19,1.5,3,154.80,0,0,0
30.89,5,23,7.6,3,53.63,0,0,0
50.99,10,10,3.0,1,100.82,0,0,0
90.00,9,12,0.0,2,47.53,0,0,0
51.44,6,15,3.5,2,30.48,0,0,0
83.99,0,12,3.5,3,37.91,0,0,0
7.00,7,11,8.7,3,24.08,0,1,0
12.99,4,18,7.8,1,29.34,0,1,0
76.99,4,18,3.7,3,91.09,0,1,0
90.27,5,19,6.8,1,58.48,0,1,0
82.50,1,13,6.7,2,66.45,0,0,0
3.77,2,10,2.5,4,14.16,0,1,0
42.00,9,2,0.1,1,102.51,0,0,0
31.07,3,16,5.4,3,75.45,0,1,0
44.59,3,9,3.1,2,62.40,0,0,0
165.78,6,19,0.1,3,67.46,0,0,0
85.92,2,15,0.5,3,61.37,0,1,0
22.73,6,17,1.5,4,38.00,0,0,0
20.62,9,3,2.8,3,13.60,0,0,0
138.48,3,13,0.6,2,182.60,0,0,0
208.23,4,19,3.0,1,29.09,0,1,1
124.95,10,8,1.3,2,48.35,0,0,0
110.45,7,0,1.8,4,45.32,0,1,1
215.07,4,23,5.4,5,79.11,1,1,1
187.75,6,12,1.7,4,82.45,1,1,1
5.50,5,14,1.9,1,12.21,0,0,0
72.05,6,1,0.1,2,102.89,0,1,0
24.18,7,9,0.7,1,65.77,1,0,0
38.07,9,15,0.8,4,31.78,0,0,0
28.72,6,15,3.9,2,50.06,0,0,0
1.00,11,16,0.6,2,7.78,0,0,0
89.48,0,20,0.2,2,46.35,0,1,0
89.90,0,21,0.1,2,60.40,0,0,0
106.50,7,22,1.9,3,30.99,0,1,0
111.08,3,16,0.2,2,75.17,0,0,0
92.00,0,0,3.0,5,57.81,0,1,0
233.26,11,2,2.2,4,63.90,0,0,0
16.50,5,16,0.6,3,100.35,0,0,0
13.47,6,7,1.4,1,39.44,0,1,0
70.95,9,14,2.5,2,66.21,0,1,0
155.92,3,14,2.8,3,264.81,1,1,1
59.50,7,19,6.5,3,62.76,0,1,0
10.31,7,11,1.8,4,39.86,0,0,0
38.51,4,6,2.4,1,50.28,0,0,0
15.99,5,15,2.2,5,21.03,0,1,0
36.00,3,20,1.3,1,23.31,0,0,0
22.92,2,11,1.3,4,25.90,0,1,0
331.99,2,19,0.5,2,82.06,0,0,0
87.00,1,20,5.8,2,99.63,0,0,0
133.27,3,9,0.6,3,58.14,0,1,0
476.45,1,14,0.0,4,124.69,0,1,0
55.87,2,15,3.6,4,52.91,0,1,0
21.95,0,23,2.5,2,67.29,0,0,0
47.09,11,15,1.3,2,25.94,0,0,0
10.32,8,20,0.9,5,34.52,0,1,0
34.85,1,11,1.8,4,54.78,0,1,0
103.00,7,10,2.8,2,81.09,0,0,0
29.02,6,14,6.9,1,23.52,0,0,0
116.00,4,9,0.0,3,110.69,0,0,0
70.43,6,9,4.2,2,57.61,1,1,1
37.73,5,12,0.9,1,45.29,0,0,0
37.73,5,12,0.9,1,45.29,0,0,0
264.47,0,7,0.1,3,211.92,0,1,0
16.93,8,8,0.8,4,24.88,1,0,0
16.83,11,11,2.9,2,45.49,0,0,0
49.76,1,19,0.3,3,62.02,1,1,1
249.81,0,14,4.1,2,,0,1,0
82.09,7,2,1.1,3,194.73,0,0,0
63.99,5,17,4.6,4,18.94,0,0,0
39.91,6,19,0.4,3,101.47,0,1,0
27.99,5,23,2.2,2,31.61,0,0,0
106.50,1,17,0.7,2,82.71,0,1,0
82.99,0,13,2.1,6,83.53,0,0,0
8.50,0,11,3.3,3,21.50,0,0,0
339.99,8,22,4.8,1,70.29,0,0,0
85.63,7,17,0.7,2,78.16,0,0,0
26.46,9,1,0.9,3,26.22,0,0,0
88.64,5,9,3.9,1,75.97,0,1,0
105.97,8,2,1.5,1,47.51,0,1,0
255.02,9,20,0.9,1,182.31,0,0,0
31.99,2,23,4.9,4,28.31,0,1,0
7.95,10,7,2.6,2,17.48,0,0,0
10.00,0,17,0.7,1,,0,1,0
171.00,2,20,0.6,5,103.06,0,0,0
73.29,6,21,2.1,1,46.93,0,0,0
130.00,7,16,3.5,2,163.19,0,0,0
33.51,6,5,1.3,4,48.62,0,0,0
47.00,10,19,1.2,2,36.73,0,0,0
154.53,0,17,0.4,1,33.25,0,0,0
10.47,4,18,0.7,3,44.66,0,1,0
12.00,6,10,2.6,2,22.91,0,0,0
38.00,0,20,0.4,2,27.50,0,1,0
55.99,11,18,0.3,3,58.49,0,1,0
36.58,4,21,2.5,2,33.32,0,1,0
24.00,1,10,0.4,4,56.73,1,0,0
584.99,10,15,0.4,1,93.81,0,1,1
32.21,5,6,1.0,3,26.38,1,1,1
100.91,1,20,4.8,6,71.29,0,1,0
6.50,0,19,0.2,2,33.74,0,0,0
29.37,0,12,0.8,6,22.85,0,0,0
7.95,4,17,3.1,5,18.89,0,1,0
75.32,6,2,6.9,6,101.40,0,0,0
39.11,0,5,1.5,2,54.02,0,1,0
79.52,8,10,1.2,6,31.81,0,0,0
8.62,11,16,3.3,3,34.69,0,0,0
183.99,8,18,1.1,4,122.76,0,1,0
22.99,1,9,0.1,1,24.75,0,0,0
30.00,1,17,0.2,3,44.77,0,1,0
213.00,4,18,3.8,1,114.09,0,0,0
88.00,7,10,2.1,2,103.96,0,0,0
47.99,8,18,0.4,1,50.78,0,0,0
41.73,0,14,2.4,3,36.13,0,1,0
114.99,3,20,3.0,7,119.69,0,0,0
69.64,2,23,0.9,1,73.68,0,0,0
354.09,11,15,0.9,3,179.35,0,0,0
362.48,9,7,1.9,4,136.00,1,0,1
36.34,1,7,2.4,4,59.64,0,0,0
27.36,3,12,2.9,1,96.94,0,1,0
113.00,8,11,8.3,1,105.09,0,0,0
179.69,0,15,6.5,1,46.84,0,0,0
151.74,5,9,0.1,1,110.96,0,1,0
195.50,5,11,0.2,1,235.53,0,0,0
43.95,0,12,2.9,2,95.33,0,1,0
24.00,1,14,0.3,4,103.54,1,0,0
111.81,3,16,0.4,4,56.05,0,0,0
62.87,8,15,0.3,3,79.00,0,0,0
62.87,8,15,0.3,3,79.00,0,0,0
119.68,8,12,0.1,2,155.15,0,0,0
98.95,4,21,2.4,2,74.86,0,1,0
7.00,0,19,3.0,1,17.15,0,1,0
56.00,8,10,1.4,4,38.40,1,1,1
126.17,0,21,0.3,4,87.01,0,0,1
73.99,2,10,1.1,3,120.51,0,0,0
10.55,2,16,1.4,4,30.01,0,0,0
60.99,6,15,0.4,1,65.26,0,0,0
128.84,4,12,0.6,3,85.25,0,1,0
203.00,5,16,2.5,2,97.34,0,0,0
22.56,1,13,0.9,2,24.17,0,1,0
31.29,4,14,0.1,3,54.16,0,0,0
22.00,6,11,1.8,1,27.98,0,0,0
36.71,6,12,0.5,2,29.52,0,0,0
39.57,0,2,0.1,5,28.56,1,0,1
114.11,6,23,0.2,1,62.28,0,0,0
10.99,8,4,1.4,2,61.33,0,1,0
28.21,4,8,1.1,2,46.11,1,0,0
32.00,10,21,6.9,3,118.05,0,0,0
33.48,4,16,11.4,2,51.68,0,1,0
28.00,9,19,0.4,4,70.93,0,0,0
84.00,11,13,0.9,1,71.50,0,0,0
118.94,7,17,0.4,2,52.08,0,1,1
497.69,1,20,0.4,3,60.89,0,0,1
29.88,10,16,0.5,3,49.20,0,1,0
61.51,7,17,1.5,1,152.91,0,0,0
48.12,6,15,0.7,3,46.48,0,0,0
159.61,2,17,4.8,1,108.60,0,0,0
402.13,3,17,1.5,2,125.32,0,0,0
36.40,6,0,0.9,1,17.37,0,0,0
315.00,6,16,2.3,2,104.24,0,1,0
39.50,8,15,0.3,4,57.78,0,0,0
61.28,9,19,2.3,3,34.14,0,0,0
379.11,2,18,2.3,3,117.32,0,1,0
21.00,6,15,3.4,4,31.22,0,0,0
103.72,7,20,2.8,1,43.58,0,0,0
142.00,0,7,2.4,4,44.25,0,0,0
67.23,4,8,4.2,1,55.71,0,1,0
52.99,5,12,1.1,2,46.75,0,0,0
192.15,11,10,4.0,2,80.93,0,0,0
24.21,6,16,0.6,2,149.45,0,0,0
20.71,8,10,3.0,3,21.70,0,1,0
502.88,5,10,0.4,3,66.19,0,0,1
138.16,1,15,0.0,1,55.26,0,1,0
38.46,9,19,0.1,3,39.23,0,0,0
824.17,9,15,2.1,2,195.77,0,0,0
57.05,8,14,0.1,2,75.48,0,0,0
66.37,4,7,2.4,3,60.63,0,0,0
25.99,4,19,0.0,3,33.52,0,0,0
89.07,7,11,0.0,3,105.61,0,0,0
72.99,6,20,0.9,1,121.31,0,1,0
40.03,3,13,4.4,4,37.62,0,0,0
58.99,4,16,5.8,2,41.67,0,0,0
93.80,5,19,7.0,5,69.31,0,0,0
119.00,7,13,3.4,3,32.30,0,0,0
40.01,3,22,0.5,2,78.10,0,0,0
139.33,0,10,0.4,3,185.14,0,0,0
70.49,4,21,0.8,3,34.37,0,0,0
141.18,3,16,4.6,5,41.95,0,0,0
137.98,1,13,2.7,3,107.19,0,0,0
62.63,6,17,2.8,4,103.39,0,0,0
134.46,8,9,0.1,4,153.70,0,1,0
13.01,2,17,2.7,5,17.68,1,0,0
46.58,4,16,1.2,2,48.69,0,1,0
286.23,7,14,0.8,1,128.60,0,1,0
30.61,1,17,2.9,2,36.82,0,0,0
11.74,1,16,5.4,3,71.89,0,0,0
42.81,9,4,0.4,4,72.67,0,1,0
42.81,9,4,0.4,4,72.67,0,1,0
30.15,2,13,3.9,3,80.67,0,1,0
168.23,3,12,1.5,4,53.56,0,1,0
60.00,4,12,0.2,2,57.13,0,1,0
19.00,10,20,0.6,1,128.01,0,1,0
104.00,3,23,1.9,3,61.19,0,0,0
6.61,3,15,1.1,2,19.81,0,0,0
17.68,0,17,3.8,1,14.58,0,0,0
142.74,0,6,1.9,1,202.27,0,0,0
74.34,5,12,0.9,5,66.46,0,0,0
69.96,3,14,0.2,1,97.62,1,0,0
80.00,8,0,5.4,2,106.18,0,1,0
74.95,6,22,0.9,2,42.43,0,0,0
238.99,6,12,4.5,1,100.48,0,0,0
15.02,8,8,1.8,4,41.15,0,0,0
624.27,4,9,0.2,1,106.61,0,1,1
21.84,3,10,0.7,2,38.95,0,0,0
202.88,1,15,5.1,2,55.28,0,1,0
50.49,5,11,2.4,3,76.38,1,1,1
35.71,1,4,2.9,2,44.23,0,0,0
42.78,1,16,0.6,1,37.84,0,1,0
13.91,4,11,1.1,1,53.46,0,1,0
53.00,3,22,2.3,4,77.53,0,0,0
36.01,1,8,3.8,6,27.70,0,0,0
229.99,0,19,9.9,2,130.10,0,1,0
140.02,5,20,2.5,4,175.77,0,1,0
42.00,0,9,4.5,4,85.02,0,0,0
224.35,3,13,0.1,6,163.45,0,0,0
283.00,8,11,0.8,4,77.24,0,1,1
104.57,9,18,5.5,3,43.25,0,1,1
24.99,8,19,2.5,2,43.36,0,1,0
12.00,8,19,0.1,2,75.83,0,1,0
145.29,1,13,3.1,3,67.91,0,0,0
918.83,11,17,6.2,4,326.74,0,0,0
239.00,7,12,4.2,1,67.47,1,1,1
309.81,6,13,0.6,6,47.38,0,0,1
23.72,2,20,3.3,5,24.16,0,0,0
177.00,8,17,0.9,2,140.19,0,0,0
20.92,8,14,0.4,2,55.30,0,0,0
643.47,5,12,1.3,1,134.00,0,1,0
18.59,2,0,2.9,2,36.16,0,0,0
14.99,3,15,0.2,2,37.25,0,0,0
47.82,8,9,5.3,2,60.69,0,0,0
608.00,0,20,4.0,2,86.56,0,0,0
17.99,8,10,3.6,2,25.47,0,0,0
218.31,7,9,12.1,4,97.85,0,1,0
154.00,0,10,2.2,2,52.96,0,1,0
36.34,5,22,0.8,4,38.40,0,1,0
8.24,4,17,6.4,3,26.20,0,0,0
66.00,1,11,0.7,1,35.62,0,0,0
162.99,8,9,0.6,2,81.06,0,0,0
28.95,3,11,1.3,4,21.37,0,0,0
117.79,3,11,0.0,7,50.87,0,0,0
9.99,0,6,2.4,1,23.61,0,0,0
5.99,5,21,0.2,3,24.17,0,1,0
7.55,1,20,0.0,3,29.33,0,0,0
60.50,7,14,0.7,2,33.84,0,1,0
90.26,0,20,5.6,4,87.22,0,1,0
79.69,11,12,1.1,3,48.95,0,1,0
36.93,5,14,1.2,2,40.80,0,0,0
63.99,5,11,1.4,2,32.48,1,0,1
94.23,6,18,2.2,1,68.62,0,0,0
83.56,5,23,0.3,2,132.08,0,1,0
28.66,1,11,4.7,1,20.81,0,1,0
18.99,2,23,0.5,1,79.86,1,1,0
44.81,2,9,0.7,2,94.05,0,0,0
119.68,10,22,0.9,1,86.68,0,0,0
79.81,0,1,2.4,2,54.95,0,0,0
16.00,6,9,4.0,3,47.50,0,0,0
224.29,1,17,4.5,2,95.87,0,0,0
50.32,5,23,9.3,2,47.35,0,0,0
174.04,5,7,2.3,4,207.81,0,0,0
139.17,4,18,1.5,1,73.73,0,1,0
122.06,7,19,6.1,4,235.02,0,1,0
150.00,1,21,4.2,2,56.60,0,1,0
53.65,3,10,3.5,1,22.25,0,1,0
25.58,4,6,6.9,3,29.98,0,0,0
19.69,6,7,4.5,2,71.80,0,0,0
55.69,5,16,3.9,2,126.83,0,1,0
48.00,2,19,0.2,2,69.64,0,0,0
172.00,0,19,0.2,2,92.81,0,0,0
7.50,8,18,0.6,7,,0,0,0
639.76,11,17,4.6,4,47.18,0,0,1
33.99,6,16,1.8,4,96.88,0,1,0
19.95,1,11,0.6,2,46.34,0,0,0
3.99,2,13,0.7,4,12.10,0,1,0
21.63,1,13,2.8,1,33.72,0,0,0
11.99,5,10,2.1,5,30.37,0,0,0
365.97,1,10,0.2,1,93.47,1,0,1
68.38,2,14,0.2,4,39.62,0,0,0
37.99,5,0,1.2,2,65.05,0,0,0
15.15,0,10,3.1,1,,0,0,0
33.99,9,17,0.3,2,17.79,0,0,0
113.95,5,16,6.3,1,63.59,0,1,0
71.07,2,22,1.5,4,44.29,0,1,0
45.51,7,7,4.6,2,53.73,0,0,0
10.14,9,9,1.1,1,19.69,0,0,0
18.31,7,20,0.3,4,28.43,0,0,0
68.81,2,16,3.8,2,57.02,0,0,0
26.50,5,9,0.4,2,72.68,0,1,0
259.41,6,21,1.4,4,150.90,0,0,0
41.99,5,11,3.6,3,35.12,0,0,0
76.95,1,15,3.9,2,46.15,0,0,0
52.31,2,19,0.7,2,249.68,0,0,0
68.95,1,14,0.4,4,27.40,0,0,0
941.24,0,12,3.2,5,372.82,0,0,0
68.05,7,7,3.4,4,40.29,0,0,0
106.40,0,17,0.4,3,154.51,0,0,0
132.08,0,9,0.3,2,173.44,0,0,0
344.00,5,11,0.9,2,133.96,0,0,0
45.00,1,21,0.2,2,83.83,0,0,0
17.50,3,9,3.5,3,59.19,0,1,0
159.60,2,19,2.5,3,43.94,0,1,0
106.00,9,20,0.7,2,45.24,0,0,0
107.28,2,11,0.2,3,32.95,1,1,1
149.97,4,18,1.0,4,127.06,0,1,0
36.95,4,18,4.4,2,50.26,0,0,1
460.66,9,15,1.4,3,156.71,0,0,0
79.00,8,13,1.4,2,104.41,0,0,0
38.38,2,10,1.5,1,22.70,0,1,0
13.99,0,13,0.6,3,24.54,0,0,0
9.56,2,20,1.9,2,27.40,1,0,0
8.99,2,22,1.2,2,25.21,0,0,0
48.40,1,19,5.1,6,64.67,0,0,0
57.61,2,13,0.3,1,83.94,0,1,0
352.95,2,22,0.4,1,145.56,0,0,0
91.05,4,19,0.2,3,95.97,0,0,0
5.50,8,18,0.5,4,23.93,0,1,0
35.52,5,21,2.3,1,32.26,1,1,1
59.95,8,7,1.0,5,97.98,0,1,0
41.05,11,14,4.1,2,54.09,0,0,0
90.20,1,20,0.8,2,74.87,0,1,0
136.99,2,13,2.3,4,154.54,0,0,0
28.48,4,12,1.5,3,61.45,0,0,0
60.99,11,11,0.3,3,48.13,0,0,0
16.89,4,13,0.9,1,37.77,0,0,0
44.94,6,17,2.4,1,71.93,0,0,0
188.78,4,16,1.6,2,200.93,0,0,0
10.00,3,18,0.8,5,42.37,0,0,0
310.62,2,10,1.2,3,97.98,0,0,0
100.99,3,13,3.6,5,98.38,0,0,0
75.76,2,19,0.2,2,98.71,1,0,0
41.00,0,15,0.9,3,156.16,0,0,0
45.84,9,20,2.6,2,56.11,0,0,0
67.99,2,10,1.5,2,38.13,1,0,0
58.21,5,19,1.2,4,58.35,1,0,0
26.95,2,13,7.8,3,76.78,0,0,0
26.86,1,0,3.5,2,25.04,0,1,0
244.72,0,14,2.3,3,106.62,0,0,0
28.00,7,8,0.7,2,71.73,0,1,0
155.00,4,17,0.4,1,73.73,0,0,0
347.42,2,9,0.9,2,178.96,0,1,0
29.35,3,19,0.7,2,39.79,0,0,0
52.10,5,11,3.4,2,87.09,0,0,0
82.51,2,20,0.2,2,171.11,1,0,0
45.10,2,18,0.9,2,54.68,0,0,0
22.65,1,15,6.3,5,51.53,0,0,0
45.00,2,14,1.1,2,42.05,0,0,0
12.31,8,10,0.3,2,41.97,0,1,0
357.00,8,12,5.5,4,70.44,0,1,1
127.90,7,13,5.9,4,67.66,1,0,0
13.67,3,20,3.3,3,14.90,0,0,0
199.54,2,18,2.3,2,65.89,0,0,0
37.33,8,11,0.6,3,69.64,0,1,0
243.06,0,13,0.1,3,159.91,0,0,0
31.99,6,18,0.4,2,65.97,0,0,0
68.00,7,15,1.4,2,75.44,1,0,0
37.26,2,13,3.0,4,79.71,0,0,0
8.00,0,12,7.6,3,14.82,0,0,0
92.52,2,12,1.5,1,94.28,0,1,0
66.50,0,18,3.1,4,82.88,0,0,0
7.47,7,13,0.9,2,20.05,0,0,0
65.99,1,20,1.5,2,66.97,1,0,0
17.14,8,0,4.0,2,19.29,0,0,0
189.80,0,16,7.4,3,45.77,0,1,1
585.25,6,15,5.4,1,503.45,0,1,0
162.85,1,9,1.8,1,40.16,0,0,0
34.85,11,12,0.5,1,38.04,0,1,0
19.43,3,9,4.5,1,41.94,0,0,0
227.07,11,11,0.5,2,191.01,0,0,0
39.72,10,15,1.4,2,83.02,0,0,0
156.49,2,17,3.4,5,54.17,0,0,0
127.79,2,12,0.1,2,40.08,0,0,1
169.14,9,8,0.3,2,64.05,0,1,1
6.79,1,16,2.4,2,20.51,0,1,0
204.81,5,11,1.2,3,168.48,0,0,0
80.69,1,9,2.7,1,98.95,1,0,0
525.23,3,15,0.5,1,86.10,0,0,0
279.25,8,15,0.8,1,133.68,0,1,0
95.00,2,23,0.7,6,96.17,0,1,0
9.95,11,13,4.5,3,20.32,0,1,0
13.00,5,8,4.1,4,32.70,0,1,0
34.02,1,20,4.3,3,61.55,0,1,0
100.22,0,5,1.2,2,56.66,0,0,0
104.95,10,17,1.0,5,133.27,0,0,1
25.47,0,8,1.6,2,25.28,0,1,0
68.67,2,13,1.6,1,86.46,0,0,0
128.32,1,20,0.6,2,43.04,0,0,0
55.16,2,18,2.5,3,63.74,0,1,0
153.70,4,12,0.7,3,60.94,0,1,0
4.00,7,12,0.2,4,42.45,0,0,0
156.95,4,21,0.5,1,131.60,0,0,0
11.00,3,11,0.3,2,25.28,0,0,0
23.88,9,9,0.4,2,21.15,0,0,0
57.30,7,14,1.2,2,226.62,0,0,0
33.99,1,20,2.5,2,59.46,0,0,0
30.00,11,20,0.8,2,32.07,0,0,1
11.63,7,18,0.6,4,10.67,0,0,0
17.99,5,17,1.7,1,40.15,0,0,0
35.60,11,22,6.3,2,37.37,0,0,0
229.00,3,21,0.7,4,146.66,0,0,0
49.99,6,12,1.0,1,59.08,0,1,0
46.94,5,10,1.5,3,52.57,1,0,0
17.00,7,16,0.9,5,47.48,0,0,0
304.28,5,13,1.3,4,149.76,0,0,0
30.00,6,12,1.5,4,47.21,0,0,0
133.99,5,13,0.6,1,69.09,0,1,0
260.99,1,12,1.6,2,589.52,0,1,0
24.30,3,11,0.2,5,26.40,0,0,0
38.64,2,16,0.8,2,101.80,0,0,0
25.00,4,12,0.7,1,30.83,0,0,0
17.44,0,18,11.2,1,46.72,0,0,0
40.00,9,20,2.1,3,45.67,0,0,0
65.99,3,7,0.1,2,35.81,0,0,0
102.99,0,19,1.2,3,86.39,0,1,0
91.39,7,10,4.4,2,29.75,1,0,0
26.00,4,17,2.0,1,200.15,0,1,0
44.50,4,18,1.2,2,24.48,0,0,0
21.01,2,14,1.2,2,59.79,0,0,0
82.00,4,10,0.6,2,209.44,0,0,0
73.33,8,13,0.3,4,142.33,0,0,0
181.83,7,11,0.8,4,51.82,0,1,1
70.00,4,13,3.6,5,31.84,0,0,0
59.00,2,10,0.2,3,49.77,0,1,0
22.68,11,22,3.2,4,11.61,0,0,0
13.30,0,14,0.0,2,49.95,0,0,0
9.99,6,22,2.1,3,26.80,0,0,0
8.82,4,20,0.1,2,39.46,0,1,0
28.00,1,9,1.7,1,54.08,0,0,0
13.77,4,17,1.3,3,27.76,1,0,0
73.42,3,20,0.4,2,65.57,0,0,0
23.62,10,14,1.6,4,12.23,0,1,0
56.00,1,20,1.1,2,35.74,0,0,0
100.14,8,18,3.3,3,161.30,0,0,0
196.00,2,21,1.4,6,125.85,0,1,0
83.74,5,10,1.5,3,17.92,0,0,0
40.60,0,23,0.4,4,65.83,0,0,0
140.68,9,3,4.3,1,67.17,0,0,0
179.26,2,21,3.5,4,128.25,0,0,0
95.36,10,18,0.0,3,54.77,0,1,0
272.64,4,6,0.7,3,53.75,0,1,1
17.42,6,10,2.7,1,46.41,0,0,0
17.85,4,10,2.8,1,41.66,0,1,0
13.97,9,17,5.3,4,55.57,0,1,0
170.03,1,23,1.9,3,202.44,0,1,0
300.99,8,22,0.2,2,250.83,0,1,0
39.00,5,18,0.6,1,31.01,0,1,0
102.84,4,16,0.5,1,73.05,0,0,0
120.99,0,8,1.9,2,80.45,0,1,0
87.46,5,12,0.4,3,115.37,0,0,0
144.57,10,19,3.1,2,70.61,0,0,0
41.36,4,21,3.4,2,52.34,0,1,0
75.00,3,12,3.0,2,58.94,0,1,0
131.28,0,6,4.0,2,201.77,0,0,0
39.65,2,22,0.6,4,12.44,0,0,0
28.00,4,23,1.0,3,36.37,1,0,0
53.99,9,9,1.4,2,32.08,0,1,0
119.91,4,0,3.1,2,73.96,0,0,0
45.00,11,15,4.6,2,38.14,1,1,1
103.51,7,13,3.0,4,113.06,0,1,0
36.00,9,10,3.9,1,67.37,0,0,0
262.99,9,18,2.6,1,148.27,0,0,0
158.36,8,18,4.9,3,144.33,0,0,0
61.04,1,15,0.1,4,31.34,0,0,0
46.99,8,20,6.9,4,84.56,0,0,0
96.71,3,23,1.3,2,66.02,0,1,0
4.41,3,23,0.5,3,27.09,0,0,0
94.99,7,16,4.2,2,29.55,0,0,0
31.99,5,11,2.2,2,27.45,0,0,0
225.99,5,9,5.2,2,87.74,0,1,0
52.87,5,8,0.1,4,73.89,0,0,0
8.24,6,9,3.0,1,36.95,0,0,0
235.99,8,20,8.7,3,111.29,0,1,0
139.16,8,16,0.9,5,52.02,0,1,0
132.97,3,13,1.5,2,85.90,0,0,0
138.51,2,20,4.0,4,131.67,1,0,0
106.14,1,15,0.4,2,159.14,0,0,0
8.50,5,15,1.5,4,10.33,1,1,1
293.01,3,21,2.1,3,61.08,0,0,0
23.64,3,14,1.8,2,24.57,0,0,0
49.00,7,14,3.8,3,57.78,0,0,0
26.77,0,18,1.4,2,40.14,0,1,0
30.00,0,14,2.7,4,17.14,0,0,0
73.38,2,10,0.5,1,58.80,0,1,0
143.00,1,20,1.7,2,70.37,0,0,0
67.15,0,7,0.1,3,92.10,0,0,0
130.05,11,13,1.1,3,81.09,0,0,0
345.28,1,17,3.2,1,49.63,0,0,0
43.05,3,12,7.1,5,60.83,0,0,0
155.16,4,15,0.4,3,88.06,0,0,0
23.00,6,16,4.4,2,36.57,1,0,0
68.58,0,9,0.6,6,56.41,0,1,0
21.85,11,16,0.2,1,15.32,0,1,0
90.99,5,13,6.4,3,51.90,0,1,0
4.44,8,2,0.1,3,49.11,1,1,0
38.75,5,10,0.6,3,49.11,0,0,0
18.49,6,8,0.9,4,39.04,0,1,0
111.78,0,16,0.1,2,77.47,1,0,0
100.03,8,20,2.3,2,77.74,0,1,0
8.41,0,16,1.9,6,23.01,0,0,0
321.46,10,8,4.3,6,47.52,0,1,1
56.61,1,10,0.6,3,72.33,0,0,0
46.01,8,23,1.3,2,24.57,0,1,1
43.97,6,11,5.2,3,116.76,0,1,0
18.02,9,23,0.2,4,29.76,0,0,0
608.50,5,19,1.8,2,75.13,0,1,0
48.70,10,18,0.0,3,36.29,1,1,1
86.61,7,11,0.1,4,33.01,0,1,1
66.19,8,18,1.6,3,89.20,0,0,0
46.20,6,20,2.1,2,74.82,0,0,1
43.58,3,21,2.0,3,53.19,1,1,1
522.99,4,18,0.6,4,132.19,0,0,1
99.00,10,19,2.7,1,28.23,0,0,0
8.38,1,19,0.1,4,19.76,0,0,0
62.50,4,10,2.1,2,35.21,0,0,0
48.38,8,19,6.3,1,52.89,0,0,0
36.95,7,21,0.5,3,46.64,0,0,0
46.32,11,14,3.1,2,47.28,0,0,0
11.95,0,9,2.5,3,157.17,0,0,0
27.44,0,18,2.2,1,54.85,0,1,0
61.50,4,21,0.8,2,83.44,0,0,0
52.50,2,14,3.2,1,18.78,0,0,0
90.15,3,19,0.2,3,72.76,0,0,0
28.09,0,17,0.0,3,46.02,0,0,0
1.00,10,22,1.5,5,16.41,0,0,0
500.00,2,22,0.5,2,241.67,0,1,0
11.99,4,9,3.7,2,16.58,0,0,0
8.21,4,6,0.8,4,16.90,0,0,0
97.00,1,0,1.0,1,70.38,0,1,0
225.23,1,18,3.2,3,94.46,0,1,0
13.63,3,15,1.0,2,16.72,0,0,0
17.00,6,13,0.1,3,16.62,0,1,0
71.00,1,9,1.7,2,135.15,1,1,0
32.22,0,21,3.3,3,56.26,0,0,0
135.08,5,9,5.5,4,,0,1,0
58.99,7,7,1.4,2,133.26,0,0,0
107.03,5,10,1.0,1,60.25,0,0,0
48.81,2,11,2.0,3,31.09,0,0,0
25.99,2,20,0.7,2,140.43,0,0,0
54.46,0,18,0.5,3,149.96,0,0,0
502.74,8,16,2.3,7,40.31,0,0,1
14.50,1,13,1.6,2,20.26,1,0,0
83.00,6,18,0.8,6,47.06,0,0,0
24.00,1,16,2.4,4,34.80,0,1,0
348.39,7,9,0.4,3,221.37,0,0,0
8.53,9,17,1.4,3,28.30,0,0,0
19.79,1,20,1.7,2,21.19,0,1,0
21.84,7,8,0.1,3,40.57,0,0,0
23.76,1,4,1.3,3,31.65,0,1,0
161.00,4,21,2.1,2,150.17,0,0,0
66.71,5,16,1.4,2,108.41,0,1,0
63.30,4,18,4.3,3,44.27,0,1,0
24.41,4,11,0.3,3,63.87,0,1,0
141.46,4,17,0.7,3,73.28,0,1,0
140.00,0,14,0.3,2,34.36,0,0,0
264.00,8,15,5.4,4,145.54,0,1,0
158.10,3,9,0.9,3,101.65,0,0,0
99.65,1,22,0.9,2,38.08,0,0,0
768.00,3,17,0.7,1,253.47,1,1,1
750.70,6,15,0.7,3,75.07,0,0,1
155.31,9,20,0.2,1,76.09,0,1,0
51.99,6,13,1.2,1,81.14,0,0,0
42.73,3,14,5.8,1,76.18,0,0,0
175.99,1,10,1.5,3,95.71,0,0,0
498.43,8,17,0.8,1,191.01,0,1,0
72.28,9,12,6.3,5,56.93,0,1,0
16.80,1,18,0.3,2,87.16,0,0,0
473.00,11,6,2.9,1,164.86,0,1,0
11.99,4,18,1.0,3,36.41,0,1,0
6.00,8,14,0.8,1,14.52,0,0,0
61.99,0,9,0.5,3,96.57,1,0,0
62.21,1,12,5.0,4,71.83,0,0,0
38.00,1,18,0.4,1,55.12,0,1,0
220.65,8,17,7.9,4,71.15,0,0,0
62.18,3,12,0.2,2,49.40,0,0,0
39.22,1,3,0.4,4,44.59,0,1,0
48.50,1,11,2.0,4,51.82,0,0,0
89.99,0,21,2.9,3,62.77,0,1,0
121.50,6,12,1.7,2,65.92,1,0,0
66.86,0,15,2.3,4,45.15,0,0,0
249.72,0,14,1.3,1,29.89,0,0,0
91.62,1,12,0.3,1,82.01,0,0,0
48.99,8,12,0.5,1,80.69,0,0,0
138.89,4,19,3.7,3,29.74,1,1,1
21.67,10,19,2.0,1,84.43,0,0,0
51.23,8,9,2.6,2,65.23,0,0,0
67.00,2,0,3.1,1,39.70,0,0,0
15.71,7,17,0.3,2,27.21,1,1,1
97.82,0,11,0.1,6,136.77,0,1,0
54.84,6,9,2.6,3,36.57,1,0,0
54.38,0,14,3.0,1,96.80,0,0,0
30.30,9,10,1.6,2,75.49,1,0,0
92.22,8,12,4.5,2,73.94,0,0,0
32.28,4,9,1.7,1,53.56,0,0,0
40.99,5,9,0.3,3,55.17,0,0,0
63.70,1,12,2.2,1,50.77,1,0,0
46.14,2,13,1.3,2,96.17,0,0,0
63.99,7,2,0.4,3,60.33,0,0,0
109.00,2,0,10.4,5,55.67,0,1,0
47.03,11,11,0.9,2,153.73,0,0,0
9.13,0,2,0.8,3,33.18,0,1,0
11.60,5,0,0.3,2,75.37,0,0,0
123.32,6,18,0.3,4,99.16,0,0,0
52.00,10,18,0.5,2,37.41,0,0,0
405.81,7,9,1.2,4,90.13,0,1,1
81.00,9,22,18.9,2,53.98,0,1,0
198.50,5,8,1.2,3,44.40,0,1,1
29.01,0,13,4.3,2,42.54,0,1,0
7.14,5,13,5.5,4,93.30,0,0,0
45.99,3,15,4.8,3,65.64,0,0,0
50.42,4,21,2.4,2,83.60,0,1,0
45.95,4,15,3.3,3,25.59,0,1,0
99.99,7,18,0.7,1,41.44,0,1,0
45.69,7,12,5.9,1,83.75,0,1,0
114.00,0,11,0.8,4,47.10,0,0,0
129.16,10,11,2.3,1,99.56,0,1,0
156.95,1,10,1.4,2,88.89,0,0,0
68.48,5,18,0.3,3,142.53,0,0,0
50.51,2,12,1.6,2,57.56,0,0,0
53.99,0,13,3.6,3,35.43,1,0,0
23.65,3,13,3.6,2,142.44,0,1,0
13.99,0,2,0.2,4,32.00,0,1,0
370.00,6,18,1.1,2,47.14,0,0,1
115.93,2,8,1.4,1,77.49,0,0,0
13.95,1,14,2.7,7,47.46,0,0,0
296.22,3,18,9.5,2,97.40,0,0,0
6.97,11,14,0.3,1,29.25,0,1,0
149.00,2,11,2.9,2,53.33,0,1,0
49.90,0,10,2.4,1,50.97,1,0,0
18.86,9,17,1.8,3,26.59,0,0,0
26.18,6,7,1.5,3,76.72,0,0,0
1210.26,0,10,3.1,5,494.12,0,0,0
40.75,9,12,6.4,6,46.43,0,0,0
41.87,8,20,0.4,2,54.48,0,0,0
81.00,2,20,0.8,3,53.47,0,1,0
48.76,2,8,2.2,3,31.24,0,0,0
9.00,0,19,4.9,3,6.13,1,0,0
12.50,1,12,9.0,4,19.59,0,0,0
132.78,1,15,1.0,4,41.41,0,1,0
25.99,1,18,1.3,3,43.05,0,0,0
89.44,0,13,0.3,1,44.97,0,0,0
77.95,5,13,1.9,1,256.51,0,1,0
57.99,2,17,1.6,1,23.00,0,0,0
6.99,5,23,1.7,1,46.33,0,1,0
52.00,1,17,0.9,1,60.57,0,0,0
7.56,0,22,4.1,4,15.84,0,0,0
179.00,2,11,0.9,2,89.72,0,1,0
26.00,6,22,0.2,3,68.01,1,1,0
143.47,2,11,0.6,4,20.35,0,1,0
286.00,4,16,2.0,4,119.92,0,0,0
51.99,3,12,5.6,4,39.46,0,1,0
82.74,1,20,0.1,1,105.35,0,0,0
49.71,5,23,0.6,3,79.27,0,1,0
32.00,3,12,1.9,2,62.37,0,0,0
108.52,11,12,3.2,4,47.69,0,0,0
122.77,0,8,5.5,2,115.40,0,0,0
269.43,3,12,0.3,4,95.19,0,0,0
97.99,0,23,3.4,3,54.69,0,1,0
19.18,6,13,2.6,2,30.61,0,1,0
16.16,2,6,0.6,3,11.59,0,0,0
46.68,3,17,0.3,4,68.97,0,0,0
36.99,0,22,5.0,1,25.23,0,1,0
70.16,0,11,7.0,2,78.26,0,0,0
76.24,7,16,3.3,7,139.40,0,1,0
253.58,5,15,2.7,2,59.90,1,0,1
79.32,2,20,2.0,3,61.24,0,1,0
59.75,0,13,1.2,1,113.81,0,0,0
372.99,6,14,2.6,3,150.77,0,0,0
24.88,10,17,4.0,1,9.20,0,1,0
25.93,9,17,4.0,2,76.87,0,0,1
46.50,9,22,4.1,2,43.83,0,1,0
102.00,2,20,0.7,1,55.14,0,1,0
80.01,0,23,0.2,1,62.26,1,1,1
23.10,8,16,0.5,4,26.15,0,0,0
53.20,1,12,3.0,6,28.74,0,1,0
72.99,6,12,2.2,3,79.55,0,0,0
203.84,0,7,0.7,2,135.85,1,0,0
27.16,0,9,3.5,3,31.02,0,0,0
202.66,7,18,2.5,3,103.43,0,1,0
115.00,7,21,4.5,3,81.57,0,1,0
138.40,6,7,1.2,3,93.27,0,0,0
45.00,5,11,4.4,4,69.80,0,0,0
76.47,3,15,3.7,1,59.95,0,0,0
8.19,1,10,2.3,2,92.20,0,0,0
30.00,5,0,5.2,2,41.33,0,1,0
80.21,4,5,1.7,3,259.28,0,0,0
66.99,0,12,1.6,2,50.19,0,0,0
80.73,7,10,0.3,2,73.51,0,0,0
73.66,1,2,0.4,2,45.46,0,1,0
36.95,7,22,1.8,2,28.68,0,0,0
43.00,0,7,9.9,3,81.09,0,0,0
115.85,7,12,1.2,3,224.27,0,0,0
36.05,3,12,7.4,1,24.90,0,1,0
175.56,7,0,0.3,2,23.40,0,0,1
192.10,4,12,2.6,2,57.95,0,0,0
58.16,7,14,1.5,3,35.44,1,0,0
8.07,4,0,2.7,6,19.50,1,0,0
17.53,1,14,1.7,4,37.65,0,0,0
51.11,0,11,1.5,4,60.10,0,1,0
12.83,3,12,5.8,2,57.18,0,0,0
23.95,5,12,2.1,3,37.70,0,0,0
81.99,1,4,4.7,6,75.39,0,0,0
98.54,9,11,1.6,4,64.45,0,0,0
39.99,8,13,0.7,2,28.49,0,0,0
25.26,2,11,0.1,2,26.69,0,1,0
77.99,5,3,1.5,4,47.69,0,0,0
29.95,1,18,0.9,2,71.92,0,0,0
87.35,0,17,5.1,4,72.83,0,0,0
24.69,2,9,1.2,1,64.00,1,0,0
59.99,1,11,0.9,1,73.63,0,0,0
64.99,0,14,0.8,2,31.32,0,1,0
74.47,8,16,0.2,1,53.84,0,1,0
38.62,1,16,0.8,5,45.47,0,1,0
90.89,1,8,2.4,2,69.29,0,0,0
30.50,2,23,2.4,1,149.41,0,0,0
69.99,0,11,2.7,4,98.96,0,1,0
131.99,4,18,1.0,4,45.65,0,0,0
74.26,4,18,0.2,4,65.56,0,0,0
234.00,3,14,2.2,3,138.10,0,0,0
10.99,3,13,0.5,1,17.52,0,0,0
25.99,4,16,3.9,5,40.63,0,1,0
86.36,1,17,0.7,2,29.36,0,0,0
80.11,0,23,2.4,1,24.62,0,1,0
33.00,10,22,3.9,2,89.62,1,0,0
33.99,0,10,2.3,2,92.65,0,0,0
65.95,4,19,0.4,2,80.57,0,0,0
19.74,3,11,1.4,1,20.69,0,0,0
44.99,10,18,1.3,2,46.63,0,0,0
310.51,9,19,0.4,2,85.82,0,0,0
13.00,5,12,1.1,3,23.05,0,1,0
13.17,3,13,0.1,2,30.00,0,0,0
251.25,6,19,3.0,3,180.27,0,0,0
132.05,0,19,0.9,2,32.31,0,0,0
52.48,0,14,1.1,1,53.64,0,0,0
191.65,6,12,2.0,4,70.84,0,0,0
70.55,4,20,2.1,1,100.84,0,0,0
18.92,7,15,4.8,2,39.90,0,0,0
55.69,2,0,4.2,1,33.45,0,1,0
343.55,1,17,2.6,1,153.74,0,1,0
70.43,10,14,0.9,3,63.71,0,0,0
53.45,0,9,9.3,1,220.50,0,0,0
53.45,0,9,9.3,1,220.50,0,0,0
78.32,7,13,0.3,5,77.15,0,0,0
67.50,5,18,4.8,1,99.23,0,0,0
67.00,3,11,0.7,4,87.65,0,0,0
57.92,2,18,0.6,1,34.37,0,0,0
42.73,3,14,0.3,1,53.80,0,0,0
503.82,7,14,6.2,3,142.49,0,1,1
3.99,9,17,3.5,1,5.40,0,0,0
63.11,2,19,0.8,2,75.05,0,0,0
36.35,2,20,2.8,1,54.91,1,1,0
183.79,9,13,2.5,2,75.22,0,1,0
64.99,11,19,0.6,2,106.28,0,0,0
49.70,10,4,0.5,4,63.88,0,0,0
32.00,4,10,2.3,1,86.43,0,0,0
36.01,7,12,1.8,3,85.93,0,1,0
88.31,3,22,0.8,4,63.11,0,1,0
304.89,7,7,0.3,2,135.17,1,0,1
13.16,1,15,0.5,3,39.87,0,1,0
40.32,3,12,1.4,2,53.09,0,0,0
18.99,7,12,0.5,3,69.66,0,1,0
15.00,2,10,6.6,2,25.25,0,0,0
20.36,3,10,3.2,1,65.13,0,1,0
68.96,2,3,3.3,2,139.19,0,1,0
61.90,3,6,2.8,1,50.05,0,0,0
230.60,7,13,3.5,2,170.12,0,1,0
33.25,3,13,1.2,2,36.25,0,0,0
30.34,2,0,1.9,2,47.23,1,0,0
199.59,1,16,2.4,2,15.06,0,0,1
55.20,10,8,3.0,1,51.27,0,1,0
35.99,4,9,7.9,3,61.43,0,0,0
11.80,0,1,3.4,3,10.94,0,0,0
388.02,1,8,0.2,1,217.71,0,1,0
48.99,3,10,0.8,2,60.40,0,0,0
57.72,1,2,3.9,3,31.61,0,1,0
37.50,6,17,2.3,2,31.56,0,1,0
19.03,5,2,0.2,1,32.77,0,0,0
22.00,3,11,7.1,3,23.77,0,0,0
14.82,8,10,3.2,3,34.02,0,1,0
8.95,3,7,1.6,2,24.56,0,0,0
352.68,9,6,10.2,1,87.91,0,0,0
127.99,3,9,0.5,3,35.09,0,0,0
28.00,3,6,1.6,3,58.53,0,0,0
29.00,7,10,0.3,4,83.37,0,1,0
53.00,3,18,1.5,6,94.38,0,0,0
118.57,1,15,0.3,2,127.44,0,0,0
95.00,6,1,5.2,2,17.25,0,0,0
18.95,11,3,1.9,5,32.11,0,0,0
37.00,1,19,3.9,3,36.45,0,0,0
19.56,2,17,2.1,3,24.34,0,0,0
159.00,6,9,0.2,3,45.64,0,1,1
30.08,2,14,0.6,3,212.21,0,0,0
31.90,0,7,4.7,1,24.48,0,0,0
29.99,2,8,0.2,4,73.16,0,0,0
31.49,11,21,1.6,2,23.99,0,1,0
33.56,6,5,0.1,4,40.91,0,1,0
91.95,1,16,1.7,2,45.19,0,1,0
128.95,3,12,0.6,1,63.84,0,0,0
7.78,0,18,0.1,4,57.52,0,0,0
33.39,4,14,0.0,2,17.77,0,0,0
92.50,7,8,4.7,1,22.88,0,0,0
29.01,1,21,1.5,2,54.11,0,0,0
160.40,1,18,3.7,4,104.62,0,0,0
36.29,3,9,1.3,2,35.18,0,1,0
37.00,2,9,5.3,3,44.31,1,0,0
108.50,6,10,0.9,4,113.60,0,1,0
195.98,5,12,0.5,3,62.23,0,0,0
56.95,4,8,1.7,6,63.41,0,1,0
147.00,3,13,3.6,1,59.69,0,0,0
207.03,9,15,0.2,2,89.31,0,1,0
17.00,8,17,1.0,1,44.95,0,1,0
27.32,8,13,1.0,3,38.10,0,1,0
164.38,1,9,1.0,2,95.85,0,0,0
264.93,4,12,4.5,1,46.95,0,1,0
38.99,9,13,0.8,2,35.14,0,1,0
31.00,7,13,0.2,2,60.14,1,1,1
258.17,1,12,1.1,2,163.77,0,0,0
35.00,7,12,0.3,1,67.64,0,0,0
20.14,11,14,1.0,3,105.89,0,0,0
4.42,2,17,9.6,2,15.24,0,0,0
25.09,2,6,0.8,4,28.56,0,1,0
21.00,6,20,0.9,2,59.48,0,1,0
129.00,1,14,6.0,2,63.63,0,0,0
17.00,2,1,0.3,2,38.71,0,0,0
191.00,10,22,2.3,1,99.41,0,1,0
175.99,8,11,1.0,2,127.26,0,0,0
33.59,0,11,1.5,2,38.02,0,0,0
22.09,0,14,1.2,3,47.54,0,1,0
28.95,5,0,1.0,1,45.58,0,1,0
115.58,6,15,0.5,5,58.63,0,0,0
25.23,0,9,3.4,1,60.20,1,0,0
15.13,2,1,2.2,4,13.06,0,0,0
26.99,5,21,1.9,3,48.85,0,1,0
52.39,1,4,1.1,1,23.42,0,1,0
118.99,6,8,1.8,3,68.54,0,1,0
98.95,1,13,0.5,1,78.11,0,0,0
24.49,8,12,1.0,2,83.44,0,0,0
108.00,7,19,0.3,2,118.91,0,0,0
43.19,5,21,0.2,1,52.27,0,0,0
19.55,2,11,4.9,3,22.47,0,1,0
25.27,4,10,0.9,2,34.25,0,1,0
97.50,3,17,0.1,3,100.73,0,0,0
164.99,8,9,2.8,2,39.17,0,1,0
488.80,1,13,7.2,5,109.37,0,0,0
45.99,3,14,1.5,2,85.44,0,0,0
44.46,9,11,0.2,1,33.55,0,1,0
26.73,3,1,3.3,4,36.73,0,1,0
88.22,0,20,1.1,2,158.12,0,1,0
27.99,2,14,1.1,2,21.99,0,1,0
23.63,6,18,0.3,2,67.17,0,0,0
37.99,4,16,0.9,3,30.48,0,0,0
65.07,6,17,0.1,4,31.99,0,0,0
5.78,8,15,2.6,6,33.91,0,1,0
12.72,9,19,2.0,2,27.86,1,1,1
247.86,4,22,0.1,1,174.57,0,0,0
16.12,6,13,0.8,2,45.73,0,0,0
71.44,1,0,4.2,3,62.42,0,0,0
28.11,2,20,0.4,1,23.24,0,0,0
20.00,2,16,3.1,4,20.27,0,0,0
314.46,6,10,0.9,1,145.75,0,0,0
21.01,5,17,0.1,1,26.17,0,1,0
34.90,0,12,0.4,3,52.54,0,1,0
143.51,4,22,0.5,1,69.60,0,1,0
105.10,10,16,1.8,2,37.00,0,1,0
13.47,4,12,0.3,3,38.16,0,0,0
60.38,0,17,1.7,2,83.87,0,0,0
32.08,2,18,2.8,3,51.74,0,1,0
128.01,6,22,4.0,2,145.47,0,1,0
22.02,11,11,1.6,1,19.34,0,1,0
9.77,0,15,3.9,3,45.61,0,0,0
3.76,7,18,5.5,3,14.68,0,0,0
33.43,8,16,0.2,3,84.50,1,0,0
101.42,0,0,4.2,3,83.71,0,1,0
421.83,8,17,1.8,2,192.72,0,0,0
45.74,5,21,2.4,4,46.17,0,1,0
39.30,0,15,0.4,6,52.97,0,0,0
378.97,11,16,0.6,3,263.20,0,1,0
98.99,4,12,0.3,5,97.90,0,0,0
3.15,4,16,0.7,2,32.99,0,0,0
36.25,1,14,2.0,2,46.62,0,0,0
183.47,6,14,1.4,2,115.48,0,0,0
100.33,0,9,0.2,4,40.97,0,0,0
26.00,8,12,0.7,2,9.47,0,0,0
49.00,6,11,3.3,1,30.12,0,0,0
691.50,5,11,0.5,2,107.56,0,1,1
135.68,5,18,0.6,2,93.69,0,1,0
11.99,7,22,3.9,3,14.49,1,1,1
110.08,5,15,1.9,2,56.98,0,1,0
98.41,5,2,2.7,1,57.86,0,0,0
25.51,2,20,0.2,1,26.83,0,0,0
308.61,0,2,2.2,3,138.14,0,0,0
75.99,0,5,2.3,1,58.65,0,0,0
177.07,10,16,4.2,3,66.24,0,1,0
234.66,7,22,1.3,3,127.13,0,0,0
34.99,4,22,1.8,6,44.88,0,0,0
27.00,1,11,2.3,1,41.93,0,1,0
79.50,2,14,0.5,3,88.78,1,1,1
28.50,3,14,9.0,2,71.76,0,1,0
12.74,4,9,3.8,2,101.96,0,0,0
56.35,8,9,1.7,2,109.62,0,0,0
1526.00,0,19,1.7,2,259.29,0,0,0
96.99,3,18,0.2,3,23.75,0,1,1
63.92,10,14,0.2,2,109.86,0,0,0
88.77,4,7,1.1,2,55.83,0,0,0
37.00,8,23,2.1,2,34.20,0,1,0
49.56,1,15,0.1,7,110.90,0,0,0
101.60,7,2,2.0,4,44.43,0,1,1
115.49,4,13,0.6,5,63.32,0,0,0
134.62,1,7,0.0,1,70.66,0,0,0
37.64,5,18,3.6,3,45.16,0,0,0
44.65,2,13,1.1,3,32.19,0,0,0
128.99,4,17,2.4,2,59.30,0,0,0
308.47,3,14,11.1,2,175.66,0,0,0
80.63,3,17,1.1,4,48.05,1,0,0
16.00,6,8,0.4,4,50.82,0,1,0
295.16,4,16,3.0,1,142.59,0,0,0
46.00,5,20,0.4,3,73.46,0,0,0
133.13,2,18,1.0,2,97.33,0,0,0
29.00,4,23,3.2,4,37.52,0,0,0
57.00,1,17,7.8,2,163.01,0,0,0
15.59,5,12,1.3,2,19.96,0,0,0
223.66,6,22,4.9,1,70.26,0,0,0
62.19,7,16,4.7,4,58.70,0,0,0
31.17,1,18,1.0,3,33.26,0,1,0
91.99,8,10,2.7,1,97.49,0,0,0
26.00,4,9,0.1,2,101.83,0,1,0
40.16,2,15,0.4,2,88.88,0,0,0
169.82,7,9,0.0,1,62.99,0,0,0
301.99,3,20,2.5,2,84.39,0,1,0
408.63,2,5,0.5,2,172.21,0,1,0
55.65,1,13,4.1,3,46.29,0,0,0
26.56,3,10,1.5,1,26.50,0,1,0
15.80,4,14,2.2,1,200.95,0,0,0
276.50,0,14,1.9,1,108.10,0,1,0
24.95,2,18,2.4,4,36.19,0,0,0
70.19,1,6,0.2,1,35.27,0,1,0
46.46,7,17,3.9,5,64.17,0,1,1
76.58,3,14,2.8,3,42.93,0,1,0
194.53,7,12,1.4,1,78.21,0,1,0
54.95,7,9,1.3,5,81.36,0,1,0
52.50,2,21,2.3,3,57.15,0,0,0
54.00,9,20,0.5,2,21.64,0,0,0
156.33,4,14,0.8,1,130.03,0,1,0
37.00,0,16,1.2,3,39.91,0,1,0
87.53,11,14,3.8,3,62.84,0,0,0
95.92,0,17,2.4,3,50.51,0,0,0
143.50,1,21,0.6,3,55.83,0,0,0
142.95,2,11,3.8,2,143.87,0,0,0
37.24,7,11,2.8,5,92.73,0,0,0
14.06,3,20,2.6,1,35.00,0,1,0
26.40,0,18,0.7,2,29.72,0,0,0
57.95,3,15,0.9,2,168.81,0,0,0
26.71,6,19,4.1,2,96.75,0,0,0
8.16,6,20,4.3,1,33.51,0,1,0
68.18,8,18,6.2,3,148.08,0,1,0
157.95,7,12,5.0,3,138.37,0,0,0
74.90,2,23,1.8,4,54.75,0,0,0
103.00,2,5,0.8,4,56.28,0,1,1
12.80,10,4,1.1,5,43.37,0,1,0
35.11,6,11,0.9,1,57.83,0,1,0
34.90,3,20,1.0,2,31.57,0,0,0
78.68,2,21,4.1,3,90.20,0,0,0
49.99,7,16,0.2,1,32.55,0,0,0
117.26,6,22,0.4,1,48.46,0,0,0
273.97,11,21,1.0,4,100.99,1,1,1
25.00,6,17,0.2,4,44.40,0,0,0
14.74,1,17,3.9,1,27.30,0,1,0
12.99,1,15,1.0,3,20.49,0,0,0
22.09,8,10,1.6,3,46.53,0,1,0
48.21,0,10,0.8,2,154.84,0,0,0
19.45,4,9,0.8,2,,0,0,0
15.00,2,19,1.2,2,32.83,0,0,0
60.00,1,13,0.1,2,75.18,0,1,0
113.05,7,14,3.2,4,79.37,0,1,0
58.50,8,23,1.4,1,59.85,0,0,0
241.25,0,9,0.2,2,,0,0,0
74.45,5,13,0.1,4,79.78,0,0,0
5.40,8,14,5.2,2,50.86,0,0,0
64.04,6,15,1.2,3,77.57,0,1,0
100.31,3,7,3.3,1,64.42,0,0,0
368.07,3,17,0.7,3,129.45,0,1,0
15.99,3,1,3.7,5,24.63,0,1,0
19.28,5,14,0.4,5,21.13,0,0,0
21.30,8,8,1.2,4,19.29,0,0,0
17.79,4,13,0.3,3,87.01,0,0,0
8.91,3,3,2.6,3,18.26,0,0,0
112.20,7,9,0.9,2,55.87,0,1,0
39.05,4,18,0.0,1,23.43,0,0,0
36.33,1,4,0.5,2,83.66,0,1,0
29.02,1,10,3.4,3,29.21,0,1,0
69.55,5,23,3.7,8,57.79,0,0,0
67.81,0,10,0.2,2,81.80,0,0,0
58.68,8,17,2.4,2,131.90,0,0,0
467.14,8,22,0.6,4,94.86,0,1,1
6.13,5,23,1.7,2,15.01,0,1,0
12.75,4,21,0.2,4,38.87,0,1,0
49.16,3,16,2.3,5,136.32,0,0,0
32.44,3,16,0.5,5,53.69,0,0,0
163.00,2,10,0.4,3,112.00,0,0,0
46.00,4,3,5.5,3,55.68,0,0,0
47.00,1,14,1.8,6,12.56,0,0,0
322.99,0,17,3.9,4,42.00,0,1,1
87.68,2,6,1.7,2,121.46,0,1,0
12.00,6,13,2.1,6,31.04,0,1,0
107.99,1,12,0.2,2,106.25,0,0,0
26.00,1,15,8.3,2,23.81,0,0,0
82.99,8,15,4.6,3,54.44,0,0,0
116.36,9,9,0.0,2,274.05,1,0,0
96.99,6,21,1.8,2,67.17,0,1,0
102.18,0,12,1.0,3,81.92,0,0,0
26.32,5,18,6.4,3,,0,0,0
155.05,7,20,0.4,2,73.29,0,0,0
37.99,0,10,3.4,3,21.69,0,0,0
45.10,5,8,2.1,2,27.60,1,0,0
20.66,6,15,0.1,2,20.75,0,1,0
23.00,5,20,1.1,3,39.69,0,0,0
20.99,2,13,1.0,3,43.57,0,0,0
43.37,7,9,3.5,1,26.81,0,0,0
48.83,2,2,2.2,2,52.06,0,0,0
95.00,0,21,0.8,5,140.97,0,0,0
21.60,2,18,0.6,1,52.79,0,0,0
34.00,2,22,0.2,2,61.14,0,0,0
332.95,0,10,4.2,2,122.72,0,0,0
88.00,9,19,1.1,3,127.54,0,1,0
47.00,2,8,3.6,1,34.93,1,0,0
45.25,11,18,3.0,2,77.11,0,0,0
17.00,0,16,3.1,3,39.43,0,1,0
59.99,7,15,6.4,3,52.01,1,0,0
6.10,0,8,0.1,4,12.67,0,1,0
23.43,7,20,1.7,1,53.44,0,0,0
44.22,1,14,3.4,2,72.34,0,1,0
334.30,3,11,1.4,2,103.29,0,0,0
39.58,7,16,1.1,2,85.80,0,0,0
28.99,3,19,2.3,3,33.49,0,1,0
86.00,3,16,6.6,3,27.25,0,1,0
22.43,4,17,1.2,3,19.90,0,0,0
39.28,4,14,0.3,3,50.04,0,0,0
56.00,1,19,0.8,5,72.02,0,0,0
63.73,0,13,1.2,3,23.52,0,0,0
34.92,3,11,1.0,3,42.52,0,0,0
92.42,2,16,3.5,4,65.63,0,0,0
107.95,1,12,1.8,2,123.99,0,1,0
28.37,1,9,1.1,2,84.25,0,0,0
24.99,1,11,0.1,1,51.58,0,1,0
57.00,0,13,0.7,3,58.01,0,1,0
68.99,4,0,0.5,1,40.91,0,0,0
68.01,0,10,0.3,3,132.27,0,1,0
9.00,1,17,1.7,3,9.26,1,0,0
149.21,8,15,1.2,3,176.29,0,0,0
75.03,8,12,1.8,1,44.57,0,0,0
13.64,4,13,0.9,1,28.29,0,1,0
5.99,9,12,0.8,6,23.01,0,0,0
50.83,3,19,0.7,2,49.45,1,0,0
615.03,2,7,2.3,5,120.04,0,0,0
14.25,5,8,3.1,1,64.14,0,1,0
21.66,0,21,0.8,4,100.56,0,0,0
2.00,1,14,3.7,2,10.22,0,0,0
132.17,5,19,3.8,3,46.68,0,1,0
5.33,4,14,0.0,4,25.93,0,1,0
24.04,1,19,8.6,3,105.47,0,0,0
41.44,7,20,2.7,4,51.92,0,1,0
15.17,1,10,0.0,1,19.71,0,1,0
145.34,4,16,0.3,3,74.34,0,0,0
296.50,0,11,2.6,3,149.36,0,1,0
20.09,6,10,1.6,3,18.33,0,0,0
102.99,0,12,0.5,4,122.83,0,0,0
23.00,0,23,0.8,2,31.39,0,0,0
73.02,5,15,3.4,3,48.38,0,1,0
19.00,3,7,2.1,2,62.71,0,1,0
13.00,0,15,0.8,4,43.46,0,1,0
29.95,3,17,1.0,2,66.98,0,1,0
48.00,5,17,4.0,3,73.35,1,0,0
52.35,5,10,0.6,2,48.90,0,1,0
14.47,2,20,0.2,5,32.61,0,0,0
123.30,4,9,0.1,4,106.55,1,0,0
144.59,0,10,1.1,3,77.80,0,1,0
16.16,8,22,0.5,2,15.01,0,0,0
65.44,11,6,1.6,1,31.29,0,1,0
22.68,4,6,2.2,3,34.13,0,0,0
15.83,7,8,0.0,4,20.03,1,1,1
185.95,5,21,0.8,4,85.06,0,1,0
57.95,4,17,0.6,2,113.02,0,1,0
270.00,5,16,0.9,2,45.77,0,0,0
58.50,1,21,2.7,4,51.14,0,0,0
7.55,8,14,7.8,2,23.37,0,0,0
46.00,6,19,1.0,2,80.32,0,1,0
36.71,7,13,1.4,2,,0,0,0
264.61,9,16,0.2,1,67.64,0,1,1
74.97,7,1,0.3,3,126.75,0,1,0
23.09,9,14,1.6,2,19.71,0,0,0
27.66,11,17,1.8,4,65.18,1,0,0
55.47,8,15,2.7,3,76.02,0,0,0
62.59,10,15,2.3,4,96.89,0,0,0
77.99,10,16,0.2,1,56.54,0,0,0
17.00,2,17,1.0,2,36.79,0,0,0
24.16,1,10,0.4,1,107.36,0,0,0
700.03,0,15,1.3,3,109.76,0,0,1
59.99,7,9,0.3,4,53.14,0,0,1
27.80,0,14,10.6,2,29.78,0,1,0
21.97,3,19,0.8,1,28.18,0,1,0
99.95,1,6,3.3,3,41.28,0,0,0
33.78,10,17,0.3,5,,0,0,0
13.88,5,18,1.5,4,,0,0,0
58.99,5,13,2.2,2,74.34,1,0,0
86.60,0,18,1.8,1,112.41,0,0,0
8.14,0,17,1.9,4,64.51,0,0,0
10.99,2,13,10.9,2,17.45,0,0,0
12.16,6,19,4.2,4,11.35,0,0,0
33.00,9,13,3.2,3,37.28,0,0,0
30.95,4,17,0.5,2,35.13,0,0,0
47.55,4,11,0.5,3,48.57,0,0,0
8.95,11,16,0.6,1,26.16,0,0,0
50.00,2,10,1.5,2,60.40,0,1,0
33.41,2,18,0.5,4,72.26,0,1,0
56.06,4,5,2.9,4,63.97,0,0,0
4.53,2,12,2.2,3,31.44,0,0,0
31.89,7,19,2.1,3,32.25,0,0,0
46.86,4,16,6.8,2,53.82,0,1,0
23.95,2,7,8.2,3,22.83,0,1,0
31.53,4,14,1.0,2,38.27,1,0,0
137.00,4,22,0.4,3,140.57,0,0,0
224.99,7,8,1.3,4,121.63,0,0,0
3.50,1,22,1.0,4,15.14,0,0,0
7.99,7,12,3.7,6,19.69,0,0,0
114.50,6,7,1.2,1,47.80,0,1,0
53.00,11,17,1.9,2,54.47,0,0,0
60.99,3,13,0.1,1,65.78,0,0,0
67.94,1,16,2.6,2,318.49,0,0,0
71.09,11,9,2.4,2,157.48,0,1,0
8.00,9,20,5.5,3,22.15,0,0,0
122.12,10,14,4.6,2,53.32,0,1,0
34.36,9,0,0.9,4,51.61,0,0,0
164.54,6,9,0.6,1,99.70,0,1,0
41.51,4,20,0.4,2,34.61,0,1,0
29.61,4,12,1.1,3,20.60,0,1,0
183.00,6,15,0.6,4,188.85,1,1,1
197.99,4,22,1.2,2,,0,1,0
62.75,8,7,4.6,4,76.17,0,0,0
584.41,0,4,1.6,3,83.91,0,1,0
70.50,6,6,1.5,1,88.12,0,0,0
104.00,0,9,2.2,3,50.80,0,0,0
51.00,8,17,2.9,2,43.37,0,0,0
18.00,4,13,6.0,2,123.46,0,0,0
404.95,2,7,5.2,1,135.53,0,1,0
202.99,7,13,1.5,1,96.03,0,0,0
28.26,6,20,0.2,4,48.60,0,0,0
197.82,5,17,1.3,3,78.91,0,0,0
156.00,3,13,0.7,4,42.51,0,0,0
78.00,3,17,5.2,2,15.57,0,0,0
51.50,4,14,1.1,2,51.47,0,0,0
256.08,3,9,0.6,4,66.98,0,0,0
9.36,0,17,0.3,5,24.85,0,1,0
94.00,7,7,3.0,2,41.10,1,0,0
6.75,5,1,2.4,2,20.22,0,0,0
21.60,0,6,7.1,3,13.68,0,1,0
51.00,6,14,8.1,2,20.19,0,1,0
69.39,7,21,2.3,2,131.23,0,0,0
128.68,1,17,4.5,3,44.21,0,0,0
22.07,0,12,2.0,2,31.76,0,0,0
109.99,5,14,5.1,3,89.11,0,1,0
33.99,1,12,3.8,2,78.11,0,1,0
189.00,7,18,0.1,4,77.84,0,0,0
7.99,2,17,7.8,3,38.51,0,0,0
50.99,2,17,3.2,4,27.11,0,1,0
562.99,2,9,5.1,1,208.58,1,0,0
91.13,2,20,2.5,3,93.90,0,0,0
77.68,8,10,0.2,4,63.08,1,1,1
41.99,8,12,0.5,1,57.69,0,1,0
27.50,7,1,4.1,3,27.47,0,0,0
239.03,3,9,1.6,1,57.68,1,0,0
67.82,2,13,3.6,2,73.81,0,1,0
28.88,6,19,6.6,4,33.75,0,1,0
21.61,6,12,0.8,3,16.62,0,0,0
202.15,0,17,2.5,3,149.55,0,1,0
37.35,10,17,3.4,3,14.16,0,1,0
18.28,7,17,6.3,4,27.48,0,0,0
46.61,0,12,2.3,1,52.60,0,1,0
34.99,6,7,1.8,2,54.78,0,1,0
43.95,6,16,3.1,4,51.45,0,1,0
5.92,8,8,0.6,2,16.37,0,0,0
140.99,10,17,3.8,2,95.47,0,0,0
12.50,1,16,0.8,3,39.55,0,1,0
29.63,3,13,1.7,2,20.64,0,1,0
36.21,3,7,3.6,1,52.32,0,1,0
19.99,9,19,1.1,2,45.95,0,0,0
149.00,2,9,0.2,2,225.45,0,0,0
27.99,3,15,2.6,1,28.54,0,0,0
77.00,2,22,0.1,2,114.95,0,1,0
419.99,5,19,7.2,2,239.67,0,1,0
122.00,8,15,0.1,3,53.72,0,0,0
211.48,1,13,2.8,3,60.25,0,0,0
3.00,2,0,2.3,2,15.17,0,0,0
122.99,11,14,2.4,2,38.48,0,0,0
62.79,4,21,1.6,2,84.01,0,0,0
25.00,7,20,0.1,3,66.46,0,0,0
5.78,8,10,1.1,3,13.61,0,1,0
149.70,6,12,2.7,1,33.41,0,1,0
23.99,3,14,3.8,3,76.05,0,1,0
31.11,6,19,0.8,4,99.99,0,1,0
266.15,9,11,0.3,2,29.69,0,1,1
55.55,0,20,0.7,3,130.71,1,0,0
35.50,9,12,1.9,2,46.86,0,1,0
122.00,6,19,4.8,1,108.29,0,0,0
4.80,8,19,1.4,2,46.53,0,0,0
229.59,8,6,0.1,2,27.35,0,0,0
23.21,2,13,4.4,4,26.59,1,1,1
60.43,2,12,1.5,1,34.53,0,0,0
42.97,3,19,0.2,4,77.96,1,0,1
11.28,0,15,0.7,3,41.56,0,0,0
229.09,10,13,5.0,3,38.94,0,0,1
22.95,7,14,8.6,2,27.57,0,0,0
99.17,11,14,0.7,5,43.78,0,0,0
54.30,6,10,1.7,4,76.22,0,0,0
17.26,0,3,0.1,3,29.17,0,1,0
52.10,7,0,0.6,2,109.70,0,1,0
25.99,1,13,0.0,3,76.72,0,1,0
57.82,10,12,1.8,3,67.99,0,0,0
45.50,0,15,1.3,1,70.83,0,1,0
41.76,0,20,0.8,2,47.80,0,0,0
45.09,3,15,0.6,2,70.72,0,0,0
95.35,5,17,0.3,4,93.35,0,0,0
11.83,8,18,0.5,1,76.44,0,0,0
29.77,5,16,1.7,1,26.45,0,0,1
177.00,10,15,6.1,1,96.11,0,1,0
14.37,2,9,1.8,4,64.60,0,0,0
39.26,8,17,1.1,2,35.45,0,0,0
112.00,1,16,3.0,3,83.86,1,1,1
244.29,8,20,4.5,3,202.74,0,0,0
23.97,4,7,1.8,4,63.20,1,0,0
54.95,5,10,5.6,3,34.93,1,0,0
143.00,4,5,3.0,1,86.10,1,1,1
23.00,0,14,3.4,4,47.57,0,0,0
30.39,0,15,3.4,2,52.49,0,1,0
159.33,4,15,2.2,4,62.04,0,1,0
42.25,1,4,1.5,3,25.59,0,0,0
6.47,0,11,1.5,3,47.37,0,0,1
18.53,1,16,0.7,4,50.62,0,0,0
91.00,4,16,1.9,2,30.16,0,0,0
283.60,10,13,0.4,3,182.02,0,1,0
4.71,9,21,0.1,2,29.06,0,0,0
13.35,0,13,0.5,2,32.34,1,0,0
27.24,0,8,1.8,2,35.71,1,0,0
212.35,10,12,1.0,2,362.67,0,0,0
66.00,1,22,0.9,3,50.32,0,1,0
65.00,5,0,0.9,1,33.20,0,0,0
165.61,8,19,2.3,2,29.80,0,0,0
62.69,5,11,0.6,2,81.81,0,0,0
144.78,4,21,1.2,3,161.95,0,0,0
89.36,7,20,1.1,1,42.21,0,1,0
24.74,4,15,0.8,2,75.46,0,0,0
97.00,3,20,0.8,3,79.97,0,0,0
85.87,10,18,0.7,2,34.35,0,1,0
134.20,4,9,1.2,2,178.41,1,0,0
138.37,1,11,4.0,4,115.96,1,0,0
30.00,2,9,0.9,1,18.33,0,1,0
7.97,1,14,10.5,1,10.70,0,1,0
166.50,0,6,4.9,2,148.56,0,0,0
54.90,11,18,0.3,2,71.18,0,0,0
559.70,2,15,1.2,3,158.97,0,1,1
345.95,7,4,3.1,1,109.09,0,1,1
9.28,2,18,1.7,2,19.37,0,0,0
232.50,0,10,3.4,4,134.54,0,0,0
150.99,6,9,1.2,3,33.44,0,0,0
136.95,2,23,4.0,3,80.36,0,0,0
719.49,2,7,0.4,4,99.95,0,1,0
16.25,10,21,2.3,1,23.44,0,0,0
26.24,0,14,3.0,4,33.86,0,0,0
761.42,4,15,2.3,3,86.13,0,1,1
33.01,8,16,1.2,2,52.42,0,0,0
66.22,5,13,0.1,2,82.65,0,0,0
1559.95,10,14,0.7,1,277.00,0,1,1
63.99,1,13,2.8,3,152.16,0,1,0
34.44,4,12,0.4,4,40.86,0,1,0
83.95,11,12,4.3,2,72.10,1,1,1
14.50,6,13,2.8,3,40.40,0,0,0
57.07,2,21,9.7,2,80.37,0,1,0
52.56,2,8,1.1,4,52.34,0,1,0
35.44,0,17,0.5,4,73.28,0,0,0
17.18,10,9,5.3,3,43.08,0,0,0
173.10,10,22,0.7,4,105.08,0,0,0
87.16,6,14,4.9,2,62.71,0,0,0
17.00,5,11,1.6,3,50.39,0,1,0
29.28,6,20,1.3,4,52.55,1,1,1
158.15,4,2,0.1,3,38.57,0,0,1
17.00,6,15,1.3,1,41.70,0,1,0
75.23,9,20,0.6,2,121.74,0,0,0
58.00,3,22,7.3,2,32.55,0,1,0
67.08,8,18,2.8,2,22.22,0,1,0
7.00,11,17,2.7,1,13.83,0,1,0
56.59,0,14,4.6,1,32.63,0,1,0
21.94,0,9,1.1,2,24.19,0,0,0
14.99,7,19,0.1,2,15.15,0,1,0
7.40,2,8,0.9,1,13.60,1,1,0
35.00,8,14,2.1,2,30.79,0,1,0
109.12,0,21,0.5,3,143.74,0,0,0
92.90,4,13,0.8,4,48.02,1,0,0
84.00,0,6,3.6,2,109.49,1,0,0
57.00,3,14,1.2,1,59.19,0,1,0
29.00,7,16,1.7,1,26.72,0,1,0
14.97,3,9,0.8,4,36.23,0,0,0
67.99,1,9,0.3,3,103.59,0,0,0
14.99,11,19,0.4,2,28.79,0,0,0
67.25,2,7,2.3,1,85.28,0,0,0
165.95,1,20,1.2,5,88.12,1,0,0
56.65,6,9,6.8,2,60.61,1,1,1
35.75,7,9,0.9,3,33.25,0,0,0
10.35,7,9,3.9,2,41.94,0,0,0
61.99,4,1,2.3,4,28.10,0,1,1
152.80,6,19,0.2,3,47.95,0,0,0
45.50,7,22,2.3,1,90.61,0,0,0
211.00,2,16,4.3,2,89.69,0,0,0
9.22,4,9,1.2,3,32.69,0,1,0
56.00,1,19,6.5,3,48.64,0,1,0
166.50,10,19,1.2,3,132.50,0,1,0
14.00,3,6,0.5,2,19.83,0,0,0
20.19,10,0,6.1,3,67.00,0,0,0
184.50,1,3,7.1,1,77.64,0,0,0
4.99,8,11,7.6,3,19.05,0,1,0
21.74,4,13,6.5,1,30.53,0,0,0
22.10,0,18,2.1,2,18.70,1,0,0
31.00,11,6,0.3,1,98.89,1,0,0
64.00,1,16,0.8,2,46.64,0,1,0
77.12,3,18,0.8,4,86.86,0,0,0
84.28,5,15,3.8,4,48.69,0,1,0
59.20,2,9,1.1,3,80.23,0,0,0
33.00,7,13,5.1,1,46.07,0,0,0
42.10,0,20,0.3,3,23.35,0,0,0
342.79,8,11,0.2,3,101.76,0,1,0
15.00,0,8,0.4,4,25.37,0,0,0
47.11,3,12,0.5,2,57.16,0,0,0
54.18,8,9,5.6,2,65.67,0,0,0
8.75,1,22,0.3,1,16.83,0,0,0
1753.76,2,17,4.8,1,153.66,0,0,1
289.21,4,19,1.7,2,131.46,0,1,0
66.14,11,14,1.8,2,45.04,1,0,0
17.00,11,18,5.0,3,30.41,0,1,0
23.50,3,20,1.3,3,47.09,1,0,0
119.91,5,19,3.8,2,33.94,0,0,0
22.29,1,10,1.7,5,78.26,0,0,0
32.51,10,11,0.8,4,32.76,0,1,0
3.21,6,21,2.4,3,37.93,0,0,0
259.91,4,11,1.8,3,116.72,0,1,0
80.50,0,8,9.9,2,131.48,0,0,0
47.24,0,14,5.9,3,50.10,0,0,0
12.99,4,11,1.3,2,35.71,0,0,0
41.99,8,14,0.2,2,32.73,0,0,0
196.99,7,15,0.9,3,129.16,1,1,1
34.10,10,16,0.1,2,82.68,0,0,0
35.62,1,21,0.6,5,75.62,0,0,0
19.65,4,12,1.6,3,26.67,0,0,0
6.77,9,23,5.8,3,17.04,0,0,0
176.00,2,21,5.0,6,173.63,0,1,0
53.00,9,21,6.8,1,44.46,0,0,0
174.99,0,15,0.7,3,95.24,0,1,0
21.60,4,10,5.5,2,32.84,0,0,0
133.00,9,10,1.6,4,97.89,0,0,0
187.18,9,11,1.0,1,167.44,0,1,0
12.95,5,10,2.2,2,32.82,1,0,0
74.61,4,23,4.5,1,102.14,0,0,0
177.93,8,17,0.4,4,61.62,0,1,0
65.20,7,22,0.4,2,151.03,0,1,0
17.22,1,1,0.7,1,21.70,0,1,0
58.99,3,14,3.6,2,63.80,0,1,0
146.27,11,14,5.2,1,226.96,1,0,0
88.70,1,17,1.1,1,157.84,0,1,0
144.70,4,13,0.5,3,,0,0,0
59.99,7,19,3.7,3,178.54,0,1,0
5.60,2,10,0.3,2,13.36,0,0,0
222.13,1,10,1.4,6,51.57,0,0,0
75.99,5,19,3.0,2,85.24,0,0,0
30.99,1,13,0.5,2,130.26,0,0,0
22.21,8,4,1.3,3,55.84,0,1,0
20.50,11,12,4.4,5,25.78,0,0,0
26.00,1,18,2.8,1,49.01,0,1,0
23.50,0,8,2.2,1,40.88,0,0,0
56.29,7,15,0.4,2,54.84,0,0,0
29.99,1,19,2.2,2,57.64,0,1,0
32.99,0,9,2.9,2,37.85,0,0,0
6.00,0,16,8.7,3,15.33,0,0,0
103.84,0,8,3.6,2,37.53,0,0,0
123.00,9,15,1.4,2,172.63,0,1,0
16.43,10,6,1.5,2,30.66,0,1,0
56.47,0,9,0.2,2,41.25,1,0,0
12.99,5,18,0.2,1,53.69,0,0,0
114.00,0,21,2.3,3,56.47,0,1,0
22.23,9,14,0.3,3,37.47,0,0,0
22.00,4,14,0.3,5,63.98,0,0,0
13.99,2,18,0.0,1,21.72,0,1,0
21.15,4,8,2.9,3,42.99,0,0,0
17.00,4,14,1.7,3,29.13,1,0,0
83.18,5,21,0.4,1,97.76,0,1,0
134.79,1,18,2.7,5,22.81,0,0,0
24.20,1,23,0.7,3,43.67,0,1,0
47.50,0,18,1.5,2,71.45,0,1,0
100.38,5,9,4.2,1,29.27,0,0,0
4.00,0,10,0.4,3,15.46,0,1,0
140.93,4,20,2.8,1,58.85,0,1,0
57.95,1,11,4.4,4,34.14,0,0,0
59.69,2,8,1.4,1,183.94,1,1,0
25.82,7,9,4.0,3,35.61,0,0,0
9.99,9,17,0.8,3,38.29,0,0,0
413.65,1,11,0.1,4,90.37,0,1,1
162.31,3,14,3.8,3,92.43,0,0,0
240.46,1,9,0.0,2,200.66,0,1,0
110.63,0,8,1.7,5,42.75,0,0,0
49.32,9,11,0.5,3,75.37,1,1,1
149.00,1,19,0.8,2,89.59,0,0,0
171.99,6,12,1.6,2,43.68,0,1,0
9.00,7,4,0.4,2,19.75,0,0,0
95.99,0,11,4.6,5,97.36,0,0,0
132.92,11,17,1.1,2,44.80,0,0,0
61.20,2,13,2.9,6,65.51,0,1,0
172.18,3,3,0.9,2,100.05,0,0,0
145.00,5,16,0.7,3,72.76,0,1,0
43.39,0,15,0.4,1,56.32,0,0,0
139.32,6,18,0.1,4,139.32,0,0,0
27.11,6,12,2.0,1,54.06,0,0,0
93.50,7,13,1.0,5,29.30,0,1,1
7.52,9,14,1.4,3,21.41,0,1,0
37.00,8,14,0.4,2,,0,0,0
15.97,2,13,0.1,1,28.18,0,0,0
77.50,2,16,5.4,1,79.63,0,0,0
32.44,11,12,1.2,2,41.06,0,1,0
369.00,6,13,2.2,2,52.40,0,0,0
15.99,6,18,1.3,2,6.88,0,0,0
179.00,5,16,1.9,4,32.48,0,0,0
107.99,4,13,1.4,3,118.26,0,1,0
18.99,2,8,1.9,1,26.16,0,1,0
148.09,9,17,0.9,6,130.98,0,1,0
51.76,6,11,0.6,4,71.99,0,0,0
46.99,11,21,0.2,1,17.82,1,1,0
26.92,2,21,0.2,4,41.42,0,0,0
12.99,0,6,1.6,1,22.12,0,0,0
40.00,5,16,0.7,3,35.62,0,0,0
17.39,1,7,2.3,2,44.14,0,1,0
127.17,7,15,0.5,1,146.54,0,0,0
95.33,1,5,1.4,4,52.78,0,1,0
149.00,1,2,1.5,3,127.77,0,1,0
43.95,5,7,0.9,1,20.79,0,0,0
110.72,1,23,7.0,2,69.92,0,0,0
111.50,7,12,0.1,3,86.24,0,1,0
53.42,6,17,0.3,4,89.97,0,1,0
78.05,9,21,2.6,3,26.99,0,0,0
9.69,5,8,2.6,1,57.60,0,0,0
14.99,2,19,12.6,2,25.77,0,0,0
15.06,2,7,0.4,1,29.11,0,0,0
7.83,3,7,0.8,2,67.89,0,0,0
29.34,10,20,0.7,1,48.04,0,0,0
32.87,7,15,5.8,2,42.02,0,0,0
78.14,1,23,1.3,1,35.54,0,1,0
12.92,3,19,12.4,2,53.99,1,0,0
4.26,4,19,2.8,3,34.05,0,0,0
27.57,4,10,0.4,2,30.04,0,1,0
17.27,6,20,3.6,3,26.49,1,0,0
12.99,5,7,2.5,2,30.10,1,0,0
60.00,3,16,1.4,2,105.87,0,0,0
60.99,1,13,2.4,3,61.33,0,0,0
13.00,6,10,2.3,2,104.90,0,0,1
100.01,7,1,1.6,4,24.88,0,1,1
16.95,11,20,1.2,2,23.68,0,1,0
101.63,1,17,0.3,1,185.89,0,0,0
47.99,3,12,1.3,1,94.36,0,1,1
55.99,3,22,2.0,1,56.21,0,1,0
64.95,2,18,1.8,1,20.98,0,1,0
23.97,9,22,2.1,3,85.02,0,1,0
27.99,9,17,0.5,3,60.70,0,0,0
44.66,5,15,0.2,2,86.95,0,1,0
23.99,4,21,3.2,3,63.62,1,0,0
84.99,6,10,2.8,5,65.64,0,0,0
150.73,4,14,0.0,1,93.20,0,0,0
230.00,9,10,0.1,1,100.78,1,0,0
302.00,0,12,2.2,5,85.22,0,1,1
129.52,1,9,5.4,3,64.47,0,1,0
15.57,11,23,3.5,2,47.27,0,0,0
14.07,7,0,2.5,3,10.23,0,1,0
22.03,0,5,2.3,1,32.58,0,0,0
92.52,7,18,0.1,2,100.48,0,0,0
61.41,2,10,3.3,2,27.71,0,0,0
59.99,0,7,3.6,1,49.78,0,0,0
24.99,11,19,1.2,2,37.22,0,0,0
16.00,0,10,2.4,2,,1,0,0
6.99,2,17,6.1,4,31.82,0,0,0
95.95,6,2,0.3,3,20.00,0,0,1
61.50,1,16,8.0,4,100.07,0,0,0
173.53,7,23,0.2,3,67.70,0,1,1
83.51,6,17,1.1,2,55.75,0,0,0
215.02,8,12,3.3,2,119.27,0,1,0
31.00,0,0,1.1,1,43.49,0,1,0
11.50,7,10,2.6,2,25.93,1,1,0
48.99,1,18,1.8,4,76.08,0,0,0
63.52,8,14,3.5,3,104.00,0,0,0
46.36,5,5,1.1,3,99.58,1,1,1
221.95,5,12,0.6,3,79.18,0,0,0
35.15,5,16,0.8,2,44.76,0,1,0
6.17,1,11,1.1,2,13.61,0,0,0
23.07,1,12,0.0,4,46.52,0,1,0
44.45,8,10,0.2,2,40.96,1,0,0
50.54,10,21,10.0,3,36.54,1,1,1
36.99,0,22,0.3,2,49.24,0,0,0
38.52,2,20,0.8,2,117.91,0,0,0
67.95,2,22,3.5,2,39.20,0,0,0
100.00,3,20,2.8,1,31.48,0,0,0
40.37,0,18,14.1,3,36.79,0,1,0
293.75,4,15,1.4,1,89.11,0,0,0
119.17,4,18,1.4,5,31.63,0,0,0
55.99,7,11,0.2,3,42.70,1,0,0
59.53,9,15,0.8,3,8.24,0,0,1
371.19,0,16,1.3,4,89.17,0,1,1
55.23,0,9,0.7,3,50.66,0,0,0
214.70,3,0,0.4,1,74.90,0,0,0
117.07,3,17,0.3,2,97.59,0,0,0
93.29,6,9,2.9,1,85.09,0,0,0
50.17,1,10,0.2,2,52.23,0,1,0
14.99,9,8,0.9,4,25.93,0,1,0
60.00,4,8,0.4,2,64.15,0,0,0
11.95,1,13,1.7,3,65.36,0,1,0
36.13,5,14,0.2,5,56.44,0,1,0
74.99,9,15,2.6,1,65.58,1,0,0
70.99,10,15,0.3,3,74.67,0,0,0
24.84,1,15,0.7,2,48.28,0,1,0
78.59,4,18,2.4,2,108.22,0,0,0
199.95,3,11,1.1,2,60.44,1,0,0
24.94,5,4,0.8,1,29.52,0,1,0
155.41,1,6,1.1,1,47.77,0,1,0
42.12,0,13,0.8,5,28.92,0,0,0
9.70,9,14,0.6,2,28.98,0,0,0
64.00,7,17,0.4,3,18.82,1,0,1
22.80,1,3,1.9,3,28.45,1,1,1
10.23,0,19,1.1,2,23.04,0,0,0
81.99,8,17,4.2,1,70.34,0,1,0
61.73,2,20,0.6,3,49.57,0,0,0
33.75,1,13,1.2,1,38.52,1,0,0
46.00,1,13,1.4,2,39.93,0,1,0
15.26,5,23,2.7,1,52.57,0,0,0
306.00,8,17,0.5,3,74.65,0,0,0
44.99,0,9,0.3,3,85.05,0,1,0
213.00,9,11,0.4,3,128.42,0,0,0
10.99,3,16,0.6,2,19.46,0,1,0
36.39,3,19,2.5,1,36.48,1,0,0
48.00,8,7,7.6,2,,0,1,0
57.42,2,22,4.3,1,11.32,0,0,0
20.88,3,13,4.6,2,63.14,0,0,0
154.45,0,9,3.0,2,191.53,0,1,0
75.95,4,11,1.3,2,62.96,0,1,0
111.70,2,12,4.6,3,106.35,0,0,0
8.50,5,12,3.3,4,17.25,0,0,0
245.04,3,13,2.7,1,190.34,0,0,0
49.37,0,21,0.7,1,58.70,0,0,0
530.31,10,11,0.2,3,201.22,0,0,0
122.49,6,23,1.0,3,104.13,1,0,0
41.76,0,20,2.5,1,20.06,0,0,0
13.58,5,9,5.0,3,15.70,0,0,0
80.68,4,23,2.9,1,101.35,0,0,0
64.95,4,17,2.3,2,183.63,0,1,0
60.18,8,9,1.8,3,32.04,1,0,0
112.62,4,14,3.1,2,55.77,0,1,0
147.99,8,15,8.5,1,165.13,0,1,0
443.90,6,19,4.1,3,127.55,0,1,0
71.61,7,15,0.1,2,39.72,0,0,0
57.87,7,22,0.2,3,24.70,0,1,0
135.87,1,15,0.9,5,53.47,0,0,0
23.99,1,17,13.3,1,31.16,0,1,0
39.41,3,9,0.2,2,48.25,0,0,0
50.10,1,13,0.4,1,47.34,0,0,0
73.00,4,16,5.7,3,31.93,0,1,0
279.18,6,14,4.4,3,96.08,1,1,1
94.50,5,10,1.0,3,33.73,0,0,0
204.68,10,15,1.1,4,171.44,0,0,0
18.84,2,14,2.5,1,37.62,0,0,0
74.29,4,8,6.2,3,49.33,0,1,0
9.39,5,19,2.7,1,25.88,0,1,0
48.01,7,15,0.1,2,137.18,0,0,0
150.31,9,9,1.7,1,48.11,0,1,0
78.00,10,17,2.8,3,64.39,0,0,0
44.27,4,8,1.2,2,79.58,0,1,0
31.35,9,16,7.2,2,,1,1,0
116.04,1,3,5.2,6,157.59,0,0,0
14.95,2,14,2.0,3,41.79,0,1,0
67.00,2,15,4.5,2,110.74,0,0,0
20.09,8,11,2.8,2,47.72,0,0,0
222.84,1,21,1.3,3,195.73,0,1,1
221.70,8,19,3.6,3,89.87,0,0,0
13.05,7,6,3.2,2,70.32,0,1,0
32.50,7,12,3.2,1,37.72,0,0,0
31.99,8,7,0.1,1,42.96,0,1,0
59.94,3,7,9.7,5,105.83,0,1,0
8.10,1,15,0.3,2,48.62,0,0,0
82.99,2,14,0.9,4,86.85,0,1,0
42.00,3,13,0.2,4,81.26,0,0,0
36.00,2,18,1.2,3,29.98,0,0,0
194.65,0,9,0.5,2,128.75,0,0,0
175.39,2,14,0.2,3,80.28,0,0,0
36.14,2,0,0.2,1,59.27,0,0,0
13.00,0,9,3.1,1,20.99,0,1,0
81.16,7,19,1.3,2,55.63,0,1,0
46.00,3,18,0.5,3,55.45,0,0,0
43.93,6,20,1.5,4,61.23,0,1,0
6.95,5,19,0.0,3,28.40,0,0,0
230.30,2,18,3.7,2,107.01,0,1,0
39.99,2,11,1.0,1,42.12,0,1,0
39.95,9,0,0.9,3,21.48,0,0,0
84.99,1,16,3.9,5,38.20,0,0,0
247.85,8,18,3.1,2,127.52,0,0,0
39.46,8,5,5.4,2,74.47,0,0,0
65.48,2,17,2.0,3,94.20,1,1,1
47.98,3,19,0.7,4,86.45,0,0,0
34.21,3,21,1.4,1,20.05,0,0,0
12.95,5,7,2.9,1,33.33,0,0,0
159.28,1,14,2.2,3,149.43,0,0,0
159.28,1,14,2.2,3,149.43,0,0,0
41.99,0,3,1.7,2,36.26,0,0,0
31.85,4,11,1.9,4,16.84,0,0,0
52.00,0,0,5.4,2,61.09,1,0,0
67.21,5,13,1.5,3,17.33,0,0,0
48.65,0,8,4.3,1,107.45,0,1,0
476.41,5,17,0.3,7,159.47,1,0,1
20.00,9,13,3.6,1,49.31,0,0,0
10.95,1,2,0.6,2,39.25,0,0,0
187.04,4,21,3.9,5,120.08,1,0,0
15.11,1,18,1.2,2,69.23,0,0,0
27.95,5,15,1.9,5,38.63,0,0,0
317.13,2,0,6.4,2,140.17,0,0,0
9.24,10,8,0.1,1,23.62,0,1,0
18.01,4,5,3.4,2,23.20,0,1,0
61.77,6,1,8.3,3,68.13,0,1,0
80.13,7,12,1.7,1,65.91,0,0,0
245.00,10,14,0.5,3,43.95,0,1,1
12.80,6,14,1.1,2,8.22,0,1,0
98.99,3,14,0.0,3,102.62,0,0,0
149.95,0,19,1.3,1,214.66,0,1,0
58.50,0,15,1.4,3,71.72,0,0,0
19.13,2,15,1.2,1,30.13,0,0,0
87.03,5,19,1.9,2,104.58,0,0,0
15.95,4,7,1.3,4,15.43,0,0,0
27.95,4,17,1.7,2,24.19,0,1,0
102.88,8,15,0.2,2,47.85,0,0,0
68.99,3,15,2.6,4,46.58,0,0,0
95.69,6,9,1.3,2,57.03,0,0,0
34.64,4,16,2.2,2,39.74,0,1,0
55.00,0,17,3.6,2,57.43,0,0,0
53.13,5,11,2.5,2,117.85,0,0,0
25.02,4,12,4.4,3,87.15,0,0,0
18.45,6,16,3.4,2,56.46,1,1,0
28.22,1,5,2.6,1,48.29,0,0,0
212.21,3,11,5.9,2,40.65,0,0,0
91.50,8,17,0.9,2,45.79,0,0,0
75.60,6,17,0.9,3,88.74,0,0,0
11.75,10,9,4.4,2,32.06,0,0,0
127.82,2,8,0.8,1,62.39,0,1,0
108.99,8,13,3.4,3,62.23,0,0,1
7.00,9,16,2.1,1,35.39,0,1,0
102.00,5,11,0.6,1,61.45,0,1,0
15.38,2,17,0.0,3,20.84,0,1,0
54.63,0,17,1.8,2,210.38,1,1,0
42.12,9,16,0.6,4,48.36,0,0,0
139.95,0,10,3.2,2,94.38,0,0,0
388.78,2,18,4.1,3,213.45,0,0,0
119.95,2,11,2.7,1,47.94,0,0,0
79.85,9,8,0.0,2,49.60,0,0,0
109.40,1,21,0.9,2,115.84,0,0,0
11.31,2,0,1.0,4,18.00,0,0,0
3.95,4,21,2.4,1,13.38,0,0,0
25.78,4,11,2.7,1,37.03,0,0,0
196.36,2,17,0.4,3,108.45,1,0,0
12.99,0,11,3.4,4,44.30,0,1,0
98.64,0,14,2.1,1,42.16,0,0,0
58.95,5,14,4.2,2,97.90,0,1,0
35.99,5,16,4.9,2,85.50,0,0,0
26.99,10,5,7.2,2,,1,1,0
29.06,4,20,6.6,1,84.87,0,0,0
106.00,6,12,1.1,2,43.40,0,1,0
74.47,0,13,3.4,2,49.27,0,0,0
59.51,6,17,4.2,2,182.81,0,0,0
63.13,3,17,2.7,3,69.17,0,1,0
277.10,9,11,0.5,1,54.79,0,1,1
31.00,0,13,3.5,2,51.14,0,0,0
54.00,5,16,0.4,2,151.26,0,0,0
93.27,0,16,1.4,2,37.83,0,0,0
30.44,3,9,5.2,3,36.01,0,0,0
63.99,1,8,3.3,2,23.89,1,0,0
120.50,6,7,0.6,3,78.13,0,1,0
159.50,2,11,4.7,3,88.47,0,0,0
29.39,7,18,2.1,2,107.86,0,0,0
31.83,1,17,6.1,3,56.67,0,0,0
9.32,9,15,3.3,2,141.96,0,1,0
53.88,2,10,0.5,3,70.79,0,0,0
351.99,4,18,10.9,1,161.56,0,0,0
69.73,0,0,2.3,2,23.86,0,1,1
18.78,3,17,3.7,3,45.69,0,0,0
843.54,0,15,4.7,5,131.58,1,0,0
310.60,0,19,0.2,4,203.18,1,0,0
133.99,9,22,3.6,4,55.35,0,1,1
25.99,4,10,1.2,1,158.96,0,1,0
65.28,7,22,0.4,1,51.69,0,0,0
23.26,3,10,2.5,2,50.51,0,0,0
173.97,0,22,0.2,3,160.46,0,0,0
7.38,5,8,2.1,2,31.90,0,1,0
37.00,5,11,2.0,1,39.65,0,0,0
30.98,1,16,1.0,1,18.55,0,0,0
36.90,7,13,1.6,1,56.93,1,0,1
125.50,3,19,1.7,4,87.31,0,0,0
13.42,1,17,0.1,4,43.26,0,0,0
20.23,4,16,1.4,6,29.41,0,0,0
10.84,5,19,3.2,2,29.60,0,0,0
54.99,11,16,0.9,4,16.03,0,1,1
97.77,0,12,1.9,2,86.24,0,1,0
21.22,10,9,3.3,4,23.38,0,1,0
56.06,6,18,0.6,3,136.05,0,0,0
47.42,3,12,6.0,4,144.95,0,0,0
147.05,3,21,1.4,4,68.50,1,1,1
42.66,7,14,0.2,3,69.06,0,1,0
111.00,8,17,0.6,1,75.29,0,0,0
46.99,5,18,1.5,2,86.28,0,0,0
68.26,4,22,0.2,3,126.89,0,0,0
1216.34,4,10,4.0,4,272.78,0,0,0
46.00,8,17,5.3,2,43.41,0,0,0
217.90,8,11,1.9,4,58.18,1,0,0
14.50,8,19,3.3,3,49.80,0,0,0
104.81,2,19,1.0,1,43.48,0,0,0
60.00,3,14,0.2,3,227.37,0,1,0
551.45,0,11,0.9,3,121.20,0,0,0
67.95,0,14,0.3,4,165.96,1,0,0
387.87,6,6,1.5,3,153.91,0,0,0
23.68,1,14,3.2,4,43.42,0,0,0
63.08,8,12,1.8,2,49.50,0,1,0
191.28,5,5,3.6,4,83.93,0,1,1
83.27,1,14,3.3,2,78.85,0,1,1
810.00,3,8,3.1,3,122.95,0,0,0
39.19,3,20,3.3,3,59.25,0,0,1
122.81,3,12,0.6,3,88.48,0,1,0
321.99,5,21,2.4,4,165.35,0,0,0
63.00,4,11,7.4,4,53.79,0,0,1
65.50,0,1,6.0,5,48.98,1,0,0
73.40,3,19,3.6,2,86.31,0,0,0
1308.99,4,15,0.4,2,229.85,0,1,1
160.78,3,16,1.7,1,86.33,0,0,0
38.99,0,10,0.4,2,24.77,0,1,0
756.18,9,23,0.4,3,76.84,1,0,1
323.58,0,16,14.1,4,129.43,0,0,0
131.00,9,23,1.0,2,86.87,0,0,1
676.26,3,10,2.8,1,247.58,0,1,0
57.09,8,23,2.2,4,53.24,0,0,0
32.09,6,8,5.1,1,31.17,0,1,0
45.99,4,14,0.1,2,18.60,0,0,0
45.67,8,13,1.1,2,36.67,0,0,0
41.87,9,21,1.4,1,98.25,0,1,0
69.02,2,15,3.9,2,122.15,0,1,0
208.04,2,21,3.3,3,106.88,0,1,0
60.99,8,13,3.4,1,136.07,0,0,0
62.27,4,16,1.7,5,119.04,0,0,0
73.55,1,15,3.7,2,51.67,0,0,0
60.25,0,11,5.1,1,55.11,1,1,1
59.66,3,14,0.7,2,80.03,0,0,0
15.50,1,16,0.1,6,,0,0,0
367.49,1,19,0.5,2,62.34,0,1,0
11.00,2,8,1.7,2,38.14,0,1,0
12.99,8,10,0.5,3,57.98,0,1,0
16.76,0,2,4.8,3,41.17,0,0,0
40.00,7,12,2.7,2,60.75,0,0,0
34.00,4,18,3.7,3,60.13,0,1,0
722.99,6,13,5.1,2,98.49,0,1,1
267.90,6,3,3.8,4,183.96,0,1,0
285.95,4,16,1.4,2,71.16,1,0,0
193.27,0,7,4.1,2,79.57,0,1,0
303.48,7,7,3.9,2,128.87,0,0,0
13.83,0,19,1.4,2,25.14,1,1,0
100.83,8,17,3.5,3,31.07,0,0,0
60.10,9,7,3.0,1,34.72,0,1,0
29.00,9,19,0.1,3,70.22,0,0,0
13.56,2,7,2.7,2,48.61,0,1,0
191.83,8,4,1.3,4,62.26,0,0,0
104.01,11,13,5.4,3,149.89,0,0,0
90.00,8,11,2.2,2,67.59,0,0,0
23.60,7,13,3.2,1,93.63,0,0,0
18.49,2,11,0.2,1,50.68,0,1,0
123.03,1,19,0.2,2,65.13,0,0,0
27.83,11,11,9.8,4,76.68,0,0,0
92.99,3,18,0.3,4,112.92,0,1,0
66.80,8,22,1.4,5,122.67,0,0,1
23.00,7,4,8.7,5,17.20,0,1,0
242.96,0,1,4.0,2,354.74,0,1,0
136.65,0,9,1.7,1,80.74,0,1,0
10.63,9,19,0.0,6,,0,1,0
14.32,6,17,0.9,1,49.31,0,1,0
210.89,1,9,0.5,2,195.46,0,1,0
162.47,0,12,1.0,4,48.47,0,0,0
148.57,4,10,3.2,3,84.93,1,1,1
15.25,2,15,7.9,2,42.42,0,1,0
16.99,5,11,0.6,4,121.54,0,0,0
13.99,8,8,0.9,2,33.89,0,1,0
18.23,9,16,2.0,4,82.11,0,1,0
38.50,6,12,2.1,2,42.01,0,1,0
127.95,2,17,3.5,1,32.34,0,0,0
88.00,5,16,0.4,3,81.22,0,0,0
5.41,1,18,2.2,2,20.72,1,1,1
14.05,6,14,2.6,2,26.15,0,0,0
11.37,2,11,8.4,2,25.30,0,0,0
15.62,10,9,1.6,2,24.64,0,0,0
14.99,7,7,0.4,4,58.45,0,1,0
143.95,6,18,0.4,4,93.49,0,0,0
38.99,4,20,0.4,6,64.06,0,0,0
7.44,0,17,3.0,2,18.55,0,0,0
7.44,0,17,3.0,2,18.55,0,0,0
164.95,1,10,0.3,4,92.10,0,0,0
61.63,11,14,1.4,2,52.85,1,0,0
18.86,5,19,3.0,3,69.44,0,1,0
18.86,5,19,3.0,3,69.44,0,1,0
85.99,6,13,0.0,3,71.12,0,1,0
27.00,1,15,1.2,2,77.53,0,1,0
45.02,3,20,2.2,4,159.99,0,1,0
55.50,6,7,1.1,5,85.30,0,1,0
427.55,2,13,0.4,3,66.00,0,0,1
148.00,3,9,0.0,4,116.23,0,0,0
50.17,3,14,0.3,5,51.75,0,0,0
154.20,8,14,3.7,3,117.78,0,0,0
126.51,3,9,4.7,1,173.31,0,1,0
333.44,8,12,0.5,1,126.28,0,0,0
283.27,1,10,1.0,2,50.14,0,0,0
20.82,7,3,0.7,3,36.52,0,0,0
180.39,11,8,0.6,2,107.97,0,0,0
148.25,3,14,4.3,2,22.35,0,0,0
25.40,3,14,0.7,3,51.76,0,1,0
35.40,2,13,0.2,5,70.35,0,1,0
24.02,0,16,6.2,1,94.19,0,1,0
90.19,11,8,0.8,1,86.48,1,0,0
24.71,1,3,4.6,2,143.26,0,1,0
110.18,0,7,2.2,1,,0,0,0
21.03,11,7,2.1,4,50.20,0,1,0
22.26,3,19,3.3,4,21.83,0,0,0
22.99,4,11,3.0,4,49.75,0,0,0
265.50,4,22,0.2,6,105.31,0,0,0
23.65,1,13,1.8,4,91.76,1,1,0
6.00,7,11,2.5,4,34.26,0,0,0
7.16,0,14,0.0,4,6.59,0,0,0
299.50,1,16,0.8,3,175.22,0,0,0
163.27,8,16,4.8,3,53.15,0,1,0
44.86,8,13,3.7,2,33.64,0,0,0
59.99,10,21,5.7,1,77.85,0,1,0
100.99,2,15,2.8,1,38.80,0,1,0
77.00,11,9,4.6,2,102.11,0,0,0
17.68,4,16,2.9,3,59.55,0,0,0
13.95,10,12,2.1,3,36.18,0,1,0
69.93,1,11,1.1,4,81.06,0,0,0
51.33,9,8,2.7,4,53.23,0,1,0
72.00,0,15,0.8,1,133.07,1,0,0
25.00,5,8,4.3,2,46.35,0,0,0
131.00,0,20,0.4,4,28.48,1,0,1
66.00,2,15,1.7,2,74.43,0,0,0
140.64,6,21,4.1,3,44.79,0,0,0
19.50,6,11,0.8,2,63.86,0,0,0
263.52,0,0,0.1,2,136.52,0,0,0
8.84,5,15,9.8,2,11.58,0,1,0
140.27,0,9,0.2,4,125.73,0,0,0
13.18,8,11,0.4,3,28.88,0,1,0
106.57,1,18,4.9,3,57.21,0,0,0
102.95,2,9,0.9,1,55.19,0,1,0
7.17,6,1,1.0,3,13.50,0,1,0
32.00,10,17,4.2,2,31.10,0,1,0
57.21,4,18,1.7,2,38.60,0,0,0
86.29,6,13,1.5,3,68.37,0,1,0
50.00,11,0,4.8,1,41.42,0,0,0
120.99,8,9,2.1,3,81.22,0,0,0
89.22,2,12,6.8,2,,0,1,0
5.16,3,18,0.5,2,23.10,0,1,0
57.27,0,15,7.5,3,59.93,0,1,0
23.00,3,9,1.9,5,21.80,0,1,0
177.00,1,18,0.4,1,108.01,0,0,0
21.00,6,0,0.2,5,42.76,1,0,0
57.81,2,21,0.2,2,43.28,0,0,0
132.91,0,15,3.1,2,56.65,0,0,0
63.97,0,12,2.7,2,169.80,0,0,0
54.16,1,4,1.4,2,84.96,0,0,0
89.56,3,8,1.2,3,292.93,0,0,0
12.99,6,17,1.4,2,65.67,0,0,0
220.22,3,9,1.6,1,178.04,0,0,0
106.95,5,8,0.2,2,96.78,1,1,1
122.99,0,10,3.2,1,141.22,0,0,0
58.20,1,17,4.1,1,83.68,1,1,0
16.60,9,18,1.1,3,57.65,0,1,0
260.99,1,3,4.1,1,23.56,0,0,1
45.00,6,9,1.2,1,39.20,0,1,0
21.19,8,8,1.8,1,49.31,0,0,0
17.99,2,19,0.5,3,17.79,0,0,0
15.63,11,19,2.3,5,29.25,1,1,1
24.75,0,19,1.7,2,84.99,0,0,0
110.00,5,19,1.0,2,175.97,0,1,0
31.04,2,22,0.7,2,29.34,0,0,0
90.41,0,20,2.2,3,20.59,0,1,1
51.74,3,8,0.0,1,101.40,0,1,0
147.00,2,17,0.0,3,149.50,0,0,0
296.00,4,8,0.5,2,74.47,0,0,0
216.04,10,18,2.2,2,214.85,0,1,0
70.69,6,17,0.5,4,58.25,1,0,0
13.43,0,16,4.9,1,61.01,0,0,0
29.18,2,14,3.2,1,64.22,0,0,0
243.45,1,15,1.1,3,119.75,0,0,0
24.99,3,20,2.2,1,84.25,0,0,0
146.88,8,18,0.6,3,80.63,0,0,0
17.18,10,5,5.4,2,12.40,0,0,0
40.00,0,9,1.1,2,60.66,0,0,1
41.68,0,21,0.9,2,30.13,1,0,0
48.46,2,19,1.9,3,101.39,0,1,0
41.88,1,16,2.0,2,70.62,0,1,0
176.00,1,12,2.8,2,105.27,0,0,0
189.30,10,15,0.7,2,90.18,0,0,0
16.66,11,19,5.4,2,41.61,0,0,0
48.99,0,20,0.4,3,37.78,0,0,0
53.38,9,15,0.7,3,52.14,0,0,0
64.81,2,9,0.0,1,58.68,0,0,0
76.79,1,9,9.1,4,122.97,1,0,0
60.99,7,15,0.4,2,24.81,0,0,0
42.62,0,15,2.3,1,89.20,0,0,0
15.99,8,9,1.2,2,45.51,0,0,0
18.99,2,22,1.0,1,55.39,0,0,0
91.95,9,21,4.5,3,52.27,0,1,0
13.99,5,17,0.2,4,17.76,1,0,0
13.89,5,12,2.2,1,32.40,1,1,0
41.53,5,18,2.3,5,19.49,0,1,0
62.75,7,16,0.1,3,302.88,0,0,0
21.67,4,22,4.0,3,68.01,0,0,0
28.00,0,12,0.8,4,66.05,0,0,0
9.00,5,19,0.2,1,18.13,0,1,0
190.35,0,8,0.6,3,180.29,0,0,0
10.11,9,13,0.1,3,21.66,0,1,0
38.44,6,20,2.8,2,44.10,0,0,0
75.27,5,21,0.5,3,63.59,0,0,0
72.00,10,9,0.7,1,79.85,0,0,0
213.45,0,14,1.7,4,132.44,0,1,0
24.20,3,22,1.7,2,32.61,0,1,0
46.99,1,5,0.9,2,49.84,0,0,0
158.00,2,22,2.9,2,63.95,0,1,0
83.42,8,20,2.4,1,90.76,0,0,0
61.56,2,23,0.9,1,70.25,0,1,0
298.74,4,19,0.9,3,60.79,0,0,0
6.63,2,20,0.3,2,20.17,1,1,0
43.78,1,15,2.0,2,85.12,1,0,0
40.31,9,10,1.0,2,45.87,0,0,0
141.82,2,23,1.1,2,75.11,0,1,0
91.00,0,10,1.9,2,49.43,0,0,0
90.00,0,8,0.0,3,62.56,0,0,0
72.00,1,22,0.0,1,94.49,0,0,0
87.77,1,21,0.9,1,48.21,0,0,0
341.99,2,10,0.8,1,160.77,1,0,0
68.99,4,21,4.4,1,78.18,0,0,0
33.57,4,8,0.5,4,47.40,1,0,0
18.44,1,1,0.6,1,48.75,0,0,0
137.00,2,19,1.6,5,36.80,0,0,0
23.11,3,4,1.8,3,37.46,0,0,0
47.45,5,19,4.5,2,55.06,0,0,0
23.45,2,17,3.9,2,46.82,0,0,0
41.52,5,17,9.4,4,33.55,0,0,0
281.00,1,12,2.8,3,132.66,0,0,0
80.00,2,17,1.3,2,106.35,0,0,0
40.06,0,13,1.3,1,36.40,0,0,0
36.13,6,12,1.6,1,69.44,0,0,0
48.00,5,18,0.7,1,47.25,0,0,0
24.50,6,9,6.4,2,35.71,0,0,0
359.99,6,19,2.1,1,106.27,0,0,0
172.78,2,13,0.6,3,65.70,0,0,0
40.92,8,14,3.8,2,63.60,0,0,0
271.44,3,5,0.2,5,127.43,0,0,1
155.99,4,11,1.3,1,56.81,0,1,0
431.99,2,22,0.8,3,27.15,0,0,1
179.50,7,17,3.5,2,39.18,0,0,1
14.01,5,13,3.2,2,42.48,0,1,0
602.99,0,11,0.5,1,195.51,0,0,0
48.04,2,10,0.3,4,32.24,0,0,0
214.99,11,16,8.8,3,121.68,1,0,0
74.50,5,18,12.1,4,63.57,0,0,0
78.71,2,13,0.1,2,51.12,0,0,0
35.51,3,9,1.0,3,24.52,0,0,0
61.67,4,20,1.9,2,77.71,0,1,0
418.09,2,17,2.0,4,174.61,0,1,0
35.99,6,19,2.6,2,70.27,0,1,0
60.03,9,11,2.5,2,52.20,0,1,0
33.15,1,14,1.5,3,53.55,0,0,0
8.50,8,11,11.8,3,40.74,0,1,0
30.80,4,16,0.5,2,56.46,0,1,0
32.99,7,16,3.6,1,33.92,0,0,0
48.74,3,6,2.6,6,60.80,0,0,1
12.28,5,2,0.2,2,34.64,0,0,0
201.30,9,8,0.6,3,68.44,0,0,0
29.20,2,11,0.9,2,46.02,0,0,0
37.61,6,20,0.3,4,65.61,0,1,0
38.99,3,7,0.6,1,20.68,0,0,0
104.05,3,21,0.3,6,53.10,0,1,0
146.82,1,11,2.2,5,72.83,0,0,0
110.68,9,8,0.5,1,54.62,0,0,0
22.17,3,15,1.7,2,34.52,0,1,0
118.80,3,16,2.0,4,72.66,0,0,0
6.98,7,18,4.7,2,29.35,0,0,0
60.54,8,10,6.9,2,66.01,0,1,0
220.48,6,12,1.8,2,100.94,0,0,0
116.31,3,13,1.0,1,28.23,0,0,0
26.00,8,19,1.8,3,34.34,0,0,0
23.00,9,13,5.5,3,23.44,1,0,0
37.87,6,0,0.2,3,74.60,0,0,0
29.95,10,7,0.6,1,28.79,0,1,0
100.50,1,21,0.4,2,60.20,1,0,0
17.00,6,12,2.6,4,39.71,0,0,0
34.99,4,17,3.3,3,25.83,1,0,0
91.82,2,9,1.7,3,140.98,1,0,0
98.87,5,9,0.1,2,93.36,0,0,0
25.00,1,13,0.9,3,55.82,1,0,0
255.00,1,20,1.3,2,42.18,0,0,0
65.95,6,12,4.4,3,135.74,0,0,0
186.84,5,11,2.1,2,158.11,0,0,1
119.04,4,17,0.5,1,18.57,0,1,0
38.00,4,23,0.3,1,65.56,0,1,0
2.94,1,13,0.7,2,9.44,0,0,0
16.00,0,12,5.8,3,41.02,0,0,0
52.33,8,9,0.3,1,29.12,0,0,0
116.55,4,15,5.7,2,131.91,0,0,0
92.00,1,6,5.4,3,135.31,0,0,0
166.67,4,11,1.7,1,97.62,0,1,0
15.44,0,16,3.5,2,9.05,1,0,0
11.58,0,6,1.6,2,6.28,0,1,0
90.33,4,0,0.8,2,53.54,0,1,0
33.22,7,16,0.5,3,61.81,0,0,0
15.00,4,14,2.0,4,28.06,0,0,0
75.99,8,20,0.8,1,26.72,0,0,1
39.99,8,14,1.1,2,31.96,0,0,0
13.00,1,11,1.0,2,18.20,0,0,0
8.59,3,14,5.2,3,19.94,0,0,1
29.99,4,10,4.1,5,29.26,0,1,0
50.00,0,12,2.3,3,71.03,0,0,0
44.79,1,15,0.3,4,30.22,1,0,0
18.00,4,13,3.3,2,71.45,0,0,0
18.03,7,8,0.2,2,25.83,0,1,0
115.00,4,11,0.9,3,28.55,0,1,0
49.18,3,8,0.5,3,21.31,0,0,0
25.12,8,3,1.3,1,40.01,0,1,0
39.00,1,9,1.1,5,57.57,0,1,0
25.00,7,10,5.2,3,89.85,0,0,0
27.99,11,11,2.5,3,50.48,0,0,0
44.32,11,6,0.1,3,35.78,0,0,0
162.54,5,19,2.1,3,117.90,0,1,0
36.00,4,10,0.0,2,75.70,0,0,1
63.00,10,23,1.9,5,71.62,0,0,0
21.98,10,18,3.3,2,27.25,0,0,0
79.99,6,16,0.6,3,67.97,0,0,0
50.50,2,21,4.9,3,44.27,0,1,0
212.07,1,10,2.6,3,73.06,0,1,0
36.18,0,19,0.1,4,59.63,0,0,0
900.10,6,13,0.8,3,252.26,0,0,0
38.50,0,22,1.1,1,58.32,0,1,0
407.50,6,11,2.1,3,84.06,0,1,0
29.95,2,18,0.1,2,84.53,0,1,0
53.69,5,17,12.6,3,35.84,0,0,0
22.98,7,23,0.8,2,60.94,0,1,0
26.80,0,16,1.5,2,39.37,0,0,0
131.96,2,11,4.4,1,215.76,0,1,0
197.51,5,14,0.0,5,43.97,0,1,1
16.00,6,11,0.8,3,48.28,0,0,0
10.99,10,14,1.5,2,27.47,1,0,0
123.00,9,18,0.4,4,50.81,0,0,0
124.87,9,18,2.8,2,140.11,1,0,0
28.11,0,12,3.1,3,26.57,0,0,0
57.99,7,15,6.3,2,121.18,0,0,0
169.99,0,19,3.3,2,81.37,0,0,0
30.99,2,13,8.8,2,52.12,0,0,0
30.88,5,10,2.4,1,13.95,0,1,0
90.73,1,13,2.4,2,35.05,0,0,0
24.69,3,12,1.0,1,33.32,0,0,0
23.63,0,10,0.8,4,32.09,0,1,0
29.89,4,16,1.3,3,106.09,0,0,0
94.02,4,4,1.4,2,54.25,0,1,0
133.71,0,17,2.0,4,129.44,0,0,0
27.00,0,12,0.5,2,69.60,0,1,0
18.00,3,15,1.4,3,26.22,0,0,0
191.07,3,15,1.8,1,192.15,0,0,0
10.09,7,17,1.2,1,58.11,0,0,0
12.36,5,18,2.1,3,31.00,0,0,0
206.41,0,19,7.4,3,79.28,0,1,1
112.69,8,14,1.0,3,76.06,0,0,0
6.32,7,6,3.0,4,7.21,0,1,0
306.07,1,12,1.0,4,81.86,0,0,0
799.09,4,6,2.6,1,176.16,0,1,0
233.27,3,15,0.9,1,70.59,0,0,0
15.03,8,11,14.9,4,29.23,0,0,0
29.80,4,10,0.4,2,22.55,0,0,0
78.95,5,9,0.5,2,29.43,0,1,0
47.95,2,9,0.8,1,63.15,0,0,0
6.72,11,0,4.1,3,13.67,0,0,0
32.45,0,11,0.8,3,140.97,0,1,0
29.00,4,8,2.0,2,32.85,0,0,0
30.40,4,0,0.5,1,88.95,0,0,0
27.62,1,19,6.2,5,39.13,0,0,0
41.97,7,13,0.2,1,48.88,0,1,0
143.42,0,7,0.8,1,75.84,0,0,0
261.46,5,16,2.9,1,90.00,0,1,0
227.78,6,19,1.1,2,227.95,0,1,0
277.94,4,18,4.6,2,163.92,0,1,0
33.26,5,15,0.9,5,55.32,0,0,0
19.65,3,15,0.0,3,20.49,0,0,0
30.11,11,12,2.6,4,9.90,0,0,0
33.95,3,9,3.2,1,42.91,0,1,0
54.27,8,14,4.5,2,80.29,1,1,1
11.99,0,12,7.0,2,39.17,0,0,0
24.20,0,9,0.5,6,32.96,0,0,0
103.67,1,12,3.9,3,54.12,1,0,0
104.81,11,17,1.0,1,82.74,0,0,0
39.69,3,15,2.5,3,67.59,0,0,0
10.19,8,9,1.0,3,39.45,0,0,0
31.22,9,9,0.0,2,28.33,0,0,0
359.86,0,20,12.8,3,25.38,0,1,1
87.14,6,10,0.5,3,67.42,0,0,0
115.50,11,9,1.1,2,110.67,0,1,0
36.81,1,19,7.7,3,24.67,0,1,0
43.49,2,13,0.2,2,20.32,0,0,0
82.02,7,18,2.7,4,63.61,0,0,0
56.13,0,18,0.1,3,49.53,0,0,0
42.95,6,21,0.2,3,25.33,0,0,0
193.02,3,10,0.1,2,106.10,0,0,0
137.00,10,14,3.7,3,194.65,0,1,1
33.00,6,13,2.7,4,26.56,0,0,0
279.95,10,20,1.4,3,170.29,0,0,0
135.95,7,17,0.9,1,92.59,0,1,0
57.50,1,18,1.9,5,43.72,0,0,0
508.58,1,10,2.3,3,73.51,0,1,1
32.00,7,19,2.7,2,41.00,0,1,0
95.22,1,18,1.6,4,67.84,0,0,0
204.42,3,10,0.6,4,71.00,0,0,0
21.76,6,15,1.7,1,31.32,0,1,0
30.49,2,9,0.1,3,31.54,0,1,0
80.00,0,20,2.2,1,79.01,0,0,0
31.57,4,11,0.2,3,26.11,0,1,0
57.75,2,13,0.9,2,78.73,0,0,0
343.58,0,4,0.5,3,315.01,0,1,0
47.34,0,18,4.4,3,12.60,0,0,0
17.00,8,13,2.8,4,53.80,0,1,0
155.17,0,14,4.1,1,105.16,0,0,0
222.51,0,19,1.1,4,120.54,0,0,0
139.59,9,17,0.3,2,121.15,0,0,0
20.00,2,8,1.7,1,35.62,0,0,0
33.77,3,12,0.0,3,61.97,0,0,0
38.27,0,14,0.0,1,53.59,0,1,0
33.68,10,17,2.5,3,105.87,0,1,0
20.14,8,10,0.1,2,47.12,0,0,0
57.88,10,15,1.5,3,40.18,0,0,0
84.12,4,10,2.0,1,56.91,0,1,0
4.22,4,11,3.4,2,21.18,0,0,0
187.04,4,17,2.2,3,66.20,0,0,0
77.58,0,9,5.7,3,89.75,0,0,0
33.40,1,14,2.5,3,87.25,0,0,0
99.05,3,17,2.7,3,57.02,0,1,0
146.99,2,10,2.7,2,111.71,0,0,0
1043.59,5,12,0.6,2,258.35,0,0,0
158.02,0,22,1.0,2,151.00,0,1,0
105.70,0,3,1.2,1,90.82,0,0,0
112.61,1,19,1.3,3,74.05,0,0,0
119.87,0,11,4.3,3,54.43,0,1,0
676.00,3,9,3.3,1,101.82,0,0,0
58.00,5,16,3.1,2,52.44,0,1,0
34.41,5,9,0.5,5,22.97,0,0,0
539.33,9,12,2.0,3,36.08,0,1,1
121.00,11,19,1.3,2,125.42,0,0,0
56.00,0,11,1.7,3,40.83,0,1,0
268.92,1,8,1.4,4,78.61,0,1,1
177.15,9,6,5.3,2,47.47,0,0,0
101.58,4,17,0.8,2,72.36,0,0,0
161.66,0,6,1.9,5,216.05,0,0,0
91.57,0,22,0.3,6,49.84,0,0,0
3.00,1,9,1.0,3,19.55,0,1,0
82.99,4,8,6.0,2,91.23,0,0,0
11.00,1,13,1.0,3,22.75,0,1,0
42.93,5,14,2.2,4,147.72,0,1,0
17.34,11,18,1.0,6,61.33,0,0,0
60.05,7,19,2.7,5,54.69,0,0,0
57.00,9,19,1.7,3,53.49,0,0,0
50.00,8,16,3.2,3,36.40,1,0,0
44.99,5,17,1.5,3,21.96,0,0,0
62.99,8,23,4.3,3,47.86,0,0,0
105.99,5,11,0.4,2,84.78,0,0,0
117.00,2,10,2.7,2,59.88,0,0,0
119.00,0,11,0.2,2,65.43,0,0,0
119.00,0,11,0.2,2,65.43,0,0,0
17.89,2,6,1.7,1,40.54,0,1,0
32.00,2,14,0.0,3,30.62,0,1,0
15.02,11,17,0.2,2,17.19,0,0,0
36.52,2,2,4.4,3,56.71,0,1,0
46.51,7,0,0.6,1,98.26,0,1,0
27.49,2,17,1.0,2,55.79,1,0,0
51.84,9,16,3.0,4,80.59,0,0,0
14.33,8,10,0.5,4,18.98,0,1,0
500.92,2,20,1.1,3,148.89,0,0,0
138.26,11,12,2.4,2,36.05,0,0,0
90.48,10,22,5.0,3,48.16,0,0,0
36.95,4,20,1.7,3,40.28,0,0,0
580.00,6,21,4.9,2,272.64,0,0,0
20.73,1,23,0.1,1,27.58,0,0,0
207.00,0,23,0.9,2,45.04,0,1,0
533.27,8,20,1.5,3,252.66,0,0,0
10.95,5,12,7.1,3,22.72,0,0,0
302.31,3,10,1.6,5,137.22,0,1,0
18.99,2,9,0.3,1,101.75,0,0,0
89.00,0,10,0.0,3,125.15,0,0,0
32.81,2,22,1.6,1,70.52,0,0,0
516.00,11,10,3.1,6,169.16,1,0,1
4.62,10,18,10.5,1,44.47,0,1,0
153.95,1,16,0.3,2,119.21,0,0,0
3.99,4,20,1.9,1,25.34,0,1,0
12.38,10,16,0.9,3,51.10,0,1,0
48.51,3,10,1.5,3,45.61,0,0,0
156.95,5,14,0.8,3,33.17,0,1,1
15.64,0,15,0.8,2,26.85,0,0,0
26.77,0,18,4.4,2,173.18,0,0,0
22.38,7,18,0.7,2,19.85,0,1,0
60.48,3,18,4.5,3,42.42,1,1,1
5.57,11,20,1.9,4,20.74,0,1,0
8.95,3,8,0.0,3,13.22,0,1,0
74.88,7,20,1.0,2,42.46,0,0,0
196.39,2,14,0.3,4,147.72,0,0,0
88.99,6,19,0.0,1,51.79,1,0,1
135.00,6,15,0.1,3,68.98,1,0,0
72.99,0,15,0.1,5,25.75,1,0,1
55.50,3,14,4.6,2,55.77,0,1,0
183.50,5,18,0.3,6,,0,0,1
48.72,5,14,1.0,2,147.11,0,1,0
472.34,8,13,0.9,1,82.53,0,1,1
102.64,8,16,4.9,5,36.02,0,1,0
67.21,5,21,2.2,3,33.98,0,1,0
121.00,4,1,0.9,4,78.08,0,0,0
11.72,3,18,0.6,3,41.30,0,0,0
45.27,1,12,0.2,4,38.66,0,0,0
48.21,3,19,3.9,3,56.26,0,0,0
159.20,1,12,7.3,1,76.37,0,1,0
77.48,2,9,1.6,7,55.36,0,1,0
180.99,7,22,1.8,2,127.90,0,0,0
25.09,0,9,3.3,2,58.79,0,0,0
26.54,8,16,1.1,4,59.07,0,0,0
58.44,8,12,6.7,4,75.17,0,0,0
122.99,3,13,0.2,6,99.94,0,1,0
6.69,6,10,2.8,4,21.74,0,1,0
204.12,10,16,0.5,3,52.29,1,0,1
24.00,2,8,6.0,2,37.79,0,0,0
304.52,0,18,2.6,1,105.87,0,1,0
22.18,3,16,0.8,3,54.65,0,0,0
78.01,5,20,3.5,6,50.22,0,0,0
33.84,3,11,2.1,4,28.58,0,1,0
42.00,8,16,8.5,1,33.32,0,0,0
11.57,2,19,1.4,2,25.05,0,0,0
18.12,2,10,1.6,6,29.11,0,0,0
24.96,11,11,0.3,2,90.43,0,0,0
33.08,2,23,1.6,3,54.79,0,1,0
13.51,0,1,1.3,2,30.16,0,0,0
28.99,9,18,1.4,4,24.02,0,1,0
19.01,1,17,1.4,3,25.53,0,0,0
31.99,4,19,2.8,3,51.75,0,0,0
95.99,5,17,1.7,2,44.47,0,1,0
28.00,1,16,1.7,2,46.52,0,0,0
59.46,0,14,1.2,3,35.53,0,0,0
412.50,2,12,3.9,2,66.90,0,0,0
100.03,2,10,1.9,3,102.97,0,1,0
114.00,1,10,1.9,3,37.85,1,0,1
65.45,11,16,1.1,3,41.67,0,0,0
98.66,8,18,1.1,2,69.10,0,1,0
35.99,5,21,0.8,5,20.76,0,0,0
54.24,0,1,3.7,3,70.02,0,0,0
82.23,4,22,6.6,2,50.85,0,1,0
37.00,2,15,1.5,2,79.23,0,0,0
46.98,10,23,0.1,2,46.37,0,0,0
63.64,3,11,7.1,3,60.83,0,0,0
40.00,2,15,2.9,1,78.60,0,0,0
324.14,5,11,1.7,2,138.57,0,1,0
141.99,8,15,0.7,3,130.37,1,1,1
286.99,10,20,1.3,2,87.50,0,0,0
181.48,2,13,1.7,2,43.64,0,1,1
454.90,0,12,1.9,3,121.40,0,1,0
24.99,5,23,0.3,1,14.24,0,1,0
21.74,8,10,0.0,4,40.94,0,0,0
60.34,0,14,2.1,2,28.63,0,0,0
94.95,9,13,2.8,6,43.67,0,0,0
24.50,3,18,2.0,4,48.23,0,0,0
11.89,10,15,3.9,2,16.86,1,0,0
60.11,2,19,3.7,1,64.94,0,1,0
91.58,6,4,1.0,4,48.15,1,0,1
243.55,3,18,2.1,3,127.98,0,0,0
53.99,8,11,2.0,2,43.12,0,0,0
217.99,5,8,0.5,1,,0,0,0
95.00,2,8,3.9,3,86.07,1,0,0
45.70,8,11,1.7,1,99.89,0,1,0
72.50,6,21,0.6,3,84.87,0,1,0
29.80,2,19,4.4,3,45.95,0,0,0
211.24,9,14,1.7,3,288.25,1,0,0
88.31,8,19,2.7,1,39.67,0,0,0
74.01,7,12,3.7,1,104.28,0,1,0
6.50,1,12,0.9,1,30.41,0,1,0
204.99,8,15,1.7,2,133.23,0,0,0
214.00,7,8,4.0,4,87.83,0,0,0
63.42,4,17,1.6,2,124.16,0,1,0
204.99,11,18,1.9,3,103.05,0,0,1
51.95,0,6,0.8,1,88.43,0,0,0
16.41,0,13,2.4,2,26.23,0,0,0
16.41,0,13,2.4,2,26.23,0,0,0
36.00,9,8,3.5,3,29.86,0,0,0
25.82,5,8,0.3,4,75.18,0,1,0
59.50,8,16,0.2,3,60.41,0,1,0
161.75,4,6,3.0,2,69.76,0,0,0
51.14,7,19,2.8,1,16.79,0,0,0
234.13,0,10,0.8,2,142.02,1,1,1
12.00,1,11,4.9,1,29.85,0,0,0
80.00,3,21,1.2,3,31.41,0,0,0
89.00,7,7,1.6,2,87.37,0,0,0
334.00,2,11,7.0,2,67.77,0,0,0
305.07,0,9,2.9,3,80.11,0,0,0
11.22,6,12,1.7,6,20.59,0,1,0
20.28,5,12,1.2,4,50.48,0,0,0
28.50,0,16,0.5,4,37.73,0,0,0
2.99,3,11,0.4,2,11.34,0,0,0
142.87,7,13,5.9,2,89.35,0,0,0
48.05,2,16,4.3,2,63.22,0,0,0
106.14,1,10,1.9,3,89.24,1,1,1
127.79,2,13,0.6,1,36.50,0,0,0
143.53,0,18,3.6,1,181.31,0,1,0
104.36,3,22,1.7,1,73.40,0,0,0
339.56,2,14,0.4,2,298.40,0,1,0
33.27,0,20,1.1,2,71.18,0,0,0
26.00,1,22,4.4,2,24.25,0,1,0
75.02,3,11,3.1,5,108.57,0,0,0
111.42,0,5,1.2,4,44.42,0,0,1
18.67,9,11,1.0,3,47.85,0,1,0
138.43,3,15,3.4,4,132.45,0,0,0
151.00,4,17,0.6,2,42.64,0,0,0
93.94,5,12,2.8,3,36.15,0,1,0
19.33,5,19,0.3,5,23.45,0,0,0
20.00,1,14,2.3,1,48.96,0,0,0
31.66,8,10,0.6,2,47.41,0,0,0
30.07,8,7,1.7,1,31.12,0,1,0
238.00,9,12,0.5,2,108.70,0,1,0
41.99,6,11,0.2,3,55.82,0,0,0
59.00,2,18,1.1,2,96.48,0,1,0
88.99,5,9,5.3,1,64.99,0,1,0
33.93,0,15,3.6,2,49.84,0,1,0
74.50,7,9,0.5,2,41.33,0,0,0
36.99,2,23,0.5,2,89.07,0,1,0
91.00,2,10,3.0,3,140.12,0,1,0
29.61,11,20,1.1,2,33.60,0,1,0
55.92,9,12,0.0,4,43.87,0,0,0
60.65,4,15,1.4,3,83.74,0,1,0
194.90,7,11,0.3,4,66.69,0,0,1
36.65,6,21,0.0,1,124.40,0,0,0
8.93,6,13,0.6,1,33.41,0,0,0
302.95,5,13,2.1,2,115.60,0,1,0
127.99,6,19,0.2,2,39.91,0,0,0
26.00,0,21,0.4,2,24.41,0,0,0
55.00,0,14,2.3,1,22.55,0,1,0
60.80,2,8,0.5,1,51.04,0,1,0
30.30,5,12,2.8,2,42.40,0,1,0
396.61,2,16,0.6,2,70.99,0,0,0
151.60,0,11,2.0,3,,0,0,0
98.34,6,16,0.2,3,30.83,0,0,0
71.00,5,7,1.6,4,35.12,0,0,0
69.73,2,14,4.6,2,47.13,1,0,0
31.99,1,19,0.7,3,82.51,0,1,0
3.50,9,7,2.6,2,20.80,0,0,0
18.50,1,10,1.9,1,40.76,0,0,0
41.29,0,11,3.2,3,64.63,0,1,0
29.98,6,8,6.3,2,38.86,0,0,0
51.99,6,1,2.6,3,66.66,0,1,0
69.52,10,9,3.9,3,74.25,0,0,0
12.56,8,0,3.0,3,16.88,0,0,0
19.00,9,12,3.3,3,40.95,0,0,0
24.99,10,15,0.6,4,71.07,0,0,0
109.51,2,22,1.6,2,50.55,0,0,0
29.00,2,13,5.0,2,55.54,0,0,0
59.99,1,2,0.8,2,40.34,0,1,0
63.59,5,15,10.2,2,28.90,0,0,0
15.00,0,17,1.7,3,59.39,0,0,0
138.50,5,17,0.7,2,66.84,0,1,0
18.45,7,12,12.4,2,34.91,0,0,0
53.50,0,10,1.1,2,59.17,0,0,0
155.95,7,18,0.7,4,88.37,0,1,0
317.77,1,12,2.4,2,107.65,0,0,0
21.29,5,9,0.0,3,33.49,0,1,0
130.86,1,17,2.1,3,48.40,0,1,0
149.15,0,11,1.0,3,51.42,0,0,0
