participant_id,condition,session_mode,participant_group,baseline_recall,recruitment_wave,site,retained_7d
p_001533,retrieval_practice,remote,undergraduate,low,late,east,1
p_001534,retrieval_practice,remote,undergraduate,low,early,east,1
p_001535,rereading,remote,undergraduate,low,early,west,0
p_001536,rereading,lab,undergraduate,low,late,west,1
p_001537,rereading,lab,community,low,early,west,0
p_001538,rereading,remote,undergraduate,high,late,east,1
p_001539,rereading,lab,undergraduate,low,late,east,0
p_001540,retrieval_practice,lab,undergraduate,high,late,west,0
p_001541,retrieval_practice,lab,undergraduate,low,late,west,0
p_001542,retrieval_practice,remote,undergraduate,high,early,east,1
p_001543,rereading,remote,undergraduate,low,early,east,0
p_001544,rereading,lab,undergraduate,high,late,east,0
p_001545,rereading,lab,undergraduate,high,early,east,1
p_001546,rereading,lab,undergraduate,high,late,west,1
p_001547,retrieval_practice,lab,community,high,early,east,1
p_001548,retrieval_practice,remote,undergraduate,high,late,east,0
p_001549,rereading,lab,community,high,early,east,1
p_001550,retrieval_practice,remote,undergraduate,low,late,west,1
p_001551,retrieval_practice,remote,undergraduate,high,early,east,1
p_001552,retrieval_practice,remote,undergraduate,low,late,east,0
p_001553,retrieval_practice,lab,undergraduate,low,early,east,1
p_001554,rereading,remote,community,high,early,west,1
p_001555,rereading,lab,community,low,early,west,0
p_001556,retrieval_practice,remote,undergraduate,low,late,west,0
p_001557,rereading,lab,community,low,late,east,0
p_001558,rereading,lab,community,low,late,east,1
p_001559,retrieval_practice,lab,undergraduate,low,late,west,1
p_001560,retrieval_practice,lab,undergraduate,high,late,east,1
p_001561,retrieval_practice,lab,community,low,early,east,0
p_001562,rereading,lab,undergraduate,low,late,east,1
p_001563,rereading,lab,undergraduate,high,early,west,0
p_001564,rereading,lab,community,high,early,west,0
p_001565,rereading,remote,undergraduate,high,early,east,1
p_001566,retrieval_practice,remote,undergraduate,low,early,east,0
p_001567,retrieval_practice,lab,undergraduate,low,early,west,1
p_001568,retrieval_practice,remote,undergraduate,high,early,west,1
p_001569,retrieval_practice,remote,undergraduate,high,late,west,0
p_001570,retrieval_practice,remote,community,low,late,west,0
p_001571,rereading,lab,undergraduate,low,early,west,0
p_001572,rereading,lab,undergraduate,high,late,west,1
p_001573,retrieval_practice,lab,undergraduate,high,early,west,0
p_001574,rereading,remote,undergraduate,low,late,west,1
p_001575,rereading,lab,undergraduate,low,late,east,1
p_001576,rereading,lab,community,low,late,west,1
p_001577,retrieval_practice,lab,community,high,late,east,1
p_001578,rereading,remote,undergraduate,high,late,west,0
p_001579,rereading,lab,undergraduate,high,late,west,1
p_001580,rereading,lab,undergraduate,low,early,east,1
p_001581,retrieval_practice,lab,undergraduate,high,late,east,0
p_001582,retrieval_practice,remote,community,high,early,east,1
p_001583,retrieval_practice,remote,undergraduate,low,late,east,0
p_001584,rereading,remote,community,low,early,west,0
p_001585,rereading,remote,undergraduate,high,late,east,0
p_001586,rereading,lab,undergraduate,high,late,east,1
p_001587,retrieval_practice,lab,community,low,early,east,1
p_001588,rereading,remote,undergraduate,high,late,east,1
p_001589,retrieval_practice,lab,undergraduate,low,early,west,0
p_001590,retrieval_practice,lab,community,low,early,east,1
p_001591,retrieval_practice,lab,community,low,early,west,1
p_001592,rereading,remote,community,low,early,east,0
p_001593,retrieval_practice,lab,undergraduate,low,late,west,1
p_001594,rereading,remote,undergraduate,low,early,west,1
p_001595,rereading,lab,undergraduate,low,early,east,1
p_001596,rereading,remote,community,high,early,west,0
p_001597,rereading,remote,community,low,early,east,1
p_001598,rereading,remote,undergraduate,high,early,east,0
p_001599,retrieval_practice,lab,community,high,late,west,0
p_001600,rereading,lab,community,low,late,west,0
p_001601,retrieval_practice,remote,community,low,late,east,1
p_001602,retrieval_practice,lab,undergraduate,low,early,west,0
p_001603,rereading,remote,undergraduate,low,early,east,0
p_001604,rereading,lab,undergraduate,high,early,east,1
p_001605,rereading,lab,community,high,early,west,0
p_001606,rereading,lab,community,low,early,west,0
p_001607,retrieval_practice,remote,community,high,early,west,0
p_001608,retrieval_practice,lab,community,high,late,east,1
p_001609,rereading,remote,undergraduate,low,early,west,0
p_001610,retrieval_practice,lab,undergraduate,high,early,east,1
p_001611,retrieval_practice,remote,undergraduate,high,early,west,1
p_001612,retrieval_practice,remote,community,low,late,west,0
p_001613,rereading,remote,community,high,late,east,0
p_001614,rereading,remote,community,high,early,east,1
p_001615,retrieval_practice,lab,community,high,late,east,1
p_001616,retrieval_practice,remote,undergraduate,high,early,west,0
p_001617,retrieval_practice,lab,community,high,late,west,0
p_001618,retrieval_practice,remote,undergraduate,high,early,west,0
p_001619,rereading,remote,undergraduate,low,late,west,1
p_001620,retrieval_practice,remote,undergraduate,low,early,east,1
p_001621,retrieval_practice,lab,community,low,early,east,1
p_001622,retrieval_practice,lab,undergraduate,low,early,west,1
p_001623,rereading,lab,community,low,late,west,1
p_001624,retrieval_practice,lab,undergraduate,low,early,west,1
p_001625,rereading,remote,undergraduate,high,late,west,0
p_001626,retrieval_practice,lab,undergraduate,low,late,east,0
p_001627,rereading,remote,undergraduate,low,late,west,0
p_001628,retrieval_practice,lab,undergraduate,high,late,east,0
p_001629,retrieval_practice,lab,community,low,early,west,1
p_001630,retrieval_practice,lab,undergraduate,low,late,east,1
p_001631,retrieval_practice,remote,undergraduate,low,early,west,0
p_001632,rereading,lab,community,low,late,west,0
p_001633,retrieval_practice,remote,undergraduate,low,late,west,1
p_001634,retrieval_practice,lab,undergraduate,high,late,east,1
p_001635,retrieval_practice,remote,undergraduate,low,late,west,0
p_001636,retrieval_practice,lab,undergraduate,high,late,east,1
p_001637,rereading,remote,community,high,early,east,1
p_001638,rereading,lab,community,high,late,west,1
p_001639,rereading,lab,community,low,late,west,0
p_001640,retrieval_practice,lab,undergraduate,high,late,west,0
p_001641,retrieval_practice,remote,undergraduate,high,late,east,1
p_001642,retrieval_practice,lab,community,high,late,east,0
p_001643,rereading,remote,community,high,early,east,1
p_001644,retrieval_practice,remote,community,high,early,east,0
p_001645,rereading,lab,undergraduate,low,early,east,1
p_001646,rereading,remote,undergraduate,high,early,east,0
p_001647,rereading,remote,community,low,early,west,1
p_001648,retrieval_practice,remote,undergraduate,low,early,east,1
p_001649,retrieval_practice,lab,undergraduate,high,early,west,0
p_001650,rereading,lab,community,low,early,east,1
p_001651,retrieval_practice,lab,undergraduate,low,late,east,1
p_001652,retrieval_practice,lab,undergraduate,low,late,east,0
p_001653,retrieval_practice,lab,community,low,early,west,0
p_001654,rereading,lab,undergraduate,low,late,west,0
p_001655,retrieval_practice,lab,undergraduate,high,early,west,0
p_001656,retrieval_practice,lab,undergraduate,low,late,east,0
p_001657,rereading,lab,undergraduate,low,late,east,1
p_001658,rereading,lab,undergraduate,high,early,east,0
p_001659,rereading,lab,undergraduate,high,late,east,0
p_001660,rereading,lab,undergraduate,low,late,east,0
p_001661,retrieval_practice,lab,undergraduate,low,early,east,1
p_001662,rereading,lab,undergraduate,low,late,west,1
p_001663,retrieval_practice,lab,undergraduate,high,late,west,1
p_001664,retrieval_practice,remote,undergraduate,low,early,west,0
p_001665,retrieval_practice,lab,undergraduate,high,late,west,0
p_001666,rereading,lab,undergraduate,high,early,east,1
p_001667,retrieval_practice,lab,community,low,late,east,1
p_001668,rereading,remote,community,high,late,east,0
p_001669,rereading,lab,undergraduate,low,early,east,0
p_001670,rereading,remote,undergraduate,low,late,east,1
p_001671,rereading,lab,undergraduate,low,late,east,1
p_001672,rereading,remote,community,low,early,west,0
p_001673,rereading,lab,community,high,early,east,1
p_001674,rereading,remote,community,low,late,west,0
p_001675,retrieval_practice,remote,undergraduate,high,late,west,1
p_001676,retrieval_practice,lab,undergraduate,high,early,west,0
p_001677,retrieval_practice,lab,community,low,early,west,0
p_001678,retrieval_practice,remote,undergraduate,low,late,west,1
p_001679,retrieval_practice,lab,undergraduate,low,early,east,1
p_001680,retrieval_practice,remote,community,low,early,west,0
p_001681,rereading,remote,community,low,early,east,0
p_001682,retrieval_practice,lab,undergraduate,low,early,west,1
p_001683,rereading,lab,community,low,early,west,1
p_001684,retrieval_practice,remote,undergraduate,low,early,west,0
p_001685,retrieval_practice,lab,undergraduate,high,late,west,0
p_001686,retrieval_practice,lab,undergraduate,high,late,east,1
p_001687,rereading,lab,undergraduate,low,early,west,1
p_001688,retrieval_practice,lab,undergraduate,high,late,west,0
p_001689,retrieval_practice,remote,undergraduate,low,late,west,0
p_001690,rereading,lab,undergraduate,high,late,east,1
p_001691,rereading,remote,undergraduate,low,early,east,0
p_001692,retrieval_practice,remote,undergraduate,high,early,east,0
p_001693,retrieval_practice,lab,community,high,late,east,1
p_001694,rereading,lab,undergraduate,high,early,east,1
p_001695,retrieval_practice,remote,undergraduate,low,late,east,0
p_001696,retrieval_practice,lab,community,high,late,east,0
p_001697,rereading,remote,community,low,late,west,1
p_001698,rereading,lab,community,low,late,east,1
p_001699,retrieval_practice,remote,undergraduate,high,early,east,1
p_001700,rereading,remote,undergraduate,low,late,west,0
p_001701,retrieval_practice,remote,undergraduate,low,late,east,1
p_001702,retrieval_practice,remote,undergraduate,high,early,west,1
p_001703,retrieval_practice,lab,community,low,early,east,1
p_001704,retrieval_practice,lab,undergraduate,high,late,west,1
p_001705,rereading,lab,undergraduate,high,late,west,0
p_001706,retrieval_practice,remote,community,low,late,east,1
p_001707,retrieval_practice,remote,undergraduate,high,early,west,1
p_001708,retrieval_practice,remote,community,low,early,east,1
p_001709,retrieval_practice,lab,undergraduate,high,late,west,0
p_001710,rereading,remote,community,high,late,west,0
p_001711,rereading,lab,undergraduate,low,late,west,1
p_001712,rereading,lab,undergraduate,high,early,east,1
p_001713,rereading,remote,community,low,late,east,1
p_001714,retrieval_practice,lab,undergraduate,high,early,west,1
p_001715,rereading,lab,undergraduate,low,early,east,1
p_001716,retrieval_practice,lab,undergraduate,high,early,west,0
p_001717,rereading,lab,undergraduate,low,late,east,0
p_001718,retrieval_practice,lab,undergraduate,low,late,east,0
p_001719,rereading,lab,undergraduate,low,early,west,1
p_001720,rereading,lab,undergraduate,low,early,west,1
p_001721,rereading,lab,undergraduate,high,late,east,0
p_001722,retrieval_practice,remote,undergraduate,low,early,east,0
p_001723,retrieval_practice,remote,undergraduate,high,late,west,1
p_001724,retrieval_practice,lab,undergraduate,high,late,east,1
p_001725,rereading,lab,undergraduate,high,early,west,1
p_001726,rereading,lab,undergraduate,low,early,east,1
p_001727,rereading,lab,community,low,late,east,1
p_001728,rereading,remote,undergraduate,high,late,east,1
p_001729,rereading,lab,undergraduate,low,late,east,1
p_001730,retrieval_practice,remote,community,high,early,east,1
p_001731,rereading,lab,undergraduate,high,late,east,0
p_001732,rereading,remote,undergraduate,high,late,west,1
p_001733,rereading,remote,undergraduate,high,late,west,0
p_001734,rereading,lab,undergraduate,high,late,east,0
p_001735,retrieval_practice,lab,undergraduate,high,late,west,1
p_001736,retrieval_practice,lab,community,high,early,west,0
p_001737,rereading,remote,community,low,late,west,1
p_001738,rereading,remote,community,high,early,west,0
p_001739,retrieval_practice,lab,undergraduate,low,late,east,0
p_001740,rereading,remote,community,low,late,east,0
p_001741,retrieval_practice,remote,undergraduate,high,early,west,0
p_001742,rereading,remote,community,low,early,west,1
p_001743,rereading,lab,community,low,early,east,0
p_001744,rereading,remote,undergraduate,high,early,east,1
p_001745,retrieval_practice,lab,community,high,late,east,1
p_001746,retrieval_practice,remote,undergraduate,high,late,west,1
p_001747,retrieval_practice,lab,undergraduate,high,early,east,0
p_001748,rereading,remote,community,high,early,east,0
p_001749,retrieval_practice,remote,undergraduate,low,late,west,1
p_001750,retrieval_practice,lab,community,low,early,east,0
p_001751,rereading,lab,undergraduate,low,early,east,0
p_001752,retrieval_practice,remote,community,low,early,east,0
p_001753,retrieval_practice,remote,undergraduate,high,late,west,1
p_001754,rereading,lab,undergraduate,low,late,east,1
p_001755,rereading,lab,community,high,early,west,1
p_001756,rereading,remote,undergraduate,low,early,west,0
p_001757,retrieval_practice,remote,undergraduate,high,early,west,1
p_001758,rereading,lab,community,low,late,east,1
p_001759,retrieval_practice,lab,undergraduate,low,late,east,0
p_001760,rereading,lab,community,low,early,west,0
p_001761,retrieval_practice,lab,undergraduate,low,late,west,0
p_001762,rereading,remote,community,low,late,west,0
p_001763,retrieval_practice,lab,undergraduate,high,late,east,0
p_001764,rereading,remote,undergraduate,high,late,east,1
p_001765,rereading,lab,community,low,early,east,1
p_001766,retrieval_practice,lab,community,high,early,west,1
p_001767,retrieval_practice,remote,community,high,late,east,0
p_001768,rereading,lab,community,high,early,west,1
p_001769,retrieval_practice,lab,community,low,late,east,1
p_001770,retrieval_practice,remote,undergraduate,low,late,west,1
p_001771,rereading,lab,undergraduate,high,late,west,0
p_001772,rereading,remote,community,low,early,west,0
p_001773,rereading,lab,community,low,late,east,1
p_001774,retrieval_practice,lab,community,low,late,east,1
p_001775,rereading,lab,undergraduate,low,early,west,0
p_001776,retrieval_practice,lab,undergraduate,low,late,east,1
p_001777,rereading,remote,undergraduate,low,late,east,0
p_001778,retrieval_practice,lab,undergraduate,high,late,east,1
p_001779,rereading,remote,undergraduate,high,late,west,1
p_001780,rereading,lab,undergraduate,high,early,west,0
p_001781,rereading,remote,community,high,late,east,1
p_001782,rereading,remote,undergraduate,low,early,west,1
p_001783,rereading,remote,undergraduate,low,early,east,0
p_001784,rereading,lab,undergraduate,high,late,east,1
p_001785,rereading,remote,undergraduate,high,late,east,0
p_001786,rereading,lab,undergraduate,low,late,west,1
p_001787,rereading,lab,community,low,early,east,1
p_001788,retrieval_practice,remote,community,high,early,west,0
p_001789,retrieval_practice,lab,undergraduate,low,late,west,0
p_001790,retrieval_practice,lab,undergraduate,low,early,east,1
p_001791,rereading,lab,community,high,late,west,0
p_001792,retrieval_practice,lab,community,high,late,west,1
p_001793,retrieval_practice,remote,undergraduate,high,late,east,0
p_001794,rereading,remote,community,high,early,west,1
p_001795,retrieval_practice,lab,community,high,late,west,0
p_001796,rereading,lab,community,low,late,west,1
p_001797,retrieval_practice,lab,community,low,late,east,0
p_001798,rereading,remote,community,high,late,west,1
p_001799,retrieval_practice,lab,community,low,early,west,0
p_001800,rereading,lab,undergraduate,high,early,west,0
p_001801,rereading,remote,undergraduate,high,late,west,1
p_001802,rereading,lab,community,high,early,east,0
p_001803,rereading,lab,undergraduate,low,early,east,1
p_001804,rereading,remote,community,low,early,east,1
p_001805,retrieval_practice,remote,community,high,late,east,0
p_001806,retrieval_practice,lab,undergraduate,high,early,west,1
p_001807,rereading,lab,undergraduate,high,early,east,1
p_001808,retrieval_practice,remote,community,low,late,west,0
p_001809,retrieval_practice,lab,community,high,early,east,0
p_001810,retrieval_practice,lab,undergraduate,high,late,west,0
p_001811,rereading,lab,community,high,early,east,0
p_001812,rereading,remote,community,low,early,west,0
p_001813,retrieval_practice,remote,community,low,late,east,0
p_001814,rereading,lab,community,high,early,west,1
p_001815,retrieval_practice,remote,undergraduate,high,early,east,0
p_001816,retrieval_practice,lab,undergraduate,low,early,west,0
p_001817,rereading,remote,undergraduate,high,late,west,1
p_001818,retrieval_practice,lab,community,high,early,west,0
p_001819,retrieval_practice,lab,undergraduate,low,late,west,0
p_001820,retrieval_practice,lab,undergraduate,high,early,east,0
p_001821,rereading,lab,undergraduate,low,early,west,1
p_001822,retrieval_practice,lab,community,low,early,east,1
p_001823,rereading,lab,community,high,late,east,0
p_001824,rereading,remote,community,low,early,west,0
p_001825,retrieval_practice,lab,community,high,late,east,1
p_001826,retrieval_practice,remote,undergraduate,high,late,west,0
p_001827,rereading,remote,community,high,early,west,0
p_001828,retrieval_practice,lab,undergraduate,low,late,west,0
p_001829,rereading,remote,undergraduate,high,late,west,0
p_001830,retrieval_practice,lab,community,low,late,west,0
p_001831,retrieval_practice,lab,undergraduate,low,early,east,1
p_001832,retrieval_practice,lab,community,low,early,east,1
p_001833,retrieval_practice,lab,community,high,late,east,1
p_001834,rereading,lab,undergraduate,high,late,west,1
p_001835,rereading,lab,undergraduate,low,late,west,1
p_001836,retrieval_practice,lab,community,low,late,west,0
p_001837,rereading,lab,undergraduate,low,late,east,0
p_001838,retrieval_practice,remote,undergraduate,high,early,west,0
p_001839,rereading,lab,undergraduate,low,early,west,0
p_001840,rereading,lab,undergraduate,high,early,east,0
p_001841,rereading,lab,undergraduate,low,late,west,0
p_001842,retrieval_practice,lab,undergraduate,low,early,east,0
p_001843,rereading,lab,undergraduate,low,late,west,1
p_001844,retrieval_practice,lab,undergraduate,low,late,east,1
p_001845,rereading,lab,community,high,early,east,1
p_001846,rereading,lab,undergraduate,low,late,west,1
p_001847,retrieval_practice,lab,undergraduate,low,late,east,0
p_001848,rereading,lab,community,high,early,west,0
p_001849,retrieval_practice,remote,undergraduate,low,early,west,0
p_001850,retrieval_practice,remote,community,low,early,east,1
p_001851,rereading,remote,undergraduate,high,late,west,0
p_001852,retrieval_practice,remote,undergraduate,low,late,west,0
p_001853,rereading,lab,community,high,late,west,1
p_001854,retrieval_practice,remote,undergraduate,high,early,east,1
p_001855,retrieval_practice,remote,undergraduate,low,early,east,0
p_001856,retrieval_practice,lab,undergraduate,low,late,west,0
p_001857,retrieval_practice,remote,community,low,early,west,0
p_001858,rereading,remote,undergraduate,high,late,west,0
p_001859,retrieval_practice,remote,undergraduate,high,early,west,1
p_001860,rereading,lab,undergraduate,high,late,west,0
p_001861,rereading,lab,community,low,early,east,1
p_001862,retrieval_practice,remote,undergraduate,low,late,west,0
p_001863,rereading,lab,undergraduate,high,early,west,0
p_001864,retrieval_practice,lab,undergraduate,low,early,east,0
p_001865,retrieval_practice,remote,community,low,late,west,0
p_001866,rereading,lab,community,low,early,east,1
p_001867,retrieval_practice,lab,community,low,early,west,1
p_001868,retrieval_practice,lab,community,low,early,east,1
p_001869,rereading,remote,undergraduate,low,late,west,0
p_001870,retrieval_practice,lab,undergraduate,low,late,west,0
p_001871,rereading,lab,undergraduate,low,early,east,1
p_001872,rereading,lab,community,low,late,west,0
p_001873,retrieval_practice,remote,undergraduate,low,late,east,1
p_001874,rereading,remote,community,low,late,west,0
p_001875,rereading,remote,undergraduate,high,early,east,0
p_001876,retrieval_practice,lab,undergraduate,high,early,east,0
p_001877,rereading,lab,undergraduate,high,late,west,0
p_001878,rereading,lab,undergraduate,high,late,west,1
p_001879,rereading,lab,undergraduate,low,late,east,1
p_001880,retrieval_practice,lab,undergraduate,high,late,west,0
p_001881,retrieval_practice,lab,community,low,late,east,1
p_001882,rereading,lab,community,low,early,west,0
p_001883,retrieval_practice,lab,undergraduate,high,early,east,1
p_001884,retrieval_practice,remote,undergraduate,high,late,west,1
p_001885,retrieval_practice,lab,community,low,early,east,0
p_001886,rereading,remote,undergraduate,high,early,east,0
p_001887,rereading,lab,community,high,early,east,1
p_001888,rereading,lab,community,high,late,west,1
p_001889,retrieval_practice,remote,undergraduate,high,late,east,0
p_001890,rereading,lab,community,high,early,east,1
p_001891,retrieval_practice,lab,undergraduate,high,early,west,1
p_001892,rereading,lab,undergraduate,high,late,east,0
p_001893,rereading,lab,community,low,late,west,1
p_001894,rereading,lab,community,high,early,east,0
p_001895,rereading,lab,community,low,early,west,1
p_001896,rereading,remote,community,low,early,west,1
p_001897,rereading,lab,community,low,early,east,0
p_001898,retrieval_practice,lab,community,high,early,east,1
p_001899,rereading,remote,community,low,late,west,1
p_001900,retrieval_practice,remote,community,high,early,east,1
p_001901,retrieval_practice,lab,undergraduate,low,early,west,1
p_001902,rereading,lab,undergraduate,high,early,east,0
p_001903,rereading,lab,undergraduate,low,late,east,0
p_001904,retrieval_practice,remote,undergraduate,low,early,east,0
p_001905,retrieval_practice,remote,undergraduate,high,early,east,0
p_001906,rereading,lab,undergraduate,low,early,west,1
p_001907,rereading,lab,undergraduate,low,early,east,0
p_001908,retrieval_practice,remote,undergraduate,low,early,east,1
p_001909,retrieval_practice,lab,community,low,late,west,0
p_001910,rereading,lab,undergraduate,high,early,west,0
p_001911,rereading,lab,undergraduate,low,early,west,0
p_001912,rereading,lab,community,high,early,east,1
p_001913,rereading,lab,undergraduate,high,late,east,1
p_001914,rereading,lab,undergraduate,high,early,west,1
p_001915,rereading,lab,undergraduate,low,late,east,1
p_001916,rereading,lab,community,high,late,east,1
p_001917,rereading,lab,undergraduate,low,late,east,1
p_001918,rereading,lab,undergraduate,high,late,east,1
p_001919,rereading,lab,community,high,late,west,1
p_001920,retrieval_practice,lab,community,high,late,east,0
p_001921,retrieval_practice,lab,community,low,early,west,1
p_001922,retrieval_practice,lab,community,low,late,west,0
p_001923,rereading,lab,undergraduate,low,late,east,0
p_001924,retrieval_practice,lab,undergraduate,low,early,east,0
p_001925,retrieval_practice,lab,undergraduate,low,late,east,1
p_001926,retrieval_practice,lab,undergraduate,high,late,east,1
p_001927,retrieval_practice,lab,undergraduate,low,late,east,1
p_001928,retrieval_practice,lab,community,low,late,west,1
p_001929,retrieval_practice,remote,undergraduate,low,early,west,0
p_001930,retrieval_practice,remote,undergraduate,low,late,east,0
p_001931,rereading,lab,community,high,late,west,1
p_001932,retrieval_practice,remote,community,low,early,west,0
p_001933,retrieval_practice,lab,community,low,early,east,1
p_001934,rereading,lab,undergraduate,low,early,west,0
p_001935,rereading,lab,undergraduate,low,early,west,1
p_001936,rereading,lab,undergraduate,low,early,west,1
p_001937,retrieval_practice,lab,undergraduate,high,late,east,1
p_001938,retrieval_practice,lab,community,high,early,east,1
p_001939,rereading,lab,undergraduate,high,early,west,1
p_001940,retrieval_practice,lab,undergraduate,low,early,east,0
p_001941,rereading,remote,community,low,late,east,0
p_001942,rereading,remote,undergraduate,high,late,west,1
p_001943,rereading,remote,community,low,late,west,0
p_001944,retrieval_practice,remote,undergraduate,high,early,west,1
p_001945,rereading,lab,community,low,late,west,0
p_001946,retrieval_practice,lab,undergraduate,low,early,east,0
p_001947,rereading,lab,undergraduate,high,late,west,1
p_001948,retrieval_practice,lab,community,low,late,east,0
p_001949,rereading,remote,undergraduate,high,early,west,0
p_001950,retrieval_practice,lab,undergraduate,high,early,west,0
p_001951,retrieval_practice,remote,community,low,late,west,0
p_001952,rereading,lab,community,low,late,west,1
p_001953,retrieval_practice,remote,community,high,early,east,0
p_001954,rereading,lab,community,low,late,west,0
p_001955,retrieval_practice,lab,community,high,late,east,1
p_001956,rereading,lab,undergraduate,high,late,west,0
p_001957,retrieval_practice,lab,community,low,late,east,0
p_001958,retrieval_practice,lab,community,high,late,east,0
p_001959,retrieval_practice,lab,undergraduate,high,late,east,0
p_001960,rereading,lab,undergraduate,high,late,west,1
p_001961,rereading,lab,undergraduate,high,early,west,1
p_001962,retrieval_practice,lab,community,low,late,east,0
p_001963,rereading,lab,undergraduate,low,late,east,0
p_001964,rereading,remote,community,high,early,east,0
p_001965,rereading,lab,undergraduate,low,early,east,0
p_001966,retrieval_practice,lab,community,low,late,west,1
p_001967,rereading,lab,undergraduate,high,early,west,1
p_001968,retrieval_practice,remote,undergraduate,high,late,west,1
p_001969,retrieval_practice,remote,community,low,late,west,1
p_001970,rereading,lab,community,high,early,east,1
p_001971,rereading,remote,undergraduate,high,early,west,0
p_001972,rereading,remote,community,low,late,west,0
p_001973,retrieval_practice,remote,community,high,late,east,1
p_001974,rereading,remote,undergraduate,high,late,east,0
p_001975,rereading,lab,undergraduate,high,late,west,1
p_001976,retrieval_practice,lab,undergraduate,low,early,east,0
p_001977,rereading,lab,undergraduate,low,early,west,0
p_001978,rereading,remote,undergraduate,high,early,east,0
p_001979,retrieval_practice,remote,community,high,early,east,0
p_001980,rereading,lab,community,low,late,east,1
p_001981,rereading,lab,community,high,early,west,1
p_001982,retrieval_practice,lab,community,high,early,east,1
p_001983,retrieval_practice,lab,undergraduate,high,late,east,0
p_001984,retrieval_practice,lab,undergraduate,low,late,west,1
p_001985,rereading,lab,community,high,early,west,1
p_001986,retrieval_practice,remote,undergraduate,low,late,west,1
p_001987,retrieval_practice,lab,undergraduate,low,late,east,1
p_001988,rereading,lab,community,high,late,east,0
p_001989,rereading,lab,undergraduate,low,early,west,1
p_001990,retrieval_practice,remote,community,high,late,west,0
p_001991,retrieval_practice,remote,community,high,late,east,0
p_001992,rereading,lab,undergraduate,low,early,west,0
p_001993,rereading,lab,undergraduate,high,early,east,0
p_001994,rereading,remote,undergraduate,high,early,west,1
p_001995,retrieval_practice,lab,community,high,late,east,0
p_001996,retrieval_practice,lab,undergraduate,low,early,west,0
p_001997,rereading,lab,community,high,early,east,1
p_001998,rereading,lab,community,low,early,east,0
p_001999,retrieval_practice,lab,undergraduate,low,late,east,0
p_002000,retrieval_practice,remote,community,low,late,west,0
p_002001,rereading,lab,undergraduate,low,early,east,0
p_002002,retrieval_practice,lab,community,low,late,east,0
p_002003,rereading,remote,community,high,early,west,1
p_002004,retrieval_practice,remote,undergraduate,high,early,east,1
p_002005,rereading,lab,community,high,early,west,1
p_002006,rereading,remote,undergraduate,high,early,east,0
p_002007,rereading,remote,undergraduate,high,early,east,0
p_002008,retrieval_practice,remote,undergraduate,high,late,west,1
p_002009,rereading,lab,community,low,early,west,0
p_002010,retrieval_practice,lab,undergraduate,low,early,west,1
p_002011,rereading,remote,undergraduate,low,late,east,1
p_002012,retrieval_practice,remote,community,high,late,west,1
p_002013,retrieval_practice,lab,community,low,late,west,1
p_002014,retrieval_practice,remote,community,high,late,east,0
p_002015,retrieval_practice,lab,undergraduate,high,late,east,0
p_002016,retrieval_practice,remote,community,high,early,west,0
p_002017,rereading,lab,undergraduate,low,late,west,1
p_002018,rereading,lab,undergraduate,high,early,east,1
p_002019,rereading,remote,community,high,early,east,0
p_002020,rereading,lab,undergraduate,low,late,west,0
p_002021,rereading,lab,undergraduate,high,early,east,0
p_002022,rereading,lab,undergraduate,high,early,west,0
p_002023,retrieval_practice,remote,undergraduate,low,late,west,0
p_002024,rereading,remote,undergraduate,low,late,east,0
p_002025,retrieval_practice,lab,undergraduate,low,late,west,1
p_002026,retrieval_practice,lab,undergraduate,low,early,west,0
p_002027,rereading,lab,undergraduate,high,early,west,1
p_002028,rereading,lab,undergraduate,low,late,west,0
p_002029,rereading,lab,undergraduate,high,early,west,0
p_002030,rereading,lab,undergraduate,low,late,west,0
p_002031,retrieval_practice,lab,undergraduate,high,early,east,0
p_002032,retrieval_practice,lab,community,high,late,west,1
p_002033,retrieval_practice,lab,undergraduate,low,early,west,1
p_002034,retrieval_practice,remote,undergraduate,low,early,west,1
p_002035,retrieval_practice,remote,undergraduate,high,early,east,1
p_002036,retrieval_practice,lab,undergraduate,low,late,west,0
p_002037,rereading,lab,undergraduate,low,late,west,1
p_002038,retrieval_practice,lab,community,high,late,west,1
p_002039,retrieval_practice,lab,community,high,late,east,1
p_002040,retrieval_practice,lab,community,low,early,west,1
p_002041,rereading,lab,community,low,early,east,0
p_002042,rereading,remote,community,high,late,west,1
p_002043,retrieval_practice,remote,community,low,late,west,0
p_002044,retrieval_practice,lab,undergraduate,low,early,east,1
p_002045,rereading,lab,community,high,late,west,0
p_002046,rereading,remote,undergraduate,high,late,east,1
p_002047,retrieval_practice,remote,community,high,early,west,0
p_002048,retrieval_practice,lab,undergraduate,high,early,east,0
p_002049,rereading,lab,undergraduate,high,late,west,1
p_002050,retrieval_practice,remote,undergraduate,low,early,west,0
p_002051,retrieval_practice,lab,undergraduate,high,early,east,1
p_002052,retrieval_practice,lab,community,low,early,east,1
p_002053,rereading,remote,undergraduate,high,early,east,0
p_002054,retrieval_practice,lab,undergraduate,high,early,east,0
p_002055,rereading,remote,undergraduate,high,late,east,0
p_002056,rereading,lab,community,high,early,west,1
p_002057,retrieval_practice,remote,community,low,late,east,1
p_002058,rereading,remote,undergraduate,high,early,west,0
p_002059,rereading,lab,undergraduate,high,late,west,0
p_002060,rereading,lab,undergraduate,high,late,west,0
p_002061,rereading,remote,community,high,early,east,0
p_002062,rereading,remote,community,low,early,west,1
p_002063,retrieval_practice,remote,community,low,late,east,1
p_002064,retrieval_practice,lab,community,low,early,west,0
p_002065,rereading,remote,undergraduate,high,early,west,1
p_002066,rereading,lab,community,high,early,east,0
p_002067,retrieval_practice,lab,undergraduate,low,late,west,1
p_002068,rereading,lab,undergraduate,high,early,east,1
p_002069,rereading,remote,community,high,late,east,0
p_002070,retrieval_practice,lab,community,high,early,east,1
p_002071,rereading,remote,undergraduate,high,early,west,1
p_002072,rereading,lab,undergraduate,high,early,west,1
p_002073,rereading,lab,undergraduate,high,early,east,0
p_002074,retrieval_practice,lab,community,low,early,east,1
p_002075,rereading,lab,community,low,early,west,0
p_002076,rereading,remote,community,low,early,east,0
p_002077,retrieval_practice,remote,undergraduate,high,early,east,1
p_002078,retrieval_practice,remote,undergraduate,high,early,east,1
p_002079,retrieval_practice,remote,community,high,late,east,0
p_002080,rereading,lab,undergraduate,high,early,east,1
p_002081,retrieval_practice,lab,community,high,early,west,0
p_002082,rereading,lab,undergraduate,low,late,west,0
p_002083,rereading,remote,community,low,late,west,0
p_002084,rereading,lab,community,high,early,east,0
p_002085,rereading,remote,undergraduate,high,late,west,1
p_002086,rereading,lab,community,low,late,east,1
p_002087,rereading,lab,community,low,early,west,1
p_002088,rereading,lab,undergraduate,high,early,west,1
p_002089,rereading,lab,undergraduate,low,late,east,0
p_002090,retrieval_practice,lab,undergraduate,low,late,west,0
p_002091,retrieval_practice,remote,undergraduate,high,late,west,1
p_002092,retrieval_practice,lab,undergraduate,low,late,east,1
p_002093,rereading,remote,undergraduate,low,early,west,0
p_002094,retrieval_practice,remote,undergraduate,low,early,west,0
p_002095,rereading,remote,undergraduate,low,late,west,1
p_002096,retrieval_practice,remote,undergraduate,high,late,east,1
p_002097,rereading,remote,community,high,early,east,1
p_002098,retrieval_practice,lab,undergraduate,low,early,west,1
p_002099,retrieval_practice,remote,undergraduate,low,early,west,1
p_002100,retrieval_practice,remote,community,low,late,east,1
p_002101,rereading,lab,undergraduate,low,early,east,1
p_002102,rereading,remote,undergraduate,high,late,west,1
p_002103,retrieval_practice,lab,community,low,late,east,1
p_002104,retrieval_practice,lab,undergraduate,low,early,east,0
p_002105,retrieval_practice,lab,undergraduate,low,early,east,0
p_002106,retrieval_practice,lab,community,high,early,east,0
p_002107,retrieval_practice,lab,undergraduate,low,late,east,1
p_002108,rereading,lab,undergraduate,high,early,west,1
p_002109,retrieval_practice,lab,undergraduate,low,early,west,1
p_002110,rereading,lab,undergraduate,low,early,east,0
p_002111,rereading,lab,community,high,early,west,0
p_002112,retrieval_practice,remote,undergraduate,high,late,west,0
p_002113,retrieval_practice,lab,undergraduate,low,early,west,0
p_002114,rereading,lab,community,low,early,west,1
p_002115,retrieval_practice,remote,undergraduate,high,early,west,1
p_002116,retrieval_practice,remote,undergraduate,high,early,west,0
p_002117,rereading,remote,community,high,early,east,1
p_002118,rereading,remote,undergraduate,high,late,east,0
p_002119,retrieval_practice,lab,undergraduate,low,late,west,0
p_002120,retrieval_practice,lab,undergraduate,low,late,west,1
p_002121,retrieval_practice,lab,undergraduate,low,early,east,0
p_002122,retrieval_practice,lab,community,high,late,west,0
p_002123,retrieval_practice,remote,community,low,early,east,1
p_002124,rereading,lab,community,low,early,west,1
p_002125,retrieval_practice,lab,undergraduate,low,late,east,0
p_002126,rereading,lab,undergraduate,high,early,west,1
p_002127,retrieval_practice,lab,community,low,early,east,0
p_002128,retrieval_practice,lab,community,high,early,east,1
p_002129,retrieval_practice,remote,community,low,early,east,1
p_002130,rereading,lab,community,low,early,west,0
p_002131,rereading,lab,undergraduate,low,early,east,1
p_002132,rereading,remote,undergraduate,low,early,west,1
p_002133,rereading,lab,undergraduate,low,late,east,0
p_002134,retrieval_practice,lab,undergraduate,low,early,west,0
p_002135,retrieval_practice,remote,undergraduate,high,late,east,0
p_002136,rereading,lab,undergraduate,high,late,east,0
p_002137,rereading,remote,undergraduate,low,late,east,0
p_002138,rereading,lab,undergraduate,high,early,east,1
p_002139,rereading,lab,undergraduate,low,late,east,1
p_002140,retrieval_practice,lab,community,high,late,west,0
p_002141,retrieval_practice,lab,undergraduate,low,early,east,0
p_002142,retrieval_practice,lab,community,low,late,east,1
p_002143,rereading,lab,undergraduate,high,late,west,0
p_002144,retrieval_practice,lab,community,high,early,east,0
p_002145,rereading,lab,undergraduate,high,early,west,1
p_002146,retrieval_practice,lab,community,high,early,east,0
p_002147,rereading,lab,community,low,late,east,0
p_002148,retrieval_practice,remote,community,high,late,east,1
p_002149,retrieval_practice,remote,undergraduate,high,late,west,1
p_002150,retrieval_practice,lab,undergraduate,low,late,west,1
p_002151,rereading,lab,undergraduate,low,late,west,0
p_002152,retrieval_practice,remote,undergraduate,low,late,west,0
p_002153,retrieval_practice,lab,community,high,early,east,1
p_002154,rereading,remote,undergraduate,high,early,east,0
p_002155,retrieval_practice,remote,undergraduate,high,early,west,0
p_002156,rereading,remote,undergraduate,high,late,west,0
p_002157,rereading,lab,undergraduate,low,early,east,0
p_002158,rereading,remote,undergraduate,low,early,east,0
p_002159,retrieval_practice,lab,community,low,early,west,1
p_002160,retrieval_practice,remote,community,low,late,east,1
p_002161,retrieval_practice,lab,community,low,late,east,1
p_002162,rereading,lab,undergraduate,high,late,west,1
p_002163,retrieval_practice,remote,undergraduate,high,late,west,1
p_002164,retrieval_practice,remote,undergraduate,low,late,east,1
p_002165,rereading,remote,undergraduate,high,early,east,1
p_002166,retrieval_practice,remote,undergraduate,low,early,west,0
p_002167,rereading,remote,community,high,late,east,1
p_002168,retrieval_practice,remote,undergraduate,high,early,west,0
p_002169,rereading,lab,community,low,early,east,0
p_002170,retrieval_practice,lab,community,low,late,west,0
p_002171,retrieval_practice,remote,undergraduate,high,early,east,0
p_002172,retrieval_practice,lab,community,low,early,west,1
p_002173,retrieval_practice,remote,undergraduate,high,late,east,1
p_002174,retrieval_practice,lab,undergraduate,low,late,east,1
p_002175,rereading,remote,community,high,early,east,0
p_002176,rereading,lab,undergraduate,high,early,east,0
p_002177,rereading,remote,undergraduate,low,late,west,1
p_002178,retrieval_practice,remote,community,high,late,east,1
p_002179,retrieval_practice,lab,undergraduate,low,early,west,0
p_002180,rereading,remote,undergraduate,low,late,east,1
p_002181,rereading,remote,undergraduate,high,early,east,0
p_002182,rereading,remote,undergraduate,low,late,east,1
p_002183,retrieval_practice,lab,community,high,late,east,1
p_002184,retrieval_practice,lab,community,high,late,west,1
p_002185,rereading,lab,undergraduate,low,late,west,0
p_002186,rereading,lab,community,high,late,east,1
p_002187,retrieval_practice,lab,undergraduate,low,late,west,1
p_002188,retrieval_practice,remote,undergraduate,low,early,east,0
p_002189,rereading,remote,undergraduate,low,late,east,1
p_002190,rereading,remote,undergraduate,high,late,east,0
p_002191,retrieval_practice,lab,undergraduate,low,late,east,0
p_002192,retrieval_practice,lab,community,high,late,east,1
p_002193,rereading,lab,community,low,late,east,0
p_002194,retrieval_practice,lab,undergraduate,low,early,west,1
p_002195,rereading,remote,undergraduate,low,late,east,1
p_002196,retrieval_practice,remote,undergraduate,high,late,west,0
p_002197,retrieval_practice,lab,undergraduate,high,late,east,1
p_002198,retrieval_practice,lab,community,low,late,east,1
p_002199,rereading,lab,undergraduate,high,early,east,0
p_002200,rereading,lab,undergraduate,high,late,west,1
p_002201,rereading,lab,community,low,late,west,1
p_002202,rereading,lab,undergraduate,high,early,east,1
p_002203,retrieval_practice,lab,community,low,early,east,0
p_002204,rereading,lab,community,low,late,east,1
p_002205,rereading,remote,undergraduate,low,late,east,1
p_002206,rereading,remote,undergraduate,high,late,east,1
p_002207,rereading,remote,undergraduate,low,late,west,1
p_002208,retrieval_practice,lab,undergraduate,low,late,east,1
p_002209,rereading,lab,community,high,late,west,1
p_002210,rereading,lab,undergraduate,high,late,east,1
p_002211,retrieval_practice,remote,undergraduate,high,late,west,0
p_002212,retrieval_practice,lab,community,high,early,west,1
p_002213,retrieval_practice,lab,community,low,early,east,0
p_002214,rereading,remote,undergraduate,high,late,west,0
p_002215,retrieval_practice,lab,community,high,late,east,1
p_002216,rereading,lab,undergraduate,high,late,west,1
p_002217,rereading,lab,undergraduate,high,early,east,1
p_002218,rereading,remote,undergraduate,low,early,east,0
p_002219,rereading,remote,undergraduate,high,late,west,0
p_002220,rereading,remote,undergraduate,low,early,east,0
p_002221,retrieval_practice,lab,undergraduate,low,early,east,0
p_002222,rereading,lab,undergraduate,high,late,west,0
p_002223,retrieval_practice,remote,undergraduate,low,late,east,1
p_002224,rereading,remote,undergraduate,low,late,west,1
p_002225,rereading,lab,community,low,early,west,0
p_002226,rereading,remote,undergraduate,low,late,east,0
p_002227,rereading,remote,undergraduate,high,early,east,1
p_002228,retrieval_practice,remote,community,high,early,east,1
p_002229,rereading,lab,community,low,early,west,0
p_002230,rereading,lab,undergraduate,high,late,west,0
p_002231,retrieval_practice,lab,undergraduate,high,late,west,1
p_002232,rereading,remote,undergraduate,low,early,east,0
p_002233,retrieval_practice,lab,community,high,early,west,1
p_002234,retrieval_practice,lab,community,low,late,west,1
p_002235,retrieval_practice,lab,community,high,early,west,1
p_002236,retrieval_practice,remote,undergraduate,high,early,east,1
p_002237,retrieval_practice,lab,community,low,late,east,0
p_002238,retrieval_practice,lab,community,high,late,east,0
p_002239,rereading,remote,community,low,early,east,0
p_002240,rereading,lab,undergraduate,high,late,east,1
p_002241,retrieval_practice,lab,undergraduate,low,early,west,1
p_002242,rereading,lab,undergraduate,high,late,east,0
p_002243,retrieval_practice,lab,undergraduate,high,late,east,1
p_002244,rereading,lab,community,high,early,west,1
p_002245,retrieval_practice,lab,undergraduate,high,early,west,0
p_002246,retrieval_practice,lab,undergraduate,high,late,west,1
p_002247,retrieval_practice,lab,undergraduate,low,late,east,1
p_002248,retrieval_practice,remote,undergraduate,low,early,west,0
p_002249,rereading,lab,community,low,late,west,0
p_002250,retrieval_practice,lab,undergraduate,high,late,west,0
p_002251,retrieval_practice,remote,undergraduate,low,early,east,1
p_002252,retrieval_practice,remote,community,high,early,east,1
p_002253,rereading,remote,community,high,late,west,0
p_002254,rereading,lab,undergraduate,high,late,west,0
p_002255,rereading,remote,undergraduate,low,late,east,1
p_002256,rereading,lab,community,low,late,east,0
p_002257,rereading,remote,community,low,early,east,0
p_002258,retrieval_practice,remote,undergraduate,high,early,east,0
p_002259,rereading,remote,community,low,early,east,0
p_002260,rereading,lab,undergraduate,low,early,west,1
p_002261,rereading,remote,undergraduate,low,late,west,1
p_002262,retrieval_practice,lab,undergraduate,low,early,east,1
p_002263,retrieval_practice,lab,undergraduate,high,late,west,1
p_002264,retrieval_practice,lab,undergraduate,high,late,west,1
p_002265,rereading,remote,undergraduate,low,late,west,0
p_002266,retrieval_practice,lab,community,high,early,east,0
p_002267,retrieval_practice,lab,undergraduate,high,early,west,0
p_002268,retrieval_practice,lab,community,high,late,west,1
p_002269,rereading,remote,undergraduate,low,late,east,0
p_002270,rereading,lab,community,low,late,west,1
p_002271,retrieval_practice,remote,undergraduate,high,early,west,1
p_002272,retrieval_practice,remote,undergraduate,low,early,east,1
p_002273,rereading,remote,undergraduate,high,late,west,1
p_002274,retrieval_practice,lab,undergraduate,high,late,west,0
p_002275,rereading,remote,undergraduate,low,late,west,1
p_002276,retrieval_practice,lab,undergraduate,high,early,east,1
p_002277,retrieval_practice,lab,undergraduate,high,early,west,1
p_002278,retrieval_practice,remote,undergraduate,low,late,east,0
p_002279,rereading,lab,community,high,early,east,1
p_002280,rereading,lab,undergraduate,high,early,east,1
p_002281,retrieval_practice,lab,community,high,late,east,0
p_002282,rereading,remote,undergraduate,low,late,east,1
p_002283,retrieval_practice,lab,undergraduate,high,early,west,1
p_002284,rereading,lab,undergraduate,low,late,west,1
p_002285,retrieval_practice,lab,undergraduate,high,late,east,1
p_002286,retrieval_practice,lab,undergraduate,low,early,east,0
p_002287,rereading,lab,community,high,late,west,1
p_002288,rereading,lab,undergraduate,high,late,west,0
p_002289,rereading,lab,community,low,early,west,0
p_002290,rereading,remote,undergraduate,high,early,west,1
p_002291,retrieval_practice,remote,undergraduate,low,late,west,1
p_002292,retrieval_practice,lab,undergraduate,high,early,west,1
p_002293,rereading,lab,undergraduate,low,early,east,1
p_002294,retrieval_practice,remote,community,low,late,west,1
p_002295,retrieval_practice,lab,community,low,late,east,0
p_002296,rereading,lab,undergraduate,high,early,east,1
p_002297,rereading,remote,undergraduate,high,late,west,1
p_002298,retrieval_practice,remote,undergraduate,low,late,west,0
p_002299,retrieval_practice,remote,undergraduate,low,early,east,1
p_002300,retrieval_practice,remote,undergraduate,high,late,west,0
p_002301,retrieval_practice,remote,undergraduate,high,early,west,0
p_002302,rereading,remote,community,high,early,west,0
p_002303,retrieval_practice,remote,undergraduate,high,early,west,0
p_002304,rereading,lab,undergraduate,high,early,west,1
p_002305,retrieval_practice,lab,undergraduate,high,late,west,1
p_002306,rereading,remote,community,high,early,west,1
p_002307,rereading,lab,undergraduate,high,late,east,0
p_002308,retrieval_practice,remote,community,low,early,east,0
p_002309,retrieval_practice,lab,undergraduate,low,early,east,1
p_002310,retrieval_practice,remote,undergraduate,high,late,west,0
p_002311,retrieval_practice,remote,community,low,early,east,1
p_002312,rereading,lab,community,high,late,east,1
p_002313,retrieval_practice,remote,undergraduate,high,late,west,1
p_002314,retrieval_practice,lab,undergraduate,high,early,east,0
p_002315,rereading,lab,undergraduate,high,early,west,1
p_002316,retrieval_practice,lab,undergraduate,high,early,east,1
p_002317,rereading,lab,undergraduate,low,early,west,0
p_002318,retrieval_practice,remote,community,high,late,west,1
p_002319,retrieval_practice,remote,undergraduate,low,late,west,1
p_002320,retrieval_practice,lab,community,low,late,east,1
p_002321,retrieval_practice,lab,community,high,late,west,0
p_002322,retrieval_practice,lab,community,low,late,west,0
p_002323,rereading,remote,community,high,early,east,1
p_002324,retrieval_practice,lab,undergraduate,low,late,east,1
p_002325,retrieval_practice,lab,undergraduate,low,late,east,1
p_002326,retrieval_practice,lab,undergraduate,high,early,east,1
p_002327,rereading,remote,community,low,late,east,0
p_002328,retrieval_practice,lab,undergraduate,low,late,west,1
p_002329,retrieval_practice,lab,community,low,late,east,0
p_002330,rereading,remote,undergraduate,low,late,west,1
p_002331,rereading,lab,undergraduate,high,early,east,1
p_002332,rereading,lab,undergraduate,high,late,east,0
p_002333,rereading,remote,undergraduate,high,early,west,1
p_002334,retrieval_practice,remote,undergraduate,low,early,west,0
p_002335,retrieval_practice,remote,undergraduate,high,late,west,0
p_002336,rereading,lab,community,low,early,east,1
p_002337,rereading,lab,undergraduate,high,late,west,0
p_002338,rereading,lab,undergraduate,low,late,east,0
p_002339,rereading,lab,community,high,early,west,1
p_002340,rereading,lab,undergraduate,low,early,east,1
p_002341,retrieval_practice,lab,undergraduate,high,early,east,0
p_002342,retrieval_practice,lab,undergraduate,low,late,west,1
p_002343,retrieval_practice,lab,undergraduate,low,late,west,0
p_002344,retrieval_practice,lab,community,high,early,east,0
p_002345,rereading,remote,undergraduate,low,late,east,1
p_002346,rereading,remote,community,high,late,west,0
p_002347,retrieval_practice,lab,community,high,late,west,0
p_002348,retrieval_practice,remote,undergraduate,high,early,west,1
p_002349,retrieval_practice,lab,community,low,early,west,1
p_002350,rereading,remote,community,low,early,east,1
p_002351,retrieval_practice,remote,community,low,early,west,0
p_002352,retrieval_practice,lab,community,low,late,west,1
p_002353,retrieval_practice,lab,undergraduate,high,late,east,1
p_002354,rereading,lab,community,low,early,west,1
p_002355,retrieval_practice,remote,undergraduate,low,early,west,1
p_002356,retrieval_practice,remote,undergraduate,high,late,east,1
p_002357,retrieval_practice,lab,undergraduate,low,late,east,0
p_002358,retrieval_practice,lab,undergraduate,low,early,west,1
p_002359,rereading,lab,community,high,early,east,0
p_002360,retrieval_practice,lab,undergraduate,high,early,west,1
p_002361,rereading,remote,community,high,early,west,1
p_002362,retrieval_practice,remote,undergraduate,high,late,west,0
p_002363,retrieval_practice,lab,undergraduate,high,late,east,1
p_002364,retrieval_practice,remote,undergraduate,low,early,east,0
p_002365,retrieval_practice,lab,undergraduate,high,late,east,1
p_002366,retrieval_practice,lab,undergraduate,high,early,west,0
p_002367,retrieval_practice,remote,undergraduate,high,early,west,1
p_002368,rereading,remote,community,low,early,east,0
p_002369,rereading,remote,community,high,late,east,1
p_002370,rereading,remote,community,low,early,east,1
p_002371,retrieval_practice,remote,undergraduate,high,late,west,1
p_002372,rereading,remote,undergraduate,low,early,west,0
p_002373,rereading,lab,community,high,late,east,1
p_002374,rereading,lab,undergraduate,low,late,west,1
p_002375,retrieval_practice,remote,undergraduate,low,late,east,0
p_002376,retrieval_practice,remote,undergraduate,high,late,west,1
p_002377,rereading,lab,undergraduate,low,early,east,1
p_002378,rereading,lab,community,low,late,east,1
p_002379,rereading,lab,community,high,late,west,0
p_002380,retrieval_practice,lab,undergraduate,low,late,east,1
p_002381,rereading,lab,undergraduate,low,early,west,1
p_002382,retrieval_practice,remote,community,high,early,east,0
p_002383,rereading,lab,undergraduate,low,early,west,0
p_002384,rereading,lab,undergraduate,low,early,east,1
p_002385,rereading,remote,community,high,early,west,0
p_002386,rereading,lab,community,high,late,east,1
p_002387,retrieval_practice,remote,community,low,early,west,0
p_002388,rereading,lab,undergraduate,low,late,east,1
p_002389,rereading,lab,undergraduate,high,late,east,0
p_002390,retrieval_practice,remote,undergraduate,low,late,west,0
p_002391,retrieval_practice,remote,undergraduate,high,late,west,0
p_002392,retrieval_practice,lab,community,low,late,east,0
p_002393,retrieval_practice,lab,undergraduate,high,early,east,0
p_002394,rereading,remote,community,low,early,east,0
p_002395,retrieval_practice,lab,undergraduate,low,early,east,0
p_002396,retrieval_practice,remote,undergraduate,high,early,west,1
p_002397,rereading,lab,community,high,early,east,0
p_002398,retrieval_practice,lab,community,low,late,east,1
p_002399,retrieval_practice,lab,undergraduate,high,late,west,0
p_002400,retrieval_practice,lab,undergraduate,high,early,east,0
p_002401,retrieval_practice,remote,community,high,late,east,0
p_002402,rereading,remote,undergraduate,low,early,west,0
p_002403,rereading,lab,undergraduate,high,early,east,1
p_002404,rereading,lab,community,low,early,east,1
p_002405,retrieval_practice,remote,community,high,late,east,0
p_002406,rereading,lab,community,high,late,west,1
p_002407,retrieval_practice,lab,community,low,late,west,0
p_002408,rereading,remote,undergraduate,low,early,east,0
p_002409,retrieval_practice,lab,undergraduate,low,early,east,0
p_002410,rereading,lab,undergraduate,low,late,west,1
p_002411,rereading,lab,undergraduate,high,late,west,1
p_002412,retrieval_practice,remote,undergraduate,low,late,west,1
p_002413,retrieval_practice,lab,community,low,early,west,1
p_002414,rereading,lab,community,low,late,east,1
p_002415,retrieval_practice,remote,undergraduate,high,early,east,0
p_002416,rereading,remote,undergraduate,low,late,east,1
p_002417,rereading,lab,undergraduate,low,early,west,0
p_002418,rereading,lab,undergraduate,high,late,east,1
p_002419,rereading,lab,undergraduate,high,early,east,0
p_002420,rereading,lab,community,high,early,west,0
p_002421,rereading,lab,community,low,early,east,1
p_002422,retrieval_practice,lab,undergraduate,low,early,east,0
p_002423,rereading,lab,community,high,late,west,1
p_002424,retrieval_practice,lab,undergraduate,low,late,east,0
p_002425,rereading,lab,community,high,early,west,1
p_002426,rereading,remote,community,low,early,west,1
p_002427,retrieval_practice,lab,community,low,early,east,1
p_002428,retrieval_practice,lab,community,high,early,west,1
p_002429,rereading,lab,undergraduate,high,late,east,0
p_002430,rereading,remote,community,high,late,east,0
p_002431,retrieval_practice,lab,undergraduate,low,early,east,0
p_002432,retrieval_practice,lab,community,high,early,east,0
p_002433,retrieval_practice,remote,undergraduate,high,late,east,1
p_002434,rereading,lab,community,high,late,west,0
p_002435,retrieval_practice,lab,undergraduate,high,early,east,1
p_002436,retrieval_practice,remote,community,low,early,east,0
p_002437,rereading,lab,undergraduate,low,early,west,0
p_002438,rereading,lab,community,low,late,east,1
p_002439,rereading,lab,community,low,early,east,1
p_002440,rereading,lab,undergraduate,high,early,east,0
p_002441,rereading,remote,undergraduate,low,early,west,0
p_002442,rereading,lab,undergraduate,high,early,west,0
p_002443,retrieval_practice,lab,undergraduate,high,late,east,1
p_002444,rereading,remote,undergraduate,high,late,east,1
p_002445,rereading,lab,undergraduate,high,late,east,1
p_002446,retrieval_practice,lab,undergraduate,low,early,east,1
p_002447,retrieval_practice,remote,community,high,early,west,1
p_002448,rereading,lab,undergraduate,low,late,west,0
p_002449,rereading,remote,community,high,early,west,1
p_002450,retrieval_practice,remote,undergraduate,high,late,east,0
p_002451,retrieval_practice,remote,community,low,late,west,1
p_002452,rereading,lab,undergraduate,low,early,west,1
p_002453,retrieval_practice,remote,undergraduate,low,late,west,0
p_002454,retrieval_practice,lab,community,high,early,west,1
p_002455,retrieval_practice,lab,community,high,early,east,0
p_002456,retrieval_practice,remote,undergraduate,low,early,west,0
p_002457,retrieval_practice,lab,undergraduate,high,early,east,1
p_002458,retrieval_practice,lab,undergraduate,high,late,west,1
p_002459,retrieval_practice,lab,undergraduate,low,early,west,0
p_002460,rereading,remote,community,low,late,east,1
p_002461,retrieval_practice,remote,community,low,early,east,0
p_002462,rereading,lab,community,high,early,west,0
p_002463,retrieval_practice,remote,undergraduate,low,late,west,0
p_002464,retrieval_practice,lab,undergraduate,high,early,west,0
p_002465,rereading,remote,undergraduate,high,late,west,0
p_002466,rereading,lab,community,low,late,west,0
p_002467,retrieval_practice,lab,undergraduate,high,early,east,1
p_002468,retrieval_practice,remote,undergraduate,low,early,west,0
p_002469,rereading,remote,community,low,late,east,0
p_002470,retrieval_practice,lab,undergraduate,high,early,east,1
p_002471,retrieval_practice,lab,undergraduate,high,early,east,1
p_002472,rereading,remote,undergraduate,high,early,west,0
p_002473,rereading,remote,community,low,early,east,1
p_002474,rereading,lab,undergraduate,high,late,west,0
p_002475,rereading,lab,undergraduate,low,early,east,0
p_002476,retrieval_practice,lab,undergraduate,low,late,west,1
p_002477,rereading,lab,undergraduate,high,late,west,0
p_002478,retrieval_practice,remote,community,low,late,east,0
p_002479,rereading,lab,undergraduate,low,early,east,0
p_002480,retrieval_practice,lab,undergraduate,high,early,east,1
p_002481,rereading,lab,community,high,late,west,0
p_002482,retrieval_practice,remote,undergraduate,low,early,east,1
p_002483,rereading,lab,community,high,late,west,0
p_002484,rereading,lab,undergraduate,low,early,west,1
p_002485,retrieval_practice,remote,undergraduate,high,late,west,0
p_002486,rereading,remote,community,low,early,west,0
p_002487,retrieval_practice,remote,community,low,late,west,1
p_002488,rereading,lab,undergraduate,low,early,west,1
p_002489,retrieval_practice,remote,undergraduate,high,early,east,0
p_002490,rereading,remote,undergraduate,low,late,west,1
p_002491,retrieval_practice,remote,community,low,late,west,1
p_002492,retrieval_practice,remote,undergraduate,high,late,east,1
p_002493,rereading,remote,community,high,late,west,1
p_002494,retrieval_practice,lab,community,low,early,east,1
p_002495,rereading,lab,undergraduate,low,early,east,0
p_002496,rereading,lab,undergraduate,low,early,east,0
p_002497,retrieval_practice,remote,undergraduate,high,early,west,0
p_002498,rereading,lab,undergraduate,low,early,east,1
p_002499,rereading,lab,community,low,early,east,0
p_002500,rereading,remote,community,low,early,west,0
p_002501,retrieval_practice,lab,undergraduate,high,early,west,0
p_002502,rereading,lab,community,low,early,east,0
p_002503,retrieval_practice,lab,undergraduate,high,early,east,1
p_002504,rereading,remote,community,high,early,west,1
p_002505,rereading,lab,undergraduate,high,early,west,1
p_002506,rereading,remote,community,low,late,east,0
p_002507,rereading,remote,undergraduate,low,early,east,0
p_002508,rereading,remote,undergraduate,low,early,west,0
p_002509,rereading,lab,undergraduate,high,late,east,0
p_002510,rereading,remote,undergraduate,low,early,west,0
p_002511,rereading,lab,community,low,late,west,1
p_002512,retrieval_practice,lab,community,high,late,east,0
p_002513,rereading,remote,undergraduate,high,early,west,1
p_002514,rereading,remote,undergraduate,low,early,west,0
p_002515,rereading,lab,undergraduate,high,late,west,1
p_002516,retrieval_practice,lab,undergraduate,low,late,east,1
p_002517,retrieval_practice,lab,community,high,early,east,1
p_002518,rereading,remote,undergraduate,low,late,west,0
p_002519,rereading,lab,community,high,late,west,0
p_002520,rereading,remote,undergraduate,high,early,west,1
p_002521,retrieval_practice,lab,community,low,early,east,0
p_002522,retrieval_practice,lab,undergraduate,high,late,east,0
p_002523,rereading,lab,community,high,early,east,1
p_002524,rereading,lab,undergraduate,low,late,west,0
p_002525,retrieval_practice,lab,undergraduate,low,early,west,1
p_002526,retrieval_practice,lab,undergraduate,high,late,west,0
p_002527,retrieval_practice,lab,undergraduate,low,late,west,0
p_002528,retrieval_practice,lab,community,high,early,west,0
p_002529,rereading,lab,community,high,late,east,1
p_002530,rereading,lab,undergraduate,high,late,west,1
p_002531,retrieval_practice,lab,community,low,late,west,0
p_002532,rereading,lab,undergraduate,high,late,east,1
p_002533,retrieval_practice,lab,undergraduate,low,early,east,0
p_002534,rereading,lab,community,low,late,east,0
p_002535,retrieval_practice,remote,community,low,early,west,1
p_002536,retrieval_practice,lab,community,high,late,east,1
p_002537,retrieval_practice,remote,undergraduate,high,early,west,1
p_002538,retrieval_practice,lab,undergraduate,high,early,west,0
p_002539,rereading,remote,undergraduate,low,early,east,0
p_002540,retrieval_practice,lab,undergraduate,low,early,east,0
p_002541,retrieval_practice,lab,community,high,early,west,1
p_002542,rereading,remote,community,low,late,east,0
p_002543,retrieval_practice,lab,community,low,early,west,0
p_002544,rereading,remote,undergraduate,low,late,west,1
p_002545,retrieval_practice,lab,undergraduate,high,early,east,1
p_002546,retrieval_practice,remote,undergraduate,high,early,east,1
p_002547,rereading,remote,community,high,early,east,1
p_002548,retrieval_practice,lab,undergraduate,high,early,east,1
p_002549,rereading,lab,undergraduate,high,late,east,1
p_002550,retrieval_practice,lab,undergraduate,low,late,east,1
p_002551,rereading,lab,community,high,early,east,0
p_002552,retrieval_practice,lab,undergraduate,high,late,east,0
p_002553,rereading,remote,undergraduate,low,early,east,0
p_002554,rereading,remote,undergraduate,low,early,west,0
p_002555,retrieval_practice,remote,undergraduate,low,early,east,0
p_002556,rereading,remote,undergraduate,high,late,east,0
p_002557,retrieval_practice,remote,undergraduate,low,early,east,0
p_002558,retrieval_practice,lab,undergraduate,high,early,east,1
p_002559,rereading,lab,undergraduate,high,late,east,0
p_002560,retrieval_practice,remote,undergraduate,low,late,west,1
p_002561,rereading,lab,undergraduate,low,early,west,0
p_002562,retrieval_practice,remote,community,high,late,west,1
p_002563,rereading,lab,community,low,early,west,1
p_002564,retrieval_practice,remote,undergraduate,high,late,west,0
p_002565,retrieval_practice,remote,undergraduate,low,late,west,1
p_002566,retrieval_practice,remote,undergraduate,high,early,west,1
p_002567,retrieval_practice,remote,undergraduate,high,late,east,1
p_002568,retrieval_practice,remote,undergraduate,high,early,east,0
p_002569,retrieval_practice,lab,undergraduate,low,late,west,0
p_002570,rereading,lab,undergraduate,low,early,east,1
p_002571,retrieval_practice,lab,undergraduate,high,late,west,0
p_002572,retrieval_practice,lab,undergraduate,low,early,east,0
p_002573,rereading,lab,community,high,late,west,1
p_002574,rereading,lab,undergraduate,high,early,west,0
p_002575,rereading,remote,undergraduate,low,late,east,1
p_002576,retrieval_practice,remote,community,low,early,east,0
p_002577,rereading,remote,community,low,late,east,1
p_002578,rereading,remote,undergraduate,high,early,west,1
p_002579,retrieval_practice,lab,community,high,late,west,1
p_002580,retrieval_practice,lab,undergraduate,high,late,east,0
p_002581,retrieval_practice,lab,community,high,early,west,0
p_002582,rereading,lab,community,low,late,west,1
p_002583,retrieval_practice,lab,undergraduate,low,early,west,1
p_002584,retrieval_practice,remote,undergraduate,low,late,east,0
p_002585,rereading,lab,undergraduate,low,late,east,1
p_002586,retrieval_practice,lab,undergraduate,low,late,west,0
p_002587,retrieval_practice,lab,undergraduate,high,late,east,0
p_002588,rereading,lab,community,high,early,east,1
p_002589,rereading,remote,undergraduate,low,early,east,0
p_002590,retrieval_practice,lab,undergraduate,high,late,east,1
p_002591,rereading,lab,undergraduate,low,early,east,0
p_002592,rereading,lab,community,low,early,east,0
p_002593,rereading,remote,undergraduate,high,late,east,0
p_002594,retrieval_practice,lab,community,high,early,east,0
p_002595,rereading,lab,community,high,late,east,1
p_002596,retrieval_practice,remote,undergraduate,high,late,east,0
p_002597,retrieval_practice,lab,undergraduate,low,early,east,1
p_002598,rereading,remote,undergraduate,high,early,west,1
p_002599,rereading,lab,undergraduate,high,late,east,0
p_002600,rereading,lab,community,low,late,east,0
p_002601,retrieval_practice,remote,community,low,late,west,0
p_002602,rereading,lab,community,high,early,west,0
p_002603,rereading,remote,undergraduate,high,late,east,0
p_002604,rereading,remote,undergraduate,high,early,west,0
p_002605,retrieval_practice,remote,community,high,late,west,0
p_002606,rereading,lab,undergraduate,high,late,east,1
p_002607,retrieval_practice,lab,community,low,early,east,1
p_002608,rereading,remote,undergraduate,low,early,east,0
p_002609,retrieval_practice,lab,community,low,late,east,1
p_002610,retrieval_practice,lab,community,low,late,west,1
p_002611,retrieval_practice,lab,undergraduate,low,early,west,0
p_002612,rereading,remote,undergraduate,high,early,east,1
p_002613,retrieval_practice,remote,undergraduate,low,early,west,0
p_002614,rereading,lab,community,low,late,west,1
p_002615,retrieval_practice,lab,undergraduate,low,early,west,0
p_002616,retrieval_practice,lab,undergraduate,high,early,west,1
p_002617,retrieval_practice,remote,community,low,late,west,1
p_002618,rereading,lab,undergraduate,low,early,west,0
p_002619,retrieval_practice,remote,undergraduate,low,late,west,1
p_002620,rereading,lab,undergraduate,high,early,west,1
p_002621,retrieval_practice,lab,undergraduate,low,late,west,0
p_002622,retrieval_practice,lab,community,high,early,west,1
p_002623,retrieval_practice,lab,community,low,early,west,1
p_002624,rereading,lab,community,low,early,east,1
p_002625,rereading,lab,undergraduate,low,late,east,0
p_002626,rereading,lab,undergraduate,high,late,east,1
p_002627,rereading,lab,undergraduate,high,late,west,0
p_002628,retrieval_practice,remote,undergraduate,low,late,east,1
p_002629,retrieval_practice,lab,community,high,early,west,1
p_002630,rereading,remote,community,high,late,west,1
p_002631,retrieval_practice,remote,undergraduate,low,early,west,1
p_002632,rereading,lab,undergraduate,high,late,west,0
p_002633,retrieval_practice,remote,community,low,early,west,1
p_002634,retrieval_practice,lab,undergraduate,low,early,west,1
p_002635,retrieval_practice,lab,undergraduate,high,late,east,1
p_002636,rereading,lab,community,high,late,west,0
p_002637,rereading,remote,undergraduate,low,early,east,0
p_002638,rereading,lab,undergraduate,low,late,east,0
p_002639,retrieval_practice,remote,undergraduate,low,late,east,1
p_002640,rereading,remote,community,high,late,east,1
p_002641,rereading,lab,community,high,late,west,0
p_002642,retrieval_practice,lab,community,low,early,west,0
p_002643,retrieval_practice,lab,undergraduate,high,late,east,0
p_002644,retrieval_practice,lab,community,low,late,east,1
p_002645,retrieval_practice,lab,community,high,late,east,1
p_002646,retrieval_practice,lab,community,high,late,west,1
p_002647,rereading,remote,undergraduate,low,late,east,0
p_002648,rereading,lab,community,high,early,west,1
p_002649,rereading,remote,undergraduate,high,late,east,0
p_002650,retrieval_practice,lab,undergraduate,high,late,east,1
p_002651,retrieval_practice,lab,community,low,early,west,0
p_002652,rereading,lab,undergraduate,low,early,east,1
p_002653,rereading,lab,community,low,late,west,0
p_002654,retrieval_practice,remote,community,high,late,east,1
p_002655,rereading,lab,community,low,late,west,1
p_002656,rereading,lab,community,low,late,east,1
p_002657,rereading,remote,community,low,early,west,1
p_002658,retrieval_practice,lab,community,low,late,west,1
p_002659,retrieval_practice,remote,community,high,early,west,1
p_002660,rereading,lab,undergraduate,low,late,west,0
p_002661,retrieval_practice,lab,undergraduate,high,early,west,0
p_002662,rereading,lab,undergraduate,low,early,east,0
p_002663,retrieval_practice,lab,community,low,early,east,0
p_002664,retrieval_practice,lab,community,high,late,east,1
p_002665,retrieval_practice,remote,community,high,early,east,0
p_002666,retrieval_practice,lab,community,low,early,west,0
p_002667,rereading,remote,undergraduate,high,early,east,1
p_002668,retrieval_practice,remote,undergraduate,low,early,west,1
p_002669,rereading,lab,undergraduate,high,early,east,0
p_002670,rereading,lab,undergraduate,low,late,east,1
p_002671,rereading,lab,community,high,early,west,1
p_002672,retrieval_practice,lab,undergraduate,low,late,east,0
p_002673,rereading,lab,community,low,late,east,1
p_002674,rereading,lab,undergraduate,high,early,east,1
p_002675,retrieval_practice,remote,community,high,early,east,1
p_002676,retrieval_practice,lab,undergraduate,low,late,west,0
p_002677,rereading,remote,community,low,early,west,1
p_002678,retrieval_practice,remote,undergraduate,high,late,east,1
p_002679,retrieval_practice,lab,undergraduate,low,late,west,1
p_002680,retrieval_practice,lab,community,high,early,west,0
p_002681,retrieval_practice,remote,undergraduate,low,early,east,0
p_002682,rereading,lab,community,high,early,west,1
p_002683,retrieval_practice,remote,undergraduate,low,late,west,1
p_002684,retrieval_practice,lab,undergraduate,low,early,east,0
p_002685,retrieval_practice,remote,undergraduate,high,late,east,1
p_002686,rereading,lab,undergraduate,high,late,west,1
p_002687,rereading,remote,undergraduate,high,late,east,1
p_002688,rereading,remote,undergraduate,low,early,west,1
p_002689,retrieval_practice,lab,community,high,late,west,0
p_002690,rereading,lab,community,high,late,west,0
p_002691,rereading,lab,community,low,late,west,1
p_002692,retrieval_practice,lab,undergraduate,high,late,east,0
p_002693,rereading,lab,community,high,late,east,0
p_002694,rereading,lab,undergraduate,low,late,east,0
p_002695,retrieval_practice,lab,community,high,late,west,1
p_002696,retrieval_practice,lab,community,high,late,west,0
p_002697,retrieval_practice,lab,community,high,late,west,1
p_002698,retrieval_practice,remote,undergraduate,high,early,west,1
p_002699,retrieval_practice,remote,community,high,late,east,0
p_002700,retrieval_practice,remote,undergraduate,high,late,east,0
p_002701,retrieval_practice,lab,community,high,early,east,0
p_002702,rereading,lab,community,high,late,east,0
p_002703,retrieval_practice,lab,undergraduate,low,late,west,1
p_002704,rereading,lab,undergraduate,high,late,east,1
p_002705,retrieval_practice,lab,undergraduate,high,late,east,1
p_002706,retrieval_practice,remote,undergraduate,low,late,east,0
p_002707,retrieval_practice,remote,undergraduate,high,late,west,1
p_002708,retrieval_practice,remote,undergraduate,low,early,west,0
p_002709,rereading,lab,undergraduate,high,early,east,1
p_002710,rereading,lab,community,low,late,west,0
p_002711,retrieval_practice,remote,community,low,early,west,1
p_002712,retrieval_practice,lab,undergraduate,high,late,east,1
p_002713,retrieval_practice,lab,community,low,late,west,0
p_002714,rereading,lab,undergraduate,low,late,west,1
p_002715,retrieval_practice,lab,undergraduate,low,late,west,1
p_002716,rereading,lab,undergraduate,low,late,east,0
p_002717,retrieval_practice,remote,community,high,late,east,0
p_002718,rereading,lab,undergraduate,high,late,west,1
p_002719,rereading,remote,community,high,late,west,0
p_002720,rereading,lab,undergraduate,low,late,west,1
p_002721,rereading,remote,undergraduate,high,early,east,1
p_002722,retrieval_practice,lab,community,high,late,west,1
p_002723,rereading,lab,undergraduate,high,late,west,1
p_002724,retrieval_practice,lab,community,high,early,east,1
p_002725,rereading,remote,community,low,late,west,0
p_002726,retrieval_practice,lab,undergraduate,low,early,west,1
p_002727,rereading,lab,community,high,early,west,0
p_002728,rereading,lab,community,high,early,west,0
p_002729,rereading,remote,undergraduate,low,late,west,1
p_002730,retrieval_practice,remote,community,high,early,east,0
p_002731,retrieval_practice,lab,community,low,early,east,0
p_002732,retrieval_practice,lab,community,low,early,west,1
p_002733,retrieval_practice,remote,community,high,late,west,1
p_002734,rereading,lab,undergraduate,low,early,west,1
p_002735,rereading,lab,undergraduate,high,late,west,1
p_002736,rereading,remote,undergraduate,low,early,east,1
p_002737,rereading,lab,undergraduate,low,late,east,1
p_002738,retrieval_practice,remote,undergraduate,low,late,west,0
p_002739,retrieval_practice,lab,community,low,late,west,0
p_002740,retrieval_practice,remote,community,high,late,east,0
p_002741,rereading,lab,community,low,early,east,1
p_002742,retrieval_practice,lab,community,high,late,east,1
p_002743,retrieval_practice,remote,community,high,late,west,1
p_002744,retrieval_practice,remote,community,low,late,east,1
p_002745,rereading,lab,undergraduate,high,late,west,1
p_002746,rereading,lab,undergraduate,high,early,east,1
p_002747,rereading,lab,community,low,late,west,1
p_002748,retrieval_practice,remote,undergraduate,low,early,east,0
p_002749,retrieval_practice,lab,undergraduate,high,early,east,1
p_002750,rereading,lab,undergraduate,high,early,west,0
p_002751,retrieval_practice,remote,community,low,early,east,1
p_002752,retrieval_practice,lab,undergraduate,high,early,east,0
p_002753,rereading,lab,community,low,late,east,1
p_002754,retrieval_practice,remote,undergraduate,low,late,west,1
p_002755,rereading,remote,undergraduate,high,late,west,1
p_002756,rereading,lab,undergraduate,low,early,east,0
p_002757,rereading,remote,community,low,late,east,1
p_002758,retrieval_practice,lab,community,low,late,west,0
p_002759,rereading,lab,community,high,early,west,0
p_002760,rereading,lab,community,high,late,east,0
p_002761,rereading,lab,undergraduate,low,late,west,1
p_002762,retrieval_practice,lab,undergraduate,high,late,east,0
p_002763,rereading,lab,community,low,late,west,1
p_002764,retrieval_practice,lab,undergraduate,high,early,west,0
p_002765,retrieval_practice,remote,undergraduate,low,late,west,0
p_002766,retrieval_practice,remote,undergraduate,low,late,west,1
p_002767,retrieval_practice,remote,undergraduate,low,early,east,0
p_002768,retrieval_practice,remote,undergraduate,high,early,east,1
p_002769,retrieval_practice,lab,undergraduate,low,late,west,0
p_002770,retrieval_practice,lab,undergraduate,high,early,west,0
p_002771,retrieval_practice,remote,undergraduate,high,late,east,0
p_002772,rereading,remote,community,low,late,west,0
p_002773,retrieval_practice,lab,undergraduate,low,late,east,1
p_002774,rereading,lab,community,high,late,west,0
p_002775,retrieval_practice,lab,undergraduate,low,early,east,1
p_002776,retrieval_practice,lab,community,low,early,west,0
p_002777,retrieval_practice,remote,community,low,late,west,0
p_002778,rereading,lab,undergraduate,high,late,west,0
p_002779,rereading,lab,community,low,early,west,0
p_002780,retrieval_practice,remote,undergraduate,high,early,west,0
p_002781,rereading,lab,community,low,late,west,0
p_002782,rereading,remote,undergraduate,high,late,east,0
p_002783,retrieval_practice,lab,community,low,late,west,1
p_002784,rereading,lab,undergraduate,low,late,west,0
p_002785,rereading,lab,undergraduate,high,early,west,1
p_002786,retrieval_practice,lab,undergraduate,low,early,west,1
p_002787,retrieval_practice,lab,undergraduate,low,early,west,0
p_002788,retrieval_practice,lab,community,low,early,east,1
p_002789,retrieval_practice,lab,community,low,late,west,1
p_002790,rereading,remote,undergraduate,high,late,east,1
p_002791,rereading,remote,undergraduate,low,early,west,0
p_002792,retrieval_practice,remote,community,low,early,west,0
p_002793,retrieval_practice,lab,community,high,early,west,0
p_002794,rereading,lab,community,high,late,west,0
p_002795,retrieval_practice,remote,undergraduate,high,early,west,1
p_002796,rereading,lab,undergraduate,high,late,east,1
p_002797,retrieval_practice,lab,undergraduate,high,late,east,1
p_002798,rereading,lab,undergraduate,high,late,west,1
p_002799,retrieval_practice,lab,undergraduate,high,early,west,1
p_002800,rereading,lab,undergraduate,high,early,west,1
p_002801,rereading,remote,undergraduate,low,early,west,0
p_002802,retrieval_practice,lab,undergraduate,low,late,west,0
p_002803,retrieval_practice,lab,community,low,early,east,0
p_002804,rereading,lab,community,low,early,east,1
p_002805,rereading,lab,undergraduate,high,early,west,0
p_002806,rereading,remote,undergraduate,high,early,west,0
p_002807,retrieval_practice,remote,undergraduate,high,early,west,1
p_002808,retrieval_practice,remote,undergraduate,low,late,west,0
p_002809,retrieval_practice,lab,undergraduate,low,early,west,0
p_002810,rereading,lab,undergraduate,low,early,east,1
p_002811,retrieval_practice,lab,undergraduate,low,late,east,1
p_002812,retrieval_practice,lab,undergraduate,low,late,west,0
p_002813,rereading,lab,community,high,early,east,1
p_002814,rereading,lab,undergraduate,high,late,west,0
p_002815,rereading,lab,undergraduate,low,early,west,0
p_002816,rereading,remote,community,low,late,east,1
p_002817,retrieval_practice,lab,community,low,late,east,0
p_002818,rereading,lab,undergraduate,high,early,east,0
p_002819,retrieval_practice,remote,community,low,early,east,1
p_002820,retrieval_practice,lab,undergraduate,low,early,east,0
p_002821,retrieval_practice,remote,community,high,late,east,0
p_002822,retrieval_practice,lab,community,low,late,east,1
p_002823,retrieval_practice,lab,undergraduate,low,early,west,0
p_002824,retrieval_practice,lab,undergraduate,low,early,east,1
p_002825,retrieval_practice,lab,undergraduate,high,late,east,1
p_002826,retrieval_practice,lab,undergraduate,high,early,east,1
p_002827,retrieval_practice,lab,undergraduate,high,late,east,0
p_002828,retrieval_practice,lab,community,high,late,east,1
p_002829,retrieval_practice,remote,undergraduate,high,late,west,1
p_002830,rereading,remote,community,high,early,east,0
p_002831,rereading,remote,community,low,early,east,0
p_002832,retrieval_practice,lab,community,low,early,west,0
p_002833,retrieval_practice,remote,community,high,late,east,1
p_002834,retrieval_practice,remote,undergraduate,low,late,east,1
p_002835,rereading,lab,undergraduate,high,late,west,1
p_002836,rereading,lab,undergraduate,high,late,west,0
p_002837,rereading,lab,undergraduate,high,early,east,1
p_002838,rereading,lab,community,high,early,west,0
p_002839,retrieval_practice,lab,undergraduate,high,early,west,1
p_002840,rereading,lab,undergraduate,high,early,east,0
p_002841,rereading,lab,undergraduate,high,early,east,0
p_002842,rereading,remote,undergraduate,high,early,east,0
p_002843,rereading,remote,community,low,late,east,1
p_002844,rereading,lab,undergraduate,high,early,west,0
p_002845,rereading,remote,community,high,late,west,0
p_002846,rereading,remote,community,high,early,west,0
p_002847,rereading,remote,community,high,late,east,1
p_002848,rereading,lab,community,high,early,east,1
p_002849,retrieval_practice,lab,community,low,late,east,1
p_002850,retrieval_practice,lab,undergraduate,low,early,east,0
p_002851,rereading,remote,community,low,early,east,1
p_002852,retrieval_practice,lab,community,high,late,east,0
p_002853,rereading,remote,undergraduate,low,early,west,1
p_002854,retrieval_practice,lab,community,high,late,east,1
p_002855,retrieval_practice,remote,community,low,late,west,1
p_002856,retrieval_practice,lab,community,low,late,west,0
p_002857,retrieval_practice,lab,community,high,late,east,1
p_002858,retrieval_practice,lab,community,low,early,west,1
p_002859,rereading,lab,undergraduate,high,early,east,1
p_002860,rereading,remote,undergraduate,low,late,west,0
p_002861,rereading,remote,undergraduate,high,late,west,1
p_002862,rereading,lab,community,low,late,east,0
p_002863,retrieval_practice,remote,undergraduate,low,late,west,0
p_002864,retrieval_practice,lab,undergraduate,high,late,east,0
p_002865,rereading,lab,undergraduate,low,early,west,0
p_002866,retrieval_practice,lab,undergraduate,low,early,west,0
p_002867,retrieval_practice,lab,community,high,late,west,1
p_002868,rereading,lab,undergraduate,high,early,east,1
p_002869,rereading,lab,community,low,late,east,0
p_002870,rereading,remote,community,high,early,east,1
p_002871,rereading,remote,community,low,late,west,0
p_002872,rereading,lab,undergraduate,low,late,west,0
p_002873,rereading,lab,undergraduate,high,early,west,0
p_002874,retrieval_practice,remote,community,low,late,east,1
p_002875,retrieval_practice,lab,undergraduate,low,late,west,1
p_002876,retrieval_practice,lab,community,low,late,east,1
p_002877,retrieval_practice,remote,undergraduate,low,early,east,0
p_002878,retrieval_practice,remote,undergraduate,low,early,west,1
p_002879,rereading,remote,undergraduate,high,late,west,1
p_002880,rereading,lab,undergraduate,low,early,east,1
p_002881,rereading,remote,undergraduate,low,early,east,0
p_002882,retrieval_practice,lab,community,low,early,east,0
p_002883,retrieval_practice,lab,undergraduate,low,early,west,0
p_002884,retrieval_practice,lab,undergraduate,high,late,east,1
p_002885,rereading,remote,community,high,early,west,0
p_002886,rereading,lab,community,high,late,west,1
p_002887,retrieval_practice,remote,undergraduate,high,early,east,1
p_002888,rereading,lab,undergraduate,low,late,west,0
p_002889,retrieval_practice,lab,community,low,late,east,1
p_002890,rereading,lab,undergraduate,high,late,east,0
p_002891,retrieval_practice,remote,undergraduate,high,late,east,0
p_002892,rereading,remote,community,high,early,west,0
p_002893,rereading,lab,undergraduate,high,early,east,0
p_002894,retrieval_practice,lab,community,low,late,east,1
p_002895,retrieval_practice,lab,undergraduate,high,early,east,0
p_002896,rereading,lab,community,low,late,west,0
p_002897,retrieval_practice,lab,undergraduate,high,late,west,0
p_002898,rereading,remote,undergraduate,low,early,west,1
p_002899,retrieval_practice,lab,undergraduate,high,late,east,1
p_002900,rereading,lab,undergraduate,low,late,east,0
p_002901,retrieval_practice,lab,undergraduate,high,early,east,1
p_002902,rereading,remote,undergraduate,low,early,west,1
p_002903,rereading,lab,community,high,early,east,1
p_002904,rereading,remote,undergraduate,high,early,east,1
p_002905,retrieval_practice,remote,undergraduate,low,early,west,1
p_002906,retrieval_practice,remote,undergraduate,low,early,west,1
p_002907,rereading,lab,undergraduate,low,late,west,0
p_002908,rereading,lab,undergraduate,low,early,east,0
p_002909,rereading,lab,undergraduate,low,late,west,0
p_002910,rereading,remote,undergraduate,low,late,west,0
p_002911,rereading,lab,undergraduate,low,early,west,0
p_002912,rereading,lab,community,high,early,west,0
p_002913,rereading,lab,undergraduate,high,early,west,0
p_002914,retrieval_practice,remote,community,high,late,west,0
p_002915,rereading,remote,community,low,early,east,0
p_002916,retrieval_practice,lab,undergraduate,high,late,east,0
p_002917,retrieval_practice,remote,undergraduate,low,early,east,0
p_002918,retrieval_practice,lab,community,high,late,west,1
p_002919,rereading,lab,undergraduate,high,early,west,0
p_002920,rereading,lab,undergraduate,low,early,east,1
p_002921,retrieval_practice,lab,undergraduate,low,late,west,1
p_002922,rereading,lab,community,high,early,east,1
p_002923,retrieval_practice,lab,undergraduate,high,late,west,1
p_002924,rereading,remote,community,high,late,west,1
p_002925,retrieval_practice,remote,undergraduate,low,early,east,0
p_002926,rereading,lab,undergraduate,low,early,east,1
p_002927,rereading,lab,undergraduate,low,early,east,0
p_002928,retrieval_practice,remote,community,high,early,east,0
p_002929,rereading,remote,undergraduate,low,late,east,1
p_002930,retrieval_practice,lab,community,low,early,west,0
p_002931,retrieval_practice,lab,undergraduate,low,late,west,0
p_002932,rereading,remote,community,low,late,east,0
p_002933,retrieval_practice,lab,undergraduate,high,late,west,1
p_002934,rereading,remote,community,low,early,west,0
p_002935,rereading,lab,undergraduate,low,early,west,1
p_002936,retrieval_practice,remote,community,low,early,west,0
p_002937,rereading,lab,community,high,late,west,1
p_002938,retrieval_practice,lab,undergraduate,high,late,west,1
p_002939,rereading,remote,community,low,late,west,0
p_002940,rereading,remote,undergraduate,high,late,east,1
p_002941,rereading,remote,community,low,late,west,0
p_002942,retrieval_practice,lab,community,high,late,west,1
p_002943,retrieval_practice,remote,community,low,early,east,1
p_002944,retrieval_practice,remote,community,high,early,west,0
p_002945,retrieval_practice,remote,undergraduate,high,late,east,1
p_002946,rereading,lab,undergraduate,low,late,west,0
p_002947,rereading,lab,undergraduate,low,early,west,0
p_002948,retrieval_practice,lab,undergraduate,low,early,east,1
p_002949,retrieval_practice,lab,undergraduate,high,late,east,1
p_002950,retrieval_practice,lab,undergraduate,high,early,east,0
p_002951,rereading,lab,community,low,early,east,1
p_002952,rereading,lab,community,low,late,east,0
p_002953,rereading,remote,community,low,late,east,0
p_002954,retrieval_practice,lab,undergraduate,high,late,west,1
p_002955,retrieval_practice,remote,undergraduate,low,early,east,1
p_002956,rereading,lab,community,high,early,east,1
p_002957,rereading,lab,undergraduate,low,late,east,1
p_002958,rereading,remote,undergraduate,high,early,west,1
p_002959,retrieval_practice,lab,community,high,late,west,0
p_002960,retrieval_practice,remote,undergraduate,low,early,east,0
p_002961,retrieval_practice,lab,undergraduate,low,early,east,1
p_002962,rereading,lab,community,high,late,west,0
p_002963,rereading,lab,undergraduate,low,late,west,0
p_002964,rereading,lab,undergraduate,low,early,west,0
p_002965,rereading,remote,community,low,early,west,0
p_002966,retrieval_practice,remote,community,high,early,east,1
p_002967,rereading,remote,undergraduate,low,late,west,1
p_002968,retrieval_practice,remote,undergraduate,low,early,east,0
p_002969,retrieval_practice,remote,community,high,early,east,1
p_002970,rereading,lab,community,high,late,east,1
p_002971,rereading,lab,undergraduate,low,early,east,0
p_002972,retrieval_practice,lab,undergraduate,high,late,west,0
p_002973,retrieval_practice,remote,community,low,early,east,0
p_002974,retrieval_practice,lab,undergraduate,low,late,east,0
p_002975,rereading,lab,undergraduate,low,late,west,1
p_002976,rereading,remote,community,high,early,west,1
p_002977,rereading,remote,undergraduate,low,late,west,1
p_002978,retrieval_practice,remote,community,low,early,west,1
p_002979,retrieval_practice,lab,undergraduate,low,early,east,0
p_002980,retrieval_practice,remote,undergraduate,high,late,west,1
p_002981,rereading,remote,undergraduate,high,early,west,1
p_002982,rereading,remote,undergraduate,low,early,west,0
p_002983,retrieval_practice,lab,undergraduate,high,late,west,1
p_002984,retrieval_practice,remote,undergraduate,low,late,east,0
p_002985,retrieval_practice,lab,undergraduate,low,late,east,0
p_002986,rereading,lab,undergraduate,low,late,west,1
p_002987,retrieval_practice,lab,undergraduate,high,late,west,0
p_002988,rereading,remote,undergraduate,low,late,west,0
p_002989,retrieval_practice,lab,community,high,late,east,1
p_002990,rereading,remote,community,high,early,east,0
p_002991,retrieval_practice,remote,undergraduate,high,late,east,0
p_002992,rereading,lab,community,high,late,east,1
p_002993,rereading,lab,community,low,late,east,0
p_002994,rereading,remote,community,high,early,west,0
p_002995,rereading,lab,community,low,late,west,1
p_002996,rereading,remote,community,low,early,west,0
p_002997,retrieval_practice,lab,undergraduate,low,early,east,0
p_002998,retrieval_practice,lab,community,high,early,west,1
p_002999,rereading,remote,undergraduate,low,late,east,0
p_003000,rereading,remote,undergraduate,low,late,west,1
p_003001,rereading,lab,community,low,early,west,0
p_003002,retrieval_practice,lab,community,low,late,east,1
p_003003,retrieval_practice,remote,undergraduate,low,late,east,1
p_003004,retrieval_practice,remote,undergraduate,low,late,east,0
p_003005,rereading,remote,undergraduate,low,early,east,0
p_003006,rereading,remote,community,low,early,east,0
p_003007,retrieval_practice,lab,undergraduate,high,early,west,1
p_003008,rereading,remote,undergraduate,high,early,east,1
p_003009,retrieval_practice,lab,undergraduate,low,late,west,0
p_003010,retrieval_practice,lab,community,high,late,east,0
p_003011,retrieval_practice,lab,undergraduate,low,late,west,0
p_003012,retrieval_practice,remote,undergraduate,high,late,east,1
p_003013,retrieval_practice,remote,undergraduate,low,early,east,0
p_003014,rereading,remote,undergraduate,low,early,west,0
p_003015,rereading,lab,community,low,late,east,0
p_003016,rereading,lab,community,high,late,west,0
p_003017,rereading,lab,undergraduate,low,late,east,0
p_003018,retrieval_practice,lab,undergraduate,low,late,west,0
p_003019,rereading,remote,community,low,early,west,0
p_003020,retrieval_practice,lab,undergraduate,low,early,east,0
p_003021,retrieval_practice,remote,community,low,late,west,1
p_003022,rereading,remote,undergraduate,high,late,west,0
p_003023,retrieval_practice,lab,community,low,early,west,1
p_003024,retrieval_practice,remote,community,low,late,east,1
p_003025,retrieval_practice,remote,community,low,early,west,1
p_003026,rereading,remote,undergraduate,high,late,east,1
p_003027,retrieval_practice,lab,community,low,late,west,1
p_003028,rereading,lab,community,high,early,east,1
p_003029,retrieval_practice,lab,undergraduate,low,early,east,0
p_003030,rereading,lab,community,low,early,west,0
p_003031,rereading,lab,undergraduate,high,early,west,1
p_003032,retrieval_practice,remote,undergraduate,low,late,east,1
p_003033,rereading,lab,community,high,early,east,0
p_003034,retrieval_practice,lab,undergraduate,high,late,west,1
p_003035,retrieval_practice,lab,undergraduate,high,early,east,1
p_003036,retrieval_practice,lab,community,low,late,west,1
p_003037,retrieval_practice,lab,undergraduate,low,late,west,1
p_003038,rereading,remote,undergraduate,low,early,west,0
p_003039,rereading,lab,community,high,late,east,1
p_003040,retrieval_practice,lab,undergraduate,high,late,west,1
p_003041,rereading,lab,undergraduate,high,early,west,1
p_003042,retrieval_practice,remote,undergraduate,high,late,west,1
p_003043,rereading,remote,undergraduate,low,early,east,0
p_003044,rereading,remote,community,low,late,west,0
p_003045,retrieval_practice,lab,community,low,late,west,0
p_003046,rereading,lab,undergraduate,high,early,west,0
p_003047,retrieval_practice,lab,undergraduate,high,early,west,1
p_003048,rereading,lab,undergraduate,high,early,east,0
p_003049,retrieval_practice,remote,community,low,late,west,0
p_003050,rereading,remote,undergraduate,high,early,west,1
p_003051,retrieval_practice,remote,community,low,early,east,1
p_003052,rereading,lab,undergraduate,low,late,west,1
p_003053,retrieval_practice,remote,undergraduate,high,early,west,0
p_003054,rereading,remote,community,low,late,east,1
p_003055,retrieval_practice,remote,undergraduate,high,early,east,1
p_003056,retrieval_practice,lab,community,low,late,east,0
p_003057,retrieval_practice,remote,community,high,late,west,0
p_003058,rereading,remote,undergraduate,high,late,east,0
p_003059,rereading,remote,undergraduate,low,late,east,1
p_003060,retrieval_practice,remote,undergraduate,high,early,east,0
p_003061,rereading,remote,undergraduate,low,late,east,1
p_003062,rereading,lab,undergraduate,low,late,east,1
p_003063,rereading,lab,undergraduate,low,late,west,1
p_003064,retrieval_practice,remote,undergraduate,high,early,east,1
p_003065,rereading,remote,undergraduate,low,early,east,0
p_003066,retrieval_practice,remote,community,low,late,east,1
p_003067,retrieval_practice,lab,undergraduate,high,early,west,0
p_003068,retrieval_practice,lab,undergraduate,high,early,east,0
p_003069,rereading,lab,undergraduate,low,early,east,0
p_003070,retrieval_practice,lab,undergraduate,low,early,east,0
p_003071,rereading,remote,community,high,early,west,1
p_003072,retrieval_practice,lab,undergraduate,low,late,west,1
p_003073,retrieval_practice,remote,undergraduate,low,early,west,0
p_003074,retrieval_practice,lab,undergraduate,high,late,west,1
p_003075,rereading,lab,undergraduate,high,late,east,1
p_003076,rereading,remote,undergraduate,low,late,west,0
p_003077,retrieval_practice,remote,community,low,late,east,1
p_003078,rereading,remote,undergraduate,high,early,east,0
p_003079,rereading,remote,undergraduate,low,early,east,0
p_003080,rereading,remote,community,high,late,west,0
p_003081,rereading,remote,undergraduate,low,late,west,1
p_003082,rereading,remote,undergraduate,low,early,east,0
p_003083,rereading,lab,community,low,late,east,1
p_003084,rereading,lab,undergraduate,low,late,east,1
p_003085,retrieval_practice,lab,community,low,early,west,1
p_003086,rereading,lab,community,high,late,west,0
p_003087,rereading,lab,undergraduate,low,late,east,1
p_003088,rereading,remote,community,high,early,east,0
p_003089,retrieval_practice,lab,community,high,early,west,0
p_003090,rereading,lab,undergraduate,high,early,east,0
p_003091,retrieval_practice,remote,community,low,late,east,1
p_003092,rereading,lab,community,high,late,east,0
p_003093,rereading,remote,undergraduate,high,early,west,0
p_003094,rereading,lab,undergraduate,low,early,east,0
p_003095,retrieval_practice,lab,undergraduate,high,early,west,0
p_003096,rereading,lab,undergraduate,high,late,east,0
p_003097,rereading,lab,community,low,early,west,0
p_003098,retrieval_practice,lab,undergraduate,low,late,east,1
p_003099,retrieval_practice,lab,community,high,early,west,1
p_003100,rereading,remote,community,high,early,west,0
p_003101,rereading,remote,community,low,late,east,0
p_003102,rereading,lab,community,low,late,west,0
p_003103,rereading,remote,undergraduate,high,late,west,1
p_003104,rereading,remote,community,high,early,east,0
p_003105,rereading,lab,undergraduate,high,early,east,1
p_003106,retrieval_practice,lab,community,high,early,west,1
p_003107,retrieval_practice,remote,undergraduate,low,late,west,1
p_003108,rereading,lab,undergraduate,high,late,west,1
p_003109,retrieval_practice,remote,undergraduate,high,early,west,1
p_003110,rereading,remote,undergraduate,low,late,west,1
p_003111,retrieval_practice,lab,undergraduate,low,early,west,1
p_003112,retrieval_practice,remote,undergraduate,high,late,east,0
p_003113,retrieval_practice,remote,community,low,late,west,1
p_003114,rereading,remote,community,low,late,west,0
p_003115,rereading,lab,undergraduate,low,late,east,1
p_003116,rereading,lab,undergraduate,low,early,west,1
p_003117,retrieval_practice,remote,community,low,late,west,0
p_003118,rereading,lab,community,high,late,east,1
p_003119,retrieval_practice,lab,undergraduate,low,late,east,1
p_003120,retrieval_practice,lab,undergraduate,high,early,east,0
p_003121,rereading,remote,community,low,late,east,1
p_003122,retrieval_practice,remote,undergraduate,low,early,east,1
p_003123,rereading,remote,undergraduate,high,early,west,1
p_003124,rereading,lab,community,low,early,west,1
p_003125,rereading,lab,undergraduate,high,late,east,0
p_003126,retrieval_practice,lab,community,high,early,west,1
p_003127,retrieval_practice,remote,community,high,early,west,0
p_003128,rereading,lab,undergraduate,high,late,east,0
p_003129,retrieval_practice,remote,community,high,early,east,0
p_003130,rereading,remote,undergraduate,low,early,east,0
p_003131,rereading,remote,community,low,early,east,0
p_003132,retrieval_practice,remote,undergraduate,low,early,west,0
p_003133,retrieval_practice,remote,community,high,late,east,1
p_003134,rereading,lab,undergraduate,low,early,east,0
p_003135,rereading,lab,undergraduate,low,early,west,1
p_003136,retrieval_practice,lab,undergraduate,low,early,east,0
p_003137,rereading,lab,undergraduate,low,early,east,0
p_003138,rereading,remote,community,high,early,east,0
p_003139,rereading,lab,undergraduate,high,early,east,0
p_003140,rereading,lab,community,high,early,east,1
p_003141,retrieval_practice,lab,community,low,early,west,1
p_003142,rereading,remote,undergraduate,high,late,west,1
p_003143,retrieval_practice,lab,community,high,early,west,1
p_003144,retrieval_practice,lab,community,low,early,west,1
p_003145,rereading,lab,undergraduate,high,late,east,1
p_003146,rereading,lab,community,high,late,east,1
p_003147,retrieval_practice,lab,undergraduate,high,late,east,1
p_003148,retrieval_practice,remote,community,high,late,west,0
p_003149,retrieval_practice,lab,community,low,early,west,0
p_003150,retrieval_practice,lab,undergraduate,high,late,east,1
p_003151,retrieval_practice,lab,undergraduate,low,early,east,1
p_003152,retrieval_practice,remote,undergraduate,low,early,east,1
p_003153,retrieval_practice,lab,undergraduate,low,late,west,0
p_003154,rereading,remote,undergraduate,high,late,east,0
p_003155,rereading,remote,undergraduate,low,early,east,1
p_003156,retrieval_practice,lab,undergraduate,high,late,west,0
p_003157,retrieval_practice,remote,undergraduate,low,late,west,0
p_003158,retrieval_practice,lab,undergraduate,low,early,east,1
p_003159,retrieval_practice,lab,undergraduate,high,late,east,0
p_003160,retrieval_practice,remote,undergraduate,high,late,west,1
p_003161,rereading,lab,undergraduate,low,late,west,1
p_003162,retrieval_practice,lab,community,low,late,west,1
p_003163,rereading,remote,undergraduate,high,early,west,1
p_003164,rereading,remote,community,low,early,west,0
p_003165,rereading,lab,community,low,early,east,1
p_003166,retrieval_practice,remote,community,low,early,east,1
p_003167,rereading,lab,undergraduate,low,late,east,1
p_003168,retrieval_practice,lab,community,low,early,east,0
p_003169,rereading,lab,undergraduate,low,late,east,1
p_003170,rereading,remote,undergraduate,high,late,west,0
p_003171,rereading,lab,undergraduate,low,early,west,0
p_003172,rereading,lab,undergraduate,high,early,east,0
p_003173,rereading,lab,community,high,early,west,1
p_003174,rereading,remote,undergraduate,high,early,west,1
p_003175,retrieval_practice,lab,undergraduate,low,early,east,0
p_003176,retrieval_practice,lab,community,low,early,east,1
p_003177,retrieval_practice,lab,community,high,late,west,0
p_003178,retrieval_practice,lab,community,high,early,west,0
p_003179,retrieval_practice,lab,community,high,late,east,1
p_003180,retrieval_practice,lab,undergraduate,high,late,west,0
p_003181,rereading,lab,undergraduate,low,late,west,1
p_003182,rereading,remote,community,low,late,east,1
p_003183,retrieval_practice,lab,community,low,early,east,0
p_003184,rereading,remote,community,low,early,west,1
p_003185,retrieval_practice,lab,undergraduate,low,early,west,1
p_003186,retrieval_practice,remote,community,low,early,east,1
p_003187,rereading,lab,undergraduate,low,late,east,1
p_003188,rereading,lab,community,high,late,east,1
p_003189,rereading,remote,undergraduate,high,early,west,1
p_003190,retrieval_practice,lab,community,low,early,west,0
p_003191,retrieval_practice,lab,undergraduate,low,late,east,0
p_003192,retrieval_practice,lab,community,high,late,west,0
p_003193,retrieval_practice,remote,undergraduate,high,late,east,1
p_003194,retrieval_practice,lab,undergraduate,low,early,east,0
p_003195,retrieval_practice,lab,community,low,early,west,0
p_003196,retrieval_practice,remote,community,high,early,west,1
p_003197,rereading,lab,community,high,early,east,1
p_003198,retrieval_practice,lab,community,low,early,east,0
p_003199,retrieval_practice,lab,undergraduate,low,early,east,0
p_003200,rereading,lab,community,high,early,west,0
p_003201,rereading,lab,community,low,late,west,0
p_003202,rereading,remote,community,high,late,east,0
p_003203,rereading,lab,undergraduate,high,early,west,1
p_003204,retrieval_practice,remote,undergraduate,high,late,east,1
p_003205,rereading,lab,undergraduate,low,early,east,0
p_003206,retrieval_practice,lab,community,low,early,west,1
p_003207,rereading,lab,community,high,late,east,1
p_003208,retrieval_practice,lab,community,low,early,west,1
p_003209,rereading,lab,undergraduate,high,early,east,0
p_003210,retrieval_practice,lab,undergraduate,low,late,east,0
p_003211,rereading,remote,undergraduate,high,early,west,0
p_003212,retrieval_practice,remote,undergraduate,low,late,east,1
p_003213,rereading,lab,community,low,late,east,1
p_003214,rereading,remote,community,high,late,east,0
p_003215,retrieval_practice,remote,undergraduate,high,early,west,0
p_003216,retrieval_practice,lab,community,high,late,west,1
p_003217,retrieval_practice,remote,community,low,late,east,1
p_003218,rereading,remote,undergraduate,low,early,east,1
p_003219,rereading,remote,undergraduate,low,early,west,0
p_003220,rereading,lab,undergraduate,low,early,west,1
p_003221,retrieval_practice,lab,community,low,late,east,1
p_003222,rereading,remote,undergraduate,high,early,west,1
p_003223,retrieval_practice,lab,community,low,early,east,1
p_003224,rereading,remote,community,low,early,east,1
p_003225,rereading,remote,community,high,early,east,0
p_003226,retrieval_practice,lab,community,high,early,west,0
p_003227,rereading,remote,community,high,early,west,1
p_003228,retrieval_practice,remote,community,high,early,east,0
p_003229,rereading,lab,undergraduate,high,early,east,0
p_003230,retrieval_practice,remote,undergraduate,low,early,west,0
p_003231,rereading,remote,community,high,early,west,0
p_003232,rereading,remote,community,high,late,west,0
p_003233,retrieval_practice,lab,undergraduate,high,late,west,1
p_003234,retrieval_practice,lab,undergraduate,low,late,east,1
p_003235,retrieval_practice,remote,community,low,early,west,0
p_003236,rereading,lab,community,low,early,east,1
p_003237,retrieval_practice,remote,community,low,late,east,1
p_003238,retrieval_practice,lab,community,low,early,west,1
p_003239,rereading,lab,undergraduate,high,early,west,0
p_003240,rereading,remote,undergraduate,high,early,east,1
p_003241,rereading,lab,undergraduate,low,late,east,0
p_003242,rereading,remote,community,low,early,east,1
p_003243,retrieval_practice,lab,undergraduate,low,early,east,0
p_003244,retrieval_practice,lab,undergraduate,high,late,east,0
p_003245,rereading,lab,undergraduate,high,early,east,0
p_003246,retrieval_practice,lab,undergraduate,high,late,east,1
p_003247,retrieval_practice,lab,undergraduate,low,late,west,1
p_003248,rereading,remote,undergraduate,high,early,west,1
p_003249,rereading,lab,undergraduate,low,late,east,1
p_003250,rereading,lab,community,high,late,west,0
p_003251,retrieval_practice,lab,undergraduate,high,early,west,1
p_003252,rereading,remote,undergraduate,high,early,west,0
p_003253,retrieval_practice,remote,community,low,late,west,0
p_003254,retrieval_practice,lab,undergraduate,low,early,west,0
p_003255,retrieval_practice,remote,undergraduate,high,early,east,1
p_003256,retrieval_practice,remote,community,low,late,west,0
p_003257,rereading,remote,undergraduate,low,late,west,1
p_003258,rereading,remote,community,low,late,west,0
p_003259,rereading,remote,community,low,late,east,0
p_003260,retrieval_practice,lab,undergraduate,low,late,west,0
p_003261,retrieval_practice,lab,community,high,late,west,1
p_003262,rereading,lab,community,low,early,east,1
p_003263,retrieval_practice,lab,community,high,late,west,1
p_003264,retrieval_practice,lab,community,low,early,east,0
p_003265,rereading,remote,undergraduate,low,early,west,1
p_003266,retrieval_practice,remote,community,high,late,east,1
p_003267,retrieval_practice,lab,undergraduate,low,late,west,1
p_003268,rereading,lab,community,high,early,west,0
p_003269,rereading,lab,community,high,early,west,0
p_003270,retrieval_practice,lab,undergraduate,low,early,west,1
p_003271,retrieval_practice,lab,undergraduate,low,late,east,0
p_003272,retrieval_practice,lab,community,high,late,east,0
p_003273,rereading,lab,community,high,late,east,1
p_003274,rereading,remote,undergraduate,high,early,west,0
p_003275,retrieval_practice,remote,undergraduate,low,early,west,1
p_003276,retrieval_practice,remote,undergraduate,low,early,east,0
p_003277,rereading,remote,community,low,late,west,0
p_003278,retrieval_practice,lab,undergraduate,high,late,east,1
p_003279,retrieval_practice,remote,community,high,early,east,1
p_003280,retrieval_practice,remote,community,low,late,west,1
p_003281,retrieval_practice,remote,undergraduate,low,early,east,0
p_003282,rereading,lab,undergraduate,high,early,west,1
p_003283,rereading,lab,community,high,early,east,0
p_003284,rereading,lab,undergraduate,high,late,east,0
p_003285,rereading,lab,undergraduate,high,late,west,0
p_003286,retrieval_practice,remote,undergraduate,high,late,east,1
p_003287,retrieval_practice,lab,undergraduate,low,early,west,1
p_003288,retrieval_practice,remote,undergraduate,low,late,east,0
p_003289,retrieval_practice,lab,community,high,late,east,1
p_003290,retrieval_practice,remote,community,low,early,west,0
p_003291,retrieval_practice,remote,community,low,early,east,0
p_003292,rereading,remote,undergraduate,high,early,west,0
p_003293,rereading,lab,undergraduate,low,late,east,0
p_003294,retrieval_practice,lab,community,high,late,west,1
p_003295,rereading,lab,undergraduate,low,early,west,1
p_003296,rereading,lab,undergraduate,high,late,east,0
p_003297,rereading,remote,community,high,early,west,0
p_003298,retrieval_practice,lab,undergraduate,low,late,east,1
p_003299,rereading,lab,community,high,late,west,1
p_003300,retrieval_practice,remote,undergraduate,low,early,west,1
p_003301,rereading,remote,community,low,early,east,0
p_003302,rereading,remote,undergraduate,high,early,east,1
p_003303,rereading,lab,undergraduate,high,late,west,1
p_003304,retrieval_practice,lab,community,low,late,east,1
p_003305,retrieval_practice,remote,community,high,early,east,1
p_003306,retrieval_practice,lab,undergraduate,high,early,west,1
p_003307,rereading,lab,undergraduate,low,late,east,0
p_003308,retrieval_practice,lab,undergraduate,low,late,west,0
p_003309,rereading,lab,undergraduate,high,early,east,1
p_003310,retrieval_practice,lab,community,low,early,west,1
p_003311,retrieval_practice,lab,undergraduate,high,late,east,1
p_003312,retrieval_practice,lab,undergraduate,low,early,east,0
p_003313,retrieval_practice,remote,undergraduate,low,late,east,0
p_003314,retrieval_practice,lab,undergraduate,high,late,east,1
p_003315,rereading,lab,undergraduate,high,early,east,0
p_003316,retrieval_practice,lab,undergraduate,low,late,west,1
p_003317,rereading,remote,community,low,late,west,0
p_003318,retrieval_practice,lab,community,high,early,east,0
p_003319,retrieval_practice,remote,undergraduate,low,early,east,0
p_003320,retrieval_practice,remote,undergraduate,low,late,east,1
p_003321,rereading,remote,community,low,late,east,0
p_003322,rereading,lab,community,high,late,west,0
p_003323,retrieval_practice,lab,community,low,early,east,1
p_003324,rereading,lab,undergraduate,high,late,west,0
p_003325,retrieval_practice,lab,undergraduate,high,late,east,1
p_003326,retrieval_practice,remote,community,low,late,east,1
p_003327,retrieval_practice,lab,undergraduate,high,late,east,1
p_003328,retrieval_practice,lab,community,high,early,west,1
p_003329,rereading,remote,community,high,late,east,0
p_003330,rereading,remote,community,high,early,west,0
p_003331,rereading,lab,undergraduate,high,early,east,1
p_003332,rereading,lab,undergraduate,low,early,east,1
p_003333,rereading,remote,undergraduate,low,late,west,1
p_003334,rereading,remote,community,low,early,west,0
p_003335,retrieval_practice,remote,community,high,late,west,0
p_003336,retrieval_practice,lab,undergraduate,high,early,west,0
p_003337,rereading,lab,community,high,early,west,1
p_003338,rereading,lab,community,low,late,east,0
p_003339,retrieval_practice,lab,community,low,late,west,1
p_003340,retrieval_practice,lab,community,low,early,east,1
p_003341,rereading,lab,undergraduate,high,early,west,1
p_003342,rereading,remote,undergraduate,low,late,west,0
p_003343,retrieval_practice,remote,undergraduate,low,early,west,1
p_003344,rereading,remote,undergraduate,low,late,east,1
p_003345,retrieval_practice,lab,undergraduate,high,late,west,0
p_003346,retrieval_practice,remote,community,low,late,east,0
p_003347,rereading,lab,community,low,early,east,0
p_003348,rereading,remote,community,low,early,east,1
p_003349,retrieval_practice,lab,undergraduate,high,early,west,1
p_003350,rereading,lab,undergraduate,high,early,west,1
p_003351,rereading,remote,undergraduate,low,late,east,1
p_003352,retrieval_practice,remote,community,low,early,east,1
p_003353,retrieval_practice,lab,undergraduate,high,late,east,0
p_003354,rereading,lab,undergraduate,low,early,west,0
p_003355,rereading,lab,undergraduate,high,early,east,0
p_003356,retrieval_practice,remote,community,low,early,west,0
p_003357,retrieval_practice,remote,undergraduate,low,late,east,0
p_003358,retrieval_practice,lab,undergraduate,high,early,west,1
p_003359,retrieval_practice,lab,undergraduate,low,late,east,1
p_003360,rereading,lab,community,high,late,east,0
p_003361,rereading,remote,undergraduate,low,early,west,0
p_003362,retrieval_practice,lab,undergraduate,high,late,west,1
p_003363,retrieval_practice,remote,undergraduate,low,early,east,0
p_003364,rereading,lab,community,low,late,west,0
p_003365,retrieval_practice,lab,undergraduate,high,early,west,0
p_003366,retrieval_practice,remote,community,high,early,east,1
p_003367,rereading,lab,community,high,early,east,0
p_003368,rereading,lab,undergraduate,low,late,west,1
p_003369,rereading,lab,undergraduate,low,late,east,1
p_003370,rereading,remote,community,low,early,east,1
p_003371,rereading,remote,undergraduate,high,early,east,1
p_003372,rereading,lab,community,high,late,west,0
p_003373,retrieval_practice,lab,community,high,early,east,0
p_003374,rereading,remote,undergraduate,low,early,east,1
p_003375,retrieval_practice,lab,community,high,late,west,0
p_003376,retrieval_practice,lab,undergraduate,high,early,west,0
p_003377,retrieval_practice,lab,undergraduate,high,early,west,0
p_003378,retrieval_practice,lab,community,high,early,west,1
p_003379,rereading,remote,undergraduate,high,early,east,0
p_003380,rereading,remote,undergraduate,high,early,west,0
p_003381,retrieval_practice,remote,undergraduate,low,late,east,0
p_003382,rereading,lab,community,low,early,west,0
p_003383,rereading,lab,undergraduate,low,early,east,0
p_003384,rereading,lab,undergraduate,low,early,east,0
p_003385,rereading,remote,undergraduate,high,early,east,1
p_003386,rereading,remote,undergraduate,low,early,west,0
p_003387,rereading,remote,undergraduate,low,early,east,0
p_003388,rereading,lab,undergraduate,high,late,west,1
p_003389,retrieval_practice,lab,undergraduate,low,early,west,1
p_003390,rereading,lab,undergraduate,low,early,east,1
p_003391,retrieval_practice,lab,undergraduate,high,early,east,1
p_003392,rereading,remote,undergraduate,high,early,west,0
p_003393,retrieval_practice,lab,community,low,early,east,0
p_003394,retrieval_practice,remote,undergraduate,low,late,east,0
p_003395,retrieval_practice,remote,community,low,early,west,0
p_003396,rereading,lab,undergraduate,high,early,east,1
p_003397,retrieval_practice,remote,community,high,late,east,1
p_003398,retrieval_practice,lab,community,low,early,east,1
p_003399,retrieval_practice,lab,undergraduate,high,early,west,0
p_003400,retrieval_practice,remote,undergraduate,high,late,east,0
p_003401,rereading,remote,undergraduate,low,late,east,1
p_003402,rereading,lab,undergraduate,low,late,west,1
p_003403,retrieval_practice,remote,community,high,early,east,1
p_003404,retrieval_practice,remote,community,high,late,west,0
p_003405,rereading,remote,undergraduate,high,late,west,1
p_003406,rereading,lab,community,high,late,east,1
p_003407,retrieval_practice,remote,community,high,early,east,0
p_003408,retrieval_practice,lab,undergraduate,high,late,west,1
p_003409,rereading,lab,undergraduate,low,early,west,1
p_003410,rereading,lab,community,low,late,west,1
p_003411,retrieval_practice,remote,undergraduate,high,early,west,0
p_003412,rereading,lab,undergraduate,high,early,west,1
p_003413,rereading,remote,undergraduate,low,late,west,1
p_003414,retrieval_practice,lab,undergraduate,high,late,east,1
p_003415,rereading,lab,undergraduate,high,late,east,1
p_003416,rereading,lab,undergraduate,low,late,east,1
p_003417,retrieval_practice,lab,community,low,early,east,0
p_003418,retrieval_practice,remote,undergraduate,low,late,east,0
p_003419,rereading,lab,undergraduate,high,late,west,1
p_003420,retrieval_practice,remote,undergraduate,high,early,east,0
p_003421,retrieval_practice,remote,undergraduate,low,early,west,1
p_003422,rereading,remote,community,low,early,east,0
p_003423,rereading,remote,community,high,late,east,0
p_003424,retrieval_practice,lab,community,high,early,east,1
p_003425,retrieval_practice,lab,undergraduate,high,late,east,1
p_003426,retrieval_practice,lab,community,low,early,west,1
p_003427,rereading,remote,undergraduate,low,early,west,1
p_003428,retrieval_practice,lab,undergraduate,low,early,east,0
p_003429,rereading,lab,undergraduate,low,late,east,0
p_003430,rereading,lab,community,high,early,east,1
p_003431,rereading,lab,undergraduate,high,early,west,0
p_003432,retrieval_practice,lab,undergraduate,low,late,west,0
p_003433,retrieval_practice,lab,undergraduate,high,late,east,1
p_003434,retrieval_practice,lab,community,low,early,east,0
p_003435,rereading,remote,undergraduate,high,late,west,0
p_003436,retrieval_practice,remote,undergraduate,low,early,east,1
p_003437,retrieval_practice,lab,community,low,early,west,1
p_003438,rereading,lab,undergraduate,high,late,west,0
p_003439,retrieval_practice,lab,undergraduate,low,late,east,0
p_003440,rereading,remote,undergraduate,high,late,east,1
p_003441,rereading,lab,community,high,early,east,1
p_003442,rereading,lab,community,high,late,east,0
p_003443,retrieval_practice,remote,community,high,late,west,0
p_003444,rereading,remote,undergraduate,low,early,east,0
p_003445,retrieval_practice,lab,community,low,late,east,1
p_003446,retrieval_practice,lab,community,high,early,west,0
p_003447,retrieval_practice,remote,community,high,early,east,1
p_003448,retrieval_practice,remote,undergraduate,low,late,east,1
p_003449,retrieval_practice,lab,undergraduate,low,early,west,0
p_003450,retrieval_practice,lab,undergraduate,low,late,east,1
p_003451,retrieval_practice,remote,community,high,early,west,1
p_003452,retrieval_practice,lab,community,low,late,east,1
p_003453,retrieval_practice,lab,undergraduate,low,early,west,1
p_003454,rereading,remote,community,low,early,west,1
p_003455,retrieval_practice,lab,community,low,early,east,1
p_003456,retrieval_practice,lab,community,high,late,east,1
p_003457,rereading,lab,undergraduate,low,late,west,1
p_003458,retrieval_practice,remote,undergraduate,high,late,west,0
p_003459,retrieval_practice,lab,community,high,early,east,1
p_003460,rereading,lab,undergraduate,low,late,west,1
p_003461,rereading,lab,undergraduate,high,late,west,1
p_003462,rereading,lab,community,high,late,west,0
p_003463,retrieval_practice,lab,undergraduate,low,late,west,1
p_003464,retrieval_practice,lab,community,high,late,east,1
p_003465,retrieval_practice,remote,undergraduate,low,late,west,1
p_003466,rereading,remote,undergraduate,low,early,west,1
p_003467,retrieval_practice,remote,community,high,early,west,0
p_003468,rereading,remote,undergraduate,high,late,east,1
p_003469,retrieval_practice,remote,undergraduate,low,late,west,1
p_003470,retrieval_practice,lab,undergraduate,high,late,west,1
p_003471,rereading,lab,community,high,late,east,1
p_003472,rereading,lab,community,high,early,west,0
p_003473,retrieval_practice,lab,undergraduate,high,late,east,1
p_003474,rereading,remote,community,low,early,west,0
p_003475,retrieval_practice,lab,undergraduate,low,late,east,1
p_003476,rereading,lab,community,high,late,west,0
p_003477,rereading,lab,undergraduate,low,late,east,0
p_003478,rereading,lab,community,high,late,east,0
p_003479,retrieval_practice,lab,community,low,late,west,1
p_003480,retrieval_practice,lab,undergraduate,low,early,east,1
p_003481,retrieval_practice,lab,undergraduate,high,early,east,0
p_003482,rereading,remote,undergraduate,low,late,east,0
p_003483,rereading,remote,undergraduate,low,late,east,0
p_003484,retrieval_practice,lab,undergraduate,high,early,east,1
p_003485,retrieval_practice,lab,community,low,early,west,1
p_003486,rereading,lab,community,low,late,east,0
p_003487,rereading,lab,community,high,late,west,1
p_003488,retrieval_practice,lab,community,low,late,west,1
p_003489,retrieval_practice,remote,community,low,early,west,0
p_003490,retrieval_practice,lab,community,low,late,west,0
p_003491,retrieval_practice,remote,undergraduate,high,early,east,0
p_003492,retrieval_practice,lab,undergraduate,high,early,west,1
p_003493,rereading,remote,community,low,late,west,0
p_003494,retrieval_practice,lab,undergraduate,low,early,west,0
p_003495,rereading,remote,community,low,late,west,0
p_003496,retrieval_practice,remote,undergraduate,high,early,east,0
p_003497,retrieval_practice,lab,undergraduate,high,early,east,0
p_003498,retrieval_practice,lab,undergraduate,high,early,east,0
p_003499,retrieval_practice,lab,undergraduate,low,early,east,0
p_003500,rereading,remote,undergraduate,high,early,west,0
p_003501,rereading,lab,undergraduate,high,early,east,0
p_003502,rereading,lab,undergraduate,low,early,west,0
p_003503,rereading,lab,community,low,early,west,1
p_003504,retrieval_practice,lab,undergraduate,high,late,east,0
p_003505,rereading,lab,community,low,late,east,0
p_003506,retrieval_practice,lab,undergraduate,low,late,east,1
p_003507,rereading,lab,undergraduate,high,late,east,0
p_003508,retrieval_practice,lab,undergraduate,high,late,west,0
p_003509,retrieval_practice,lab,undergraduate,high,late,east,0
p_003510,rereading,lab,community,high,early,east,1
p_003511,rereading,lab,undergraduate,low,early,east,0
p_003512,retrieval_practice,lab,community,high,late,east,1
p_003513,rereading,lab,undergraduate,low,early,east,0
p_003514,rereading,lab,community,high,early,west,0
p_003515,retrieval_practice,lab,community,high,late,east,1
p_003516,rereading,lab,community,low,late,east,1
p_003517,rereading,lab,community,low,late,west,0
p_003518,retrieval_practice,lab,community,high,late,west,1
p_003519,rereading,remote,undergraduate,low,early,east,0
p_003520,rereading,remote,undergraduate,low,early,west,0
p_003521,rereading,remote,community,high,late,west,1
p_003522,rereading,lab,undergraduate,low,early,east,1
p_003523,rereading,remote,undergraduate,high,late,west,1
p_003524,rereading,remote,community,high,late,west,1
p_003525,retrieval_practice,remote,community,high,late,west,1
p_003526,rereading,lab,undergraduate,high,late,east,0
p_003527,rereading,remote,undergraduate,high,early,west,1
p_003528,retrieval_practice,remote,community,low,early,east,0
p_003529,rereading,lab,community,low,early,west,1
p_003530,retrieval_practice,lab,community,high,early,west,1
p_003531,retrieval_practice,lab,undergraduate,high,late,east,0
p_003532,rereading,lab,community,high,early,west,1
p_003533,retrieval_practice,remote,undergraduate,low,late,east,1
p_003534,retrieval_practice,remote,undergraduate,low,early,west,1
p_003535,retrieval_practice,remote,undergraduate,high,late,east,1
p_003536,rereading,lab,undergraduate,high,early,east,1
p_003537,retrieval_practice,remote,community,high,late,west,0
p_003538,rereading,remote,community,high,late,east,0
p_003539,rereading,lab,community,low,late,west,1
p_003540,rereading,lab,community,high,late,west,1
p_003541,retrieval_practice,lab,undergraduate,high,early,west,1
p_003542,rereading,remote,undergraduate,low,late,east,1
p_003543,rereading,remote,undergraduate,low,early,west,0
p_003544,retrieval_practice,remote,undergraduate,low,early,east,1
p_003545,retrieval_practice,remote,undergraduate,low,early,east,0
p_003546,retrieval_practice,lab,undergraduate,high,late,west,1
p_003547,retrieval_practice,lab,undergraduate,low,late,west,0
p_003548,rereading,remote,undergraduate,low,late,west,1
p_003549,rereading,lab,community,high,early,west,1
p_003550,retrieval_practice,lab,community,high,late,west,0
p_003551,retrieval_practice,lab,undergraduate,high,early,east,1
p_003552,rereading,lab,undergraduate,high,late,east,0
p_003553,retrieval_practice,remote,undergraduate,low,early,east,1
p_003554,retrieval_practice,lab,undergraduate,high,early,west,0
p_003555,rereading,remote,community,high,early,east,0
p_003556,rereading,lab,undergraduate,high,early,east,1
p_003557,retrieval_practice,remote,community,high,early,west,0
p_003558,retrieval_practice,remote,undergraduate,high,early,west,0
p_003559,rereading,remote,undergraduate,high,early,east,1
p_003560,rereading,lab,undergraduate,low,early,west,1
p_003561,retrieval_practice,lab,undergraduate,low,early,west,0
p_003562,retrieval_practice,remote,undergraduate,high,late,east,0
p_003563,rereading,lab,undergraduate,high,early,west,1
p_003564,rereading,lab,undergraduate,low,late,west,0
p_003565,rereading,remote,undergraduate,high,late,west,0
p_003566,retrieval_practice,lab,community,high,late,east,1
p_003567,retrieval_practice,lab,undergraduate,low,early,west,0
p_003568,rereading,remote,community,high,late,east,1
p_003569,rereading,lab,undergraduate,high,early,east,1
p_003570,retrieval_practice,lab,community,high,early,west,0
p_003571,rereading,lab,undergraduate,high,early,west,1
p_003572,rereading,lab,undergraduate,low,late,west,0
p_003573,rereading,lab,community,high,early,west,1
p_003574,retrieval_practice,remote,community,low,early,east,0
p_003575,retrieval_practice,lab,undergraduate,high,early,east,1
p_003576,rereading,lab,undergraduate,low,early,west,0
p_003577,rereading,remote,undergraduate,low,early,west,1
p_003578,rereading,remote,community,low,early,west,0
p_003579,retrieval_practice,lab,undergraduate,low,early,west,1
p_003580,rereading,remote,undergraduate,high,late,west,0
p_003581,rereading,lab,community,high,early,east,1
p_003582,rereading,lab,community,high,early,west,1
p_003583,rereading,remote,undergraduate,low,early,east,0
p_003584,rereading,lab,community,high,late,east,0
p_003585,retrieval_practice,lab,undergraduate,low,late,east,1
p_003586,rereading,remote,undergraduate,high,late,east,1
p_003587,rereading,remote,undergraduate,high,early,west,0
p_003588,retrieval_practice,lab,community,low,late,west,1
p_003589,rereading,lab,undergraduate,low,early,west,0
p_003590,retrieval_practice,remote,undergraduate,high,late,east,1
p_003591,retrieval_practice,remote,undergraduate,low,early,west,0
p_003592,rereading,lab,undergraduate,low,late,east,0
p_003593,retrieval_practice,lab,community,high,early,west,0
p_003594,retrieval_practice,lab,undergraduate,high,early,west,1
p_003595,rereading,lab,community,low,late,east,0
p_003596,rereading,remote,community,low,early,east,0
p_003597,rereading,lab,undergraduate,low,early,east,1
p_003598,retrieval_practice,lab,community,low,early,west,0
p_003599,rereading,remote,community,low,early,west,0
p_003600,rereading,lab,undergraduate,high,late,west,0
p_003601,rereading,lab,undergraduate,low,early,west,0
p_003602,retrieval_practice,remote,community,high,late,east,0
p_003603,retrieval_practice,remote,undergraduate,low,late,east,1
p_003604,retrieval_practice,lab,undergraduate,high,early,west,1
p_003605,rereading,lab,undergraduate,low,early,east,0
p_003606,rereading,remote,undergraduate,high,early,west,0
p_003607,retrieval_practice,remote,undergraduate,high,late,east,1
p_003608,retrieval_practice,lab,undergraduate,high,late,east,1
p_003609,rereading,remote,undergraduate,low,late,east,0
p_003610,rereading,lab,undergraduate,low,early,west,1
p_003611,retrieval_practice,lab,community,low,late,east,1
p_003612,retrieval_practice,lab,community,high,early,west,1
p_003613,rereading,lab,undergraduate,high,early,west,1
p_003614,retrieval_practice,lab,community,low,late,west,0
p_003615,rereading,lab,community,high,early,east,1
p_003616,rereading,remote,undergraduate,high,late,west,0
p_003617,rereading,lab,undergraduate,low,late,west,1
p_003618,retrieval_practice,lab,community,low,early,west,0
p_003619,rereading,lab,community,high,late,west,1
p_003620,rereading,lab,undergraduate,high,early,east,0
p_003621,rereading,lab,undergraduate,low,late,west,0
p_003622,rereading,remote,community,low,late,west,0
p_003623,rereading,remote,undergraduate,low,early,east,0
p_003624,rereading,remote,undergraduate,low,early,east,0
p_003625,retrieval_practice,remote,undergraduate,low,early,west,1
p_003626,retrieval_practice,remote,undergraduate,high,late,east,0
p_003627,rereading,lab,community,high,late,east,0
p_003628,rereading,lab,undergraduate,low,early,east,0
p_003629,rereading,lab,undergraduate,low,late,east,0
p_003630,rereading,lab,undergraduate,low,early,west,1
p_003631,rereading,lab,community,low,early,east,0
p_003632,rereading,lab,community,low,early,west,0
p_003633,rereading,lab,community,low,early,west,1
p_003634,retrieval_practice,lab,community,high,late,west,1
p_003635,rereading,lab,community,low,early,east,0
p_003636,rereading,remote,community,low,late,west,1
p_003637,rereading,lab,community,high,early,east,0
p_003638,rereading,lab,community,high,late,east,0
p_003639,rereading,lab,undergraduate,low,early,east,1
p_003640,rereading,lab,community,high,early,east,1
p_003641,rereading,lab,undergraduate,high,late,east,1
p_003642,rereading,remote,undergraduate,low,late,east,0
p_003643,retrieval_practice,remote,community,high,early,west,0
p_003644,rereading,remote,undergraduate,high,late,east,0
p_003645,rereading,lab,community,low,early,east,1
p_003646,rereading,lab,undergraduate,low,late,west,1
p_003647,rereading,remote,undergraduate,high,early,west,0
p_003648,rereading,lab,community,low,late,east,1
p_003649,retrieval_practice,lab,community,high,late,east,0
p_003650,retrieval_practice,remote,community,low,late,east,1
p_003651,retrieval_practice,lab,undergraduate,low,early,east,1
p_003652,rereading,lab,undergraduate,low,early,west,0
p_003653,rereading,remote,community,low,late,west,1
p_003654,rereading,lab,undergraduate,low,late,west,1
p_003655,retrieval_practice,lab,undergraduate,high,early,west,1
p_003656,rereading,lab,community,low,early,east,0
p_003657,retrieval_practice,remote,undergraduate,low,early,east,0
p_003658,retrieval_practice,lab,community,low,late,east,0
p_003659,retrieval_practice,remote,undergraduate,high,early,east,0
p_003660,rereading,lab,undergraduate,low,late,east,1
p_003661,rereading,remote,undergraduate,high,early,east,1
p_003662,rereading,remote,community,high,late,east,1
p_003663,retrieval_practice,lab,community,high,early,west,1
p_003664,rereading,lab,community,high,late,east,1
p_003665,retrieval_practice,remote,undergraduate,high,late,east,0
p_003666,retrieval_practice,lab,undergraduate,low,early,west,0
p_003667,retrieval_practice,lab,community,low,late,east,0
p_003668,rereading,lab,undergraduate,low,early,west,1
p_003669,retrieval_practice,remote,undergraduate,high,late,west,1
p_003670,rereading,lab,community,high,late,east,1
p_003671,retrieval_practice,remote,undergraduate,low,early,east,0
p_003672,rereading,remote,community,low,late,west,0
p_003673,retrieval_practice,lab,undergraduate,low,late,west,1
p_003674,retrieval_practice,lab,undergraduate,low,early,west,1
p_003675,retrieval_practice,remote,undergraduate,high,late,east,0
p_003676,rereading,remote,undergraduate,high,late,east,0
p_003677,rereading,lab,community,low,late,east,1
p_003678,rereading,lab,undergraduate,high,early,east,0
p_003679,rereading,lab,undergraduate,low,early,east,0
p_003680,retrieval_practice,remote,undergraduate,low,early,east,0
p_003681,retrieval_practice,remote,undergraduate,high,late,east,1
p_003682,retrieval_practice,remote,community,low,late,east,0
p_003683,retrieval_practice,remote,undergraduate,high,late,east,0
p_003684,retrieval_practice,lab,undergraduate,high,late,west,0
p_003685,rereading,remote,undergraduate,low,late,west,0
p_003686,rereading,remote,undergraduate,high,late,east,0
p_003687,retrieval_practice,remote,community,high,late,east,1
p_003688,retrieval_practice,lab,undergraduate,high,early,east,1
p_003689,rereading,lab,undergraduate,high,late,east,0
p_003690,rereading,lab,undergraduate,low,early,east,1
p_003691,retrieval_practice,lab,undergraduate,high,early,east,0
p_003692,rereading,lab,undergraduate,high,early,east,0
p_003693,retrieval_practice,lab,undergraduate,high,late,west,0
p_003694,retrieval_practice,lab,undergraduate,low,late,west,0
p_003695,retrieval_practice,remote,community,high,late,east,1
p_003696,retrieval_practice,remote,community,low,early,west,1
p_003697,rereading,remote,undergraduate,high,late,east,1
p_003698,rereading,lab,undergraduate,low,early,west,0
p_003699,rereading,remote,community,low,early,east,1
p_003700,retrieval_practice,lab,undergraduate,low,late,east,1
p_003701,retrieval_practice,lab,community,high,early,west,1
p_003702,retrieval_practice,lab,undergraduate,high,late,east,1
p_003703,rereading,lab,community,low,late,west,0
p_003704,retrieval_practice,lab,undergraduate,low,late,east,0
p_003705,rereading,lab,undergraduate,low,late,east,0
p_003706,rereading,lab,undergraduate,high,late,west,0
p_003707,rereading,remote,undergraduate,high,early,west,1
p_003708,retrieval_practice,remote,undergraduate,low,early,east,0
p_003709,rereading,lab,undergraduate,low,late,west,1
p_003710,rereading,remote,undergraduate,low,early,east,1
p_003711,rereading,lab,undergraduate,high,early,west,1
p_003712,retrieval_practice,lab,community,high,late,west,0
p_003713,retrieval_practice,lab,community,high,early,east,1
p_003714,rereading,lab,community,low,late,east,1
p_003715,retrieval_practice,remote,undergraduate,low,early,east,0
p_003716,rereading,remote,undergraduate,low,early,east,0
p_003717,rereading,lab,undergraduate,high,late,west,1
p_003718,retrieval_practice,lab,community,high,early,east,0
p_003719,retrieval_practice,remote,undergraduate,high,late,east,0
p_003720,retrieval_practice,lab,undergraduate,high,late,east,0
p_003721,retrieval_practice,lab,community,high,late,west,1
p_003722,rereading,remote,undergraduate,high,early,west,1
p_003723,retrieval_practice,remote,community,low,early,east,0
p_003724,rereading,remote,community,low,late,east,0
p_003725,rereading,lab,undergraduate,low,early,east,0
p_003726,retrieval_practice,lab,undergraduate,high,early,west,1
p_003727,rereading,lab,community,low,early,east,0
p_003728,retrieval_practice,lab,undergraduate,low,early,west,1
p_003729,retrieval_practice,lab,undergraduate,high,late,east,0
p_003730,retrieval_practice,lab,undergraduate,low,early,west,1
p_003731,rereading,remote,community,high,late,west,1
p_003732,retrieval_practice,remote,community,low,early,west,0
p_003733,rereading,lab,undergraduate,high,late,west,0
p_003734,retrieval_practice,remote,undergraduate,high,early,east,0
p_003735,retrieval_practice,remote,undergraduate,high,early,east,1
p_003736,retrieval_practice,lab,undergraduate,low,early,west,0
p_003737,retrieval_practice,remote,community,low,late,east,0
p_003738,retrieval_practice,remote,community,low,early,east,1
p_003739,rereading,lab,undergraduate,high,early,east,1
p_003740,rereading,lab,undergraduate,high,early,west,1
p_003741,rereading,lab,undergraduate,low,early,east,1
p_003742,rereading,remote,undergraduate,low,late,west,0
p_003743,rereading,remote,undergraduate,high,late,east,1
p_003744,retrieval_practice,remote,undergraduate,high,late,east,1
p_003745,rereading,lab,community,low,late,east,0
p_003746,rereading,remote,undergraduate,low,late,east,1
p_003747,rereading,lab,community,low,early,east,0
p_003748,retrieval_practice,remote,undergraduate,high,late,east,1
p_003749,retrieval_practice,lab,undergraduate,low,late,west,1
p_003750,rereading,lab,undergraduate,high,early,east,1
p_003751,rereading,remote,undergraduate,high,early,west,1
p_003752,rereading,remote,community,high,late,west,0
p_003753,rereading,remote,undergraduate,high,late,east,1
p_003754,rereading,lab,undergraduate,low,early,east,0
p_003755,retrieval_practice,lab,community,low,late,west,1
p_003756,rereading,remote,community,high,early,east,1
p_003757,retrieval_practice,lab,undergraduate,high,early,west,1
p_003758,rereading,lab,community,high,late,east,1
p_003759,rereading,lab,undergraduate,low,early,east,1
p_003760,retrieval_practice,remote,undergraduate,high,early,east,1
p_003761,retrieval_practice,remote,undergraduate,high,late,east,0
p_003762,rereading,lab,undergraduate,low,late,east,0
p_003763,retrieval_practice,lab,undergraduate,high,early,east,1
p_003764,retrieval_practice,lab,community,low,early,east,1
p_003765,rereading,lab,community,high,late,east,1
p_003766,rereading,remote,undergraduate,low,early,west,1
p_003767,retrieval_practice,remote,community,high,late,west,1
p_003768,rereading,lab,community,high,early,east,1
p_003769,retrieval_practice,remote,community,high,late,west,1
p_003770,retrieval_practice,lab,undergraduate,high,late,west,0
p_003771,rereading,lab,undergraduate,low,early,west,0
p_003772,retrieval_practice,remote,community,low,late,east,1
p_003773,rereading,lab,community,low,late,west,0
p_003774,rereading,lab,undergraduate,low,late,west,1
p_003775,rereading,lab,community,low,early,west,1
p_003776,rereading,lab,community,high,early,east,1
p_003777,retrieval_practice,lab,community,low,late,west,1
p_003778,retrieval_practice,lab,undergraduate,low,late,east,0
p_003779,rereading,lab,community,low,early,west,1
p_003780,rereading,lab,community,low,late,east,0
p_003781,rereading,remote,undergraduate,low,late,west,0
p_003782,retrieval_practice,remote,undergraduate,low,early,east,0
p_003783,rereading,remote,community,low,late,east,1
p_003784,retrieval_practice,lab,community,high,late,east,1
p_003785,retrieval_practice,remote,community,high,late,east,0
p_003786,rereading,lab,undergraduate,low,early,west,0
p_003787,rereading,remote,undergraduate,low,late,east,0
p_003788,retrieval_practice,lab,undergraduate,low,early,west,0
p_003789,retrieval_practice,lab,undergraduate,high,early,west,1
p_003790,rereading,remote,undergraduate,low,early,west,1
p_003791,rereading,remote,community,low,early,west,0
p_003792,retrieval_practice,lab,undergraduate,high,late,west,1
p_003793,retrieval_practice,lab,undergraduate,high,late,west,0
p_003794,rereading,lab,community,low,late,east,0
p_003795,retrieval_practice,remote,community,high,late,east,0
p_003796,retrieval_practice,remote,undergraduate,low,late,west,0
p_003797,rereading,lab,community,high,early,west,1
p_003798,rereading,remote,undergraduate,high,late,east,1
p_003799,retrieval_practice,lab,undergraduate,high,late,west,1
p_003800,rereading,lab,community,high,late,west,0
p_003801,rereading,lab,undergraduate,low,early,west,0
p_003802,rereading,remote,undergraduate,high,late,west,0
p_003803,rereading,lab,undergraduate,low,late,west,0
p_003804,retrieval_practice,remote,undergraduate,low,early,west,0
p_003805,rereading,remote,undergraduate,low,late,east,1
p_003806,rereading,lab,undergraduate,low,late,west,1
p_003807,retrieval_practice,lab,undergraduate,high,early,east,0
p_003808,rereading,lab,community,low,late,west,1
p_003809,rereading,lab,community,low,late,east,0
p_003810,retrieval_practice,remote,undergraduate,high,late,west,0
p_003811,retrieval_practice,lab,community,low,late,east,1
p_003812,rereading,remote,undergraduate,high,late,west,0
p_003813,rereading,lab,undergraduate,low,late,east,0
p_003814,retrieval_practice,lab,community,high,early,west,0
p_003815,retrieval_practice,remote,undergraduate,low,early,east,0
p_003816,rereading,remote,community,high,late,east,1
p_003817,rereading,lab,undergraduate,high,late,east,0
p_003818,rereading,lab,community,low,late,east,0
p_003819,retrieval_practice,remote,community,high,early,east,0
p_003820,rereading,remote,undergraduate,low,early,west,1
p_003821,retrieval_practice,lab,community,low,late,east,1
p_003822,rereading,lab,undergraduate,high,late,east,0
p_003823,rereading,remote,undergraduate,high,early,east,1
p_003824,rereading,lab,undergraduate,low,early,west,0
p_003825,retrieval_practice,remote,undergraduate,low,early,west,1
p_003826,rereading,lab,community,high,late,east,1
p_003827,retrieval_practice,lab,community,high,early,east,0
p_003828,retrieval_practice,remote,undergraduate,high,early,west,0
p_003829,retrieval_practice,lab,community,low,late,west,1
p_003830,rereading,remote,undergraduate,high,late,west,0
p_003831,retrieval_practice,lab,undergraduate,low,early,east,0
p_003832,retrieval_practice,lab,undergraduate,low,late,west,0
p_003833,rereading,lab,community,high,late,east,0
p_003834,rereading,lab,community,high,early,west,0
p_003835,rereading,lab,undergraduate,low,early,west,0
p_003836,retrieval_practice,remote,undergraduate,low,late,west,1
p_003837,retrieval_practice,lab,undergraduate,low,early,west,0
p_003838,rereading,remote,undergraduate,high,early,west,0
p_003839,rereading,remote,undergraduate,low,late,east,0
p_003840,rereading,lab,undergraduate,low,early,west,0
p_003841,rereading,lab,undergraduate,high,late,east,0
p_003842,retrieval_practice,lab,undergraduate,high,late,east,0
p_003843,rereading,lab,community,low,late,west,0
p_003844,retrieval_practice,remote,community,low,late,east,1
p_003845,retrieval_practice,lab,community,low,early,east,0
p_003846,retrieval_practice,remote,undergraduate,high,late,east,1
p_003847,rereading,lab,undergraduate,high,early,west,1
p_003848,retrieval_practice,lab,undergraduate,low,late,west,0
p_003849,retrieval_practice,lab,community,low,late,west,0
p_003850,rereading,remote,community,high,late,west,1
p_003851,retrieval_practice,lab,community,high,late,east,0
p_003852,rereading,remote,community,high,late,west,1
p_003853,retrieval_practice,lab,community,high,early,west,0
p_003854,rereading,lab,undergraduate,high,early,east,1
p_003855,retrieval_practice,lab,undergraduate,high,late,west,0
p_003856,rereading,lab,undergraduate,low,early,west,0
p_003857,retrieval_practice,lab,community,high,early,west,1
p_003858,retrieval_practice,lab,undergraduate,low,late,east,1
p_003859,rereading,remote,community,low,late,east,1
p_003860,rereading,lab,community,high,late,west,0
p_003861,retrieval_practice,lab,undergraduate,low,early,east,0
p_003862,retrieval_practice,remote,community,low,late,east,0
p_003863,retrieval_practice,remote,undergraduate,high,late,west,1
p_003864,retrieval_practice,lab,undergraduate,high,early,east,1
p_003865,rereading,lab,undergraduate,low,late,east,1
p_003866,rereading,remote,undergraduate,high,late,east,0
p_003867,retrieval_practice,remote,undergraduate,low,late,west,1
p_003868,rereading,lab,community,high,early,east,1
p_003869,retrieval_practice,lab,community,low,early,east,0
p_003870,retrieval_practice,remote,undergraduate,low,early,west,1
p_003871,rereading,lab,undergraduate,high,early,east,0
p_003872,retrieval_practice,remote,community,high,late,east,1
p_003873,retrieval_practice,lab,undergraduate,high,late,east,1
p_003874,retrieval_practice,remote,undergraduate,high,early,west,1
p_003875,rereading,remote,undergraduate,high,early,east,1
p_003876,rereading,lab,undergraduate,low,early,west,0
p_003877,rereading,lab,community,high,late,east,1
p_003878,rereading,lab,undergraduate,low,late,west,1
p_003879,retrieval_practice,lab,community,high,early,west,1
p_003880,retrieval_practice,lab,undergraduate,high,late,west,1
p_003881,rereading,lab,community,low,late,east,0
p_003882,retrieval_practice,lab,community,low,early,west,1
p_003883,rereading,lab,undergraduate,low,early,west,0
p_003884,rereading,remote,community,low,late,east,1
p_003885,rereading,remote,community,low,early,east,0
p_003886,retrieval_practice,lab,undergraduate,high,early,west,0
p_003887,retrieval_practice,lab,undergraduate,high,late,east,1
p_003888,rereading,lab,undergraduate,high,early,west,0
p_003889,retrieval_practice,lab,undergraduate,high,early,east,1
p_003890,rereading,remote,community,high,late,east,0
p_003891,rereading,remote,undergraduate,high,early,west,1
p_003892,rereading,lab,undergraduate,low,early,east,1
p_003893,rereading,lab,undergraduate,low,late,west,0
p_003894,retrieval_practice,lab,community,low,early,east,1
p_003895,retrieval_practice,remote,community,low,early,east,1
p_003896,rereading,lab,undergraduate,low,early,east,1
p_003897,rereading,remote,undergraduate,low,early,east,0
p_003898,rereading,remote,undergraduate,high,late,east,0
p_003899,retrieval_practice,lab,community,low,late,west,1
p_003900,rereading,remote,undergraduate,high,early,east,0
p_003901,rereading,remote,undergraduate,low,early,west,1
p_003902,retrieval_practice,remote,undergraduate,low,late,west,0
p_003903,retrieval_practice,remote,undergraduate,high,early,west,1
p_003904,rereading,remote,undergraduate,low,late,west,0
p_003905,rereading,lab,undergraduate,high,late,west,0
p_003906,rereading,lab,undergraduate,high,early,east,1
p_003907,rereading,remote,undergraduate,high,early,west,0
p_003908,rereading,remote,community,low,early,west,0
p_003909,rereading,lab,community,low,late,east,0
p_003910,rereading,lab,undergraduate,high,early,west,0
p_003911,retrieval_practice,remote,undergraduate,low,late,west,0
p_003912,retrieval_practice,remote,undergraduate,low,late,east,0
p_003913,retrieval_practice,lab,undergraduate,low,early,east,1
p_003914,retrieval_practice,lab,undergraduate,high,early,west,1
p_003915,rereading,lab,undergraduate,low,late,west,0
p_003916,retrieval_practice,lab,community,high,late,west,0
p_003917,retrieval_practice,remote,community,high,late,west,0
p_003918,retrieval_practice,lab,community,low,early,west,1
p_003919,rereading,remote,undergraduate,low,early,west,0
p_003920,retrieval_practice,remote,undergraduate,high,early,west,1
p_003921,rereading,remote,community,low,early,east,0
p_003922,rereading,lab,community,low,early,east,1
p_003923,rereading,lab,community,low,late,west,1
p_003924,rereading,lab,community,high,late,east,1
p_003925,rereading,lab,undergraduate,high,early,east,1
p_003926,retrieval_practice,lab,undergraduate,low,early,west,0
p_003927,retrieval_practice,lab,undergraduate,low,early,west,1
p_003928,rereading,lab,community,high,early,west,1
p_003929,rereading,remote,community,high,early,west,0
p_003930,retrieval_practice,lab,undergraduate,high,late,west,1
p_003931,rereading,lab,undergraduate,low,late,east,0
p_003932,retrieval_practice,remote,undergraduate,high,late,west,1
p_003933,rereading,remote,undergraduate,low,late,east,0
p_003934,retrieval_practice,lab,community,low,late,west,1
p_003935,rereading,remote,undergraduate,high,early,east,1
p_003936,rereading,lab,community,low,late,east,1
p_003937,rereading,lab,undergraduate,high,late,east,0
p_003938,retrieval_practice,remote,undergraduate,low,early,west,0
p_003939,rereading,remote,community,low,late,east,1
p_003940,rereading,remote,undergraduate,high,late,east,0
p_003941,retrieval_practice,lab,community,high,late,west,1
p_003942,rereading,lab,community,high,late,east,1
p_003943,retrieval_practice,lab,community,high,late,west,1
p_003944,retrieval_practice,lab,community,low,late,west,1
p_003945,retrieval_practice,lab,community,high,late,east,1
p_003946,retrieval_practice,lab,undergraduate,low,late,west,0
p_003947,retrieval_practice,remote,undergraduate,low,late,west,0
p_003948,retrieval_practice,lab,community,high,early,west,0
p_003949,rereading,remote,undergraduate,low,late,east,0
p_003950,rereading,remote,undergraduate,low,late,west,1
p_003951,rereading,lab,community,low,early,east,1
p_003952,retrieval_practice,remote,community,low,late,west,0
p_003953,retrieval_practice,lab,community,high,late,east,1
p_003954,retrieval_practice,lab,community,high,late,east,0
p_003955,rereading,remote,undergraduate,high,early,east,1
p_003956,rereading,remote,undergraduate,high,late,east,1
p_003957,retrieval_practice,lab,community,high,early,west,1
p_003958,rereading,lab,community,low,late,east,0
p_003959,rereading,lab,undergraduate,low,early,east,0
p_003960,rereading,remote,undergraduate,low,early,east,0
p_003961,retrieval_practice,lab,undergraduate,low,late,east,1
p_003962,retrieval_practice,remote,undergraduate,high,late,east,0
p_003963,retrieval_practice,lab,community,high,early,east,1
p_003964,rereading,lab,community,high,late,west,1
p_003965,retrieval_practice,lab,community,high,early,east,0
p_003966,rereading,lab,undergraduate,low,early,west,1
p_003967,retrieval_practice,remote,community,low,late,west,0
p_003968,rereading,lab,undergraduate,high,late,east,0
p_003969,retrieval_practice,remote,undergraduate,high,late,east,1
p_003970,retrieval_practice,remote,undergraduate,high,late,west,0
p_003971,rereading,lab,undergraduate,low,late,east,0
p_003972,rereading,lab,undergraduate,low,early,west,0
p_003973,rereading,lab,undergraduate,high,late,west,1
p_003974,rereading,lab,undergraduate,high,early,east,0
p_003975,retrieval_practice,lab,undergraduate,low,late,west,0
p_003976,retrieval_practice,lab,community,high,late,east,1
p_003977,retrieval_practice,remote,undergraduate,high,early,west,1
p_003978,rereading,remote,undergraduate,low,late,west,1
p_003979,retrieval_practice,lab,undergraduate,low,late,east,0
p_003980,retrieval_practice,lab,undergraduate,high,early,west,0
p_003981,rereading,remote,community,low,early,east,1
p_003982,retrieval_practice,lab,undergraduate,high,early,east,1
p_003983,rereading,lab,undergraduate,low,late,west,1
p_003984,rereading,lab,undergraduate,low,early,east,0
p_003985,retrieval_practice,lab,community,low,early,west,0
p_003986,retrieval_practice,remote,undergraduate,low,late,west,0
p_003987,rereading,remote,community,low,late,east,1
p_003988,rereading,lab,undergraduate,low,late,east,1
p_003989,rereading,remote,community,low,late,east,1
p_003990,retrieval_practice,remote,undergraduate,low,late,west,1
p_003991,rereading,lab,community,high,early,east,0
p_003992,retrieval_practice,remote,undergraduate,high,late,west,1
p_003993,rereading,remote,undergraduate,low,late,west,1
p_003994,rereading,lab,community,low,late,east,0
p_003995,retrieval_practice,lab,community,high,early,east,0
p_003996,rereading,remote,undergraduate,high,early,east,1
p_003997,retrieval_practice,lab,community,low,early,east,1
p_003998,rereading,remote,undergraduate,high,early,east,0
p_003999,retrieval_practice,remote,undergraduate,low,late,west,0
p_004000,retrieval_practice,lab,community,low,early,east,0
p_004001,retrieval_practice,remote,community,high,late,west,0
p_004002,retrieval_practice,remote,undergraduate,low,early,west,0
p_004003,retrieval_practice,lab,undergraduate,low,early,east,1
p_004004,retrieval_practice,lab,undergraduate,low,early,east,1
p_004005,rereading,lab,undergraduate,high,early,west,0
p_004006,retrieval_practice,lab,undergraduate,low,late,east,0
p_004007,rereading,remote,community,high,early,east,1
p_004008,rereading,remote,community,high,late,east,0
p_004009,retrieval_practice,remote,undergraduate,low,early,west,0
p_004010,retrieval_practice,remote,undergraduate,low,late,east,1
p_004011,rereading,lab,community,high,late,east,1
p_004012,rereading,lab,undergraduate,low,late,east,0
p_004013,rereading,lab,undergraduate,low,early,west,1
p_004014,retrieval_practice,lab,undergraduate,high,early,west,1
p_004015,rereading,remote,undergraduate,high,late,east,1
p_004016,rereading,lab,community,high,late,east,0
p_004017,rereading,remote,undergraduate,high,late,east,1
p_004018,rereading,lab,community,low,early,west,1
p_004019,rereading,lab,community,low,late,west,0
p_004020,retrieval_practice,lab,community,low,early,east,1
p_004021,rereading,lab,undergraduate,high,late,east,1
p_004022,rereading,lab,undergraduate,high,late,east,0
p_004023,rereading,lab,undergraduate,low,early,west,1
p_004024,rereading,remote,undergraduate,high,early,east,1
p_004025,retrieval_practice,remote,undergraduate,high,early,west,0
p_004026,retrieval_practice,remote,community,low,early,west,0
p_004027,retrieval_practice,lab,undergraduate,high,late,east,1
p_004028,retrieval_practice,lab,undergraduate,low,early,west,1
p_004029,retrieval_practice,remote,undergraduate,low,late,west,0
p_004030,rereading,remote,undergraduate,low,early,west,0
p_004031,retrieval_practice,remote,undergraduate,low,late,west,1
p_004032,retrieval_practice,lab,community,low,early,east,0
p_004033,retrieval_practice,remote,community,high,early,west,1
p_004034,retrieval_practice,remote,community,high,early,west,0
p_004035,retrieval_practice,remote,community,high,late,west,1
p_004036,rereading,remote,undergraduate,high,early,west,0
p_004037,retrieval_practice,lab,community,high,late,east,0
p_004038,rereading,lab,undergraduate,low,early,west,1
p_004039,retrieval_practice,remote,undergraduate,low,early,west,0
p_004040,retrieval_practice,lab,community,low,late,west,1
p_004041,rereading,lab,undergraduate,high,early,west,1
p_004042,rereading,lab,undergraduate,low,late,east,0
p_004043,rereading,lab,community,low,early,east,1
p_004044,retrieval_practice,lab,undergraduate,low,early,east,1
p_004045,rereading,lab,community,low,early,east,1
p_004046,rereading,remote,community,high,late,west,1
p_004047,rereading,lab,community,high,late,west,1
p_004048,rereading,lab,community,low,early,west,1
p_004049,retrieval_practice,lab,undergraduate,high,late,west,1
p_004050,rereading,lab,community,high,early,west,1
p_004051,retrieval_practice,lab,community,high,late,east,0
p_004052,retrieval_practice,remote,undergraduate,high,late,west,0
p_004053,rereading,remote,undergraduate,high,late,east,0
p_004054,retrieval_practice,remote,community,low,late,west,0
p_004055,retrieval_practice,lab,undergraduate,low,early,east,0
p_004056,rereading,remote,undergraduate,high,late,east,0
p_004057,retrieval_practice,lab,undergraduate,high,late,west,0
p_004058,rereading,lab,undergraduate,high,late,east,1
p_004059,rereading,lab,community,low,early,west,1
p_004060,retrieval_practice,remote,undergraduate,high,early,east,1
p_004061,rereading,remote,undergraduate,low,early,west,1
p_004062,rereading,remote,community,high,early,west,1
p_004063,rereading,lab,undergraduate,high,early,west,1
p_004064,retrieval_practice,remote,undergraduate,low,early,east,1
p_004065,retrieval_practice,lab,undergraduate,high,late,east,1
p_004066,rereading,remote,undergraduate,low,early,east,0
p_004067,retrieval_practice,lab,undergraduate,low,early,east,1
p_004068,retrieval_practice,remote,undergraduate,high,late,east,0
p_004069,retrieval_practice,lab,community,low,early,west,1
p_004070,retrieval_practice,remote,community,high,late,west,1
p_004071,retrieval_practice,lab,community,high,late,west,0
p_004072,retrieval_practice,lab,community,high,late,east,0
p_004073,retrieval_practice,lab,undergraduate,high,early,east,1
p_004074,rereading,lab,undergraduate,low,late,east,0
p_004075,rereading,lab,community,high,early,east,0
p_004076,rereading,lab,undergraduate,low,early,west,0
p_004077,retrieval_practice,remote,undergraduate,low,early,east,1
p_004078,rereading,remote,undergraduate,high,early,west,1
p_004079,retrieval_practice,remote,undergraduate,low,early,east,0
p_004080,rereading,lab,undergraduate,low,late,east,1
p_004081,rereading,lab,community,high,late,east,1
p_004082,retrieval_practice,remote,community,high,late,east,1
p_004083,retrieval_practice,lab,undergraduate,low,late,east,0
p_004084,rereading,lab,undergraduate,high,early,east,0
p_004085,retrieval_practice,lab,undergraduate,low,early,east,1
p_004086,rereading,remote,community,low,late,east,1
p_004087,retrieval_practice,lab,undergraduate,high,late,west,0
p_004088,retrieval_practice,remote,undergraduate,high,late,east,0
p_004089,rereading,lab,undergraduate,high,late,west,0
p_004090,rereading,remote,undergraduate,low,late,east,0
p_004091,rereading,remote,undergraduate,high,late,west,0
p_004092,rereading,remote,community,high,early,east,1
p_004093,rereading,remote,undergraduate,low,early,west,1
p_004094,rereading,remote,community,high,early,west,1
p_004095,retrieval_practice,lab,undergraduate,high,early,east,1
p_004096,retrieval_practice,lab,undergraduate,low,late,east,0
p_004097,retrieval_practice,remote,undergraduate,high,early,west,0
p_004098,rereading,lab,community,high,late,west,0
p_004099,rereading,lab,community,high,late,west,1
p_004100,retrieval_practice,lab,undergraduate,high,late,west,1
p_004101,retrieval_practice,lab,undergraduate,low,late,east,0
p_004102,rereading,remote,undergraduate,low,early,west,0
p_004103,retrieval_practice,lab,community,high,early,west,0
p_004104,rereading,remote,undergraduate,low,late,east,1
p_004105,retrieval_practice,lab,undergraduate,high,early,west,1
p_004106,rereading,remote,undergraduate,high,early,east,0
p_004107,rereading,remote,community,high,late,east,0
p_004108,retrieval_practice,lab,undergraduate,low,late,east,0
p_004109,retrieval_practice,remote,community,high,late,east,1
p_004110,retrieval_practice,remote,undergraduate,low,late,east,0
p_004111,retrieval_practice,lab,community,low,late,west,0
p_004112,rereading,remote,undergraduate,low,early,east,0
p_004113,rereading,lab,community,high,early,east,1
p_004114,retrieval_practice,lab,undergraduate,high,early,east,0
p_004115,retrieval_practice,lab,undergraduate,low,early,east,1
p_004116,rereading,lab,undergraduate,low,early,west,1
p_004117,retrieval_practice,lab,undergraduate,high,early,east,0
p_004118,rereading,remote,undergraduate,high,early,west,0
p_004119,rereading,remote,community,high,late,west,1
p_004120,rereading,lab,community,high,late,west,1
p_004121,rereading,remote,undergraduate,high,late,west,1
p_004122,rereading,lab,community,high,late,east,0
p_004123,retrieval_practice,lab,undergraduate,low,late,east,0
p_004124,retrieval_practice,remote,community,high,late,east,0
p_004125,rereading,remote,undergraduate,high,early,east,0
p_004126,retrieval_practice,remote,community,low,late,east,1
p_004127,rereading,lab,undergraduate,high,late,east,1
p_004128,retrieval_practice,lab,community,high,early,east,1
p_004129,retrieval_practice,remote,community,high,early,east,0
p_004130,rereading,lab,community,low,early,west,0
p_004131,rereading,remote,undergraduate,low,late,west,0
p_004132,retrieval_practice,lab,community,low,early,east,0
p_004133,retrieval_practice,lab,community,low,early,west,0
p_004134,retrieval_practice,lab,community,low,early,east,1
p_004135,retrieval_practice,remote,community,low,late,west,0
p_004136,retrieval_practice,lab,undergraduate,low,late,east,0
p_004137,rereading,remote,undergraduate,high,early,east,0
p_004138,retrieval_practice,remote,community,low,early,west,1
p_004139,retrieval_practice,remote,community,high,late,west,1
p_004140,rereading,remote,community,high,late,east,1
p_004141,rereading,lab,community,high,late,east,1
p_004142,retrieval_practice,remote,undergraduate,low,late,west,0
p_004143,rereading,remote,undergraduate,high,late,east,0
p_004144,retrieval_practice,remote,undergraduate,high,early,east,1
p_004145,rereading,remote,undergraduate,high,early,west,0
p_004146,retrieval_practice,lab,undergraduate,low,early,east,1
p_004147,retrieval_practice,lab,undergraduate,low,late,west,0
p_004148,retrieval_practice,remote,undergraduate,low,early,east,1
p_004149,retrieval_practice,remote,community,high,late,west,0
p_004150,retrieval_practice,lab,undergraduate,low,early,east,0
p_004151,retrieval_practice,remote,community,low,early,west,0
p_004152,retrieval_practice,lab,undergraduate,low,early,west,0
p_004153,rereading,remote,undergraduate,high,late,east,1
p_004154,rereading,lab,undergraduate,low,early,west,0
p_004155,rereading,lab,community,low,early,east,0
p_004156,rereading,lab,undergraduate,low,early,west,0
p_004157,retrieval_practice,lab,community,low,late,west,0
p_004158,retrieval_practice,lab,undergraduate,low,early,west,0
p_004159,rereading,lab,undergraduate,low,early,west,0
p_004160,rereading,lab,undergraduate,low,late,west,1
p_004161,retrieval_practice,lab,community,high,early,west,0
p_004162,retrieval_practice,lab,undergraduate,high,early,east,0
p_004163,rereading,lab,undergraduate,low,early,west,1
p_004164,retrieval_practice,lab,community,low,late,east,0
p_004165,retrieval_practice,lab,community,high,late,east,1
p_004166,retrieval_practice,remote,undergraduate,low,early,east,1
p_004167,retrieval_practice,lab,community,high,late,west,1
p_004168,rereading,lab,community,high,late,east,1
p_004169,retrieval_practice,lab,undergraduate,low,late,east,0
p_004170,retrieval_practice,lab,undergraduate,high,early,west,1
p_004171,rereading,lab,undergraduate,low,late,west,0
p_004172,rereading,remote,undergraduate,low,late,east,0
p_004173,retrieval_practice,lab,community,low,late,west,0
p_004174,retrieval_practice,remote,community,low,late,west,1
p_004175,retrieval_practice,remote,community,low,late,west,1
p_004176,retrieval_practice,remote,undergraduate,low,late,west,0
p_004177,retrieval_practice,lab,undergraduate,high,early,west,1
p_004178,rereading,lab,community,high,late,west,0
p_004179,retrieval_practice,lab,undergraduate,low,early,west,0
p_004180,rereading,lab,community,high,early,east,1
p_004181,retrieval_practice,lab,undergraduate,low,late,west,0
p_004182,retrieval_practice,remote,community,low,early,west,1
p_004183,retrieval_practice,lab,community,low,late,east,0
p_004184,retrieval_practice,lab,undergraduate,low,early,east,0
p_004185,retrieval_practice,lab,undergraduate,high,late,east,0
p_004186,rereading,lab,community,high,late,west,0
p_004187,retrieval_practice,lab,community,low,late,east,1
p_004188,rereading,lab,community,low,early,west,0
p_004189,rereading,lab,community,low,early,west,1
p_004190,retrieval_practice,lab,community,low,late,west,1
p_004191,rereading,lab,undergraduate,high,early,west,0
p_004192,retrieval_practice,remote,undergraduate,high,late,east,0
p_004193,retrieval_practice,lab,undergraduate,low,late,west,1
p_004194,rereading,remote,undergraduate,high,early,west,0
p_004195,rereading,remote,community,high,late,east,0
p_004196,rereading,lab,undergraduate,low,late,west,0
p_004197,rereading,lab,community,low,late,west,1
p_004198,rereading,lab,undergraduate,high,late,east,1
p_004199,rereading,lab,community,low,late,east,0
p_004200,rereading,remote,undergraduate,high,early,east,1
p_004201,retrieval_practice,remote,undergraduate,high,late,east,1
p_004202,rereading,lab,undergraduate,low,late,west,0
p_004203,rereading,remote,undergraduate,high,late,east,1
p_004204,retrieval_practice,lab,community,low,late,east,0
p_004205,rereading,lab,undergraduate,low,early,west,1
p_004206,retrieval_practice,lab,community,high,early,west,0
p_004207,retrieval_practice,remote,community,high,late,east,1
p_004208,rereading,remote,community,high,late,west,0
p_004209,retrieval_practice,lab,undergraduate,high,late,east,0
p_004210,retrieval_practice,remote,community,low,late,east,0
p_004211,retrieval_practice,remote,community,low,early,west,0
p_004212,rereading,lab,undergraduate,high,late,west,1
p_004213,retrieval_practice,lab,undergraduate,high,early,east,0
p_004214,retrieval_practice,lab,community,low,early,west,0
p_004215,retrieval_practice,remote,undergraduate,high,late,east,1
p_004216,retrieval_practice,remote,undergraduate,high,late,east,1
p_004217,rereading,remote,community,high,early,east,1
p_004218,retrieval_practice,remote,undergraduate,low,early,east,0
p_004219,rereading,remote,community,low,early,west,0
p_004220,rereading,lab,community,high,late,east,0
p_004221,rereading,lab,community,low,early,east,0
p_004222,rereading,lab,undergraduate,low,late,east,1
p_004223,rereading,lab,community,low,late,west,1
p_004224,retrieval_practice,remote,undergraduate,high,late,west,1
p_004225,rereading,lab,community,high,late,west,0
p_004226,retrieval_practice,lab,undergraduate,high,late,west,1
p_004227,retrieval_practice,lab,undergraduate,low,late,east,0
p_004228,rereading,lab,undergraduate,low,early,east,0
p_004229,rereading,lab,community,high,late,west,1
p_004230,retrieval_practice,lab,undergraduate,high,late,east,0
p_004231,retrieval_practice,lab,community,high,late,west,0
p_004232,retrieval_practice,lab,undergraduate,low,late,east,1
p_004233,rereading,remote,undergraduate,low,late,east,1
p_004234,rereading,remote,community,high,late,west,0
p_004235,retrieval_practice,lab,undergraduate,low,early,east,1
p_004236,rereading,lab,community,low,late,east,1
p_004237,retrieval_practice,lab,community,low,early,west,0
p_004238,rereading,lab,undergraduate,high,late,east,1
p_004239,retrieval_practice,remote,undergraduate,low,early,east,1
p_004240,retrieval_practice,lab,community,high,early,east,0
p_004241,retrieval_practice,lab,community,low,late,east,1
p_004242,retrieval_practice,remote,undergraduate,high,early,east,0
p_004243,retrieval_practice,lab,community,low,early,east,0
p_004244,retrieval_practice,lab,undergraduate,low,early,east,1
p_004245,rereading,lab,community,high,late,west,1
p_004246,retrieval_practice,remote,undergraduate,low,early,east,0
p_004247,rereading,lab,community,low,late,west,1
p_004248,retrieval_practice,lab,community,low,late,east,0
p_004249,retrieval_practice,lab,community,low,early,west,1
p_004250,retrieval_practice,lab,community,high,late,east,0
p_004251,retrieval_practice,remote,undergraduate,high,early,east,1
p_004252,retrieval_practice,remote,undergraduate,high,late,west,1
p_004253,retrieval_practice,lab,undergraduate,high,late,west,1
p_004254,retrieval_practice,lab,undergraduate,high,late,west,1
p_004255,rereading,lab,community,low,early,east,1
p_004256,retrieval_practice,remote,community,high,early,west,1
p_004257,rereading,remote,undergraduate,high,early,west,0
p_004258,rereading,lab,undergraduate,high,early,west,0
p_004259,rereading,lab,undergraduate,low,late,west,0
p_004260,retrieval_practice,lab,community,high,early,west,0
p_004261,rereading,lab,community,low,early,west,0
p_004262,rereading,remote,undergraduate,high,late,east,1
p_004263,retrieval_practice,remote,community,high,early,west,1
p_004264,rereading,lab,community,high,early,west,0
p_004265,retrieval_practice,remote,undergraduate,high,late,east,1
p_004266,retrieval_practice,remote,community,low,early,west,1
p_004267,rereading,remote,undergraduate,low,late,west,1
p_004268,retrieval_practice,lab,undergraduate,low,early,west,0
p_004269,rereading,remote,undergraduate,low,late,east,0
p_004270,retrieval_practice,remote,undergraduate,low,early,east,0
p_004271,retrieval_practice,lab,community,high,early,east,1
p_004272,retrieval_practice,remote,undergraduate,low,early,west,1
p_004273,retrieval_practice,remote,community,low,early,west,0
p_004274,rereading,lab,undergraduate,low,late,west,0
p_004275,retrieval_practice,lab,community,low,late,west,0
p_004276,retrieval_practice,remote,undergraduate,high,late,west,1
p_004277,retrieval_practice,lab,community,high,early,west,1
p_004278,retrieval_practice,lab,undergraduate,low,late,west,0
p_004279,retrieval_practice,lab,undergraduate,low,early,east,0
p_004280,rereading,remote,undergraduate,low,early,east,1
p_004281,rereading,lab,community,high,late,west,1
p_004282,retrieval_practice,lab,community,high,early,east,0
p_004283,retrieval_practice,remote,community,high,late,west,0
p_004284,rereading,remote,undergraduate,low,early,east,1
p_004285,retrieval_practice,lab,community,low,late,east,0
p_004286,rereading,lab,undergraduate,high,early,west,0
p_004287,rereading,lab,community,low,late,east,1
p_004288,rereading,lab,undergraduate,high,early,west,0
p_004289,rereading,remote,undergraduate,high,late,west,1
p_004290,rereading,lab,undergraduate,low,early,west,0
p_004291,retrieval_practice,lab,community,high,late,east,1
p_004292,retrieval_practice,lab,community,high,late,west,0
p_004293,retrieval_practice,lab,undergraduate,high,early,west,1
p_004294,retrieval_practice,remote,undergraduate,low,late,west,0
p_004295,rereading,remote,community,low,early,west,1
p_004296,rereading,lab,undergraduate,high,late,west,1
p_004297,retrieval_practice,lab,community,low,late,west,1
p_004298,rereading,remote,undergraduate,high,late,west,0
p_004299,rereading,lab,community,high,late,east,1
p_004300,retrieval_practice,remote,community,low,late,east,1
p_004301,rereading,lab,community,high,early,east,1
p_004302,retrieval_practice,lab,community,high,early,east,0
p_004303,rereading,remote,undergraduate,low,early,east,0
p_004304,rereading,remote,community,high,early,west,1
p_004305,rereading,remote,undergraduate,high,early,east,1
p_004306,rereading,remote,community,high,early,east,0
p_004307,rereading,lab,community,high,early,east,0
p_004308,rereading,remote,undergraduate,high,late,east,1
p_004309,rereading,lab,community,low,early,east,1
p_004310,rereading,lab,community,high,early,east,1
p_004311,rereading,lab,community,high,late,east,1
p_004312,retrieval_practice,remote,undergraduate,low,late,east,0
p_004313,rereading,remote,undergraduate,high,early,east,0
p_004314,rereading,remote,community,low,late,east,0
p_004315,rereading,remote,community,low,late,west,1
p_004316,retrieval_practice,remote,undergraduate,low,early,east,1
p_004317,rereading,lab,community,low,late,west,0
p_004318,retrieval_practice,lab,undergraduate,low,late,west,0
p_004319,rereading,lab,undergraduate,low,early,east,1
p_004320,rereading,lab,community,low,early,east,0
p_004321,rereading,lab,community,low,late,west,1
p_004322,retrieval_practice,lab,undergraduate,high,early,east,1
p_004323,rereading,lab,community,low,early,west,1
p_004324,rereading,remote,undergraduate,high,early,east,1
p_004325,rereading,remote,community,high,late,west,0
p_004326,retrieval_practice,lab,undergraduate,high,early,east,0
p_004327,retrieval_practice,lab,undergraduate,low,late,east,1
p_004328,rereading,remote,undergraduate,high,early,west,1
p_004329,retrieval_practice,remote,undergraduate,high,late,east,1
p_004330,rereading,lab,undergraduate,low,early,east,1
p_004331,rereading,lab,undergraduate,low,early,west,1
p_004332,retrieval_practice,remote,community,low,early,west,1
p_004333,retrieval_practice,remote,community,low,early,west,0
p_004334,rereading,remote,undergraduate,low,early,west,0
p_004335,rereading,remote,undergraduate,high,late,east,0
p_004336,retrieval_practice,lab,undergraduate,low,early,east,0
p_004337,retrieval_practice,remote,community,high,early,east,0
p_004338,rereading,lab,undergraduate,high,late,east,1
p_004339,rereading,lab,undergraduate,high,early,west,1
p_004340,rereading,lab,undergraduate,low,early,west,1
p_004341,retrieval_practice,remote,community,low,late,west,0
p_004342,retrieval_practice,lab,community,high,early,east,1
p_004343,retrieval_practice,remote,community,high,late,west,1
p_004344,rereading,lab,undergraduate,high,late,west,1
p_004345,retrieval_practice,lab,community,low,early,west,0
p_004346,retrieval_practice,remote,undergraduate,high,late,east,0
p_004347,rereading,lab,undergraduate,high,early,west,0
p_004348,rereading,remote,undergraduate,high,early,west,0
p_004349,rereading,lab,community,high,late,east,1
p_004350,rereading,remote,undergraduate,high,late,west,0
p_004351,retrieval_practice,remote,community,high,late,east,1
p_004352,rereading,remote,undergraduate,low,early,east,1
p_004353,retrieval_practice,lab,community,low,late,east,1
p_004354,retrieval_practice,remote,undergraduate,high,early,east,0
p_004355,rereading,lab,undergraduate,high,early,west,1
p_004356,retrieval_practice,lab,undergraduate,low,early,east,0
p_004357,rereading,lab,community,high,early,east,0
p_004358,retrieval_practice,lab,undergraduate,high,late,west,0
p_004359,retrieval_practice,remote,undergraduate,low,late,west,0
p_004360,rereading,lab,undergraduate,high,early,east,1
p_004361,retrieval_practice,lab,undergraduate,high,early,east,0
p_004362,retrieval_practice,remote,undergraduate,high,late,east,1
p_004363,retrieval_practice,lab,community,low,late,west,0
p_004364,rereading,lab,undergraduate,low,late,east,1
p_004365,rereading,lab,community,low,late,west,0
p_004366,retrieval_practice,lab,community,low,late,west,0
p_004367,retrieval_practice,lab,undergraduate,low,late,east,0
p_004368,retrieval_practice,lab,community,high,late,west,1
p_004369,rereading,lab,community,high,late,east,0
p_004370,rereading,remote,community,high,late,west,1
p_004371,retrieval_practice,lab,community,high,early,west,0
p_004372,rereading,lab,undergraduate,high,early,east,0
p_004373,rereading,lab,undergraduate,high,early,west,1
p_004374,retrieval_practice,lab,community,high,early,west,0
p_004375,retrieval_practice,remote,undergraduate,low,early,west,1
p_004376,rereading,lab,community,high,late,west,1
p_004377,rereading,remote,undergraduate,high,late,east,0
p_004378,retrieval_practice,lab,community,low,early,west,1
p_004379,retrieval_practice,remote,undergraduate,high,late,east,1
p_004380,retrieval_practice,lab,undergraduate,high,late,west,1
p_004381,rereading,remote,undergraduate,low,early,west,1
p_004382,retrieval_practice,lab,undergraduate,low,late,west,1
p_004383,retrieval_practice,remote,undergraduate,high,early,west,0
p_004384,rereading,remote,community,low,early,east,0
p_004385,retrieval_practice,lab,undergraduate,high,late,west,1
p_004386,retrieval_practice,remote,undergraduate,high,early,east,1
p_004387,rereading,remote,community,high,early,east,1
p_004388,rereading,remote,undergraduate,low,late,east,1
p_004389,retrieval_practice,lab,community,high,early,east,0
p_004390,rereading,remote,community,high,late,west,1
p_004391,retrieval_practice,lab,undergraduate,high,late,east,1
p_004392,retrieval_practice,remote,undergraduate,high,early,west,0
p_004393,retrieval_practice,lab,undergraduate,low,late,west,0
p_004394,retrieval_practice,remote,undergraduate,high,late,east,1
p_004395,rereading,lab,community,low,early,west,1
p_004396,retrieval_practice,lab,community,high,early,east,0
p_004397,retrieval_practice,remote,undergraduate,low,late,west,0
p_004398,retrieval_practice,lab,community,low,early,west,1
p_004399,rereading,remote,community,low,late,east,0
p_004400,rereading,lab,community,high,late,west,1
p_004401,rereading,lab,community,low,late,east,1
p_004402,retrieval_practice,remote,undergraduate,low,early,west,0
p_004403,rereading,lab,community,high,late,east,1
p_004404,retrieval_practice,remote,undergraduate,low,early,west,0
p_004405,retrieval_practice,lab,undergraduate,high,early,west,1
p_004406,rereading,lab,community,high,late,west,0
p_004407,retrieval_practice,lab,community,high,early,east,1
p_004408,rereading,remote,undergraduate,high,late,east,0
p_004409,rereading,lab,community,low,early,west,1
p_004410,rereading,lab,community,low,early,east,0
p_004411,rereading,lab,undergraduate,low,late,east,1
p_004412,rereading,remote,community,high,late,east,1
p_004413,rereading,remote,community,low,late,west,1
p_004414,rereading,lab,undergraduate,low,early,east,1
p_004415,retrieval_practice,lab,community,high,early,west,1
p_004416,rereading,lab,undergraduate,low,early,west,1
p_004417,rereading,lab,undergraduate,high,late,east,0
p_004418,retrieval_practice,remote,community,low,late,west,0
p_004419,rereading,lab,community,low,late,east,0
p_004420,retrieval_practice,lab,undergraduate,low,early,west,0
p_004421,rereading,remote,community,high,late,east,0
p_004422,retrieval_practice,lab,undergraduate,low,early,west,0
p_004423,rereading,remote,community,low,late,west,0
p_004424,rereading,lab,undergraduate,low,late,west,1
p_004425,rereading,lab,undergraduate,low,early,east,0
p_004426,rereading,lab,community,high,early,east,1
p_004427,retrieval_practice,remote,undergraduate,low,late,west,1
p_004428,retrieval_practice,lab,undergraduate,high,early,west,1
p_004429,retrieval_practice,remote,undergraduate,low,late,west,0
p_004430,rereading,remote,community,low,late,east,0
p_004431,retrieval_practice,remote,undergraduate,high,early,west,0
p_004432,retrieval_practice,lab,undergraduate,high,early,west,0
p_004433,rereading,lab,undergraduate,high,early,west,0
p_004434,retrieval_practice,lab,undergraduate,high,early,east,0
p_004435,retrieval_practice,remote,community,low,early,east,0
p_004436,retrieval_practice,lab,community,low,early,east,0
p_004437,retrieval_practice,lab,undergraduate,low,early,west,1
p_004438,rereading,lab,community,high,late,west,1
p_004439,rereading,lab,community,high,late,west,1
p_004440,retrieval_practice,remote,community,low,early,east,0
p_004441,rereading,lab,community,low,early,east,0
p_004442,rereading,lab,undergraduate,high,early,west,1
p_004443,rereading,remote,undergraduate,low,late,west,0
p_004444,retrieval_practice,lab,community,low,early,west,1
p_004445,rereading,lab,undergraduate,high,early,east,1
p_004446,retrieval_practice,remote,undergraduate,high,early,east,0
p_004447,retrieval_practice,lab,undergraduate,low,early,east,1
p_004448,rereading,remote,undergraduate,low,early,east,1
p_004449,rereading,lab,community,high,late,west,0
p_004450,retrieval_practice,lab,undergraduate,low,late,east,0
p_004451,retrieval_practice,lab,undergraduate,high,late,west,0
p_004452,rereading,lab,undergraduate,high,late,west,1
p_004453,rereading,lab,undergraduate,high,late,east,0
p_004454,rereading,remote,community,low,early,west,1
p_004455,rereading,remote,undergraduate,low,early,east,1
p_004456,retrieval_practice,remote,community,high,late,east,1
p_004457,rereading,lab,undergraduate,low,late,west,1
p_004458,rereading,remote,community,low,early,west,0
p_004459,rereading,lab,community,high,late,west,0
p_004460,retrieval_practice,lab,community,low,late,east,0
p_004461,rereading,remote,community,low,early,east,1
p_004462,retrieval_practice,remote,undergraduate,low,early,west,1
p_004463,rereading,remote,undergraduate,low,early,east,1
p_004464,rereading,remote,undergraduate,high,early,east,0
p_004465,rereading,lab,undergraduate,high,late,east,1
p_004466,retrieval_practice,remote,community,high,early,east,1
p_004467,retrieval_practice,lab,undergraduate,high,late,east,0
p_004468,retrieval_practice,remote,undergraduate,high,early,west,1
p_004469,retrieval_practice,remote,undergraduate,low,early,east,1
p_004470,retrieval_practice,remote,undergraduate,high,early,west,0
p_004471,rereading,remote,community,high,late,west,1
p_004472,rereading,remote,community,low,early,east,0
p_004473,retrieval_practice,lab,undergraduate,high,early,east,0
p_004474,retrieval_practice,lab,undergraduate,low,late,east,1
p_004475,rereading,remote,undergraduate,high,late,east,1
p_004476,rereading,lab,undergraduate,high,early,east,1
p_004477,rereading,lab,community,low,late,east,0
p_004478,retrieval_practice,lab,community,high,late,west,0
p_004479,rereading,lab,community,low,late,east,0
p_004480,retrieval_practice,lab,undergraduate,high,early,west,0
p_004481,rereading,remote,undergraduate,high,early,west,1
p_004482,retrieval_practice,remote,undergraduate,low,late,west,1
p_004483,retrieval_practice,remote,community,low,late,east,1
p_004484,retrieval_practice,lab,community,low,late,east,0
p_004485,retrieval_practice,lab,community,high,late,east,1
p_004486,rereading,lab,community,low,late,west,1
p_004487,rereading,remote,community,high,late,east,1
p_004488,retrieval_practice,lab,community,low,late,east,1
p_004489,retrieval_practice,lab,undergraduate,low,late,east,0
p_004490,retrieval_practice,lab,community,high,early,east,0
p_004491,rereading,remote,undergraduate,high,early,west,1
p_004492,retrieval_practice,lab,undergraduate,low,late,west,1
p_004493,rereading,lab,undergraduate,low,late,east,1
p_004494,retrieval_practice,lab,undergraduate,high,early,east,1
p_004495,rereading,remote,community,high,late,west,0
p_004496,rereading,lab,community,high,early,west,0
p_004497,rereading,lab,community,low,early,east,1
p_004498,retrieval_practice,remote,undergraduate,low,late,west,0
p_004499,rereading,lab,undergraduate,low,late,east,0
p_004500,rereading,remote,community,high,late,east,0
p_004501,rereading,lab,undergraduate,low,late,east,0
p_004502,retrieval_practice,remote,undergraduate,low,late,east,0
p_004503,rereading,lab,undergraduate,low,late,east,0
p_004504,rereading,lab,community,high,early,east,0
p_004505,retrieval_practice,lab,community,low,late,west,0
p_004506,retrieval_practice,lab,undergraduate,low,late,east,1
p_004507,retrieval_practice,remote,community,low,early,east,0
p_004508,retrieval_practice,lab,undergraduate,high,late,east,1
p_004509,rereading,lab,undergraduate,high,late,west,0
p_004510,retrieval_practice,lab,community,low,early,west,1
p_004511,rereading,remote,undergraduate,low,late,west,0
p_004512,rereading,lab,undergraduate,high,early,east,1
p_004513,retrieval_practice,lab,undergraduate,low,late,west,0
p_004514,retrieval_practice,lab,community,low,early,west,0
p_004515,retrieval_practice,lab,community,high,early,west,1
p_004516,rereading,lab,undergraduate,low,early,east,0
p_004517,retrieval_practice,remote,undergraduate,low,early,east,0
p_004518,rereading,lab,community,high,late,west,1
p_004519,rereading,lab,undergraduate,high,late,east,1
p_004520,retrieval_practice,lab,community,high,early,west,1
p_004521,rereading,lab,undergraduate,low,early,west,0
p_004522,retrieval_practice,remote,undergraduate,low,early,west,0
p_004523,rereading,lab,undergraduate,low,early,east,0
p_004524,retrieval_practice,lab,undergraduate,high,early,west,0
p_004525,retrieval_practice,lab,undergraduate,low,late,west,1
p_004526,rereading,lab,undergraduate,high,late,west,0
p_004527,retrieval_practice,lab,undergraduate,high,early,west,0
p_004528,rereading,remote,undergraduate,high,early,west,0
p_004529,retrieval_practice,remote,undergraduate,low,early,east,0
p_004530,rereading,lab,undergraduate,high,late,east,0
p_004531,rereading,lab,community,low,early,west,1
p_004532,rereading,lab,community,high,early,east,1
p_004533,retrieval_practice,remote,community,high,late,east,1
p_004534,rereading,lab,community,low,early,east,1
p_004535,rereading,remote,undergraduate,high,late,west,1
p_004536,retrieval_practice,remote,undergraduate,high,late,west,0
p_004537,rereading,remote,community,high,early,east,1
p_004538,retrieval_practice,lab,community,high,late,east,0
p_004539,rereading,lab,community,high,late,west,0
p_004540,rereading,remote,undergraduate,low,early,west,0
p_004541,retrieval_practice,remote,undergraduate,low,early,west,0
p_004542,retrieval_practice,remote,undergraduate,high,early,west,1
p_004543,retrieval_practice,lab,community,low,early,east,1
p_004544,retrieval_practice,remote,undergraduate,high,late,east,0
p_004545,rereading,remote,undergraduate,low,late,west,1
p_004546,rereading,remote,community,high,late,east,0
p_004547,retrieval_practice,lab,undergraduate,low,early,west,0
p_004548,retrieval_practice,remote,undergraduate,high,late,west,0
p_004549,rereading,remote,undergraduate,high,late,east,1
p_004550,rereading,lab,undergraduate,high,late,west,1
p_004551,rereading,remote,undergraduate,high,early,west,0
p_004552,retrieval_practice,lab,undergraduate,low,early,east,0
p_004553,retrieval_practice,lab,undergraduate,low,early,west,0
p_004554,retrieval_practice,remote,undergraduate,high,early,east,1
p_004555,retrieval_practice,lab,undergraduate,low,late,west,1
p_004556,rereading,remote,undergraduate,low,late,west,0
p_004557,rereading,remote,community,low,late,west,0
p_004558,rereading,lab,undergraduate,high,late,east,0
p_004559,retrieval_practice,lab,undergraduate,high,early,west,1
p_004560,rereading,remote,community,high,early,east,0
p_004561,retrieval_practice,lab,undergraduate,high,early,east,0
p_004562,rereading,lab,community,low,early,east,0
p_004563,retrieval_practice,remote,undergraduate,low,early,west,1
p_004564,rereading,lab,community,low,early,east,1
p_004565,rereading,remote,undergraduate,low,late,west,1
p_004566,retrieval_practice,remote,undergraduate,high,early,west,1
p_004567,retrieval_practice,remote,community,low,early,east,0
p_004568,retrieval_practice,remote,undergraduate,low,early,east,1
p_004569,rereading,remote,community,high,late,west,0
p_004570,retrieval_practice,lab,undergraduate,low,early,west,1
p_004571,rereading,lab,undergraduate,low,early,east,1
p_004572,retrieval_practice,lab,community,low,early,west,1
p_004573,rereading,remote,undergraduate,high,early,west,0
p_004574,retrieval_practice,lab,undergraduate,high,late,west,1
p_004575,rereading,remote,community,high,early,east,1
p_004576,rereading,remote,undergraduate,high,late,west,0
p_004577,retrieval_practice,remote,community,high,early,west,1
p_004578,rereading,lab,undergraduate,high,late,west,1
p_004579,retrieval_practice,lab,community,high,late,west,1
p_004580,retrieval_practice,lab,undergraduate,high,late,east,1
p_004581,rereading,lab,community,low,early,west,0
p_004582,rereading,lab,community,high,late,west,0
p_004583,retrieval_practice,lab,community,low,late,east,0
p_004584,rereading,lab,undergraduate,low,early,west,0
p_004585,retrieval_practice,lab,community,high,early,west,0
p_004586,rereading,remote,community,low,late,west,1
p_004587,rereading,lab,undergraduate,high,early,west,1
p_004588,rereading,remote,undergraduate,high,early,west,1
p_004589,rereading,lab,undergraduate,high,early,east,0
p_004590,retrieval_practice,lab,undergraduate,high,late,west,1
p_004591,retrieval_practice,remote,undergraduate,low,early,west,1
p_004592,rereading,remote,undergraduate,high,late,east,1
p_004593,rereading,lab,community,high,early,west,1
p_004594,retrieval_practice,remote,community,low,late,west,0
p_004595,rereading,lab,community,high,late,west,0
p_004596,rereading,lab,undergraduate,low,late,east,0
p_004597,retrieval_practice,lab,community,low,early,west,1
p_004598,rereading,lab,undergraduate,low,early,west,1
p_004599,rereading,remote,undergraduate,high,late,west,1
p_004600,rereading,lab,undergraduate,low,early,west,0
p_004601,rereading,lab,community,high,early,west,1
p_004602,retrieval_practice,lab,community,high,late,west,0
p_004603,rereading,remote,community,low,early,west,1
p_004604,retrieval_practice,lab,undergraduate,high,late,east,0
p_004605,retrieval_practice,lab,undergraduate,high,late,east,0
p_004606,retrieval_practice,lab,undergraduate,high,late,west,1
p_004607,retrieval_practice,lab,undergraduate,high,late,east,0
p_004608,retrieval_practice,remote,undergraduate,high,early,east,0
p_004609,retrieval_practice,lab,undergraduate,high,late,west,1
p_004610,rereading,lab,community,high,late,east,1
p_004611,retrieval_practice,lab,undergraduate,high,late,west,1
p_004612,retrieval_practice,lab,undergraduate,low,late,west,0
p_004613,rereading,lab,undergraduate,high,late,west,0
p_004614,retrieval_practice,lab,undergraduate,low,late,west,0
p_004615,retrieval_practice,lab,undergraduate,high,early,west,1
p_004616,retrieval_practice,remote,community,low,early,east,1
p_004617,rereading,remote,community,low,early,east,0
p_004618,retrieval_practice,lab,undergraduate,low,late,west,1
p_004619,retrieval_practice,lab,community,high,late,east,1
p_004620,rereading,remote,undergraduate,low,early,east,1
p_004621,retrieval_practice,lab,undergraduate,low,early,east,0
p_004622,rereading,lab,undergraduate,high,late,west,1
p_004623,rereading,remote,undergraduate,low,late,east,0
p_004624,retrieval_practice,lab,community,high,late,east,1
p_004625,rereading,lab,community,low,late,east,0
p_004626,rereading,lab,undergraduate,high,early,west,1
p_004627,rereading,lab,community,low,early,east,1
p_004628,retrieval_practice,remote,undergraduate,low,late,east,0
p_004629,retrieval_practice,lab,undergraduate,high,late,west,1
p_004630,retrieval_practice,remote,community,low,late,east,0
p_004631,rereading,lab,community,low,late,west,1
p_004632,rereading,remote,undergraduate,low,late,west,0
p_004633,retrieval_practice,lab,undergraduate,low,early,east,0
p_004634,retrieval_practice,lab,undergraduate,high,early,west,0
p_004635,rereading,lab,community,high,late,east,0
p_004636,rereading,lab,undergraduate,high,early,west,0
p_004637,retrieval_practice,remote,undergraduate,high,late,west,0
p_004638,retrieval_practice,remote,undergraduate,low,early,east,1
p_004639,retrieval_practice,lab,community,low,early,east,1
p_004640,rereading,lab,undergraduate,low,early,east,0
p_004641,retrieval_practice,lab,undergraduate,high,early,east,1
p_004642,retrieval_practice,remote,community,high,late,east,1
p_004643,rereading,lab,undergraduate,low,early,east,0
p_004644,rereading,lab,undergraduate,high,early,west,1
p_004645,retrieval_practice,remote,undergraduate,high,late,east,0
p_004646,retrieval_practice,lab,community,high,early,west,1
p_004647,retrieval_practice,remote,undergraduate,high,late,east,1
p_004648,retrieval_practice,remote,undergraduate,low,late,west,0
p_004649,retrieval_practice,lab,community,low,late,east,1
p_004650,retrieval_practice,lab,community,high,late,west,1
p_004651,retrieval_practice,lab,undergraduate,low,late,west,1
p_004652,rereading,lab,undergraduate,high,late,west,1
p_004653,retrieval_practice,lab,undergraduate,high,late,east,0
p_004654,retrieval_practice,lab,undergraduate,low,late,west,1
p_004655,retrieval_practice,remote,undergraduate,low,late,west,0
p_004656,rereading,remote,undergraduate,high,early,west,0
p_004657,retrieval_practice,remote,community,low,early,west,0
p_004658,retrieval_practice,lab,undergraduate,high,late,west,0
p_004659,rereading,lab,undergraduate,high,late,west,1
p_004660,rereading,remote,undergraduate,low,early,east,1
p_004661,rereading,lab,undergraduate,high,late,west,1
p_004662,retrieval_practice,lab,community,high,late,west,0
p_004663,rereading,lab,community,low,early,west,0
p_004664,retrieval_practice,lab,undergraduate,low,early,west,1
p_004665,rereading,remote,community,high,late,west,1
p_004666,retrieval_practice,remote,undergraduate,low,late,east,1
p_004667,retrieval_practice,lab,undergraduate,low,early,east,0
p_004668,retrieval_practice,lab,undergraduate,low,late,west,0
p_004669,rereading,lab,undergraduate,high,late,east,1
p_004670,retrieval_practice,remote,undergraduate,high,early,east,1
p_004671,retrieval_practice,lab,undergraduate,high,late,east,0
p_004672,rereading,lab,community,high,early,east,0
p_004673,rereading,remote,undergraduate,low,late,west,0
p_004674,rereading,lab,undergraduate,low,late,east,1
p_004675,rereading,lab,community,low,early,west,1
p_004676,rereading,lab,community,low,early,west,0
p_004677,rereading,remote,undergraduate,low,late,east,1
p_004678,retrieval_practice,remote,community,high,early,east,1
p_004679,retrieval_practice,lab,undergraduate,high,late,west,1
p_004680,retrieval_practice,remote,undergraduate,high,late,east,1
p_004681,rereading,remote,undergraduate,high,early,west,0
p_004682,rereading,remote,community,high,late,west,0
p_004683,retrieval_practice,lab,undergraduate,low,early,west,0
p_004684,retrieval_practice,remote,undergraduate,low,late,east,1
p_004685,rereading,remote,community,low,late,west,1
p_004686,rereading,lab,undergraduate,high,late,west,1
p_004687,rereading,lab,community,low,late,west,1
p_004688,rereading,lab,community,high,late,east,0
p_004689,retrieval_practice,lab,community,high,late,east,1
p_004690,rereading,lab,community,low,early,west,1
p_004691,retrieval_practice,lab,undergraduate,high,late,west,1
p_004692,retrieval_practice,remote,undergraduate,high,early,east,0
p_004693,retrieval_practice,lab,undergraduate,high,late,east,0
p_004694,retrieval_practice,lab,community,high,early,west,1
p_004695,retrieval_practice,lab,undergraduate,low,early,east,0
p_004696,rereading,lab,community,high,late,west,0
p_004697,retrieval_practice,lab,community,low,early,west,0
p_004698,rereading,lab,community,high,late,east,0
p_004699,retrieval_practice,lab,community,high,early,west,0
p_004700,rereading,remote,community,high,early,west,0
p_004701,retrieval_practice,remote,undergraduate,low,early,east,1
p_004702,retrieval_practice,remote,community,high,early,east,1
p_004703,retrieval_practice,lab,community,high,early,west,0
p_004704,rereading,remote,community,low,late,west,1
p_004705,rereading,lab,community,low,early,west,1
p_004706,rereading,remote,undergraduate,low,late,east,1
p_004707,rereading,remote,undergraduate,low,early,west,1
p_004708,retrieval_practice,remote,undergraduate,low,late,east,0
p_004709,retrieval_practice,remote,undergraduate,high,late,west,0
p_004710,retrieval_practice,lab,undergraduate,low,late,west,0
p_004711,retrieval_practice,lab,undergraduate,high,early,east,0
p_004712,retrieval_practice,lab,community,high,late,west,0
p_004713,rereading,remote,community,low,early,west,1
p_004714,retrieval_practice,remote,undergraduate,high,late,east,1
p_004715,retrieval_practice,lab,undergraduate,low,early,east,1
p_004716,retrieval_practice,lab,community,low,early,west,1
p_004717,rereading,remote,undergraduate,high,early,west,0
p_004718,retrieval_practice,remote,community,high,early,west,0
p_004719,retrieval_practice,lab,undergraduate,low,late,west,1
p_004720,rereading,remote,undergraduate,high,early,west,0
p_004721,rereading,lab,undergraduate,high,early,east,0
p_004722,rereading,lab,undergraduate,high,late,east,1
p_004723,retrieval_practice,lab,undergraduate,low,late,east,1
p_004724,rereading,lab,undergraduate,low,early,west,1
p_004725,rereading,lab,community,low,late,west,0
p_004726,retrieval_practice,remote,undergraduate,low,late,east,0
p_004727,retrieval_practice,remote,undergraduate,low,early,west,0
p_004728,retrieval_practice,remote,undergraduate,high,early,west,1
p_004729,rereading,remote,community,low,late,east,0
p_004730,rereading,remote,undergraduate,high,late,west,0
p_004731,retrieval_practice,lab,community,high,late,west,1
p_004732,retrieval_practice,remote,undergraduate,high,late,west,1
p_004733,rereading,lab,undergraduate,high,late,west,0
p_004734,retrieval_practice,lab,community,low,early,west,0
p_004735,retrieval_practice,lab,undergraduate,high,early,west,1
p_004736,rereading,lab,community,low,late,west,0
p_004737,retrieval_practice,lab,undergraduate,low,early,west,0
p_004738,retrieval_practice,lab,community,low,early,east,0
p_004739,rereading,lab,undergraduate,low,early,east,1
p_004740,rereading,lab,undergraduate,high,late,east,0
p_004741,retrieval_practice,remote,community,high,late,east,1
p_004742,rereading,lab,community,low,early,east,0
p_004743,rereading,lab,community,high,early,east,0
p_004744,rereading,lab,community,low,late,east,0
p_004745,rereading,lab,undergraduate,low,early,east,0
p_004746,retrieval_practice,lab,undergraduate,high,early,east,1
p_004747,retrieval_practice,lab,undergraduate,high,early,east,0
p_004748,rereading,lab,community,high,early,west,1
p_004749,retrieval_practice,remote,undergraduate,low,early,east,1
p_004750,rereading,remote,undergraduate,low,early,east,0
p_004751,rereading,lab,undergraduate,low,early,east,1
p_004752,retrieval_practice,lab,undergraduate,low,late,east,1
p_004753,rereading,lab,undergraduate,low,early,east,1
p_004754,retrieval_practice,remote,community,low,early,east,0
p_004755,retrieval_practice,lab,undergraduate,low,early,west,1
p_004756,retrieval_practice,lab,undergraduate,high,late,east,0
p_004757,rereading,lab,undergraduate,low,late,east,1
p_004758,rereading,remote,undergraduate,high,late,east,0
p_004759,retrieval_practice,remote,undergraduate,low,late,west,1
p_004760,retrieval_practice,lab,undergraduate,low,late,west,1
p_004761,retrieval_practice,remote,community,high,late,east,1
p_004762,retrieval_practice,remote,undergraduate,low,late,west,0
p_004763,retrieval_practice,lab,undergraduate,low,late,east,1
p_004764,retrieval_practice,lab,undergraduate,low,early,west,0
p_004765,retrieval_practice,lab,undergraduate,high,late,west,0
p_004766,retrieval_practice,lab,undergraduate,high,late,west,0
p_004767,rereading,lab,community,low,early,west,0
p_004768,retrieval_practice,remote,community,low,early,west,1
p_004769,rereading,remote,undergraduate,high,early,west,1
p_004770,rereading,lab,community,low,early,east,1
p_004771,retrieval_practice,lab,community,low,late,east,0
p_004772,retrieval_practice,lab,community,high,early,west,0
p_004773,rereading,remote,community,low,late,east,0
p_004774,rereading,lab,undergraduate,low,late,east,1
p_004775,rereading,lab,undergraduate,low,early,east,1
p_004776,rereading,lab,undergraduate,high,late,east,0
p_004777,retrieval_practice,remote,community,low,late,west,0
p_004778,rereading,remote,community,high,early,east,1
p_004779,rereading,lab,undergraduate,high,early,east,1
p_004780,rereading,remote,undergraduate,low,late,east,1
p_004781,retrieval_practice,lab,community,low,early,west,0
p_004782,retrieval_practice,remote,community,high,late,east,0
p_004783,retrieval_practice,remote,community,low,early,west,0
p_004784,rereading,lab,community,low,late,west,1
p_004785,rereading,lab,community,high,late,east,0
p_004786,rereading,lab,undergraduate,high,early,east,0
p_004787,retrieval_practice,remote,community,high,late,east,1
p_004788,retrieval_practice,remote,undergraduate,low,late,west,1
p_004789,rereading,lab,undergraduate,high,late,east,1
p_004790,rereading,lab,community,low,early,west,1
p_004791,retrieval_practice,lab,undergraduate,high,early,west,0
p_004792,retrieval_practice,remote,undergraduate,low,early,west,0
p_004793,rereading,lab,undergraduate,low,late,east,0
p_004794,rereading,lab,community,low,late,west,1
p_004795,retrieval_practice,remote,undergraduate,high,early,west,0
p_004796,retrieval_practice,remote,undergraduate,high,late,east,1
p_004797,retrieval_practice,remote,undergraduate,low,late,west,1
p_004798,retrieval_practice,remote,undergraduate,low,early,east,0
p_004799,rereading,remote,undergraduate,high,late,east,0
p_004800,retrieval_practice,remote,undergraduate,high,late,west,1
p_004801,rereading,remote,undergraduate,low,early,west,1
p_004802,retrieval_practice,lab,undergraduate,high,early,west,1
p_004803,retrieval_practice,remote,undergraduate,high,early,east,1
p_004804,rereading,remote,undergraduate,low,early,west,1
p_004805,rereading,remote,undergraduate,low,early,west,1
p_004806,retrieval_practice,remote,undergraduate,high,early,west,1
p_004807,rereading,lab,undergraduate,high,early,east,1
p_004808,rereading,lab,community,low,early,east,1
p_004809,retrieval_practice,lab,undergraduate,low,early,west,0
p_004810,retrieval_practice,remote,undergraduate,high,late,west,0
p_004811,rereading,lab,undergraduate,low,early,east,1
p_004812,rereading,lab,undergraduate,low,early,east,1
p_004813,rereading,remote,undergraduate,high,late,east,0
p_004814,retrieval_practice,lab,community,low,late,east,0
p_004815,retrieval_practice,lab,undergraduate,high,early,west,1
p_004816,retrieval_practice,lab,community,high,late,west,0
p_004817,retrieval_practice,remote,undergraduate,high,early,west,1
p_004818,rereading,remote,undergraduate,high,early,east,1
p_004819,retrieval_practice,remote,undergraduate,low,early,west,1
p_004820,rereading,remote,undergraduate,low,late,west,1
p_004821,rereading,lab,undergraduate,low,early,east,0
p_004822,rereading,remote,undergraduate,high,late,east,0
p_004823,retrieval_practice,lab,community,low,early,west,1
p_004824,retrieval_practice,lab,community,high,early,east,1
p_004825,retrieval_practice,lab,undergraduate,high,early,west,1
p_004826,retrieval_practice,lab,undergraduate,low,late,east,0
p_004827,retrieval_practice,remote,undergraduate,high,early,west,0
p_004828,retrieval_practice,lab,undergraduate,high,early,west,0
p_004829,rereading,lab,undergraduate,low,late,east,0
p_004830,retrieval_practice,lab,undergraduate,high,late,west,1
p_004831,rereading,lab,undergraduate,high,late,west,0
p_004832,retrieval_practice,lab,community,low,early,west,1
p_004833,rereading,lab,community,low,late,west,1
p_004834,rereading,lab,community,low,late,west,1
p_004835,rereading,lab,undergraduate,low,late,west,1
p_004836,retrieval_practice,lab,undergraduate,high,early,west,0
p_004837,rereading,lab,undergraduate,low,early,west,0
p_004838,retrieval_practice,lab,undergraduate,high,early,west,0
p_004839,retrieval_practice,lab,community,high,late,west,1
p_004840,rereading,lab,undergraduate,high,late,east,1
p_004841,rereading,lab,undergraduate,low,early,east,1
p_004842,rereading,remote,community,high,early,east,0
p_004843,rereading,lab,community,high,early,west,1
p_004844,retrieval_practice,remote,undergraduate,low,early,west,1
p_004845,retrieval_practice,remote,undergraduate,low,early,west,0
p_004846,rereading,lab,undergraduate,high,late,east,1
p_004847,rereading,remote,undergraduate,low,early,west,0
p_004848,retrieval_practice,remote,undergraduate,high,late,west,1
p_004849,retrieval_practice,remote,undergraduate,low,early,east,0
p_004850,retrieval_practice,remote,undergraduate,high,early,east,1
p_004851,retrieval_practice,remote,community,high,late,west,1
p_004852,rereading,lab,undergraduate,low,late,east,0
p_004853,rereading,lab,undergraduate,low,late,west,1
p_004854,retrieval_practice,remote,undergraduate,low,early,east,1
p_004855,rereading,remote,community,high,early,west,1
p_004856,retrieval_practice,lab,community,low,early,west,0
p_004857,retrieval_practice,remote,community,low,late,west,1
p_004858,retrieval_practice,lab,undergraduate,high,late,east,1
p_004859,rereading,lab,community,low,early,east,1
p_004860,retrieval_practice,remote,undergraduate,low,late,east,0
p_004861,retrieval_practice,remote,undergraduate,high,late,east,0
p_004862,rereading,remote,community,low,late,east,1
p_004863,retrieval_practice,lab,community,low,early,east,1
p_004864,rereading,remote,undergraduate,low,late,west,1
p_004865,retrieval_practice,lab,undergraduate,high,early,west,1
p_004866,rereading,remote,undergraduate,high,late,east,0
p_004867,rereading,remote,undergraduate,high,late,west,0
p_004868,rereading,remote,community,low,late,west,1
p_004869,retrieval_practice,remote,undergraduate,high,early,west,1
p_004870,retrieval_practice,lab,community,low,early,west,0
p_004871,rereading,lab,undergraduate,low,early,east,0
p_004872,rereading,remote,community,high,early,east,0
p_004873,retrieval_practice,remote,community,high,late,east,1
p_004874,retrieval_practice,lab,undergraduate,high,early,west,0
p_004875,rereading,remote,community,low,late,east,0
p_004876,rereading,remote,community,high,early,west,0
p_004877,rereading,remote,undergraduate,high,early,west,1
p_004878,retrieval_practice,lab,undergraduate,high,late,west,0
p_004879,retrieval_practice,remote,community,low,early,west,1
p_004880,rereading,lab,undergraduate,low,late,east,1
p_004881,rereading,lab,undergraduate,low,early,west,0
p_004882,rereading,remote,community,low,late,west,0
p_004883,retrieval_practice,remote,undergraduate,high,early,east,1
p_004884,rereading,remote,community,low,early,east,0
p_004885,rereading,lab,undergraduate,low,late,east,1
p_004886,retrieval_practice,lab,undergraduate,high,early,west,0
p_004887,retrieval_practice,lab,undergraduate,high,early,east,0
p_004888,rereading,lab,undergraduate,low,late,west,1
p_004889,retrieval_practice,lab,undergraduate,low,early,east,1
p_004890,rereading,lab,community,high,early,west,1
p_004891,retrieval_practice,remote,community,low,late,west,0
p_004892,retrieval_practice,remote,community,high,late,west,0
p_004893,retrieval_practice,lab,undergraduate,low,late,west,0
p_004894,rereading,lab,undergraduate,low,late,east,0
p_004895,retrieval_practice,lab,community,high,early,west,1
p_004896,rereading,lab,undergraduate,high,late,east,0
p_004897,rereading,remote,community,high,late,east,1
p_004898,retrieval_practice,lab,undergraduate,high,early,west,0
p_004899,rereading,lab,community,high,early,east,0
p_004900,rereading,remote,undergraduate,high,early,west,0
p_004901,retrieval_practice,lab,community,low,late,west,0
p_004902,rereading,lab,undergraduate,high,early,west,0
p_004903,retrieval_practice,remote,undergraduate,high,late,west,0
p_004904,rereading,lab,community,low,late,east,1
p_004905,rereading,remote,community,high,early,east,0
p_004906,retrieval_practice,remote,undergraduate,low,late,west,0
p_004907,retrieval_practice,lab,undergraduate,high,early,west,1
p_004908,retrieval_practice,remote,community,high,late,west,1
p_004909,retrieval_practice,lab,undergraduate,low,early,west,1
p_004910,rereading,lab,community,high,early,west,1
p_004911,retrieval_practice,lab,community,low,early,east,1
p_004912,rereading,remote,undergraduate,high,late,west,0
p_004913,retrieval_practice,lab,undergraduate,high,late,east,0
p_004914,rereading,remote,community,low,early,west,0
p_004915,retrieval_practice,lab,undergraduate,low,early,east,1
p_004916,retrieval_practice,remote,undergraduate,low,late,east,0
p_004917,retrieval_practice,lab,undergraduate,low,early,west,0
p_004918,rereading,lab,undergraduate,low,late,west,0
p_004919,rereading,lab,undergraduate,low,late,east,0
p_004920,rereading,lab,undergraduate,high,late,west,1
p_004921,rereading,lab,undergraduate,low,late,west,0
p_004922,retrieval_practice,remote,undergraduate,high,late,east,1
p_004923,retrieval_practice,lab,undergraduate,low,early,west,0
p_004924,retrieval_practice,lab,undergraduate,low,early,east,1
p_004925,retrieval_practice,lab,community,high,early,east,1
p_004926,rereading,remote,community,high,early,east,0
p_004927,rereading,lab,undergraduate,high,late,west,0
p_004928,retrieval_practice,lab,undergraduate,low,late,east,1
p_004929,rereading,lab,undergraduate,low,early,west,1
p_004930,retrieval_practice,lab,community,high,early,west,0
p_004931,rereading,lab,community,low,late,east,0
p_004932,retrieval_practice,remote,undergraduate,high,early,west,0
p_004933,retrieval_practice,lab,undergraduate,high,late,east,1
p_004934,rereading,lab,undergraduate,high,early,east,1
p_004935,rereading,remote,community,low,late,east,0
p_004936,rereading,lab,community,low,late,west,1
p_004937,retrieval_practice,lab,undergraduate,high,early,west,1
p_004938,rereading,lab,undergraduate,high,late,west,0
p_004939,retrieval_practice,lab,community,high,early,west,1
p_004940,retrieval_practice,remote,undergraduate,high,early,east,0
p_004941,retrieval_practice,lab,undergraduate,low,early,east,1
p_004942,retrieval_practice,lab,undergraduate,high,early,east,0
p_004943,rereading,remote,community,low,early,east,0
p_004944,retrieval_practice,remote,undergraduate,high,early,east,1
p_004945,rereading,lab,community,high,late,east,0
p_004946,rereading,lab,undergraduate,high,early,west,0
p_004947,retrieval_practice,remote,undergraduate,high,early,west,1
p_004948,retrieval_practice,remote,undergraduate,low,early,east,0
p_004949,rereading,remote,undergraduate,low,early,west,1
p_004950,rereading,remote,undergraduate,high,late,west,1
p_004951,retrieval_practice,remote,community,high,late,west,1
p_004952,retrieval_practice,lab,community,low,early,west,1
p_004953,retrieval_practice,lab,undergraduate,high,early,west,0
p_004954,retrieval_practice,lab,undergraduate,high,early,west,1
p_004955,retrieval_practice,remote,undergraduate,high,early,west,1
p_004956,rereading,lab,community,high,late,west,0
p_004957,retrieval_practice,lab,community,high,early,east,0
p_004958,rereading,remote,undergraduate,low,late,west,1
p_004959,rereading,lab,undergraduate,high,late,east,1
p_004960,retrieval_practice,remote,community,low,early,east,1
p_004961,retrieval_practice,remote,community,high,early,west,0
p_004962,retrieval_practice,lab,undergraduate,high,late,east,0
p_004963,retrieval_practice,lab,undergraduate,low,late,east,1
p_004964,rereading,lab,undergraduate,high,early,east,1
p_004965,retrieval_practice,lab,undergraduate,low,early,east,1
p_004966,rereading,remote,community,low,early,west,1
p_004967,retrieval_practice,lab,undergraduate,high,late,east,0
p_004968,retrieval_practice,remote,undergraduate,low,early,west,1
p_004969,retrieval_practice,lab,undergraduate,high,late,west,0
p_004970,rereading,lab,community,high,late,east,0
p_004971,rereading,lab,undergraduate,low,early,east,1
p_004972,rereading,lab,undergraduate,high,late,west,1
p_004973,retrieval_practice,lab,undergraduate,low,late,west,0
p_004974,rereading,lab,undergraduate,low,early,east,0
p_004975,rereading,lab,undergraduate,high,late,west,1
p_004976,rereading,lab,undergraduate,high,late,west,0
p_004977,retrieval_practice,remote,undergraduate,low,early,west,0
p_004978,rereading,lab,undergraduate,high,early,west,1
p_004979,retrieval_practice,remote,community,high,late,east,1
p_004980,retrieval_practice,remote,community,low,late,west,1
p_004981,rereading,lab,undergraduate,high,late,west,1
p_004982,retrieval_practice,lab,undergraduate,low,late,west,1
p_004983,rereading,lab,undergraduate,high,early,west,1
p_004984,rereading,lab,community,high,early,east,1
p_004985,rereading,remote,community,high,late,west,0
p_004986,retrieval_practice,remote,community,low,late,east,0
p_004987,rereading,lab,undergraduate,low,early,east,1
p_004988,retrieval_practice,remote,community,high,late,west,1
p_004989,retrieval_practice,lab,community,low,late,east,0
p_004990,retrieval_practice,remote,community,low,late,east,0
p_004991,retrieval_practice,lab,undergraduate,low,late,east,1
p_004992,retrieval_practice,lab,community,low,late,west,0
p_004993,retrieval_practice,remote,community,low,late,west,0
p_004994,rereading,lab,undergraduate,high,early,east,1
p_004995,retrieval_practice,lab,undergraduate,high,early,east,0
p_004996,rereading,lab,undergraduate,high,late,west,1
p_004997,retrieval_practice,remote,undergraduate,high,early,east,1
p_004998,rereading,remote,undergraduate,high,early,west,1
p_004999,retrieval_practice,lab,community,low,early,west,0
p_005000,rereading,remote,community,low,early,west,1
p_005001,rereading,remote,undergraduate,high,late,west,1
p_005002,retrieval_practice,lab,undergraduate,high,early,west,0
p_005003,rereading,remote,community,low,late,west,1
p_005004,rereading,lab,undergraduate,high,late,west,1
p_005005,retrieval_practice,remote,community,high,early,east,0
p_005006,retrieval_practice,remote,undergraduate,low,early,west,0
p_005007,retrieval_practice,lab,undergraduate,low,early,west,1
p_005008,rereading,remote,community,high,late,east,0
p_005009,retrieval_practice,lab,undergraduate,low,late,west,1
p_005010,rereading,lab,community,low,early,east,0
p_005011,retrieval_practice,lab,community,low,late,east,1
p_005012,retrieval_practice,lab,community,high,early,east,1
p_005013,rereading,remote,undergraduate,low,late,west,0
p_005014,rereading,lab,community,high,early,west,1
p_005015,retrieval_practice,lab,community,high,early,east,1
p_005016,retrieval_practice,remote,undergraduate,low,early,west,0
p_005017,rereading,lab,undergraduate,high,late,west,1
p_005018,rereading,lab,undergraduate,low,late,east,1
p_005019,retrieval_practice,remote,community,low,late,west,0
p_005020,retrieval_practice,lab,community,high,late,east,1
p_005021,rereading,remote,undergraduate,high,early,west,1
p_005022,rereading,lab,community,high,late,east,1
p_005023,rereading,remote,undergraduate,low,early,east,1
p_005024,rereading,remote,undergraduate,low,late,west,0
p_005025,retrieval_practice,lab,community,low,late,east,1
p_005026,rereading,remote,community,high,late,east,1
p_005027,retrieval_practice,remote,undergraduate,high,late,west,0
p_005028,retrieval_practice,lab,community,low,early,east,1
p_005029,rereading,lab,community,high,late,west,1
p_005030,rereading,remote,undergraduate,high,late,west,1
p_005031,retrieval_practice,lab,community,low,late,west,0
p_005032,rereading,lab,undergraduate,high,late,west,0
p_005033,retrieval_practice,remote,undergraduate,high,late,west,1
p_005034,retrieval_practice,remote,undergraduate,low,late,east,1
p_005035,rereading,remote,undergraduate,low,late,east,0
p_005036,rereading,lab,community,high,late,west,1
p_005037,rereading,lab,undergraduate,high,early,east,0
p_005038,retrieval_practice,lab,undergraduate,high,late,east,1
p_005039,retrieval_practice,lab,community,low,late,east,1
p_005040,rereading,lab,community,high,early,east,1
p_005041,retrieval_practice,remote,undergraduate,low,late,west,0
p_005042,rereading,remote,community,high,early,west,1
p_005043,retrieval_practice,remote,undergraduate,low,late,west,0
p_005044,rereading,lab,community,low,late,east,1
p_005045,retrieval_practice,lab,community,high,early,west,1
p_005046,rereading,lab,undergraduate,high,early,west,1
p_005047,rereading,remote,undergraduate,low,late,west,0
p_005048,rereading,lab,community,low,early,west,1
p_005049,rereading,remote,undergraduate,high,late,east,0
p_005050,rereading,lab,community,high,early,east,0
p_005051,rereading,lab,undergraduate,high,early,east,1
p_005052,rereading,lab,undergraduate,low,late,east,0
p_005053,rereading,remote,community,high,early,east,0
p_005054,retrieval_practice,remote,community,high,late,east,0
p_005055,retrieval_practice,remote,undergraduate,high,early,west,0
p_005056,rereading,lab,undergraduate,low,late,east,1
p_005057,rereading,remote,undergraduate,low,late,west,0
p_005058,retrieval_practice,lab,undergraduate,high,early,west,1
p_005059,retrieval_practice,lab,community,low,late,east,1
p_005060,retrieval_practice,remote,undergraduate,high,early,east,0
p_005061,rereading,lab,community,low,early,east,1
p_005062,retrieval_practice,lab,undergraduate,low,early,east,0
p_005063,rereading,remote,community,low,early,east,0
p_005064,rereading,lab,community,low,late,east,1
p_005065,retrieval_practice,lab,community,high,early,west,0
p_005066,rereading,remote,undergraduate,high,late,west,0
p_005067,retrieval_practice,lab,community,low,late,east,0
p_005068,retrieval_practice,remote,undergraduate,low,late,east,0
p_005069,rereading,remote,community,low,early,east,0
p_005070,rereading,remote,undergraduate,high,early,west,0
p_005071,rereading,remote,community,high,late,west,1
p_005072,retrieval_practice,lab,undergraduate,high,late,west,1
p_005073,retrieval_practice,lab,undergraduate,low,late,west,1
p_005074,retrieval_practice,lab,undergraduate,high,early,west,1
p_005075,rereading,remote,undergraduate,high,late,west,0
p_005076,retrieval_practice,lab,community,low,early,east,0
p_005077,rereading,lab,undergraduate,low,late,west,0
p_005078,rereading,lab,community,low,late,east,0
p_005079,rereading,remote,undergraduate,low,late,west,0
p_005080,rereading,remote,undergraduate,low,early,west,1
p_005081,rereading,lab,undergraduate,low,early,west,0
p_005082,retrieval_practice,lab,undergraduate,high,late,west,1
p_005083,rereading,remote,community,high,late,west,1
p_005084,retrieval_practice,lab,community,low,late,west,1
p_005085,rereading,remote,undergraduate,low,late,east,1
p_005086,retrieval_practice,lab,undergraduate,low,late,west,1
p_005087,rereading,lab,community,low,late,east,1
p_005088,retrieval_practice,lab,community,low,late,east,1
p_005089,rereading,lab,community,high,early,west,1
p_005090,retrieval_practice,lab,community,low,early,west,0
p_005091,retrieval_practice,remote,community,high,early,west,0
p_005092,retrieval_practice,lab,community,low,late,west,0
p_005093,rereading,lab,undergraduate,high,late,east,0
p_005094,retrieval_practice,remote,undergraduate,high,late,east,1
p_005095,rereading,remote,undergraduate,high,late,west,1
p_005096,rereading,lab,undergraduate,high,late,east,1
p_005097,rereading,lab,community,low,late,west,0
p_005098,rereading,lab,community,high,early,east,1
p_005099,rereading,lab,undergraduate,low,late,east,0
p_005100,rereading,lab,community,high,late,east,0
p_005101,retrieval_practice,remote,community,low,late,east,1
p_005102,retrieval_practice,lab,community,low,early,west,1
p_005103,rereading,lab,community,low,late,east,1
p_005104,rereading,remote,community,high,early,east,1
p_005105,retrieval_practice,remote,undergraduate,high,late,west,0
p_005106,retrieval_practice,lab,community,high,late,east,1
p_005107,retrieval_practice,lab,community,low,late,east,1
p_005108,retrieval_practice,lab,undergraduate,low,late,west,1
p_005109,retrieval_practice,lab,undergraduate,low,early,west,1
p_005110,rereading,lab,community,high,early,west,0
p_005111,rereading,lab,undergraduate,high,late,east,1
p_005112,rereading,remote,undergraduate,low,late,east,1
p_005113,rereading,lab,undergraduate,low,late,west,1
p_005114,rereading,lab,community,low,late,west,0
p_005115,retrieval_practice,lab,undergraduate,high,early,east,0
p_005116,retrieval_practice,remote,undergraduate,low,late,east,0
p_005117,retrieval_practice,lab,community,low,late,west,0
p_005118,rereading,lab,undergraduate,low,early,east,0
p_005119,rereading,lab,undergraduate,low,early,west,0
p_005120,retrieval_practice,lab,undergraduate,low,early,east,0
p_005121,rereading,lab,undergraduate,high,late,west,1
p_005122,retrieval_practice,remote,undergraduate,low,early,west,0
p_005123,rereading,remote,undergraduate,low,late,west,0
p_005124,retrieval_practice,remote,undergraduate,high,late,west,1
p_005125,retrieval_practice,remote,undergraduate,high,early,west,0
p_005126,rereading,remote,undergraduate,low,late,west,1
p_005127,retrieval_practice,lab,undergraduate,high,early,west,1
p_005128,rereading,lab,community,low,late,west,1
p_005129,retrieval_practice,lab,community,high,early,west,1
p_005130,retrieval_practice,remote,undergraduate,low,early,east,1
p_005131,retrieval_practice,remote,undergraduate,high,late,west,0
p_005132,rereading,lab,community,low,early,west,0
p_005133,retrieval_practice,remote,community,low,late,east,0
p_005134,rereading,lab,community,high,early,west,0
p_005135,retrieval_practice,lab,community,high,early,west,0
p_005136,retrieval_practice,remote,undergraduate,low,early,east,1
p_005137,retrieval_practice,remote,undergraduate,low,late,east,1
p_005138,rereading,lab,undergraduate,high,early,west,0
p_005139,retrieval_practice,remote,undergraduate,low,early,west,1
p_005140,retrieval_practice,lab,undergraduate,low,early,east,0
p_005141,retrieval_practice,remote,undergraduate,low,late,west,0
p_005142,rereading,lab,community,low,late,west,0
p_005143,rereading,lab,undergraduate,high,early,west,1
p_005144,retrieval_practice,lab,undergraduate,high,late,east,0
p_005145,rereading,lab,undergraduate,low,late,west,0
p_005146,retrieval_practice,lab,undergraduate,low,late,west,0
p_005147,retrieval_practice,remote,community,high,late,east,1
p_005148,retrieval_practice,remote,undergraduate,low,early,east,0
p_005149,rereading,lab,undergraduate,high,late,west,1
p_005150,rereading,lab,undergraduate,low,late,east,0
p_005151,rereading,lab,community,high,late,west,0
p_005152,retrieval_practice,remote,undergraduate,low,late,east,1
p_005153,retrieval_practice,lab,community,high,early,west,1
p_005154,retrieval_practice,lab,community,high,late,west,1
p_005155,retrieval_practice,lab,community,high,late,east,0
p_005156,retrieval_practice,lab,community,high,late,east,1
p_005157,rereading,lab,community,high,early,west,1
p_005158,rereading,remote,community,low,early,east,1
p_005159,retrieval_practice,lab,community,high,late,west,1
p_005160,retrieval_practice,lab,community,low,early,west,1
p_005161,retrieval_practice,lab,undergraduate,high,early,east,0
p_005162,rereading,lab,undergraduate,low,late,west,1
p_005163,rereading,lab,undergraduate,low,early,east,1
p_005164,rereading,lab,undergraduate,high,early,east,1
p_005165,retrieval_practice,lab,community,low,late,west,1
p_005166,retrieval_practice,remote,undergraduate,low,early,east,0
p_005167,rereading,lab,community,high,late,east,1
p_005168,retrieval_practice,lab,community,high,late,west,1
p_005169,retrieval_practice,lab,undergraduate,low,late,west,0
p_005170,retrieval_practice,remote,community,high,early,west,1
p_005171,retrieval_practice,lab,community,low,late,west,1
p_005172,retrieval_practice,remote,undergraduate,high,late,east,1
p_005173,retrieval_practice,lab,undergraduate,low,early,west,1
p_005174,retrieval_practice,lab,undergraduate,low,late,west,0
p_005175,retrieval_practice,lab,undergraduate,low,early,east,0
p_005176,rereading,lab,undergraduate,high,late,west,1
p_005177,rereading,lab,undergraduate,high,early,east,1
p_005178,retrieval_practice,lab,undergraduate,high,late,west,0
p_005179,retrieval_practice,lab,community,high,late,east,0
p_005180,retrieval_practice,lab,undergraduate,high,early,west,1
p_005181,rereading,lab,undergraduate,high,early,west,0
p_005182,rereading,lab,community,high,late,west,0
p_005183,rereading,lab,undergraduate,high,early,east,0
p_005184,retrieval_practice,remote,undergraduate,low,early,east,0
p_005185,rereading,lab,community,high,late,west,0
p_005186,retrieval_practice,remote,undergraduate,low,late,east,0
p_005187,retrieval_practice,remote,undergraduate,high,late,west,0
p_005188,retrieval_practice,remote,community,low,early,west,1
p_005189,retrieval_practice,lab,undergraduate,high,early,west,1
p_005190,retrieval_practice,lab,undergraduate,low,early,west,0
p_005191,rereading,lab,undergraduate,high,early,west,1
p_005192,retrieval_practice,lab,community,high,late,east,0
p_005193,retrieval_practice,lab,community,high,early,west,0
p_005194,rereading,lab,undergraduate,high,early,east,1
p_005195,retrieval_practice,lab,community,low,late,east,1
p_005196,retrieval_practice,remote,community,low,early,west,0
p_005197,rereading,remote,undergraduate,low,early,west,1
p_005198,rereading,remote,community,low,late,east,0
p_005199,rereading,remote,community,high,late,west,1
p_005200,rereading,lab,undergraduate,high,early,east,0
p_005201,rereading,remote,undergraduate,high,early,east,0
p_005202,rereading,lab,undergraduate,high,early,west,0
p_005203,rereading,remote,undergraduate,high,early,west,1
p_005204,retrieval_practice,lab,undergraduate,high,late,east,1
p_005205,retrieval_practice,lab,undergraduate,high,early,east,1
p_005206,rereading,remote,community,high,early,west,1
p_005207,retrieval_practice,lab,community,low,early,east,1
p_005208,rereading,remote,community,low,late,west,0
p_005209,rereading,lab,undergraduate,high,late,east,0
p_005210,retrieval_practice,lab,community,low,early,west,1
p_005211,rereading,lab,community,high,late,west,1
p_005212,rereading,lab,undergraduate,low,early,east,1
p_005213,retrieval_practice,remote,undergraduate,high,early,east,1
p_005214,retrieval_practice,remote,community,high,late,west,1
p_005215,rereading,lab,undergraduate,high,early,west,1
p_005216,retrieval_practice,lab,undergraduate,high,late,west,0
p_005217,rereading,lab,undergraduate,high,late,west,1
p_005218,rereading,remote,community,low,late,east,0
p_005219,rereading,lab,undergraduate,high,late,east,1
p_005220,rereading,lab,community,high,early,east,1
p_005221,rereading,lab,community,low,late,east,0
p_005222,retrieval_practice,lab,community,low,late,west,1
p_005223,retrieval_practice,remote,undergraduate,low,early,west,0
p_005224,rereading,remote,undergraduate,high,late,west,0
p_005225,rereading,remote,community,low,late,west,0
p_005226,retrieval_practice,lab,undergraduate,high,late,west,0
p_005227,rereading,remote,undergraduate,high,early,east,0
p_005228,retrieval_practice,lab,community,high,late,west,0
p_005229,retrieval_practice,lab,community,high,early,west,0
p_005230,retrieval_practice,remote,community,low,late,west,0
p_005231,rereading,remote,community,low,late,east,0
p_005232,rereading,remote,undergraduate,low,late,west,0
p_005233,rereading,remote,undergraduate,high,early,west,0
p_005234,rereading,lab,undergraduate,high,late,west,1
p_005235,rereading,remote,undergraduate,low,late,east,0
p_005236,retrieval_practice,lab,undergraduate,low,early,east,1
p_005237,retrieval_practice,lab,community,low,early,east,1
p_005238,rereading,lab,community,high,late,east,1
p_005239,retrieval_practice,lab,undergraduate,low,early,west,1
p_005240,retrieval_practice,lab,undergraduate,low,late,east,1
p_005241,rereading,lab,undergraduate,high,late,east,0
p_005242,rereading,remote,undergraduate,low,late,west,1
p_005243,retrieval_practice,lab,community,low,late,east,1
p_005244,retrieval_practice,remote,undergraduate,high,early,east,0
p_005245,retrieval_practice,lab,undergraduate,low,late,west,0
p_005246,rereading,lab,community,low,late,east,1
p_005247,retrieval_practice,remote,undergraduate,low,late,west,0
p_005248,retrieval_practice,lab,undergraduate,low,late,east,1
p_005249,rereading,remote,community,low,early,west,1
p_005250,retrieval_practice,remote,undergraduate,high,early,east,0
p_005251,rereading,remote,community,high,early,west,0
p_005252,rereading,remote,undergraduate,high,early,east,1
p_005253,rereading,remote,community,low,late,west,0
p_005254,retrieval_practice,lab,undergraduate,high,late,east,1
p_005255,rereading,lab,undergraduate,high,late,west,0
p_005256,rereading,remote,community,low,early,east,0
p_005257,rereading,lab,undergraduate,high,early,east,0
p_005258,rereading,lab,community,high,late,west,1
p_005259,retrieval_practice,lab,community,high,late,west,1
p_005260,retrieval_practice,remote,community,high,early,west,0
p_005261,rereading,lab,undergraduate,high,early,east,0
p_005262,rereading,lab,undergraduate,high,late,west,0
p_005263,retrieval_practice,lab,undergraduate,low,early,east,1
p_005264,rereading,remote,undergraduate,low,early,west,0
p_005265,rereading,remote,undergraduate,high,early,east,1
p_005266,rereading,remote,undergraduate,low,early,west,0
p_005267,rereading,lab,community,low,late,west,1
p_005268,rereading,remote,community,low,late,west,0
p_005269,rereading,lab,undergraduate,low,early,east,0
p_005270,retrieval_practice,remote,community,low,late,east,1
p_005271,retrieval_practice,remote,community,low,early,west,1
p_005272,rereading,remote,undergraduate,high,early,east,1
p_005273,retrieval_practice,lab,community,low,late,east,1
p_005274,retrieval_practice,remote,undergraduate,high,late,east,1
p_005275,rereading,remote,undergraduate,high,late,east,0
p_005276,retrieval_practice,remote,undergraduate,low,late,west,0
p_005277,retrieval_practice,remote,undergraduate,low,late,west,0
p_005278,retrieval_practice,lab,undergraduate,low,late,east,0
p_005279,rereading,remote,undergraduate,high,early,east,0
p_005280,retrieval_practice,lab,undergraduate,high,early,west,0
p_005281,rereading,lab,undergraduate,low,late,east,0
p_005282,rereading,lab,undergraduate,high,early,east,1
p_005283,rereading,remote,undergraduate,high,early,west,1
p_005284,rereading,lab,community,high,early,east,1
p_005285,retrieval_practice,lab,undergraduate,low,late,west,1
p_005286,retrieval_practice,lab,undergraduate,high,late,west,1
p_005287,retrieval_practice,remote,undergraduate,high,early,west,0
p_005288,rereading,remote,undergraduate,low,early,east,0
p_005289,retrieval_practice,lab,community,low,late,west,1
p_005290,retrieval_practice,lab,community,low,early,west,0
p_005291,retrieval_practice,lab,community,low,late,east,0
p_005292,rereading,lab,community,low,early,east,0
p_005293,rereading,remote,community,low,late,west,1
p_005294,retrieval_practice,remote,community,low,early,east,1
p_005295,rereading,lab,undergraduate,high,early,east,0
p_005296,rereading,lab,undergraduate,high,early,east,0
p_005297,retrieval_practice,remote,community,high,late,east,1
p_005298,retrieval_practice,lab,undergraduate,high,early,west,1
p_005299,retrieval_practice,remote,undergraduate,high,early,east,0
p_005300,rereading,remote,undergraduate,high,early,west,0
p_005301,retrieval_practice,lab,undergraduate,high,early,west,1
p_005302,rereading,lab,undergraduate,low,late,west,1
p_005303,rereading,lab,undergraduate,low,early,east,1
p_005304,rereading,lab,undergraduate,low,late,east,0
p_005305,retrieval_practice,lab,undergraduate,low,early,west,1
p_005306,rereading,remote,undergraduate,low,late,east,1
p_005307,rereading,remote,community,low,late,east,1
p_005308,rereading,lab,community,low,late,west,1
p_005309,retrieval_practice,remote,undergraduate,low,early,west,0
p_005310,rereading,remote,undergraduate,low,late,east,0
p_005311,retrieval_practice,lab,undergraduate,low,early,west,1
p_005312,rereading,remote,undergraduate,high,late,east,1
p_005313,retrieval_practice,lab,community,low,late,west,1
p_005314,retrieval_practice,lab,community,low,early,west,1
p_005315,retrieval_practice,lab,undergraduate,high,late,east,1
p_005316,rereading,lab,community,low,early,west,0
p_005317,rereading,remote,undergraduate,low,early,west,0
p_005318,retrieval_practice,remote,undergraduate,high,late,west,1
p_005319,rereading,remote,undergraduate,high,early,east,0
p_005320,retrieval_practice,lab,community,high,early,west,1
p_005321,retrieval_practice,remote,undergraduate,high,late,east,0
p_005322,rereading,lab,undergraduate,high,early,west,0
p_005323,rereading,lab,undergraduate,high,early,west,1
p_005324,retrieval_practice,lab,undergraduate,low,late,east,0
p_005325,rereading,lab,community,low,early,east,1
p_005326,retrieval_practice,lab,undergraduate,low,late,east,0
p_005327,retrieval_practice,lab,undergraduate,high,late,east,1
p_005328,rereading,lab,undergraduate,low,late,west,0
p_005329,rereading,lab,undergraduate,low,late,west,0
p_005330,retrieval_practice,lab,undergraduate,low,late,west,1
p_005331,retrieval_practice,remote,undergraduate,low,late,west,0
p_005332,retrieval_practice,lab,undergraduate,low,late,east,1
p_005333,rereading,remote,community,low,late,east,1
p_005334,retrieval_practice,lab,undergraduate,high,early,west,0
p_005335,rereading,remote,undergraduate,high,late,east,1
p_005336,rereading,remote,undergraduate,low,early,west,0
p_005337,rereading,remote,undergraduate,low,early,east,0
p_005338,retrieval_practice,remote,undergraduate,low,early,east,1
p_005339,rereading,remote,undergraduate,low,early,west,1
p_005340,retrieval_practice,remote,community,low,late,west,0
p_005341,retrieval_practice,remote,undergraduate,high,late,east,1
p_005342,retrieval_practice,remote,undergraduate,high,early,east,1
p_005343,retrieval_practice,lab,undergraduate,low,late,west,1
p_005344,retrieval_practice,lab,undergraduate,low,early,east,1
p_005345,retrieval_practice,lab,undergraduate,high,late,east,0
p_005346,rereading,remote,community,high,late,east,0
p_005347,rereading,lab,undergraduate,high,early,east,1
p_005348,rereading,lab,community,low,early,west,1
p_005349,retrieval_practice,lab,undergraduate,high,early,west,0
p_005350,rereading,lab,undergraduate,high,late,west,1
p_005351,retrieval_practice,lab,undergraduate,low,late,east,1
p_005352,retrieval_practice,lab,undergraduate,high,late,east,1
p_005353,retrieval_practice,remote,undergraduate,low,late,west,0
p_005354,retrieval_practice,lab,undergraduate,high,late,east,0
p_005355,retrieval_practice,remote,undergraduate,low,early,east,0
p_005356,retrieval_practice,remote,undergraduate,low,early,west,0
p_005357,retrieval_practice,remote,undergraduate,high,early,west,0
p_005358,retrieval_practice,lab,undergraduate,high,late,west,1
p_005359,rereading,lab,community,low,early,west,1
p_005360,rereading,lab,undergraduate,high,late,east,0
p_005361,rereading,lab,undergraduate,low,late,west,0
p_005362,rereading,lab,undergraduate,high,early,east,1
p_005363,rereading,lab,undergraduate,high,early,west,0
p_005364,retrieval_practice,remote,community,high,early,west,1
p_005365,rereading,lab,undergraduate,low,late,east,1
p_005366,rereading,lab,community,high,late,west,0
p_005367,rereading,lab,undergraduate,low,late,west,0
p_005368,rereading,lab,community,low,late,west,0
p_005369,retrieval_practice,lab,undergraduate,high,late,west,0
p_005370,rereading,lab,undergraduate,high,late,west,1
p_005371,retrieval_practice,remote,undergraduate,low,late,east,0
p_005372,rereading,lab,undergraduate,low,early,west,0
p_005373,retrieval_practice,remote,community,high,early,west,0
p_005374,retrieval_practice,remote,community,low,late,east,0
p_005375,retrieval_practice,lab,undergraduate,low,late,east,1
p_005376,rereading,lab,community,low,early,east,1
p_005377,retrieval_practice,remote,undergraduate,high,late,west,1
p_005378,rereading,remote,community,low,late,west,0
p_005379,rereading,remote,undergraduate,high,early,east,0
p_005380,rereading,lab,community,low,early,west,1
p_005381,retrieval_practice,remote,undergraduate,low,early,east,1
p_005382,rereading,lab,community,high,early,west,1
p_005383,rereading,lab,undergraduate,low,late,east,0
p_005384,retrieval_practice,remote,community,high,late,west,1
p_005385,rereading,lab,community,low,early,east,1
p_005386,retrieval_practice,remote,community,low,late,east,1
p_005387,retrieval_practice,remote,undergraduate,low,early,east,1
p_005388,rereading,lab,undergraduate,high,late,east,1
p_005389,rereading,lab,community,low,late,east,0
p_005390,rereading,lab,community,high,late,east,1
p_005391,retrieval_practice,lab,undergraduate,low,early,east,1
p_005392,retrieval_practice,remote,undergraduate,high,late,west,0
p_005393,retrieval_practice,lab,undergraduate,high,late,west,0
p_005394,rereading,remote,undergraduate,high,early,east,0
p_005395,rereading,lab,community,high,early,west,1
p_005396,rereading,remote,undergraduate,high,late,west,1
p_005397,rereading,lab,community,low,late,east,1
p_005398,rereading,remote,undergraduate,low,late,west,0
p_005399,retrieval_practice,lab,community,high,late,east,1
p_005400,retrieval_practice,lab,undergraduate,high,early,east,1
p_005401,retrieval_practice,lab,undergraduate,low,early,west,0
p_005402,rereading,lab,community,high,early,west,0
p_005403,retrieval_practice,lab,undergraduate,low,early,east,1
p_005404,rereading,remote,community,low,late,east,0
p_005405,retrieval_practice,lab,undergraduate,low,early,east,1
p_005406,retrieval_practice,lab,community,high,late,west,0
p_005407,rereading,lab,undergraduate,high,early,west,0
p_005408,rereading,lab,community,low,early,west,1
p_005409,rereading,remote,undergraduate,high,early,west,0
p_005410,rereading,lab,undergraduate,high,late,west,1
p_005411,retrieval_practice,remote,undergraduate,high,late,east,0
p_005412,rereading,lab,undergraduate,low,late,east,0
p_005413,rereading,remote,undergraduate,high,late,east,1
p_005414,rereading,remote,undergraduate,low,late,west,1
p_005415,rereading,lab,undergraduate,low,early,west,1
p_005416,retrieval_practice,lab,community,high,late,west,1
p_005417,rereading,remote,undergraduate,low,late,east,0
p_005418,rereading,lab,undergraduate,high,early,east,1
p_005419,rereading,lab,undergraduate,high,early,east,1
p_005420,retrieval_practice,remote,undergraduate,high,late,west,1
p_005421,rereading,remote,undergraduate,high,early,east,1
p_005422,retrieval_practice,remote,undergraduate,low,late,east,0
p_005423,retrieval_practice,remote,undergraduate,low,early,west,1
p_005424,retrieval_practice,lab,community,low,late,west,1
p_005425,rereading,remote,undergraduate,high,late,east,0
p_005426,retrieval_practice,lab,undergraduate,low,early,west,0
p_005427,retrieval_practice,lab,undergraduate,high,early,east,0
p_005428,rereading,remote,community,low,early,east,1
p_005429,retrieval_practice,lab,community,low,late,east,0
p_005430,retrieval_practice,lab,undergraduate,high,early,east,1
p_005431,retrieval_practice,remote,community,high,early,east,0
p_005432,rereading,lab,undergraduate,low,early,east,1
p_005433,retrieval_practice,remote,undergraduate,low,late,east,0
p_005434,rereading,lab,undergraduate,low,early,west,0
p_005435,retrieval_practice,remote,undergraduate,high,early,west,0
p_005436,rereading,lab,community,high,late,west,0
p_005437,retrieval_practice,remote,community,low,late,west,0
p_005438,rereading,remote,undergraduate,low,early,east,1
p_005439,retrieval_practice,remote,undergraduate,low,late,east,1
p_005440,rereading,remote,undergraduate,high,early,west,0
p_005441,retrieval_practice,lab,undergraduate,low,late,west,1
p_005442,rereading,lab,community,low,early,east,0
p_005443,retrieval_practice,lab,undergraduate,low,late,west,0
p_005444,retrieval_practice,lab,undergraduate,low,early,east,1
p_005445,retrieval_practice,lab,undergraduate,low,early,east,1
p_005446,retrieval_practice,lab,undergraduate,low,late,east,0
p_005447,retrieval_practice,remote,undergraduate,low,late,east,0
p_005448,retrieval_practice,lab,undergraduate,low,late,west,0
p_005449,retrieval_practice,lab,community,low,early,west,0
p_005450,retrieval_practice,lab,community,high,early,west,1
p_005451,rereading,lab,undergraduate,high,early,east,1
p_005452,rereading,remote,undergraduate,low,early,east,1
p_005453,rereading,lab,community,high,early,east,1
p_005454,retrieval_practice,lab,undergraduate,low,early,west,1
p_005455,rereading,remote,undergraduate,high,early,east,0
p_005456,retrieval_practice,lab,community,low,late,west,0
p_005457,rereading,lab,undergraduate,high,early,west,0
p_005458,rereading,remote,undergraduate,high,early,west,0
p_005459,rereading,lab,undergraduate,low,late,east,1
p_005460,rereading,remote,undergraduate,low,early,west,1
p_005461,retrieval_practice,remote,undergraduate,high,late,east,0
p_005462,rereading,lab,community,high,early,east,0
p_005463,rereading,lab,undergraduate,low,early,east,0
p_005464,retrieval_practice,remote,community,high,early,east,1
p_005465,rereading,remote,undergraduate,low,late,west,0
p_005466,rereading,lab,undergraduate,low,late,east,1
p_005467,rereading,remote,community,low,early,east,0
p_005468,rereading,remote,community,high,early,east,1
p_005469,rereading,lab,community,low,late,east,0
p_005470,rereading,lab,community,low,late,west,0
p_005471,rereading,lab,undergraduate,high,early,east,1
p_005472,rereading,lab,undergraduate,low,late,west,0
p_005473,retrieval_practice,remote,undergraduate,low,late,west,1
p_005474,rereading,remote,undergraduate,high,late,west,0
p_005475,rereading,lab,undergraduate,low,late,west,1
p_005476,retrieval_practice,remote,undergraduate,low,early,west,0
p_005477,retrieval_practice,lab,undergraduate,low,early,west,0
p_005478,retrieval_practice,lab,community,high,early,east,1
p_005479,rereading,lab,undergraduate,low,late,west,0
p_005480,retrieval_practice,remote,community,high,early,west,0
p_005481,retrieval_practice,remote,undergraduate,low,late,east,1
p_005482,rereading,lab,community,high,late,west,1
p_005483,retrieval_practice,remote,undergraduate,high,late,west,1
p_005484,retrieval_practice,lab,undergraduate,high,late,west,1
p_005485,rereading,lab,community,low,early,west,0
p_005486,rereading,remote,undergraduate,high,early,west,1
p_005487,rereading,remote,community,high,early,west,0
p_005488,rereading,lab,community,low,early,east,1
p_005489,retrieval_practice,remote,undergraduate,high,late,west,0
p_005490,retrieval_practice,remote,community,low,late,east,1
p_005491,retrieval_practice,lab,undergraduate,low,early,west,1
p_005492,rereading,lab,undergraduate,high,late,east,0
p_005493,rereading,lab,community,low,late,west,0
p_005494,retrieval_practice,remote,community,low,early,east,1
p_005495,retrieval_practice,lab,undergraduate,high,early,east,0
p_005496,rereading,lab,undergraduate,high,late,west,1
p_005497,retrieval_practice,lab,community,low,late,west,0
p_005498,rereading,lab,undergraduate,low,late,west,0
p_005499,rereading,lab,community,low,late,west,0
p_005500,rereading,lab,undergraduate,low,early,east,1
p_005501,rereading,remote,undergraduate,high,late,east,0
p_005502,rereading,lab,undergraduate,low,early,west,0
p_005503,rereading,lab,community,low,early,west,0
p_005504,retrieval_practice,lab,community,low,early,west,0
p_005505,rereading,remote,community,low,early,east,1
p_005506,rereading,remote,undergraduate,high,early,west,0
p_005507,rereading,remote,undergraduate,high,late,west,0
p_005508,rereading,lab,community,high,early,east,1
p_005509,retrieval_practice,lab,undergraduate,high,early,east,0
p_005510,retrieval_practice,remote,community,low,early,west,0
p_005511,retrieval_practice,lab,undergraduate,low,early,west,1
p_005512,rereading,remote,undergraduate,low,early,west,1
p_005513,retrieval_practice,lab,community,low,early,west,0
p_005514,rereading,lab,undergraduate,low,late,east,0
p_005515,rereading,lab,community,low,early,east,0
p_005516,retrieval_practice,lab,community,low,early,west,0
p_005517,rereading,lab,undergraduate,high,late,east,0
p_005518,rereading,remote,undergraduate,high,late,west,0
p_005519,rereading,remote,community,low,late,west,1
p_005520,retrieval_practice,lab,undergraduate,high,early,east,1
p_005521,retrieval_practice,remote,undergraduate,high,early,east,0
p_005522,rereading,remote,undergraduate,high,late,west,1
p_005523,retrieval_practice,lab,community,low,early,west,0
p_005524,retrieval_practice,lab,community,high,late,west,0
p_005525,retrieval_practice,lab,community,high,early,east,0
p_005526,rereading,lab,undergraduate,high,early,east,0
p_005527,retrieval_practice,lab,community,high,late,east,1
p_005528,retrieval_practice,remote,undergraduate,high,late,west,0
p_005529,rereading,lab,undergraduate,low,early,west,0
p_005530,retrieval_practice,lab,undergraduate,high,early,east,0
p_005531,retrieval_practice,remote,undergraduate,low,early,east,0
p_005532,rereading,lab,undergraduate,low,late,west,1
p_005533,rereading,lab,community,high,late,east,0
p_005534,rereading,remote,undergraduate,low,early,west,1
p_005535,rereading,remote,community,high,late,west,0
p_005536,retrieval_practice,lab,undergraduate,low,early,west,1
p_005537,retrieval_practice,remote,undergraduate,high,early,east,1
p_005538,rereading,lab,community,high,early,west,1
p_005539,rereading,remote,undergraduate,low,early,east,0
p_005540,retrieval_practice,remote,community,high,early,west,0
p_005541,retrieval_practice,remote,community,high,late,east,1
p_005542,rereading,lab,undergraduate,high,early,west,0
p_005543,retrieval_practice,remote,undergraduate,high,early,east,1
p_005544,retrieval_practice,lab,undergraduate,low,early,west,0
p_005545,retrieval_practice,lab,community,high,early,west,1
p_005546,rereading,lab,community,high,early,west,0
p_005547,rereading,lab,undergraduate,low,late,west,1
p_005548,rereading,remote,community,high,late,east,1
p_005549,retrieval_practice,remote,undergraduate,high,early,west,0
p_005550,retrieval_practice,remote,community,low,early,east,1
p_005551,rereading,lab,community,high,early,west,1
p_005552,rereading,lab,undergraduate,high,early,east,1
p_005553,rereading,lab,community,low,late,east,1
p_005554,rereading,remote,community,low,early,west,0
p_005555,retrieval_practice,lab,undergraduate,low,late,west,0
p_005556,rereading,remote,community,high,late,east,0
p_005557,retrieval_practice,lab,undergraduate,high,early,east,1
p_005558,retrieval_practice,lab,community,low,early,west,0
p_005559,retrieval_practice,lab,undergraduate,low,late,east,0
p_005560,retrieval_practice,lab,community,high,early,west,1
p_005561,rereading,lab,undergraduate,high,early,east,1
p_005562,rereading,lab,undergraduate,high,early,east,0
p_005563,retrieval_practice,remote,undergraduate,high,early,west,0
p_005564,retrieval_practice,lab,community,low,late,west,0
p_005565,retrieval_practice,lab,community,low,late,west,0
p_005566,rereading,lab,community,high,early,west,1
p_005567,retrieval_practice,remote,community,high,late,east,1
p_005568,retrieval_practice,lab,undergraduate,high,early,west,0
p_005569,rereading,lab,undergraduate,low,early,east,1
p_005570,retrieval_practice,remote,undergraduate,high,late,west,0
p_005571,retrieval_practice,remote,undergraduate,low,early,west,1
p_005572,rereading,remote,undergraduate,low,late,east,0
p_005573,rereading,remote,community,high,late,west,1
p_005574,rereading,lab,undergraduate,low,early,west,0
p_005575,retrieval_practice,lab,community,low,late,west,0
p_005576,retrieval_practice,lab,community,high,early,west,0
p_005577,rereading,remote,undergraduate,high,late,east,1
p_005578,retrieval_practice,lab,community,high,early,west,1
p_005579,rereading,lab,community,high,late,west,0
p_005580,retrieval_practice,lab,community,low,early,east,0
p_005581,rereading,remote,community,high,late,west,0
p_005582,rereading,lab,undergraduate,high,late,east,1
p_005583,retrieval_practice,lab,community,high,late,west,1
p_005584,retrieval_practice,lab,community,high,early,west,1
p_005585,rereading,lab,undergraduate,low,early,west,1
p_005586,retrieval_practice,lab,undergraduate,low,late,east,0
p_005587,rereading,lab,undergraduate,low,early,east,1
p_005588,retrieval_practice,remote,undergraduate,high,late,west,0
p_005589,retrieval_practice,lab,undergraduate,low,early,west,1
p_005590,rereading,lab,undergraduate,low,early,east,1
p_005591,rereading,lab,undergraduate,high,early,east,1
p_005592,retrieval_practice,remote,community,high,late,west,0
p_005593,rereading,remote,community,low,early,east,1
p_005594,rereading,lab,undergraduate,low,early,west,1
p_005595,retrieval_practice,lab,community,low,early,west,1
p_005596,retrieval_practice,lab,community,low,late,west,0
p_005597,rereading,remote,community,high,early,west,1
p_005598,rereading,lab,community,high,early,west,1
p_005599,retrieval_practice,remote,community,low,early,west,0
p_005600,retrieval_practice,lab,undergraduate,high,early,east,1
p_005601,retrieval_practice,remote,community,low,early,east,1
p_005602,retrieval_practice,lab,undergraduate,low,late,east,1
p_005603,retrieval_practice,remote,undergraduate,high,late,west,1
p_005604,rereading,lab,community,low,early,east,0
p_005605,retrieval_practice,lab,community,high,early,west,1
p_005606,rereading,lab,community,low,late,west,1
p_005607,rereading,remote,undergraduate,low,late,west,0
p_005608,retrieval_practice,remote,undergraduate,low,late,east,0
p_005609,rereading,lab,undergraduate,high,early,east,1
p_005610,retrieval_practice,lab,undergraduate,high,late,east,0
p_005611,retrieval_practice,lab,undergraduate,low,late,east,1
p_005612,rereading,lab,undergraduate,high,late,west,0
p_005613,rereading,lab,undergraduate,low,early,west,0
p_005614,rereading,remote,community,low,early,west,1
p_005615,rereading,lab,undergraduate,high,late,west,1
p_005616,rereading,lab,community,high,late,west,0
p_005617,rereading,lab,undergraduate,high,early,east,0
p_005618,retrieval_practice,lab,community,high,late,west,0
p_005619,rereading,lab,undergraduate,low,late,west,1
p_005620,rereading,lab,community,high,late,east,1
p_005621,rereading,remote,community,low,late,east,1
p_005622,retrieval_practice,lab,community,low,early,east,0
p_005623,retrieval_practice,lab,community,high,late,east,1
p_005624,rereading,lab,undergraduate,high,early,west,0
p_005625,retrieval_practice,lab,community,high,late,east,1
p_005626,rereading,lab,undergraduate,low,early,west,1
p_005627,retrieval_practice,lab,community,high,early,east,1
p_005628,retrieval_practice,lab,undergraduate,low,late,west,0
p_005629,retrieval_practice,remote,undergraduate,low,late,west,0
p_005630,retrieval_practice,remote,community,high,early,west,0
p_005631,rereading,lab,undergraduate,low,late,east,0
p_005632,rereading,remote,community,high,early,east,1
p_005633,retrieval_practice,remote,community,high,early,east,1
p_005634,retrieval_practice,remote,undergraduate,low,late,east,1
p_005635,rereading,remote,undergraduate,high,late,west,1
p_005636,retrieval_practice,remote,undergraduate,high,late,east,1
p_005637,rereading,remote,undergraduate,high,late,west,1
p_005638,rereading,lab,undergraduate,high,late,west,0
p_005639,rereading,lab,undergraduate,high,early,east,1
p_005640,retrieval_practice,lab,undergraduate,low,late,east,1
p_005641,retrieval_practice,remote,undergraduate,high,early,east,1
p_005642,retrieval_practice,lab,undergraduate,low,early,west,1
p_005643,retrieval_practice,remote,undergraduate,high,early,east,1
p_005644,retrieval_practice,remote,community,high,early,west,0
p_005645,rereading,lab,community,low,early,east,1
p_005646,rereading,remote,undergraduate,low,early,west,0
p_005647,retrieval_practice,lab,community,low,late,east,1
p_005648,retrieval_practice,remote,community,low,early,west,0
p_005649,rereading,remote,undergraduate,low,late,west,0
p_005650,rereading,lab,undergraduate,low,early,east,0
p_005651,retrieval_practice,lab,community,low,late,east,1
p_005652,retrieval_practice,remote,community,high,late,east,0
p_005653,rereading,lab,undergraduate,high,early,west,0
p_005654,rereading,remote,undergraduate,low,late,east,0
p_005655,rereading,remote,community,low,early,east,1
p_005656,rereading,remote,community,high,early,east,0
p_005657,rereading,remote,community,low,late,east,0
p_005658,retrieval_practice,remote,undergraduate,high,late,east,0
p_005659,rereading,lab,undergraduate,high,early,west,1
p_005660,retrieval_practice,remote,undergraduate,low,late,west,1
p_005661,rereading,remote,undergraduate,low,late,east,0
p_005662,rereading,lab,community,low,late,east,1
p_005663,retrieval_practice,lab,community,high,early,east,1
p_005664,retrieval_practice,lab,community,low,early,east,0
p_005665,rereading,lab,community,high,late,east,0
p_005666,rereading,lab,undergraduate,high,late,east,0
p_005667,retrieval_practice,remote,community,high,early,west,1
p_005668,retrieval_practice,remote,community,high,late,east,0
p_005669,retrieval_practice,lab,undergraduate,high,late,east,1
p_005670,retrieval_practice,lab,undergraduate,high,early,west,0
p_005671,retrieval_practice,lab,undergraduate,low,late,east,0
p_005672,rereading,remote,community,low,late,east,0
p_005673,retrieval_practice,lab,community,low,late,east,0
p_005674,rereading,remote,undergraduate,low,early,west,0
p_005675,rereading,remote,undergraduate,low,late,east,0
p_005676,rereading,lab,community,low,early,east,0
p_005677,rereading,lab,undergraduate,high,early,east,0
p_005678,rereading,lab,undergraduate,high,early,west,0
p_005679,retrieval_practice,lab,undergraduate,high,late,west,0
p_005680,rereading,lab,undergraduate,low,late,east,1
p_005681,retrieval_practice,lab,undergraduate,high,late,west,0
p_005682,rereading,lab,undergraduate,low,early,west,0
p_005683,retrieval_practice,lab,undergraduate,low,early,west,0
p_005684,retrieval_practice,remote,community,low,late,east,1
p_005685,rereading,remote,undergraduate,low,late,east,1
p_005686,retrieval_practice,lab,undergraduate,high,late,east,1
p_005687,rereading,remote,undergraduate,high,late,west,1
p_005688,rereading,remote,undergraduate,low,late,east,1
p_005689,rereading,remote,undergraduate,high,early,west,0
p_005690,retrieval_practice,lab,undergraduate,high,early,east,0
p_005691,retrieval_practice,remote,community,low,early,east,1
p_005692,rereading,remote,undergraduate,high,late,east,0
p_005693,retrieval_practice,remote,undergraduate,high,late,west,1
p_005694,retrieval_practice,remote,community,high,late,west,0
p_005695,retrieval_practice,remote,undergraduate,low,late,west,0
p_005696,retrieval_practice,lab,undergraduate,high,late,west,0
p_005697,retrieval_practice,lab,community,low,late,west,0
p_005698,retrieval_practice,remote,undergraduate,high,late,west,1
p_005699,rereading,lab,undergraduate,low,late,west,1
p_005700,retrieval_practice,lab,undergraduate,high,late,west,1
p_005701,rereading,lab,undergraduate,high,early,west,1
p_005702,retrieval_practice,remote,undergraduate,high,early,east,0
p_005703,retrieval_practice,lab,undergraduate,low,late,west,0
p_005704,retrieval_practice,remote,community,low,late,east,1
p_005705,retrieval_practice,remote,undergraduate,low,late,west,0
p_005706,rereading,lab,undergraduate,low,late,east,0
p_005707,rereading,remote,undergraduate,high,early,west,0
p_005708,rereading,lab,undergraduate,low,late,west,0
p_005709,rereading,remote,undergraduate,low,late,west,0
p_005710,retrieval_practice,remote,community,low,early,west,0
p_005711,retrieval_practice,lab,undergraduate,high,early,west,1
p_005712,rereading,lab,community,low,late,east,1
p_005713,retrieval_practice,remote,community,low,late,east,0
p_005714,retrieval_practice,remote,undergraduate,high,late,west,1
p_005715,rereading,remote,undergraduate,low,early,east,0
p_005716,retrieval_practice,remote,community,low,late,west,0
p_005717,retrieval_practice,lab,community,low,late,east,1
p_005718,rereading,remote,community,high,late,west,0
p_005719,rereading,remote,undergraduate,high,early,west,0
p_005720,retrieval_practice,lab,undergraduate,low,early,west,0
p_005721,retrieval_practice,lab,community,low,late,east,0
p_005722,retrieval_practice,remote,undergraduate,high,early,west,1
p_005723,rereading,lab,undergraduate,high,late,east,1
p_005724,retrieval_practice,remote,undergraduate,high,early,east,0
p_005725,retrieval_practice,remote,undergraduate,low,early,east,0
p_005726,retrieval_practice,lab,community,low,late,east,0
p_005727,rereading,remote,undergraduate,high,early,west,1
p_005728,retrieval_practice,remote,undergraduate,high,late,west,1
p_005729,retrieval_practice,remote,undergraduate,low,early,east,0
p_005730,retrieval_practice,lab,community,low,early,west,0
p_005731,retrieval_practice,lab,undergraduate,low,late,west,1
p_005732,retrieval_practice,remote,undergraduate,high,late,east,0
p_005733,rereading,remote,community,low,early,west,0
p_005734,retrieval_practice,remote,undergraduate,high,late,east,0
p_005735,retrieval_practice,lab,undergraduate,high,early,west,0
p_005736,rereading,remote,community,low,late,east,1
p_005737,retrieval_practice,remote,undergraduate,low,late,west,1
p_005738,retrieval_practice,lab,community,high,late,west,1
p_005739,rereading,lab,undergraduate,high,late,east,1
p_005740,retrieval_practice,lab,undergraduate,high,early,east,1
p_005741,retrieval_practice,lab,undergraduate,high,late,east,0
p_005742,retrieval_practice,lab,community,low,late,west,1
p_005743,retrieval_practice,remote,community,high,late,west,1
p_005744,rereading,remote,community,high,early,west,0
p_005745,retrieval_practice,remote,undergraduate,high,late,west,1
p_005746,rereading,lab,undergraduate,high,early,east,0
p_005747,retrieval_practice,remote,community,high,early,west,0
p_005748,retrieval_practice,remote,undergraduate,low,late,east,1
p_005749,retrieval_practice,lab,undergraduate,low,late,east,1
p_005750,retrieval_practice,lab,undergraduate,low,early,west,1
p_005751,retrieval_practice,lab,community,low,late,east,1
p_005752,rereading,lab,undergraduate,high,late,west,1
p_005753,rereading,remote,community,low,early,east,1
p_005754,retrieval_practice,remote,undergraduate,high,late,west,0
p_005755,retrieval_practice,remote,undergraduate,high,early,east,1
p_005756,retrieval_practice,remote,community,low,early,west,1
p_005757,rereading,remote,community,low,late,east,0
p_005758,rereading,remote,community,high,early,east,0
p_005759,rereading,lab,undergraduate,low,early,east,1
p_005760,retrieval_practice,remote,community,high,late,west,0
p_005761,rereading,lab,community,low,early,west,0
p_005762,retrieval_practice,remote,undergraduate,high,late,west,0
p_005763,rereading,lab,undergraduate,low,late,east,0
p_005764,retrieval_practice,remote,undergraduate,high,early,west,0
p_005765,retrieval_practice,remote,undergraduate,low,late,west,0
p_005766,retrieval_practice,lab,undergraduate,low,late,west,0
p_005767,retrieval_practice,remote,undergraduate,low,early,west,0
p_005768,rereading,remote,community,low,late,west,0
p_005769,rereading,lab,undergraduate,low,late,east,0
p_005770,retrieval_practice,lab,undergraduate,high,early,east,0
p_005771,retrieval_practice,lab,undergraduate,low,early,east,1
p_005772,rereading,remote,community,low,early,west,0
p_005773,retrieval_practice,remote,community,low,late,west,1
p_005774,retrieval_practice,lab,undergraduate,low,late,east,0
p_005775,rereading,remote,undergraduate,high,late,east,1
p_005776,rereading,remote,community,low,late,east,1
p_005777,retrieval_practice,remote,community,low,late,west,1
p_005778,rereading,lab,community,low,late,east,1
p_005779,retrieval_practice,remote,community,high,late,east,0
p_005780,rereading,lab,community,high,late,east,0
p_005781,rereading,lab,community,low,late,west,0
p_005782,rereading,remote,community,low,early,east,0
p_005783,rereading,lab,undergraduate,high,early,west,1
p_005784,retrieval_practice,remote,undergraduate,high,early,west,1
p_005785,rereading,remote,undergraduate,low,early,east,1
p_005786,rereading,remote,undergraduate,high,late,west,1
p_005787,rereading,remote,undergraduate,low,early,east,1
p_005788,rereading,lab,undergraduate,low,early,west,1
p_005789,rereading,remote,undergraduate,low,late,east,0
p_005790,retrieval_practice,lab,undergraduate,high,early,west,1
p_005791,retrieval_practice,remote,undergraduate,high,late,east,0
p_005792,retrieval_practice,lab,community,low,early,east,1
p_005793,rereading,lab,community,high,early,west,1
p_005794,rereading,remote,community,high,late,east,0
p_005795,retrieval_practice,lab,undergraduate,high,late,west,1
p_005796,retrieval_practice,lab,community,low,early,west,1
p_005797,retrieval_practice,lab,undergraduate,low,early,west,1
p_005798,retrieval_practice,lab,community,low,late,east,1
p_005799,retrieval_practice,lab,undergraduate,low,early,east,0
p_005800,retrieval_practice,lab,community,low,late,west,1
p_005801,retrieval_practice,lab,community,high,late,east,0
p_005802,rereading,lab,community,low,late,west,0
p_005803,retrieval_practice,remote,undergraduate,low,late,west,1
p_005804,retrieval_practice,lab,community,high,late,east,0
p_005805,retrieval_practice,remote,community,low,early,west,1
p_005806,rereading,lab,undergraduate,high,late,west,0
p_005807,retrieval_practice,lab,undergraduate,high,early,east,1
p_005808,retrieval_practice,remote,undergraduate,high,late,east,0
p_005809,rereading,lab,undergraduate,low,early,east,0
p_005810,rereading,lab,undergraduate,high,late,west,1
p_005811,rereading,lab,community,low,early,east,0
p_005812,retrieval_practice,remote,community,low,late,east,0
p_005813,retrieval_practice,lab,community,low,early,west,1
p_005814,rereading,lab,community,low,early,west,1
p_005815,retrieval_practice,lab,community,high,early,west,1
p_005816,retrieval_practice,lab,undergraduate,low,late,west,0
p_005817,retrieval_practice,lab,undergraduate,low,late,west,0
p_005818,rereading,lab,community,low,late,east,1
p_005819,rereading,lab,community,high,late,west,0
p_005820,rereading,lab,community,low,early,east,0
p_005821,retrieval_practice,remote,undergraduate,low,early,west,1
p_005822,rereading,remote,community,low,late,west,1
p_005823,rereading,lab,undergraduate,high,late,east,0
p_005824,rereading,lab,community,low,early,east,0
p_005825,rereading,remote,undergraduate,high,early,east,1
p_005826,retrieval_practice,lab,undergraduate,high,early,east,0
p_005827,rereading,lab,undergraduate,high,early,east,0
p_005828,rereading,lab,undergraduate,low,late,west,1
p_005829,retrieval_practice,remote,undergraduate,high,late,east,1
p_005830,retrieval_practice,lab,undergraduate,low,late,west,0
p_005831,retrieval_practice,lab,undergraduate,high,late,west,0
p_005832,rereading,lab,undergraduate,low,early,east,0
p_005833,retrieval_practice,lab,community,high,early,west,1
p_005834,retrieval_practice,lab,undergraduate,low,early,west,1
p_005835,retrieval_practice,lab,community,high,early,east,0
p_005836,retrieval_practice,remote,undergraduate,low,late,east,1
p_005837,rereading,remote,undergraduate,low,early,east,1
p_005838,retrieval_practice,lab,undergraduate,low,late,east,1
p_005839,rereading,remote,undergraduate,high,late,west,1
p_005840,retrieval_practice,lab,community,high,early,east,1
p_005841,rereading,lab,undergraduate,low,early,west,1
p_005842,retrieval_practice,lab,undergraduate,low,early,east,0
p_005843,retrieval_practice,lab,community,low,late,west,0
p_005844,rereading,remote,undergraduate,low,late,east,1
p_005845,rereading,lab,undergraduate,low,early,west,1
p_005846,rereading,lab,community,high,early,west,0
p_005847,rereading,lab,community,high,early,east,1
p_005848,rereading,remote,community,low,late,east,0
p_005849,rereading,lab,undergraduate,low,early,west,0
p_005850,rereading,remote,undergraduate,low,late,east,1
p_005851,retrieval_practice,remote,community,low,early,east,0
p_005852,rereading,lab,undergraduate,low,early,east,0
p_005853,rereading,remote,undergraduate,low,early,west,0
p_005854,rereading,lab,community,high,early,east,0
p_005855,rereading,remote,undergraduate,low,late,east,0
p_005856,retrieval_practice,lab,community,low,early,east,1
p_005857,rereading,lab,undergraduate,low,late,west,0
p_005858,rereading,lab,community,low,early,east,0
p_005859,retrieval_practice,lab,undergraduate,low,early,west,1
p_005860,retrieval_practice,lab,undergraduate,high,late,west,1
p_005861,retrieval_practice,remote,community,high,early,west,0
p_005862,retrieval_practice,lab,undergraduate,low,early,west,0
p_005863,retrieval_practice,remote,community,low,late,west,0
p_005864,retrieval_practice,remote,community,high,late,west,1
p_005865,retrieval_practice,lab,undergraduate,low,early,east,0
p_005866,retrieval_practice,remote,undergraduate,high,late,west,0
p_005867,retrieval_practice,lab,undergraduate,high,early,west,0
p_005868,rereading,remote,undergraduate,high,late,west,0
p_005869,retrieval_practice,lab,undergraduate,low,late,west,1
p_005870,retrieval_practice,remote,undergraduate,low,late,west,0
p_005871,rereading,lab,undergraduate,low,late,west,1
p_005872,retrieval_practice,remote,community,low,early,west,0
p_005873,retrieval_practice,remote,undergraduate,high,late,east,0
p_005874,rereading,lab,community,high,early,west,1
p_005875,rereading,lab,undergraduate,low,late,west,0
p_005876,rereading,lab,undergraduate,low,early,west,1
p_005877,rereading,remote,undergraduate,high,late,west,1
p_005878,rereading,remote,undergraduate,low,early,east,1
p_005879,rereading,remote,undergraduate,low,late,east,0
p_005880,rereading,lab,undergraduate,high,early,east,1
p_005881,rereading,lab,community,high,late,east,0
p_005882,rereading,lab,undergraduate,high,early,west,1
p_005883,retrieval_practice,lab,undergraduate,low,late,east,0
p_005884,rereading,remote,undergraduate,low,late,west,0
p_005885,rereading,remote,undergraduate,low,early,west,1
p_005886,rereading,remote,undergraduate,low,late,east,0
p_005887,rereading,lab,community,low,early,west,1
p_005888,retrieval_practice,lab,community,low,late,west,1
p_005889,rereading,lab,community,low,late,east,1
p_005890,retrieval_practice,remote,undergraduate,low,late,east,1
p_005891,retrieval_practice,remote,undergraduate,high,early,west,1
p_005892,retrieval_practice,remote,undergraduate,high,late,west,0
p_005893,rereading,remote,community,high,late,west,0
p_005894,rereading,remote,undergraduate,low,early,west,1
p_005895,rereading,remote,community,low,late,east,1
p_005896,rereading,lab,undergraduate,high,late,east,1
p_005897,retrieval_practice,remote,undergraduate,low,late,east,1
p_005898,rereading,lab,undergraduate,low,early,west,0
p_005899,rereading,remote,undergraduate,low,early,west,0
p_005900,rereading,lab,community,high,late,east,0
p_005901,rereading,lab,undergraduate,low,early,east,0
p_005902,retrieval_practice,remote,community,high,early,west,1
p_005903,retrieval_practice,lab,undergraduate,low,early,west,1
p_005904,rereading,remote,community,low,late,east,0
p_005905,retrieval_practice,lab,community,low,late,east,1
p_005906,rereading,lab,undergraduate,high,early,east,1
p_005907,rereading,lab,undergraduate,high,late,east,1
p_005908,rereading,remote,undergraduate,high,early,east,0
p_005909,rereading,remote,community,high,late,west,0
p_005910,rereading,lab,community,low,late,west,0
p_005911,rereading,lab,community,low,late,west,1
p_005912,retrieval_practice,remote,community,high,early,east,0
p_005913,rereading,lab,undergraduate,low,late,east,1
p_005914,rereading,lab,undergraduate,high,late,east,1
p_005915,rereading,lab,undergraduate,low,early,east,1
p_005916,rereading,remote,undergraduate,low,early,east,1
p_005917,rereading,remote,community,high,late,west,0
p_005918,rereading,lab,community,low,late,east,0
p_005919,retrieval_practice,remote,community,high,early,west,1
p_005920,retrieval_practice,lab,community,high,early,east,0
p_005921,retrieval_practice,remote,community,high,late,west,0
p_005922,rereading,lab,community,low,early,west,1
p_005923,rereading,remote,undergraduate,high,late,west,1
p_005924,rereading,remote,undergraduate,low,early,west,1
p_005925,rereading,lab,community,high,early,west,1
p_005926,rereading,lab,undergraduate,low,early,east,1
p_005927,rereading,lab,community,low,late,west,0
p_005928,rereading,lab,community,low,early,west,1
p_005929,rereading,lab,undergraduate,high,late,west,0
p_005930,retrieval_practice,lab,undergraduate,low,late,east,1
p_005931,rereading,lab,undergraduate,low,early,east,0
p_005932,rereading,lab,undergraduate,low,late,east,1
p_005933,rereading,remote,community,low,early,east,1
p_005934,retrieval_practice,remote,undergraduate,low,late,east,0
p_005935,retrieval_practice,lab,undergraduate,high,early,west,0
p_005936,rereading,remote,community,high,late,west,1
p_005937,rereading,lab,undergraduate,high,early,east,1
p_005938,rereading,lab,community,high,early,west,1
p_005939,rereading,remote,community,high,early,east,0
p_005940,rereading,lab,undergraduate,low,late,west,1
p_005941,rereading,lab,community,high,early,east,1
p_005942,rereading,lab,undergraduate,low,late,west,0
p_005943,retrieval_practice,lab,community,high,early,west,1
p_005944,rereading,lab,undergraduate,low,late,east,0
p_005945,rereading,lab,undergraduate,high,late,west,1
p_005946,rereading,remote,undergraduate,low,early,east,0
p_005947,retrieval_practice,lab,undergraduate,low,late,east,1
p_005948,retrieval_practice,lab,undergraduate,high,early,east,0
p_005949,retrieval_practice,remote,community,high,late,east,0
p_005950,retrieval_practice,remote,community,low,early,west,1
p_005951,retrieval_practice,lab,undergraduate,low,early,west,1
p_005952,rereading,lab,undergraduate,high,early,east,0
p_005953,rereading,lab,undergraduate,low,early,east,0
p_005954,retrieval_practice,remote,undergraduate,high,early,east,1
p_005955,retrieval_practice,lab,community,low,late,east,0
p_005956,retrieval_practice,lab,community,low,early,west,0
p_005957,rereading,lab,community,low,early,east,1
p_005958,retrieval_practice,lab,undergraduate,low,early,west,1
p_005959,rereading,lab,community,high,late,west,1
p_005960,rereading,remote,undergraduate,high,early,east,1
p_005961,rereading,remote,community,low,late,east,0
p_005962,retrieval_practice,remote,community,low,late,west,1
p_005963,rereading,lab,undergraduate,low,early,west,0
p_005964,rereading,remote,undergraduate,low,early,east,0
p_005965,rereading,remote,community,low,early,east,1
p_005966,retrieval_practice,lab,community,high,early,east,1
p_005967,rereading,lab,undergraduate,high,late,east,0
p_005968,rereading,remote,undergraduate,low,early,east,1
p_005969,retrieval_practice,lab,undergraduate,high,late,east,1
p_005970,retrieval_practice,lab,undergraduate,low,late,west,1
p_005971,rereading,lab,undergraduate,high,early,east,0
p_005972,rereading,lab,undergraduate,low,early,east,1
p_005973,rereading,lab,community,high,late,west,0
p_005974,retrieval_practice,remote,undergraduate,high,early,west,1
p_005975,retrieval_practice,lab,community,high,early,east,1
p_005976,retrieval_practice,lab,community,low,late,east,1
p_005977,retrieval_practice,remote,community,high,early,west,0
p_005978,rereading,lab,undergraduate,low,early,east,0
p_005979,rereading,lab,undergraduate,low,late,west,1
p_005980,rereading,remote,community,low,early,east,0
p_005981,rereading,lab,community,low,late,west,1
p_005982,rereading,remote,undergraduate,high,early,east,0
p_005983,retrieval_practice,remote,undergraduate,high,late,east,1
p_005984,retrieval_practice,remote,undergraduate,high,late,west,1
p_005985,rereading,lab,undergraduate,low,late,west,1
p_005986,rereading,remote,undergraduate,low,late,east,0
p_005987,rereading,remote,community,low,early,east,1
p_005988,retrieval_practice,lab,undergraduate,high,late,west,1
p_005989,rereading,lab,community,high,early,east,1
p_005990,retrieval_practice,lab,community,high,early,west,1
p_005991,rereading,lab,community,low,early,west,0
p_005992,retrieval_practice,lab,undergraduate,high,early,west,0
p_005993,rereading,lab,undergraduate,low,late,east,1
p_005994,retrieval_practice,remote,undergraduate,low,late,east,0
p_005995,rereading,remote,community,high,late,west,0
p_005996,rereading,lab,community,low,early,east,0
p_005997,rereading,remote,undergraduate,low,late,west,0
p_005998,rereading,lab,undergraduate,high,early,east,1
p_005999,rereading,lab,community,high,early,west,1
p_006000,retrieval_practice,lab,community,high,late,east,1
p_006001,rereading,remote,community,high,early,west,1
p_006002,retrieval_practice,lab,undergraduate,high,early,west,1
p_006003,rereading,lab,community,high,late,east,1
p_006004,rereading,remote,community,low,early,west,1
p_006005,rereading,lab,undergraduate,low,early,west,0
p_006006,retrieval_practice,lab,community,high,late,west,1
p_006007,rereading,remote,community,low,late,west,0
p_006008,retrieval_practice,lab,undergraduate,low,early,west,1
p_006009,retrieval_practice,remote,community,low,late,east,1
p_006010,rereading,lab,undergraduate,high,early,east,0
p_006011,retrieval_practice,remote,community,high,early,east,0
p_006012,rereading,lab,undergraduate,high,early,east,0
p_006013,rereading,remote,undergraduate,high,late,east,1
p_006014,retrieval_practice,lab,undergraduate,high,late,west,1
p_006015,retrieval_practice,remote,undergraduate,high,early,east,1
p_006016,rereading,lab,community,high,early,west,0
p_006017,retrieval_practice,lab,undergraduate,low,early,east,1
p_006018,rereading,remote,undergraduate,high,early,east,1
p_006019,rereading,lab,community,high,early,east,0
p_006020,rereading,remote,undergraduate,low,early,east,0
p_006021,rereading,lab,community,high,early,west,1
p_006022,rereading,lab,undergraduate,low,early,west,0
p_006023,rereading,lab,undergraduate,low,early,west,1
p_006024,retrieval_practice,remote,undergraduate,high,late,west,1
p_006025,rereading,remote,undergraduate,low,late,east,0
p_006026,rereading,remote,undergraduate,low,early,west,0
p_006027,rereading,lab,community,high,late,west,1
p_006028,retrieval_practice,lab,undergraduate,high,late,west,0
p_006029,retrieval_practice,lab,undergraduate,high,late,west,1
p_006030,rereading,remote,undergraduate,low,early,east,0
p_006031,rereading,lab,undergraduate,low,early,west,1
p_006032,retrieval_practice,lab,undergraduate,low,early,east,1
p_006033,rereading,remote,undergraduate,high,late,east,0
p_006034,retrieval_practice,lab,undergraduate,high,early,west,1
p_006035,retrieval_practice,lab,undergraduate,high,early,east,0
p_006036,retrieval_practice,lab,undergraduate,high,late,west,1
p_006037,retrieval_practice,lab,undergraduate,high,late,west,0
p_006038,retrieval_practice,lab,community,low,late,east,0
p_006039,retrieval_practice,remote,community,high,late,east,1
p_006040,retrieval_practice,lab,undergraduate,low,early,west,1
p_006041,retrieval_practice,remote,undergraduate,high,late,east,0
p_006042,rereading,remote,undergraduate,high,late,west,0
p_006043,rereading,remote,undergraduate,high,late,west,0
p_006044,retrieval_practice,remote,undergraduate,low,early,east,0
p_006045,rereading,remote,undergraduate,high,late,east,0
p_006046,retrieval_practice,lab,undergraduate,high,early,west,1
p_006047,retrieval_practice,lab,undergraduate,high,early,east,0
p_006048,rereading,lab,community,high,late,east,1
p_006049,rereading,lab,undergraduate,high,late,west,1
p_006050,rereading,lab,undergraduate,high,early,east,0
p_006051,rereading,lab,undergraduate,low,late,east,0
p_006052,retrieval_practice,lab,community,low,late,east,1
p_006053,retrieval_practice,lab,undergraduate,low,late,east,1
p_006054,rereading,lab,community,high,late,west,1
p_006055,rereading,remote,undergraduate,high,late,west,1
p_006056,retrieval_practice,lab,community,low,early,east,1
p_006057,rereading,lab,community,low,early,west,1
p_006058,rereading,remote,undergraduate,low,late,west,0
p_006059,rereading,remote,community,low,early,west,0
p_006060,rereading,lab,community,high,early,west,0
p_006061,retrieval_practice,remote,undergraduate,high,late,east,0
p_006062,retrieval_practice,remote,undergraduate,high,late,west,0
p_006063,retrieval_practice,remote,undergraduate,low,late,west,1
p_006064,retrieval_practice,lab,community,high,early,east,0
p_006065,retrieval_practice,lab,community,low,early,east,1
p_006066,rereading,lab,undergraduate,low,early,east,1
p_006067,retrieval_practice,remote,undergraduate,low,early,east,0
p_006068,rereading,remote,undergraduate,low,early,west,0
p_006069,rereading,lab,undergraduate,low,early,west,0
p_006070,retrieval_practice,lab,undergraduate,high,early,west,0
p_006071,rereading,remote,undergraduate,high,early,west,1
p_006072,retrieval_practice,lab,undergraduate,low,late,west,1
p_006073,rereading,remote,community,high,early,east,0
p_006074,rereading,remote,community,low,late,west,0
p_006075,retrieval_practice,remote,community,high,early,east,0
p_006076,retrieval_practice,remote,undergraduate,low,late,east,0
p_006077,retrieval_practice,remote,community,low,late,east,1
p_006078,rereading,remote,undergraduate,high,late,west,1
p_006079,retrieval_practice,lab,undergraduate,high,early,east,0
p_006080,rereading,lab,undergraduate,low,early,west,0
p_006081,rereading,lab,undergraduate,low,late,east,0
p_006082,retrieval_practice,remote,community,high,early,east,1
p_006083,retrieval_practice,lab,community,low,early,west,0
p_006084,rereading,remote,community,high,early,west,1
p_006085,retrieval_practice,lab,undergraduate,high,late,west,1
p_006086,rereading,lab,undergraduate,high,early,east,0
p_006087,rereading,lab,community,high,late,east,1
p_006088,rereading,remote,community,low,early,west,0
p_006089,rereading,lab,community,high,late,west,0
p_006090,rereading,lab,community,high,late,east,1
p_006091,rereading,remote,community,high,late,east,0
p_006092,rereading,lab,community,high,late,west,0
p_006093,retrieval_practice,remote,community,high,late,east,0
p_006094,rereading,lab,undergraduate,low,late,west,1
p_006095,retrieval_practice,remote,undergraduate,low,early,east,1
p_006096,retrieval_practice,lab,undergraduate,high,early,west,1
p_006097,retrieval_practice,lab,undergraduate,low,late,west,0
p_006098,rereading,lab,undergraduate,low,late,west,0
p_006099,retrieval_practice,remote,community,low,early,east,0
p_006100,rereading,remote,undergraduate,high,early,west,0
p_006101,retrieval_practice,lab,undergraduate,low,late,west,1
p_006102,rereading,remote,undergraduate,low,late,east,0
p_006103,rereading,remote,undergraduate,high,late,east,0
p_006104,rereading,remote,community,low,late,west,0
p_006105,rereading,lab,community,low,early,west,0
p_006106,retrieval_practice,remote,undergraduate,high,late,east,0
p_006107,retrieval_practice,lab,undergraduate,high,early,east,1
p_006108,retrieval_practice,lab,undergraduate,high,late,east,0
p_006109,rereading,remote,undergraduate,high,late,east,1
p_006110,rereading,lab,community,high,early,west,0
p_006111,retrieval_practice,lab,undergraduate,low,late,west,0
p_006112,retrieval_practice,remote,undergraduate,high,late,east,0
p_006113,rereading,lab,undergraduate,low,late,west,0
p_006114,retrieval_practice,lab,undergraduate,low,early,east,1
p_006115,rereading,remote,community,high,early,west,1
p_006116,retrieval_practice,remote,community,low,early,east,0
p_006117,rereading,lab,undergraduate,high,early,west,0
p_006118,retrieval_practice,lab,undergraduate,high,late,west,1
p_006119,retrieval_practice,lab,undergraduate,low,early,west,0
p_006120,rereading,remote,community,low,late,west,0
p_006121,rereading,lab,community,high,early,east,1
p_006122,retrieval_practice,lab,undergraduate,high,late,east,0
p_006123,rereading,lab,community,high,late,west,0
p_006124,rereading,lab,community,high,late,east,0
p_006125,retrieval_practice,remote,undergraduate,low,early,west,1
p_006126,rereading,lab,community,high,early,west,1
p_006127,retrieval_practice,lab,undergraduate,high,late,west,0
p_006128,rereading,remote,undergraduate,high,late,west,0
p_006129,retrieval_practice,lab,community,low,late,east,1
p_006130,retrieval_practice,lab,community,low,late,east,1
p_006131,rereading,lab,undergraduate,high,early,west,1
p_006132,retrieval_practice,remote,undergraduate,high,late,west,1
p_006133,rereading,lab,undergraduate,high,early,east,1
p_006134,rereading,remote,community,high,late,west,0
p_006135,rereading,lab,undergraduate,low,early,east,1
p_006136,rereading,lab,undergraduate,low,late,west,0
p_006137,retrieval_practice,lab,community,low,late,east,0
p_006138,rereading,remote,community,high,early,east,1
p_006139,retrieval_practice,lab,community,low,early,west,0
p_006140,rereading,remote,undergraduate,high,late,east,1
p_006141,retrieval_practice,lab,community,high,early,west,0
p_006142,rereading,remote,undergraduate,low,late,east,0
p_006143,rereading,lab,community,high,early,west,1
p_006144,retrieval_practice,remote,community,high,late,west,1
p_006145,rereading,lab,undergraduate,high,early,west,0
p_006146,retrieval_practice,lab,undergraduate,low,early,east,0
p_006147,rereading,remote,undergraduate,high,early,east,0
p_006148,rereading,remote,community,high,late,west,1
p_006149,retrieval_practice,lab,undergraduate,low,early,west,0
p_006150,rereading,lab,community,low,early,west,0
p_006151,rereading,remote,undergraduate,high,late,east,1
p_006152,rereading,lab,community,low,early,west,1
p_006153,retrieval_practice,remote,undergraduate,low,late,west,0
p_006154,rereading,lab,undergraduate,high,late,east,0
p_006155,rereading,lab,undergraduate,high,late,east,1
p_006156,retrieval_practice,remote,community,high,late,east,1
p_006157,rereading,lab,community,high,late,west,0
p_006158,rereading,lab,undergraduate,low,early,west,0
p_006159,retrieval_practice,lab,community,high,early,west,0
p_006160,rereading,lab,community,high,early,west,1
p_006161,retrieval_practice,lab,undergraduate,high,late,east,0
p_006162,rereading,lab,community,high,late,east,1
p_006163,rereading,remote,community,high,late,east,0
p_006164,retrieval_practice,remote,undergraduate,high,late,east,0
p_006165,retrieval_practice,remote,undergraduate,high,late,east,0
p_006166,rereading,remote,undergraduate,low,early,east,0
p_006167,rereading,remote,community,high,late,west,1
p_006168,retrieval_practice,lab,undergraduate,high,early,east,0
p_006169,rereading,lab,community,low,early,east,0
p_006170,retrieval_practice,remote,community,high,early,west,0
p_006171,rereading,remote,undergraduate,high,early,west,0
p_006172,retrieval_practice,lab,community,low,late,east,0
p_006173,retrieval_practice,remote,undergraduate,low,early,west,0
p_006174,retrieval_practice,lab,undergraduate,high,late,west,0
p_006175,retrieval_practice,lab,undergraduate,high,early,west,1
p_006176,rereading,lab,undergraduate,high,late,west,0
p_006177,retrieval_practice,lab,community,low,late,west,1
p_006178,rereading,remote,community,high,early,west,1
p_006179,rereading,remote,community,high,early,east,1
p_006180,rereading,lab,undergraduate,high,late,east,1
p_006181,rereading,lab,community,low,late,east,1
p_006182,retrieval_practice,lab,undergraduate,high,early,east,0
p_006183,retrieval_practice,lab,undergraduate,high,early,west,0
p_006184,retrieval_practice,lab,community,high,early,east,0
p_006185,retrieval_practice,lab,community,high,early,west,1
p_006186,retrieval_practice,remote,undergraduate,low,late,east,0
p_006187,retrieval_practice,lab,undergraduate,high,early,east,0
p_006188,rereading,remote,community,high,late,west,0
p_006189,retrieval_practice,lab,community,high,early,east,0
p_006190,rereading,lab,undergraduate,low,late,west,0
p_006191,rereading,lab,community,high,late,west,1
p_006192,retrieval_practice,lab,undergraduate,low,early,west,1
p_006193,retrieval_practice,remote,community,high,late,west,0
p_006194,rereading,lab,undergraduate,high,late,west,0
p_006195,retrieval_practice,remote,undergraduate,high,early,west,1
p_006196,retrieval_practice,remote,undergraduate,low,late,west,0
p_006197,rereading,remote,undergraduate,high,early,west,0
p_006198,retrieval_practice,remote,undergraduate,low,early,west,1
p_006199,rereading,remote,undergraduate,low,early,west,1
p_006200,retrieval_practice,lab,undergraduate,low,late,east,0
p_006201,rereading,lab,undergraduate,low,late,west,1
p_006202,retrieval_practice,lab,undergraduate,low,early,west,0
p_006203,rereading,lab,undergraduate,high,late,west,0
p_006204,retrieval_practice,lab,community,high,early,east,0
p_006205,rereading,lab,community,high,early,west,1
p_006206,rereading,remote,community,high,late,east,0
p_006207,retrieval_practice,remote,community,high,late,west,0
p_006208,retrieval_practice,lab,undergraduate,low,early,east,1
p_006209,retrieval_practice,remote,community,high,early,east,0
p_006210,retrieval_practice,remote,undergraduate,low,late,west,1
p_006211,retrieval_practice,lab,undergraduate,low,late,east,0
p_006212,retrieval_practice,remote,community,high,late,east,0
p_006213,retrieval_practice,remote,community,high,late,west,0
p_006214,rereading,lab,community,low,late,east,0
p_006215,retrieval_practice,remote,undergraduate,low,early,east,0
p_006216,rereading,remote,community,low,early,east,1
p_006217,retrieval_practice,lab,undergraduate,low,late,west,1
p_006218,retrieval_practice,lab,community,high,late,east,0
p_006219,rereading,remote,undergraduate,low,early,east,0
p_006220,retrieval_practice,remote,community,low,early,east,0
p_006221,rereading,remote,undergraduate,high,early,west,1
p_006222,rereading,remote,undergraduate,high,late,west,0
p_006223,retrieval_practice,lab,undergraduate,high,late,west,1
p_006224,retrieval_practice,remote,community,low,late,west,0
p_006225,rereading,remote,community,low,late,west,0
p_006226,retrieval_practice,remote,undergraduate,high,late,west,0
p_006227,rereading,remote,community,low,early,west,1
p_006228,retrieval_practice,lab,undergraduate,high,early,west,0
p_006229,retrieval_practice,remote,undergraduate,low,late,west,0
p_006230,rereading,lab,undergraduate,high,late,east,1
p_006231,retrieval_practice,lab,undergraduate,high,late,east,1
p_006232,retrieval_practice,lab,community,low,early,east,0
p_006233,rereading,remote,undergraduate,high,early,west,1
p_006234,retrieval_practice,remote,community,low,late,east,1
p_006235,rereading,remote,undergraduate,low,late,east,1
p_006236,rereading,remote,undergraduate,high,late,west,0
p_006237,rereading,lab,undergraduate,high,early,east,1
p_006238,rereading,lab,community,low,early,east,0
p_006239,rereading,lab,community,high,early,west,1
p_006240,rereading,lab,undergraduate,high,early,west,1
p_006241,rereading,remote,community,high,early,east,1
p_006242,rereading,lab,undergraduate,low,early,east,1
p_006243,retrieval_practice,lab,undergraduate,high,late,west,0
p_006244,retrieval_practice,remote,undergraduate,low,late,west,0
p_006245,retrieval_practice,lab,community,high,early,west,0
p_006246,rereading,lab,community,high,early,west,1
p_006247,retrieval_practice,remote,community,high,early,east,0
p_006248,retrieval_practice,lab,community,low,early,east,1
p_006249,retrieval_practice,remote,undergraduate,low,early,east,1
p_006250,rereading,remote,community,low,early,east,1
p_006251,rereading,lab,community,high,early,west,0
p_006252,rereading,lab,community,low,early,west,0
p_006253,retrieval_practice,lab,undergraduate,low,early,west,1
p_006254,rereading,lab,undergraduate,high,late,east,0
p_006255,retrieval_practice,remote,undergraduate,low,early,west,1
p_006256,rereading,remote,community,low,early,east,1
p_006257,retrieval_practice,lab,community,low,early,west,0
p_006258,retrieval_practice,lab,community,low,early,east,0
p_006259,retrieval_practice,lab,undergraduate,low,late,east,1
p_006260,retrieval_practice,remote,undergraduate,high,early,west,0
p_006261,retrieval_practice,remote,community,high,late,west,0
p_006262,retrieval_practice,remote,community,high,early,east,0
p_006263,retrieval_practice,lab,undergraduate,low,early,west,1
p_006264,retrieval_practice,lab,community,low,early,west,0
p_006265,retrieval_practice,lab,community,low,late,east,1
p_006266,retrieval_practice,lab,community,high,early,east,1
p_006267,rereading,lab,community,low,late,west,0
p_006268,retrieval_practice,lab,undergraduate,low,early,east,1
p_006269,retrieval_practice,lab,undergraduate,high,early,east,0
p_006270,retrieval_practice,lab,community,high,early,east,0
p_006271,retrieval_practice,remote,community,low,early,west,0
p_006272,rereading,lab,undergraduate,low,late,west,1
p_006273,rereading,lab,undergraduate,high,early,west,0
p_006274,rereading,lab,community,high,early,east,0
p_006275,retrieval_practice,remote,undergraduate,high,late,east,0
p_006276,rereading,remote,community,low,early,west,1
p_006277,retrieval_practice,remote,community,low,late,east,0
p_006278,rereading,lab,undergraduate,high,early,east,0
p_006279,retrieval_practice,lab,community,low,late,west,1
p_006280,rereading,lab,undergraduate,low,late,west,1
p_006281,retrieval_practice,lab,undergraduate,high,late,west,1
p_006282,retrieval_practice,remote,undergraduate,high,early,east,1
p_006283,retrieval_practice,lab,community,low,early,west,1
p_006284,retrieval_practice,lab,undergraduate,low,late,west,1
p_006285,rereading,remote,undergraduate,low,late,east,0
p_006286,rereading,lab,undergraduate,low,late,west,0
p_006287,retrieval_practice,lab,undergraduate,high,late,east,1
p_006288,retrieval_practice,lab,undergraduate,high,early,west,1
p_006289,retrieval_practice,remote,undergraduate,low,early,east,1
p_006290,rereading,remote,undergraduate,high,early,west,0
p_006291,rereading,remote,undergraduate,low,late,west,0
p_006292,rereading,remote,community,high,early,west,0
p_006293,rereading,remote,undergraduate,high,late,east,1
p_006294,rereading,lab,undergraduate,low,early,east,0
p_006295,retrieval_practice,remote,undergraduate,high,late,west,1
p_006296,retrieval_practice,remote,undergraduate,low,late,west,0
p_006297,rereading,lab,community,low,late,east,1
p_006298,rereading,lab,community,low,late,east,0
p_006299,retrieval_practice,lab,undergraduate,high,early,east,0
p_006300,rereading,lab,community,low,late,west,1
p_006301,retrieval_practice,lab,community,low,early,west,0
p_006302,retrieval_practice,lab,undergraduate,high,early,east,0
p_006303,rereading,lab,undergraduate,low,early,west,1
p_006304,retrieval_practice,lab,community,low,late,east,0
p_006305,retrieval_practice,lab,undergraduate,low,early,east,0
p_006306,rereading,lab,undergraduate,low,early,east,0
p_006307,rereading,remote,undergraduate,high,early,east,1
p_006308,retrieval_practice,lab,community,high,early,east,1
p_006309,rereading,remote,undergraduate,high,early,west,0
p_006310,retrieval_practice,remote,undergraduate,low,late,west,1
p_006311,retrieval_practice,remote,undergraduate,low,early,east,1
p_006312,rereading,lab,undergraduate,high,late,west,1
p_006313,rereading,remote,undergraduate,high,early,east,0
p_006314,rereading,remote,undergraduate,high,late,east,1
p_006315,rereading,lab,undergraduate,high,early,east,1
p_006316,retrieval_practice,lab,undergraduate,low,late,west,0
p_006317,retrieval_practice,remote,undergraduate,low,early,east,0
p_006318,retrieval_practice,lab,undergraduate,high,early,east,1
p_006319,rereading,lab,undergraduate,high,early,east,1
p_006320,rereading,lab,community,high,late,east,1
p_006321,rereading,remote,community,low,early,west,0
p_006322,rereading,remote,undergraduate,high,late,west,0
p_006323,rereading,remote,community,low,late,west,0
p_006324,rereading,lab,community,high,late,east,1
p_006325,retrieval_practice,lab,community,high,late,west,1
p_006326,rereading,lab,community,high,late,east,0
p_006327,rereading,lab,community,high,late,west,1
p_006328,retrieval_practice,lab,undergraduate,low,late,west,0
p_006329,retrieval_practice,lab,undergraduate,low,late,west,1
p_006330,retrieval_practice,lab,undergraduate,low,early,west,1
p_006331,rereading,lab,community,low,early,east,0
p_006332,rereading,lab,undergraduate,low,late,east,0
p_006333,rereading,lab,undergraduate,high,early,east,0
p_006334,rereading,remote,undergraduate,high,late,west,1
p_006335,rereading,lab,undergraduate,high,late,east,1
p_006336,rereading,remote,undergraduate,high,late,west,0
p_006337,retrieval_practice,lab,community,high,early,east,1
p_006338,rereading,lab,undergraduate,high,early,west,1
p_006339,rereading,remote,community,low,late,west,0
p_006340,retrieval_practice,lab,undergraduate,low,late,east,0
p_006341,rereading,lab,community,low,early,west,1
p_006342,retrieval_practice,remote,community,low,early,west,0
p_006343,retrieval_practice,remote,undergraduate,high,late,east,0
p_006344,retrieval_practice,lab,community,high,early,west,0
p_006345,retrieval_practice,remote,community,low,early,west,0
p_006346,rereading,lab,undergraduate,high,late,west,1
p_006347,retrieval_practice,remote,undergraduate,low,late,east,1
p_006348,retrieval_practice,remote,undergraduate,high,late,west,0
p_006349,rereading,lab,community,low,early,east,1
p_006350,retrieval_practice,remote,community,low,late,west,1
p_006351,rereading,lab,undergraduate,high,late,west,0
p_006352,rereading,remote,community,high,early,east,0
p_006353,retrieval_practice,lab,undergraduate,low,late,east,1
p_006354,retrieval_practice,lab,undergraduate,high,late,west,1
p_006355,rereading,remote,community,high,late,east,0
p_006356,retrieval_practice,remote,undergraduate,high,late,west,1
p_006357,rereading,remote,community,high,late,west,1
p_006358,rereading,lab,community,low,early,east,1
p_006359,retrieval_practice,remote,undergraduate,high,late,east,1
p_006360,retrieval_practice,lab,undergraduate,high,late,east,1
p_006361,retrieval_practice,remote,community,high,late,east,0
p_006362,rereading,lab,community,low,late,west,1
p_006363,retrieval_practice,remote,undergraduate,low,late,east,0
p_006364,rereading,lab,community,low,late,east,0
p_006365,retrieval_practice,lab,community,low,early,east,0
p_006366,retrieval_practice,remote,undergraduate,low,early,east,0
p_006367,retrieval_practice,remote,community,high,early,east,0
p_006368,retrieval_practice,remote,undergraduate,low,early,west,1
p_006369,retrieval_practice,lab,community,low,late,east,0
p_006370,rereading,remote,undergraduate,low,late,west,1
p_006371,retrieval_practice,remote,undergraduate,low,late,east,1
p_006372,retrieval_practice,lab,community,low,early,west,0
p_006373,retrieval_practice,lab,undergraduate,high,early,west,0
p_006374,retrieval_practice,lab,undergraduate,low,early,east,1
p_006375,rereading,lab,undergraduate,high,late,east,1
p_006376,retrieval_practice,lab,undergraduate,low,late,east,0
p_006377,rereading,remote,undergraduate,high,late,east,1
p_006378,retrieval_practice,lab,undergraduate,high,early,west,0
p_006379,retrieval_practice,lab,community,high,early,west,0
p_006380,retrieval_practice,lab,undergraduate,high,early,west,0
p_006381,retrieval_practice,lab,undergraduate,low,early,east,0
p_006382,retrieval_practice,lab,community,low,early,west,1
p_006383,rereading,lab,community,high,late,east,0
p_006384,retrieval_practice,remote,undergraduate,high,early,west,0
p_006385,rereading,remote,community,low,late,west,0
p_006386,rereading,lab,community,high,early,east,1
p_006387,rereading,lab,community,low,early,west,1
p_006388,rereading,lab,undergraduate,high,late,east,0
p_006389,rereading,lab,undergraduate,low,late,east,1
p_006390,rereading,remote,undergraduate,high,early,east,1
p_006391,retrieval_practice,lab,undergraduate,high,early,west,1
p_006392,retrieval_practice,lab,community,high,early,east,1
p_006393,retrieval_practice,lab,community,high,early,east,1
p_006394,retrieval_practice,lab,undergraduate,high,early,west,1
p_006395,retrieval_practice,lab,community,low,late,east,1
p_006396,retrieval_practice,lab,community,low,late,east,1
p_006397,retrieval_practice,lab,undergraduate,low,late,east,1
p_006398,rereading,lab,undergraduate,high,early,east,0
p_006399,rereading,remote,undergraduate,high,late,west,0
p_006400,rereading,lab,undergraduate,high,late,east,1
p_006401,retrieval_practice,remote,community,high,late,west,1
p_006402,rereading,remote,community,low,early,east,0
p_006403,rereading,lab,undergraduate,high,early,west,0
p_006404,retrieval_practice,lab,undergraduate,high,early,east,0
p_006405,retrieval_practice,lab,undergraduate,low,late,east,0
p_006406,rereading,remote,community,high,early,east,1
p_006407,rereading,lab,community,high,early,east,1
p_006408,retrieval_practice,remote,undergraduate,low,late,east,1
p_006409,retrieval_practice,lab,undergraduate,low,early,west,0
p_006410,retrieval_practice,remote,undergraduate,high,early,west,0
p_006411,retrieval_practice,lab,undergraduate,low,early,west,1
p_006412,rereading,remote,community,low,early,west,1
p_006413,retrieval_practice,lab,community,high,late,east,0
p_006414,retrieval_practice,lab,undergraduate,high,late,east,1
p_006415,rereading,remote,undergraduate,high,early,east,1
p_006416,rereading,lab,undergraduate,low,early,east,1
p_006417,retrieval_practice,remote,undergraduate,low,late,east,0
p_006418,rereading,lab,undergraduate,low,late,west,1
p_006419,rereading,lab,community,low,late,east,0
p_006420,rereading,remote,community,low,early,east,1
p_006421,retrieval_practice,remote,community,high,late,west,0
p_006422,retrieval_practice,lab,community,low,early,west,0
p_006423,retrieval_practice,lab,community,high,early,east,1
p_006424,retrieval_practice,remote,undergraduate,low,early,west,0
p_006425,rereading,remote,undergraduate,low,late,east,1
p_006426,rereading,lab,community,high,early,east,1
p_006427,retrieval_practice,remote,community,high,late,east,1
p_006428,retrieval_practice,lab,undergraduate,high,late,east,1
p_006429,retrieval_practice,lab,undergraduate,low,early,east,1
p_006430,rereading,lab,community,high,early,east,0
p_006431,rereading,lab,community,low,late,west,1
p_006432,rereading,remote,undergraduate,low,late,west,1
p_006433,retrieval_practice,lab,community,high,early,east,0
p_006434,retrieval_practice,remote,undergraduate,low,late,west,0
p_006435,retrieval_practice,lab,community,high,early,east,1
p_006436,rereading,lab,undergraduate,high,late,east,1
p_006437,retrieval_practice,remote,community,high,early,east,1
p_006438,retrieval_practice,lab,undergraduate,low,early,west,0
p_006439,retrieval_practice,lab,undergraduate,low,late,east,1
p_006440,retrieval_practice,lab,undergraduate,low,late,east,1
p_006441,rereading,lab,community,low,early,east,1
p_006442,rereading,lab,community,high,late,east,1
p_006443,rereading,lab,undergraduate,high,early,west,1
p_006444,rereading,lab,community,high,early,east,1
p_006445,rereading,lab,undergraduate,high,early,east,0
p_006446,rereading,lab,community,low,late,east,0
p_006447,retrieval_practice,remote,undergraduate,high,early,west,1
p_006448,rereading,lab,community,low,late,east,1
p_006449,rereading,lab,undergraduate,low,late,east,0
p_006450,rereading,lab,community,high,late,east,0
p_006451,rereading,lab,undergraduate,low,late,east,1
p_006452,retrieval_practice,remote,undergraduate,high,late,east,1
p_006453,rereading,lab,undergraduate,high,early,east,0
p_006454,retrieval_practice,remote,community,high,early,west,1
p_006455,rereading,lab,undergraduate,high,late,west,0
p_006456,rereading,remote,undergraduate,low,late,east,0
p_006457,rereading,lab,undergraduate,high,late,west,0
p_006458,rereading,lab,undergraduate,high,early,east,1
p_006459,retrieval_practice,remote,undergraduate,high,early,west,1
p_006460,rereading,remote,community,low,early,west,0
p_006461,retrieval_practice,remote,undergraduate,high,early,west,1
p_006462,retrieval_practice,lab,community,high,late,east,0
p_006463,rereading,remote,community,low,late,east,1
p_006464,retrieval_practice,lab,undergraduate,low,late,east,0
p_006465,retrieval_practice,lab,undergraduate,high,late,east,0
p_006466,rereading,remote,undergraduate,high,late,east,1
p_006467,rereading,remote,community,low,late,west,0
p_006468,retrieval_practice,lab,undergraduate,low,early,west,0
p_006469,rereading,lab,community,high,early,east,0
p_006470,rereading,lab,undergraduate,low,late,west,1
p_006471,rereading,remote,undergraduate,low,late,west,0
p_006472,rereading,lab,undergraduate,low,early,west,0
p_006473,rereading,remote,undergraduate,low,early,west,0
p_006474,rereading,remote,community,low,early,east,0
p_006475,retrieval_practice,lab,undergraduate,high,early,east,0
p_006476,retrieval_practice,remote,community,low,late,east,0
p_006477,rereading,lab,community,low,early,east,0
p_006478,rereading,remote,undergraduate,high,late,east,1
p_006479,retrieval_practice,remote,undergraduate,high,late,west,0
p_006480,rereading,lab,undergraduate,low,late,west,1
p_006481,rereading,lab,undergraduate,low,late,west,1
p_006482,rereading,remote,community,high,late,west,0
p_006483,retrieval_practice,lab,undergraduate,high,late,east,0
p_006484,rereading,lab,community,high,late,east,1
p_006485,rereading,lab,undergraduate,low,late,east,0
p_006486,rereading,lab,undergraduate,high,late,west,1
p_006487,rereading,lab,undergraduate,high,late,west,0
p_006488,rereading,lab,community,low,late,west,1
p_006489,rereading,lab,community,low,early,east,1
p_006490,rereading,lab,undergraduate,high,early,east,0
p_006491,rereading,lab,undergraduate,high,late,west,0
p_006492,rereading,lab,undergraduate,low,early,west,0
p_006493,retrieval_practice,lab,community,low,late,east,0
p_006494,rereading,remote,community,low,early,west,1
p_006495,retrieval_practice,lab,undergraduate,low,early,west,1
p_006496,retrieval_practice,lab,undergraduate,high,late,west,1
p_006497,retrieval_practice,remote,undergraduate,low,late,east,1
p_006498,rereading,lab,undergraduate,low,early,west,0
p_006499,rereading,remote,community,high,late,west,1
p_006500,retrieval_practice,lab,undergraduate,high,early,west,1
p_006501,retrieval_practice,remote,community,low,late,east,1
p_006502,retrieval_practice,lab,community,low,late,west,0
p_006503,retrieval_practice,lab,undergraduate,high,early,west,0
p_006504,rereading,lab,undergraduate,low,late,east,1
p_006505,retrieval_practice,lab,undergraduate,low,late,east,0
p_006506,retrieval_practice,remote,undergraduate,high,early,west,1
p_006507,retrieval_practice,remote,undergraduate,high,late,west,1
p_006508,retrieval_practice,remote,undergraduate,low,early,east,0
p_006509,rereading,lab,undergraduate,high,early,west,0
p_006510,rereading,lab,undergraduate,high,early,west,0
p_006511,retrieval_practice,lab,undergraduate,high,early,east,1
p_006512,rereading,lab,undergraduate,low,early,east,1
p_006513,rereading,remote,community,high,early,east,0
p_006514,retrieval_practice,lab,community,low,early,west,0
p_006515,rereading,lab,undergraduate,high,early,west,1
p_006516,retrieval_practice,remote,undergraduate,high,early,west,0
p_006517,rereading,lab,community,high,early,east,0
p_006518,retrieval_practice,remote,undergraduate,high,late,west,1
p_006519,rereading,lab,community,low,late,east,1
p_006520,retrieval_practice,lab,undergraduate,low,late,east,0
p_006521,rereading,lab,community,low,late,east,0
p_006522,rereading,lab,undergraduate,high,late,west,1
p_006523,retrieval_practice,lab,community,high,late,east,0
p_006524,retrieval_practice,lab,community,low,early,west,0
p_006525,retrieval_practice,lab,undergraduate,high,late,east,1
p_006526,retrieval_practice,lab,undergraduate,high,late,west,1
p_006527,rereading,lab,community,high,early,east,1
p_006528,retrieval_practice,remote,community,high,early,west,1
p_006529,retrieval_practice,remote,undergraduate,low,late,west,0
p_006530,retrieval_practice,remote,community,low,late,west,1
p_006531,retrieval_practice,remote,community,high,late,west,0
p_006532,retrieval_practice,lab,community,low,early,west,1
p_006533,rereading,lab,undergraduate,low,early,west,1
p_006534,rereading,lab,community,low,early,west,1
p_006535,retrieval_practice,lab,undergraduate,low,early,west,1
p_006536,retrieval_practice,remote,community,low,late,west,0
p_006537,retrieval_practice,remote,community,low,early,east,1
p_006538,rereading,remote,community,high,early,west,1
p_006539,retrieval_practice,lab,community,high,early,west,1
p_006540,rereading,remote,undergraduate,low,late,east,0
p_006541,retrieval_practice,lab,community,low,late,east,1
p_006542,rereading,remote,community,high,early,east,1
p_006543,retrieval_practice,lab,undergraduate,low,late,east,1
p_006544,retrieval_practice,lab,community,low,late,west,0
p_006545,rereading,lab,undergraduate,high,early,west,0
p_006546,retrieval_practice,lab,undergraduate,high,late,east,0
p_006547,rereading,lab,community,high,late,west,0
p_006548,retrieval_practice,lab,undergraduate,low,late,west,0
p_006549,rereading,remote,undergraduate,low,early,east,0
p_006550,rereading,remote,undergraduate,low,late,west,1
p_006551,retrieval_practice,remote,undergraduate,low,late,east,1
p_006552,rereading,lab,undergraduate,high,late,east,1
p_006553,rereading,remote,undergraduate,high,late,west,0
p_006554,retrieval_practice,remote,community,high,late,east,0
p_006555,retrieval_practice,remote,undergraduate,high,late,east,1
p_006556,rereading,lab,community,high,early,west,1
p_006557,rereading,lab,undergraduate,high,late,west,1
p_006558,retrieval_practice,remote,community,low,late,west,0
p_006559,retrieval_practice,remote,undergraduate,high,early,east,0
p_006560,retrieval_practice,lab,undergraduate,low,early,west,0
p_006561,retrieval_practice,remote,community,low,late,west,1
p_006562,rereading,lab,undergraduate,high,early,west,0
p_006563,rereading,remote,undergraduate,high,late,west,0
p_006564,retrieval_practice,lab,undergraduate,low,early,west,0
p_006565,retrieval_practice,remote,undergraduate,high,late,west,0
p_006566,retrieval_practice,lab,community,high,early,west,1
p_006567,rereading,remote,community,low,late,west,1
p_006568,rereading,lab,undergraduate,high,late,east,1
p_006569,retrieval_practice,remote,undergraduate,high,early,west,0
p_006570,retrieval_practice,lab,community,high,early,east,0
p_006571,retrieval_practice,lab,undergraduate,low,early,east,0
p_006572,retrieval_practice,lab,community,high,late,west,0
p_006573,retrieval_practice,lab,undergraduate,high,early,west,0
p_006574,retrieval_practice,remote,undergraduate,high,early,west,0
p_006575,rereading,lab,community,high,late,west,1
p_006576,retrieval_practice,remote,community,high,late,east,0
p_006577,rereading,lab,undergraduate,low,early,east,0
p_006578,rereading,lab,undergraduate,low,early,east,0
p_006579,retrieval_practice,lab,undergraduate,high,late,east,1
p_006580,retrieval_practice,remote,undergraduate,high,early,west,1
p_006581,rereading,lab,undergraduate,low,early,east,0
p_006582,rereading,remote,community,low,early,east,0
p_006583,rereading,remote,community,high,late,east,1
p_006584,rereading,remote,undergraduate,low,early,west,0
p_006585,retrieval_practice,lab,undergraduate,low,early,east,0
p_006586,retrieval_practice,lab,community,low,late,east,0
p_006587,rereading,lab,undergraduate,low,early,west,1
p_006588,retrieval_practice,lab,community,low,early,west,1
p_006589,rereading,lab,undergraduate,low,late,east,1
p_006590,retrieval_practice,lab,community,low,early,west,0
p_006591,rereading,lab,community,high,early,east,0
p_006592,retrieval_practice,lab,undergraduate,high,early,east,0
p_006593,rereading,remote,undergraduate,high,late,west,1
p_006594,rereading,lab,undergraduate,high,early,west,0
p_006595,rereading,remote,community,high,late,east,0
p_006596,retrieval_practice,remote,undergraduate,high,late,west,0
p_006597,retrieval_practice,remote,undergraduate,high,early,east,0
p_006598,retrieval_practice,remote,undergraduate,high,late,east,0
p_006599,rereading,remote,community,low,late,west,0
p_006600,retrieval_practice,remote,undergraduate,high,early,west,1
p_006601,retrieval_practice,lab,community,high,late,west,0
p_006602,rereading,remote,community,high,late,west,1
p_006603,rereading,remote,community,high,early,west,1
p_006604,rereading,remote,undergraduate,low,early,east,1
p_006605,retrieval_practice,remote,community,low,late,west,1
p_006606,rereading,remote,undergraduate,low,late,east,0
p_006607,rereading,lab,undergraduate,low,early,west,1
p_006608,rereading,lab,undergraduate,high,early,east,0
p_006609,retrieval_practice,remote,undergraduate,low,early,east,0
p_006610,rereading,remote,undergraduate,high,early,east,0
p_006611,rereading,lab,community,high,early,east,1
p_006612,rereading,lab,community,low,early,east,0
p_006613,rereading,lab,undergraduate,high,early,west,1
p_006614,rereading,lab,undergraduate,low,late,west,0
p_006615,rereading,remote,undergraduate,high,early,west,0
p_006616,retrieval_practice,remote,community,low,late,west,0
p_006617,rereading,lab,undergraduate,high,late,east,1
p_006618,retrieval_practice,remote,undergraduate,low,early,west,1
p_006619,rereading,lab,undergraduate,high,early,west,1
p_006620,retrieval_practice,lab,undergraduate,high,early,east,0
p_006621,retrieval_practice,lab,undergraduate,high,late,west,1
p_006622,rereading,lab,undergraduate,low,early,east,0
p_006623,rereading,remote,undergraduate,low,early,west,1
p_006624,retrieval_practice,lab,community,high,early,west,1
p_006625,rereading,remote,community,low,late,east,0
p_006626,rereading,remote,community,low,early,west,1
p_006627,retrieval_practice,lab,undergraduate,high,late,east,0
p_006628,rereading,lab,community,low,early,east,0
p_006629,retrieval_practice,lab,undergraduate,low,late,west,1
p_006630,retrieval_practice,lab,community,high,early,west,1
p_006631,retrieval_practice,remote,community,high,early,west,0
p_006632,rereading,lab,undergraduate,low,late,east,1
p_006633,retrieval_practice,lab,undergraduate,low,late,west,0
p_006634,rereading,remote,community,high,late,east,0
p_006635,retrieval_practice,lab,community,high,late,east,0
p_006636,rereading,lab,undergraduate,low,late,west,1
p_006637,rereading,lab,undergraduate,low,late,west,0
p_006638,retrieval_practice,remote,community,high,late,east,0
p_006639,rereading,lab,community,low,early,west,0
p_006640,rereading,lab,undergraduate,low,late,west,0
p_006641,rereading,remote,undergraduate,high,early,west,1
p_006642,retrieval_practice,lab,undergraduate,high,late,east,1
p_006643,rereading,lab,undergraduate,high,early,east,0
p_006644,rereading,lab,community,high,late,east,1
p_006645,retrieval_practice,remote,undergraduate,high,late,east,0
p_006646,retrieval_practice,remote,undergraduate,low,late,west,0
p_006647,rereading,lab,community,high,late,east,0
p_006648,rereading,lab,undergraduate,low,early,east,0
p_006649,retrieval_practice,lab,community,low,late,west,1
p_006650,retrieval_practice,remote,community,high,early,east,1
p_006651,retrieval_practice,remote,community,low,late,east,0
p_006652,retrieval_practice,lab,community,high,late,east,0
p_006653,rereading,lab,community,low,late,west,0
p_006654,rereading,remote,undergraduate,high,early,east,0
p_006655,retrieval_practice,lab,undergraduate,low,late,east,0
p_006656,retrieval_practice,lab,undergraduate,high,late,west,1
p_006657,rereading,lab,undergraduate,low,early,west,0
p_006658,retrieval_practice,remote,undergraduate,low,early,east,0
p_006659,rereading,lab,undergraduate,high,early,east,0
p_006660,retrieval_practice,remote,undergraduate,high,early,west,0
p_006661,rereading,remote,community,low,early,west,1
p_006662,rereading,remote,undergraduate,high,late,east,0
p_006663,rereading,lab,community,low,late,east,1
p_006664,rereading,lab,undergraduate,low,late,east,0
p_006665,retrieval_practice,lab,undergraduate,low,early,east,0
p_006666,rereading,lab,undergraduate,low,early,east,0
p_006667,retrieval_practice,lab,community,low,late,west,0
p_006668,retrieval_practice,lab,undergraduate,low,early,west,0
p_006669,retrieval_practice,remote,undergraduate,low,early,west,0
p_006670,rereading,lab,community,high,early,east,0
p_006671,retrieval_practice,remote,undergraduate,low,late,east,1
p_006672,retrieval_practice,lab,undergraduate,high,early,east,1
p_006673,rereading,lab,undergraduate,low,late,west,0
p_006674,rereading,lab,undergraduate,high,early,east,1
p_006675,retrieval_practice,lab,undergraduate,low,late,west,0
p_006676,rereading,lab,community,high,late,east,0
p_006677,retrieval_practice,lab,community,low,late,east,0
p_006678,retrieval_practice,lab,community,low,late,east,0
p_006679,retrieval_practice,lab,undergraduate,high,late,west,0
p_006680,retrieval_practice,lab,undergraduate,high,late,east,0
p_006681,rereading,lab,community,low,late,west,0
p_006682,rereading,lab,undergraduate,high,early,west,1
p_006683,rereading,remote,undergraduate,high,late,west,1
p_006684,rereading,lab,community,low,late,west,0
p_006685,rereading,lab,undergraduate,low,late,west,0
p_006686,retrieval_practice,lab,community,high,early,east,1
p_006687,retrieval_practice,lab,undergraduate,high,late,east,0
p_006688,retrieval_practice,lab,undergraduate,low,late,east,1
p_006689,retrieval_practice,remote,community,low,late,west,0
p_006690,rereading,lab,community,low,early,west,0
p_006691,rereading,remote,community,low,early,west,1
p_006692,retrieval_practice,lab,undergraduate,high,late,east,1
p_006693,rereading,lab,undergraduate,low,early,west,0
p_006694,rereading,remote,undergraduate,low,early,west,0
p_006695,retrieval_practice,remote,undergraduate,high,late,east,0
p_006696,retrieval_practice,lab,undergraduate,high,late,west,1
p_006697,retrieval_practice,remote,undergraduate,low,late,east,0
p_006698,retrieval_practice,lab,undergraduate,high,late,west,0
p_006699,retrieval_practice,remote,undergraduate,high,late,west,1
p_006700,retrieval_practice,remote,undergraduate,low,late,west,1
p_006701,rereading,lab,community,low,early,west,1
p_006702,retrieval_practice,lab,community,high,late,east,0
p_006703,retrieval_practice,lab,community,low,early,west,0
p_006704,retrieval_practice,remote,undergraduate,low,late,west,0
p_006705,rereading,remote,community,high,late,west,1
p_006706,retrieval_practice,lab,community,low,early,east,0
p_006707,rereading,lab,community,low,late,west,0
p_006708,rereading,lab,community,low,late,east,0
p_006709,rereading,lab,undergraduate,low,early,west,0
p_006710,rereading,remote,undergraduate,high,late,west,0
p_006711,rereading,lab,undergraduate,low,early,east,1
p_006712,retrieval_practice,lab,undergraduate,high,early,east,0
p_006713,rereading,lab,community,low,early,east,1
p_006714,rereading,lab,community,low,early,west,0
p_006715,rereading,lab,community,low,late,east,0
p_006716,retrieval_practice,lab,undergraduate,high,early,east,1
p_006717,rereading,remote,community,low,early,west,1
p_006718,rereading,lab,community,high,early,west,0
p_006719,rereading,lab,community,low,late,east,0
p_006720,rereading,remote,undergraduate,low,early,east,0
p_006721,rereading,lab,undergraduate,high,early,east,0
p_006722,retrieval_practice,lab,community,high,late,east,1
p_006723,rereading,remote,undergraduate,high,early,east,0
p_006724,retrieval_practice,lab,undergraduate,high,early,west,0
p_006725,rereading,remote,community,low,early,west,1
p_006726,rereading,lab,undergraduate,low,early,west,0
p_006727,retrieval_practice,lab,undergraduate,low,early,east,1
p_006728,rereading,lab,undergraduate,low,early,east,1
p_006729,retrieval_practice,lab,community,high,late,east,1
p_006730,retrieval_practice,remote,community,low,early,west,1
p_006731,rereading,lab,undergraduate,high,late,west,1
p_006732,retrieval_practice,remote,undergraduate,low,early,east,0
p_006733,rereading,lab,community,high,late,west,1
p_006734,retrieval_practice,lab,community,high,late,west,0
p_006735,rereading,lab,undergraduate,low,late,west,0
p_006736,rereading,remote,undergraduate,high,late,east,1
p_006737,retrieval_practice,lab,undergraduate,low,late,east,0
p_006738,retrieval_practice,lab,undergraduate,high,early,west,1
p_006739,rereading,lab,community,high,late,west,1
p_006740,rereading,lab,community,low,early,west,0
p_006741,rereading,remote,undergraduate,high,late,east,0
p_006742,retrieval_practice,remote,undergraduate,low,early,east,0
p_006743,retrieval_practice,lab,community,low,late,east,0
p_006744,rereading,lab,undergraduate,high,early,west,1
p_006745,rereading,lab,community,low,late,east,1
p_006746,retrieval_practice,lab,community,low,early,east,1
p_006747,retrieval_practice,remote,undergraduate,high,early,east,0
p_006748,retrieval_practice,lab,community,high,early,east,1
p_006749,rereading,lab,undergraduate,low,early,east,1
p_006750,rereading,lab,community,high,early,east,0
p_006751,rereading,lab,community,low,early,west,0
p_006752,retrieval_practice,lab,community,low,late,east,1
p_006753,retrieval_practice,lab,undergraduate,high,early,west,0
p_006754,retrieval_practice,remote,community,high,late,west,1
p_006755,retrieval_practice,lab,community,high,late,east,1
p_006756,retrieval_practice,lab,community,high,early,west,1
p_006757,rereading,remote,undergraduate,low,late,east,0
p_006758,rereading,lab,community,low,early,west,1
p_006759,retrieval_practice,lab,undergraduate,high,early,east,1
p_006760,rereading,lab,community,high,late,east,0
p_006761,rereading,remote,undergraduate,high,late,west,0
p_006762,retrieval_practice,remote,community,high,early,east,1
p_006763,rereading,remote,undergraduate,low,late,east,0
p_006764,rereading,remote,undergraduate,low,early,west,0
p_006765,rereading,lab,community,low,late,east,1
p_006766,rereading,lab,undergraduate,low,early,west,0
p_006767,rereading,lab,undergraduate,high,late,east,0
p_006768,retrieval_practice,lab,community,high,early,west,0
p_006769,retrieval_practice,lab,undergraduate,low,late,east,0
p_006770,rereading,lab,undergraduate,low,late,west,1
p_006771,rereading,remote,undergraduate,low,late,west,1
p_006772,retrieval_practice,remote,undergraduate,high,early,east,1
p_006773,rereading,lab,undergraduate,low,early,west,1
p_006774,rereading,remote,undergraduate,high,early,west,1
p_006775,retrieval_practice,lab,undergraduate,low,early,west,1
p_006776,rereading,remote,community,high,early,west,1
p_006777,rereading,lab,undergraduate,high,late,west,0
p_006778,rereading,lab,undergraduate,low,early,west,0
p_006779,rereading,lab,community,high,late,east,1
p_006780,retrieval_practice,remote,undergraduate,low,late,west,0
p_006781,retrieval_practice,lab,community,high,late,west,0
p_006782,rereading,lab,undergraduate,high,early,west,1
p_006783,retrieval_practice,remote,undergraduate,low,late,east,1
p_006784,retrieval_practice,lab,undergraduate,low,late,west,1
p_006785,retrieval_practice,remote,undergraduate,high,late,west,1
p_006786,retrieval_practice,lab,community,high,early,west,1
p_006787,retrieval_practice,lab,community,low,late,east,1
p_006788,rereading,lab,undergraduate,high,late,east,1
p_006789,rereading,remote,community,low,early,east,1
p_006790,retrieval_practice,lab,undergraduate,low,late,west,0
p_006791,rereading,lab,undergraduate,high,late,east,0
p_006792,rereading,remote,undergraduate,low,late,west,1
p_006793,retrieval_practice,lab,undergraduate,high,early,east,0
p_006794,retrieval_practice,lab,undergraduate,low,early,east,0
p_006795,rereading,lab,community,low,early,west,0
p_006796,retrieval_practice,remote,undergraduate,low,late,east,0
p_006797,rereading,remote,undergraduate,high,early,west,0
p_006798,retrieval_practice,lab,community,low,early,east,0
p_006799,retrieval_practice,lab,community,low,late,east,1
p_006800,rereading,remote,undergraduate,high,late,east,0
p_006801,retrieval_practice,lab,undergraduate,low,early,east,0
p_006802,retrieval_practice,remote,undergraduate,high,early,west,1
p_006803,retrieval_practice,remote,undergraduate,high,late,west,1
p_006804,rereading,lab,community,low,early,east,0
p_006805,retrieval_practice,lab,undergraduate,high,early,east,1
p_006806,retrieval_practice,lab,undergraduate,low,early,east,1
p_006807,rereading,remote,community,low,late,east,1
p_006808,retrieval_practice,lab,undergraduate,high,late,east,1
p_006809,retrieval_practice,lab,undergraduate,high,late,east,0
p_006810,retrieval_practice,remote,undergraduate,high,late,east,1
p_006811,retrieval_practice,lab,undergraduate,low,late,west,1
p_006812,retrieval_practice,lab,undergraduate,low,late,west,1
p_006813,rereading,lab,community,high,late,west,1
p_006814,rereading,lab,community,low,late,west,0
p_006815,retrieval_practice,remote,undergraduate,high,early,east,0
p_006816,retrieval_practice,remote,undergraduate,high,late,east,1
p_006817,rereading,lab,undergraduate,low,early,west,1
p_006818,rereading,lab,undergraduate,high,late,west,0
p_006819,rereading,lab,undergraduate,low,early,east,0
p_006820,rereading,remote,community,low,early,east,1
p_006821,rereading,remote,undergraduate,low,late,west,1
p_006822,rereading,lab,community,high,late,east,1
p_006823,retrieval_practice,remote,undergraduate,high,late,east,1
p_006824,retrieval_practice,remote,undergraduate,high,late,east,1
p_006825,rereading,lab,undergraduate,high,early,west,1
p_006826,rereading,lab,community,low,early,east,0
p_006827,rereading,lab,undergraduate,high,early,east,1
p_006828,rereading,lab,undergraduate,high,late,east,0
p_006829,retrieval_practice,lab,community,low,late,east,1
p_006830,retrieval_practice,lab,undergraduate,high,early,west,1
p_006831,rereading,lab,undergraduate,high,early,west,0
p_006832,retrieval_practice,remote,undergraduate,high,early,west,1
p_006833,retrieval_practice,lab,community,high,early,east,0
p_006834,retrieval_practice,lab,undergraduate,high,early,east,0
p_006835,retrieval_practice,lab,community,low,early,east,0
p_006836,retrieval_practice,lab,undergraduate,low,early,west,0
p_006837,rereading,lab,undergraduate,low,late,east,0
p_006838,rereading,lab,community,high,early,west,1
p_006839,rereading,lab,undergraduate,high,early,east,1
p_006840,retrieval_practice,lab,community,high,early,west,0
p_006841,rereading,lab,undergraduate,high,late,west,0
p_006842,rereading,lab,undergraduate,low,late,east,1
p_006843,rereading,lab,undergraduate,high,early,west,0
p_006844,retrieval_practice,remote,undergraduate,low,early,west,1
p_006845,retrieval_practice,lab,undergraduate,high,late,east,0
p_006846,rereading,lab,undergraduate,high,early,west,0
p_006847,rereading,lab,community,high,late,east,0
p_006848,retrieval_practice,lab,community,low,late,west,1
p_006849,rereading,lab,community,low,late,west,1
p_006850,rereading,lab,community,high,late,east,1
p_006851,rereading,lab,undergraduate,high,late,east,1
p_006852,rereading,remote,undergraduate,low,early,west,0
p_006853,rereading,remote,undergraduate,high,late,west,1
p_006854,rereading,lab,undergraduate,low,late,west,1
p_006855,retrieval_practice,lab,community,low,late,west,1
p_006856,retrieval_practice,remote,undergraduate,low,early,west,1
p_006857,retrieval_practice,lab,undergraduate,low,late,west,1
p_006858,rereading,lab,community,high,late,west,1
p_006859,rereading,lab,community,high,early,east,1
p_006860,rereading,lab,community,low,late,east,0
p_006861,rereading,lab,undergraduate,low,late,west,0
p_006862,retrieval_practice,lab,undergraduate,high,early,west,1
p_006863,rereading,lab,undergraduate,low,late,east,0
p_006864,retrieval_practice,remote,undergraduate,high,late,east,1
p_006865,retrieval_practice,remote,undergraduate,high,late,east,1
p_006866,retrieval_practice,lab,community,high,early,east,0
p_006867,retrieval_practice,remote,community,high,early,west,1
p_006868,rereading,lab,community,low,late,east,0
p_006869,retrieval_practice,remote,undergraduate,low,late,east,0
p_006870,retrieval_practice,remote,undergraduate,high,early,east,1
p_006871,retrieval_practice,remote,undergraduate,high,early,west,0
p_006872,rereading,lab,undergraduate,low,early,east,1
p_006873,rereading,lab,undergraduate,low,late,east,1
p_006874,rereading,remote,undergraduate,high,early,west,0
p_006875,rereading,lab,undergraduate,high,early,east,0
p_006876,retrieval_practice,lab,undergraduate,high,early,east,0
p_006877,retrieval_practice,lab,undergraduate,high,late,east,1
p_006878,rereading,lab,community,high,late,west,1
p_006879,retrieval_practice,remote,community,high,late,east,0
p_006880,retrieval_practice,remote,community,low,late,east,1
p_006881,rereading,lab,undergraduate,low,early,west,1
p_006882,retrieval_practice,lab,undergraduate,high,late,west,0
p_006883,retrieval_practice,lab,community,low,early,east,0
p_006884,retrieval_practice,remote,undergraduate,high,early,west,1
p_006885,retrieval_practice,remote,undergraduate,high,late,west,1
p_006886,rereading,remote,undergraduate,high,early,west,1
p_006887,rereading,lab,undergraduate,low,early,west,0
p_006888,rereading,remote,undergraduate,low,early,east,0
p_006889,rereading,lab,undergraduate,high,late,west,1
p_006890,retrieval_practice,lab,undergraduate,high,late,east,0
p_006891,rereading,lab,community,low,late,west,1
p_006892,rereading,lab,community,low,early,east,0
p_006893,retrieval_practice,lab,community,low,early,west,1
p_006894,retrieval_practice,lab,community,low,early,east,1
p_006895,retrieval_practice,lab,undergraduate,high,early,east,0
p_006896,retrieval_practice,lab,undergraduate,low,late,west,0
p_006897,retrieval_practice,lab,undergraduate,high,late,east,1
p_006898,retrieval_practice,lab,undergraduate,high,late,east,1
p_006899,rereading,lab,undergraduate,low,early,west,1
p_006900,rereading,remote,community,high,early,west,0
p_006901,rereading,lab,community,high,late,west,1
p_006902,rereading,lab,community,high,late,west,0
p_006903,retrieval_practice,lab,undergraduate,high,late,east,0
p_006904,retrieval_practice,lab,undergraduate,low,early,west,1
p_006905,rereading,remote,undergraduate,low,late,east,0
p_006906,rereading,remote,undergraduate,low,early,west,0
p_006907,retrieval_practice,lab,community,low,late,west,0
p_006908,rereading,remote,undergraduate,low,early,east,1
p_006909,retrieval_practice,remote,community,high,late,east,0
p_006910,retrieval_practice,lab,community,low,early,east,1
p_006911,rereading,lab,community,high,late,east,1
p_006912,rereading,remote,undergraduate,high,early,east,0
p_006913,retrieval_practice,remote,undergraduate,low,early,west,0
p_006914,rereading,remote,undergraduate,high,late,east,1
p_006915,rereading,lab,community,low,late,west,0
p_006916,rereading,remote,community,low,early,west,1
p_006917,rereading,lab,community,low,early,east,1
p_006918,rereading,lab,undergraduate,high,early,east,1
p_006919,retrieval_practice,remote,community,high,late,west,0
p_006920,retrieval_practice,lab,undergraduate,low,late,west,0
p_006921,retrieval_practice,remote,undergraduate,low,early,west,0
p_006922,retrieval_practice,lab,community,low,early,east,1
p_006923,retrieval_practice,lab,undergraduate,low,early,west,0
p_006924,rereading,lab,undergraduate,high,early,west,1
p_006925,retrieval_practice,remote,undergraduate,low,late,east,1
p_006926,rereading,remote,undergraduate,high,late,west,0
p_006927,retrieval_practice,remote,undergraduate,high,early,east,1
p_006928,retrieval_practice,lab,community,low,early,east,0
p_006929,rereading,lab,community,high,late,east,0
p_006930,rereading,lab,community,high,late,east,0
p_006931,rereading,remote,community,high,early,east,1
p_006932,rereading,lab,community,high,early,east,0
p_006933,retrieval_practice,lab,undergraduate,low,late,west,0
p_006934,rereading,remote,undergraduate,high,early,east,1
p_006935,retrieval_practice,remote,undergraduate,low,late,east,0
p_006936,rereading,remote,community,high,late,east,1
p_006937,rereading,lab,community,low,late,east,0
p_006938,rereading,lab,undergraduate,low,late,west,0
p_006939,rereading,remote,undergraduate,high,late,west,0
p_006940,retrieval_practice,lab,community,high,late,west,1
p_006941,rereading,lab,undergraduate,high,early,east,0
p_006942,rereading,lab,undergraduate,high,late,west,1
p_006943,rereading,remote,community,high,early,west,1
p_006944,retrieval_practice,lab,community,high,late,east,1
p_006945,rereading,remote,undergraduate,low,late,west,0
p_006946,retrieval_practice,remote,undergraduate,low,late,east,1
p_006947,rereading,lab,community,low,early,west,0
p_006948,retrieval_practice,lab,undergraduate,low,early,west,1
p_006949,rereading,lab,community,low,late,west,0
p_006950,rereading,lab,community,high,early,west,1
p_006951,rereading,lab,undergraduate,low,late,east,0
p_006952,rereading,remote,undergraduate,high,late,west,1
p_006953,rereading,lab,undergraduate,high,early,west,1
p_006954,rereading,lab,undergraduate,high,early,east,0
p_006955,retrieval_practice,remote,undergraduate,high,late,east,1
p_006956,retrieval_practice,lab,undergraduate,high,late,east,1
p_006957,retrieval_practice,remote,undergraduate,low,early,west,1
p_006958,rereading,remote,undergraduate,high,late,east,1
p_006959,retrieval_practice,remote,community,high,early,west,1
p_006960,rereading,lab,community,low,early,west,0
p_006961,retrieval_practice,lab,community,low,late,west,1
p_006962,rereading,lab,undergraduate,low,early,west,0
p_006963,rereading,lab,undergraduate,high,late,west,0
p_006964,rereading,lab,community,low,early,west,1
p_006965,retrieval_practice,remote,community,low,early,west,0
p_006966,rereading,remote,undergraduate,low,late,east,0
p_006967,rereading,lab,community,low,late,west,0
p_006968,retrieval_practice,remote,community,low,early,west,0
p_006969,rereading,lab,community,high,late,west,1
p_006970,rereading,lab,community,low,late,west,0
p_006971,retrieval_practice,lab,community,low,early,west,1
p_006972,rereading,lab,community,high,late,east,1
p_006973,retrieval_practice,lab,undergraduate,high,late,west,0
p_006974,rereading,lab,community,high,early,west,1
p_006975,rereading,lab,undergraduate,low,late,east,0
p_006976,retrieval_practice,remote,community,high,early,west,1
p_006977,retrieval_practice,remote,undergraduate,low,early,east,1
p_006978,retrieval_practice,remote,undergraduate,low,early,west,1
p_006979,retrieval_practice,remote,community,low,early,west,0
p_006980,rereading,lab,undergraduate,high,early,west,0
p_006981,rereading,remote,undergraduate,high,late,east,0
p_006982,retrieval_practice,remote,community,high,late,east,1
p_006983,retrieval_practice,lab,undergraduate,high,late,east,0
p_006984,rereading,remote,undergraduate,low,late,west,0
p_006985,rereading,lab,undergraduate,high,early,west,1
p_006986,retrieval_practice,remote,undergraduate,low,early,west,0
p_006987,retrieval_practice,lab,community,high,early,west,0
p_006988,rereading,lab,community,high,early,west,0
p_006989,retrieval_practice,remote,undergraduate,low,early,east,0
p_006990,retrieval_practice,lab,undergraduate,high,early,east,1
p_006991,rereading,remote,community,low,late,west,0
p_006992,rereading,lab,community,high,late,west,1
p_006993,retrieval_practice,remote,community,high,late,east,0
p_006994,rereading,lab,undergraduate,low,early,west,0
p_006995,rereading,lab,undergraduate,low,early,west,1
p_006996,rereading,remote,undergraduate,low,late,east,0
p_006997,retrieval_practice,lab,undergraduate,high,late,east,1
p_006998,retrieval_practice,lab,community,high,early,west,1
p_006999,rereading,remote,undergraduate,low,late,east,0
p_007000,rereading,remote,undergraduate,high,late,west,1
p_007001,retrieval_practice,lab,community,low,early,west,1
p_007002,rereading,lab,undergraduate,low,early,east,1
p_007003,retrieval_practice,remote,community,low,late,east,0
p_007004,rereading,lab,undergraduate,low,late,west,0
p_007005,retrieval_practice,lab,community,high,early,west,1
p_007006,rereading,remote,undergraduate,low,early,east,0
p_007007,retrieval_practice,remote,undergraduate,high,early,west,1
p_007008,retrieval_practice,remote,undergraduate,high,early,east,1
p_007009,rereading,lab,undergraduate,high,early,east,0
p_007010,rereading,lab,undergraduate,low,early,west,0
p_007011,retrieval_practice,remote,undergraduate,high,early,east,0
p_007012,rereading,lab,undergraduate,high,early,west,1
p_007013,retrieval_practice,remote,community,high,late,west,0
p_007014,rereading,remote,community,high,late,east,0
p_007015,retrieval_practice,remote,undergraduate,high,early,east,1
p_007016,rereading,remote,community,high,late,east,1
p_007017,retrieval_practice,lab,community,high,late,west,1
p_007018,rereading,lab,community,high,late,east,0
p_007019,rereading,lab,undergraduate,high,early,east,1
p_007020,rereading,lab,undergraduate,high,early,west,1
p_007021,rereading,lab,undergraduate,high,early,west,0
p_007022,retrieval_practice,remote,undergraduate,high,late,west,1
p_007023,retrieval_practice,lab,community,low,late,west,0
p_007024,rereading,lab,undergraduate,low,late,east,0
p_007025,retrieval_practice,lab,undergraduate,low,early,east,0
p_007026,retrieval_practice,lab,community,high,late,east,1
p_007027,rereading,lab,community,high,late,east,0
p_007028,rereading,remote,undergraduate,low,late,east,1
p_007029,rereading,lab,undergraduate,low,late,west,1
p_007030,retrieval_practice,lab,community,high,late,east,0
p_007031,retrieval_practice,lab,undergraduate,high,early,east,1
p_007032,rereading,lab,community,low,late,east,1
p_007033,rereading,remote,undergraduate,high,early,east,1
p_007034,retrieval_practice,remote,community,high,late,east,0
p_007035,rereading,remote,undergraduate,low,late,west,1
p_007036,retrieval_practice,lab,undergraduate,low,late,east,0
p_007037,rereading,lab,community,high,early,east,0
p_007038,rereading,lab,undergraduate,low,early,west,1
p_007039,rereading,lab,undergraduate,low,late,east,0
p_007040,retrieval_practice,remote,undergraduate,high,early,east,1
p_007041,rereading,lab,community,high,late,west,0
p_007042,retrieval_practice,remote,undergraduate,high,early,east,1
p_007043,retrieval_practice,lab,undergraduate,low,early,east,1
p_007044,rereading,lab,undergraduate,high,early,east,1
p_007045,retrieval_practice,lab,undergraduate,high,late,east,1
p_007046,rereading,remote,undergraduate,low,late,east,0
p_007047,rereading,remote,community,low,early,east,1
p_007048,retrieval_practice,lab,community,low,early,west,1
p_007049,rereading,lab,community,low,early,east,1
p_007050,retrieval_practice,lab,undergraduate,low,early,west,1
p_007051,retrieval_practice,remote,undergraduate,high,late,west,0
p_007052,retrieval_practice,lab,community,low,late,west,1
p_007053,retrieval_practice,remote,undergraduate,low,late,west,0
p_007054,retrieval_practice,lab,undergraduate,low,late,east,0
p_007055,rereading,lab,community,low,early,west,0
p_007056,retrieval_practice,remote,undergraduate,high,late,west,0
p_007057,rereading,lab,community,low,late,east,0
p_007058,retrieval_practice,lab,undergraduate,low,late,west,1
p_007059,rereading,remote,community,high,late,east,0
p_007060,retrieval_practice,remote,undergraduate,high,early,east,1
p_007061,retrieval_practice,lab,undergraduate,high,early,west,1
p_007062,retrieval_practice,lab,undergraduate,high,early,east,0
p_007063,rereading,lab,community,low,late,west,0
p_007064,rereading,lab,undergraduate,low,late,west,1
p_007065,rereading,lab,community,high,late,west,0
p_007066,retrieval_practice,lab,community,low,early,east,0
p_007067,rereading,lab,undergraduate,high,early,west,0
p_007068,rereading,remote,community,high,late,east,1
p_007069,rereading,lab,community,high,late,west,1
p_007070,retrieval_practice,lab,community,high,early,west,0
p_007071,retrieval_practice,lab,community,high,early,east,0
p_007072,rereading,remote,undergraduate,low,late,east,0
p_007073,retrieval_practice,lab,community,low,late,west,1
p_007074,retrieval_practice,lab,undergraduate,low,early,west,1
p_007075,rereading,lab,undergraduate,high,late,west,1
p_007076,retrieval_practice,lab,undergraduate,low,early,east,1
p_007077,rereading,remote,undergraduate,high,early,west,0
p_007078,rereading,remote,undergraduate,low,early,west,0
p_007079,retrieval_practice,lab,undergraduate,low,early,west,0
p_007080,retrieval_practice,lab,community,low,late,west,0
p_007081,retrieval_practice,lab,undergraduate,low,early,east,0
p_007082,retrieval_practice,remote,undergraduate,low,late,west,0
p_007083,retrieval_practice,remote,undergraduate,low,early,east,0
p_007084,rereading,lab,undergraduate,low,late,west,0
p_007085,retrieval_practice,remote,undergraduate,low,early,east,1
p_007086,retrieval_practice,remote,undergraduate,high,early,west,0
p_007087,retrieval_practice,remote,undergraduate,high,early,west,1
p_007088,rereading,lab,undergraduate,low,early,east,0
p_007089,retrieval_practice,lab,community,low,late,east,0
p_007090,retrieval_practice,remote,undergraduate,high,early,west,0
p_007091,rereading,lab,undergraduate,high,late,west,0
p_007092,retrieval_practice,lab,community,low,late,west,1
p_007093,rereading,remote,undergraduate,high,late,west,1
p_007094,rereading,remote,community,high,early,west,1
p_007095,rereading,lab,undergraduate,low,early,west,0
p_007096,rereading,lab,community,low,late,east,0
p_007097,retrieval_practice,lab,undergraduate,high,late,west,1
p_007098,rereading,remote,undergraduate,high,late,west,1
p_007099,retrieval_practice,remote,community,low,late,east,0
p_007100,rereading,lab,undergraduate,low,early,east,1
p_007101,retrieval_practice,lab,community,low,early,west,1
p_007102,rereading,lab,community,high,late,west,1
p_007103,rereading,remote,undergraduate,low,late,west,0
p_007104,rereading,remote,undergraduate,low,late,west,1
p_007105,retrieval_practice,lab,community,low,late,west,1
p_007106,rereading,lab,community,low,early,west,0
p_007107,retrieval_practice,lab,undergraduate,high,late,west,1
p_007108,rereading,lab,community,high,early,west,1
p_007109,rereading,remote,undergraduate,low,early,east,0
p_007110,retrieval_practice,remote,community,low,late,west,1
p_007111,retrieval_practice,lab,community,low,late,west,0
p_007112,retrieval_practice,lab,undergraduate,low,early,east,1
p_007113,retrieval_practice,lab,community,low,late,west,0
p_007114,retrieval_practice,remote,community,high,early,east,1
p_007115,retrieval_practice,lab,undergraduate,high,early,west,0
p_007116,retrieval_practice,lab,undergraduate,low,early,west,0
p_007117,retrieval_practice,lab,undergraduate,low,late,west,1
p_007118,retrieval_practice,remote,community,high,late,west,0
p_007119,rereading,remote,community,low,early,west,0
p_007120,retrieval_practice,lab,undergraduate,low,early,west,1
p_007121,retrieval_practice,remote,community,high,early,west,0
p_007122,rereading,lab,undergraduate,high,early,west,1
p_007123,retrieval_practice,lab,community,low,early,west,1
p_007124,rereading,remote,undergraduate,high,early,west,1
p_007125,retrieval_practice,lab,undergraduate,high,late,west,1
p_007126,rereading,lab,undergraduate,low,early,east,0
p_007127,retrieval_practice,lab,undergraduate,low,late,west,0
p_007128,rereading,lab,undergraduate,low,early,east,1
p_007129,rereading,remote,undergraduate,low,early,east,0
p_007130,retrieval_practice,lab,undergraduate,high,late,east,0
p_007131,retrieval_practice,remote,undergraduate,high,early,east,0
p_007132,rereading,remote,undergraduate,high,early,east,1
p_007133,retrieval_practice,remote,undergraduate,low,early,west,0
p_007134,retrieval_practice,lab,community,high,late,east,0
p_007135,retrieval_practice,lab,community,high,late,east,1
p_007136,rereading,lab,community,high,late,west,1
p_007137,rereading,lab,undergraduate,high,early,east,1
p_007138,retrieval_practice,lab,community,high,early,west,0
p_007139,retrieval_practice,remote,community,high,late,east,0
p_007140,retrieval_practice,remote,community,low,early,west,0
p_007141,rereading,lab,community,high,late,east,1
p_007142,retrieval_practice,remote,undergraduate,high,early,west,0
p_007143,retrieval_practice,lab,community,low,late,east,1
p_007144,retrieval_practice,lab,community,low,late,west,0
p_007145,retrieval_practice,lab,undergraduate,low,late,west,0
p_007146,rereading,remote,undergraduate,low,late,east,1
p_007147,rereading,remote,undergraduate,low,late,east,0
p_007148,retrieval_practice,lab,undergraduate,low,early,east,0
p_007149,rereading,lab,undergraduate,low,late,west,0
p_007150,rereading,remote,undergraduate,high,early,west,0
p_007151,retrieval_practice,remote,undergraduate,high,early,west,1
p_007152,retrieval_practice,lab,undergraduate,high,early,west,1
p_007153,retrieval_practice,remote,undergraduate,high,early,west,1
p_007154,retrieval_practice,lab,undergraduate,high,late,west,0
p_007155,retrieval_practice,lab,undergraduate,low,early,west,1
p_007156,retrieval_practice,remote,community,low,late,east,0
p_007157,retrieval_practice,lab,undergraduate,low,early,east,0
p_007158,rereading,lab,undergraduate,low,early,west,0
p_007159,retrieval_practice,lab,community,high,early,east,1
p_007160,retrieval_practice,lab,undergraduate,high,early,east,1
p_007161,retrieval_practice,lab,undergraduate,high,late,west,1
p_007162,rereading,remote,undergraduate,high,late,east,0
p_007163,retrieval_practice,remote,community,high,early,west,0
p_007164,retrieval_practice,remote,undergraduate,high,early,east,1
p_007165,retrieval_practice,lab,undergraduate,high,early,east,1
p_007166,retrieval_practice,lab,undergraduate,high,early,west,0
p_007167,rereading,lab,undergraduate,high,late,west,1
p_007168,rereading,lab,undergraduate,high,late,east,1
p_007169,retrieval_practice,lab,community,low,late,west,1
p_007170,retrieval_practice,remote,undergraduate,high,early,west,0
p_007171,retrieval_practice,lab,undergraduate,high,early,west,0
p_007172,rereading,lab,community,low,early,west,1
p_007173,rereading,lab,undergraduate,high,early,west,0
p_007174,retrieval_practice,lab,community,high,late,west,0
p_007175,rereading,lab,undergraduate,high,late,west,0
p_007176,rereading,lab,undergraduate,low,late,west,0
p_007177,rereading,lab,undergraduate,low,early,east,1
p_007178,retrieval_practice,remote,undergraduate,low,late,west,1
p_007179,retrieval_practice,lab,community,low,early,east,0
p_007180,retrieval_practice,lab,undergraduate,low,late,west,0
p_007181,retrieval_practice,remote,undergraduate,low,late,west,0
p_007182,rereading,lab,undergraduate,high,late,east,0
p_007183,retrieval_practice,lab,undergraduate,low,late,east,1
p_007184,retrieval_practice,lab,community,high,early,west,0
p_007185,rereading,lab,community,low,early,west,1
p_007186,retrieval_practice,lab,undergraduate,high,late,east,1
p_007187,rereading,remote,undergraduate,low,early,east,1
p_007188,rereading,remote,undergraduate,low,early,east,0
p_007189,retrieval_practice,remote,undergraduate,high,early,east,0
p_007190,retrieval_practice,remote,undergraduate,low,late,east,0
p_007191,retrieval_practice,lab,undergraduate,high,late,west,0
p_007192,retrieval_practice,remote,undergraduate,high,early,east,1
p_007193,retrieval_practice,lab,undergraduate,high,early,west,1
p_007194,rereading,lab,undergraduate,high,early,west,1
p_007195,retrieval_practice,remote,undergraduate,low,late,west,1
p_007196,rereading,lab,community,low,early,west,1
p_007197,retrieval_practice,lab,undergraduate,low,early,west,0
p_007198,rereading,lab,undergraduate,high,early,west,1
p_007199,retrieval_practice,remote,undergraduate,low,late,west,1
p_007200,retrieval_practice,lab,community,low,early,east,1
p_007201,rereading,remote,community,low,early,east,0
p_007202,rereading,lab,undergraduate,low,early,west,0
p_007203,rereading,lab,community,high,late,west,1
p_007204,rereading,lab,community,high,late,east,1
p_007205,retrieval_practice,lab,undergraduate,high,late,east,0
p_007206,rereading,remote,undergraduate,low,late,west,0
p_007207,rereading,lab,undergraduate,low,late,east,1
p_007208,retrieval_practice,lab,undergraduate,high,early,east,1
p_007209,retrieval_practice,remote,undergraduate,high,early,west,0
p_007210,retrieval_practice,lab,undergraduate,low,late,east,0
p_007211,retrieval_practice,remote,community,low,early,west,1
p_007212,rereading,lab,community,low,early,east,1
p_007213,retrieval_practice,lab,undergraduate,low,early,east,0
p_007214,rereading,remote,community,high,early,east,1
p_007215,rereading,remote,undergraduate,high,late,east,1
p_007216,rereading,lab,undergraduate,low,late,east,1
p_007217,retrieval_practice,remote,undergraduate,low,late,west,0
p_007218,rereading,remote,undergraduate,low,early,east,1
p_007219,retrieval_practice,remote,undergraduate,low,late,west,1
p_007220,retrieval_practice,lab,undergraduate,high,late,west,0
p_007221,retrieval_practice,lab,undergraduate,low,late,east,1
p_007222,retrieval_practice,lab,community,high,early,east,1
p_007223,rereading,lab,community,high,late,east,0
p_007224,rereading,lab,undergraduate,low,early,east,1
p_007225,rereading,remote,community,high,early,east,0
p_007226,rereading,lab,undergraduate,low,late,east,1
p_007227,retrieval_practice,remote,undergraduate,high,early,west,0
p_007228,rereading,lab,undergraduate,high,late,west,0
p_007229,rereading,lab,community,low,early,east,1
p_007230,rereading,lab,community,low,early,east,0
p_007231,rereading,remote,undergraduate,low,early,east,0
p_007232,retrieval_practice,lab,undergraduate,high,early,east,1
p_007233,rereading,lab,undergraduate,high,early,east,1
p_007234,retrieval_practice,remote,undergraduate,low,late,west,1
p_007235,rereading,lab,community,low,early,east,1
p_007236,retrieval_practice,lab,community,high,early,east,0
p_007237,rereading,remote,undergraduate,low,late,east,0
p_007238,rereading,lab,undergraduate,high,late,west,1
p_007239,rereading,remote,community,low,late,east,0
p_007240,retrieval_practice,remote,undergraduate,low,late,west,0
p_007241,retrieval_practice,lab,community,high,late,west,1
p_007242,retrieval_practice,lab,undergraduate,low,early,west,0
p_007243,retrieval_practice,remote,community,low,early,west,1
p_007244,rereading,lab,undergraduate,high,late,east,0
p_007245,retrieval_practice,lab,undergraduate,low,late,west,0
p_007246,retrieval_practice,remote,undergraduate,low,late,west,1
p_007247,retrieval_practice,lab,community,low,late,west,1
p_007248,retrieval_practice,remote,community,high,late,east,1
p_007249,retrieval_practice,lab,undergraduate,high,late,east,1
p_007250,rereading,lab,community,high,late,east,0
p_007251,rereading,remote,undergraduate,low,early,east,1
p_007252,retrieval_practice,remote,undergraduate,high,early,west,1
p_007253,retrieval_practice,lab,undergraduate,low,early,west,0
p_007254,retrieval_practice,remote,community,high,early,east,1
p_007255,rereading,remote,undergraduate,high,early,east,1
p_007256,retrieval_practice,lab,community,high,late,west,0
p_007257,rereading,remote,community,high,early,east,1
p_007258,rereading,remote,undergraduate,high,early,west,0
p_007259,retrieval_practice,lab,community,low,late,west,1
p_007260,retrieval_practice,remote,undergraduate,low,late,east,1
p_007261,retrieval_practice,remote,community,low,late,east,1
p_007262,rereading,lab,community,low,late,west,1
p_007263,rereading,lab,undergraduate,high,late,west,1
p_007264,rereading,lab,undergraduate,low,late,west,1
p_007265,rereading,lab,undergraduate,low,early,west,0
p_007266,retrieval_practice,remote,community,high,early,east,1
p_007267,rereading,lab,undergraduate,high,early,east,1
p_007268,retrieval_practice,remote,community,low,early,west,1
p_007269,rereading,remote,undergraduate,high,early,east,1
p_007270,rereading,remote,community,low,early,west,1
p_007271,rereading,lab,undergraduate,low,late,east,0
p_007272,retrieval_practice,lab,undergraduate,high,late,east,1
p_007273,rereading,remote,community,high,late,east,1
p_007274,rereading,remote,community,low,early,west,1
p_007275,retrieval_practice,lab,community,high,late,west,1
p_007276,rereading,remote,undergraduate,low,early,east,1
p_007277,retrieval_practice,remote,undergraduate,high,late,east,1
p_007278,rereading,lab,undergraduate,low,late,east,1
p_007279,rereading,remote,undergraduate,low,late,east,0
p_007280,rereading,lab,community,high,late,east,0
p_007281,retrieval_practice,remote,community,high,late,west,1
p_007282,rereading,remote,undergraduate,high,late,east,0
p_007283,rereading,remote,undergraduate,low,late,east,0
p_007284,rereading,lab,undergraduate,high,late,east,0
p_007285,rereading,remote,undergraduate,high,early,east,1
p_007286,rereading,lab,undergraduate,high,late,west,0
p_007287,rereading,remote,undergraduate,high,late,east,1
p_007288,retrieval_practice,lab,undergraduate,high,late,west,1
p_007289,rereading,lab,undergraduate,low,late,west,0
p_007290,retrieval_practice,lab,undergraduate,high,early,west,1
p_007291,rereading,lab,undergraduate,high,early,east,0
p_007292,rereading,remote,community,low,late,west,1
p_007293,rereading,remote,undergraduate,low,late,east,1
p_007294,rereading,remote,community,high,early,east,0
p_007295,rereading,lab,community,high,late,west,1
p_007296,retrieval_practice,remote,community,high,early,west,0
p_007297,retrieval_practice,lab,undergraduate,high,early,west,1
p_007298,rereading,lab,undergraduate,high,late,west,1
p_007299,rereading,remote,undergraduate,high,early,east,1
p_007300,retrieval_practice,remote,undergraduate,high,late,west,0
p_007301,rereading,remote,undergraduate,low,early,east,1
p_007302,rereading,lab,undergraduate,low,early,west,1
p_007303,retrieval_practice,lab,undergraduate,high,early,west,0
p_007304,rereading,remote,community,high,early,east,1
p_007305,retrieval_practice,lab,undergraduate,low,late,east,0
p_007306,retrieval_practice,lab,community,high,early,east,1
p_007307,rereading,lab,community,high,early,east,0
p_007308,retrieval_practice,lab,undergraduate,high,early,east,1
p_007309,rereading,remote,community,high,early,east,1
p_007310,rereading,remote,community,high,late,east,0
p_007311,retrieval_practice,remote,community,high,late,east,1
p_007312,rereading,lab,community,high,early,west,0
p_007313,rereading,remote,undergraduate,high,early,west,0
p_007314,rereading,lab,community,high,late,east,0
p_007315,rereading,lab,undergraduate,low,early,west,1
p_007316,rereading,lab,community,low,late,west,0
p_007317,rereading,remote,community,high,early,west,0
p_007318,retrieval_practice,remote,community,high,early,east,1
p_007319,rereading,lab,undergraduate,low,late,east,0
p_007320,retrieval_practice,lab,community,high,late,west,1
p_007321,rereading,lab,undergraduate,low,early,west,1
p_007322,retrieval_practice,lab,undergraduate,low,early,east,0
p_007323,rereading,lab,undergraduate,low,late,west,1
p_007324,retrieval_practice,lab,undergraduate,high,early,west,0
p_007325,retrieval_practice,lab,community,high,late,west,1
p_007326,rereading,remote,undergraduate,high,late,east,0
p_007327,retrieval_practice,remote,undergraduate,low,early,east,1
p_007328,retrieval_practice,lab,undergraduate,low,late,east,1
p_007329,retrieval_practice,remote,community,high,early,east,1
p_007330,retrieval_practice,lab,community,low,early,east,1
p_007331,retrieval_practice,remote,community,low,late,east,0
p_007332,retrieval_practice,lab,undergraduate,low,late,west,0
p_007333,retrieval_practice,remote,undergraduate,low,early,east,1
p_007334,retrieval_practice,remote,undergraduate,low,late,west,0
p_007335,rereading,lab,undergraduate,high,late,east,0
p_007336,rereading,remote,undergraduate,low,early,west,0
p_007337,rereading,remote,undergraduate,high,early,west,1
p_007338,rereading,lab,community,high,late,east,1
p_007339,retrieval_practice,remote,community,low,early,west,1
p_007340,rereading,lab,undergraduate,high,early,east,0
p_007341,rereading,remote,undergraduate,low,late,east,1
p_007342,rereading,lab,undergraduate,low,early,west,0
p_007343,rereading,remote,community,high,late,east,1
p_007344,retrieval_practice,lab,undergraduate,low,late,west,1
p_007345,retrieval_practice,remote,undergraduate,high,early,east,0
p_007346,rereading,lab,undergraduate,high,late,east,1
p_007347,retrieval_practice,remote,community,high,early,west,1
p_007348,rereading,remote,undergraduate,high,late,east,1
p_007349,retrieval_practice,lab,undergraduate,low,late,west,1
p_007350,retrieval_practice,remote,undergraduate,low,early,east,0
p_007351,retrieval_practice,remote,undergraduate,low,early,west,0
p_007352,rereading,lab,undergraduate,low,late,east,1
p_007353,rereading,lab,undergraduate,low,early,east,0
p_007354,retrieval_practice,lab,undergraduate,low,late,east,1
p_007355,retrieval_practice,remote,community,high,late,east,1
p_007356,retrieval_practice,lab,undergraduate,high,early,east,1
p_007357,rereading,lab,undergraduate,high,late,east,1
p_007358,retrieval_practice,remote,community,low,early,west,1
p_007359,retrieval_practice,lab,undergraduate,high,late,east,1
p_007360,rereading,lab,community,high,late,west,1
p_007361,retrieval_practice,lab,undergraduate,high,early,east,1
p_007362,retrieval_practice,lab,undergraduate,low,early,east,0
p_007363,rereading,lab,community,low,late,east,1
p_007364,retrieval_practice,remote,undergraduate,low,early,west,1
p_007365,retrieval_practice,remote,community,low,early,east,0
p_007366,rereading,remote,undergraduate,high,early,west,1
p_007367,rereading,remote,undergraduate,low,late,east,1
p_007368,retrieval_practice,lab,undergraduate,low,early,west,1
p_007369,retrieval_practice,remote,community,low,early,west,0
p_007370,rereading,lab,undergraduate,low,early,east,0
p_007371,retrieval_practice,lab,undergraduate,low,late,east,0
p_007372,rereading,lab,undergraduate,low,late,east,0
p_007373,retrieval_practice,lab,undergraduate,low,early,west,1
p_007374,retrieval_practice,remote,undergraduate,low,early,east,1
p_007375,rereading,lab,undergraduate,low,late,east,1
p_007376,retrieval_practice,lab,undergraduate,low,early,west,0
p_007377,retrieval_practice,remote,community,low,late,east,0
p_007378,retrieval_practice,remote,community,high,early,west,1
p_007379,retrieval_practice,remote,undergraduate,high,late,west,1
p_007380,retrieval_practice,remote,undergraduate,low,late,west,1
p_007381,rereading,remote,community,high,early,west,1
p_007382,retrieval_practice,remote,undergraduate,low,late,east,0
p_007383,retrieval_practice,lab,community,high,early,west,1
p_007384,rereading,remote,undergraduate,low,early,east,0
p_007385,rereading,remote,undergraduate,low,early,east,1
p_007386,retrieval_practice,lab,community,low,late,west,0
p_007387,retrieval_practice,remote,undergraduate,low,early,east,1
p_007388,retrieval_practice,lab,community,low,late,east,1
p_007389,rereading,lab,community,high,late,west,1
p_007390,retrieval_practice,remote,undergraduate,high,late,east,1
p_007391,retrieval_practice,lab,undergraduate,low,late,west,1
p_007392,rereading,lab,undergraduate,low,late,east,0
p_007393,rereading,remote,community,low,late,east,1
p_007394,retrieval_practice,remote,community,low,early,west,1
p_007395,rereading,remote,community,low,late,east,0
p_007396,retrieval_practice,lab,undergraduate,low,early,west,0
p_007397,retrieval_practice,remote,undergraduate,low,early,east,1
p_007398,rereading,lab,undergraduate,high,late,west,1
p_007399,retrieval_practice,lab,community,low,early,west,0
p_007400,retrieval_practice,lab,community,high,late,west,1
p_007401,retrieval_practice,lab,undergraduate,high,early,east,1
p_007402,retrieval_practice,remote,community,high,late,west,0
p_007403,retrieval_practice,lab,undergraduate,low,late,east,0
p_007404,retrieval_practice,lab,community,high,early,west,0
p_007405,rereading,lab,undergraduate,high,late,east,1
p_007406,retrieval_practice,lab,undergraduate,low,late,east,1
p_007407,rereading,remote,undergraduate,low,early,west,1
p_007408,retrieval_practice,lab,community,low,late,west,0
p_007409,retrieval_practice,remote,community,low,late,west,1
p_007410,retrieval_practice,lab,community,high,early,east,0
p_007411,retrieval_practice,lab,community,low,early,east,0
p_007412,retrieval_practice,remote,community,low,early,east,1
p_007413,retrieval_practice,remote,undergraduate,low,early,east,0
p_007414,retrieval_practice,lab,undergraduate,high,early,east,1
p_007415,rereading,remote,undergraduate,low,late,east,0
p_007416,retrieval_practice,lab,undergraduate,low,late,east,0
p_007417,rereading,lab,undergraduate,high,early,west,1
p_007418,rereading,lab,undergraduate,high,early,west,1
p_007419,rereading,lab,undergraduate,high,late,east,1
p_007420,retrieval_practice,lab,community,low,early,east,0
p_007421,retrieval_practice,remote,community,high,late,west,0
p_007422,rereading,remote,undergraduate,low,late,west,0
p_007423,rereading,lab,community,high,early,east,1
p_007424,rereading,lab,community,low,early,east,1
p_007425,retrieval_practice,lab,undergraduate,low,late,west,1
p_007426,rereading,lab,community,low,early,east,1
p_007427,rereading,remote,community,low,early,west,1
p_007428,rereading,lab,undergraduate,low,early,east,0
p_007429,retrieval_practice,remote,undergraduate,low,early,east,1
p_007430,rereading,lab,undergraduate,low,early,east,1
p_007431,rereading,remote,undergraduate,high,late,west,0
p_007432,rereading,remote,undergraduate,low,late,east,0
p_007433,rereading,remote,community,high,early,west,0
p_007434,retrieval_practice,remote,undergraduate,low,late,west,0
p_007435,retrieval_practice,remote,community,high,early,west,1
p_007436,retrieval_practice,remote,community,low,late,west,1
p_007437,rereading,lab,community,high,early,west,0
p_007438,rereading,lab,undergraduate,high,late,east,1
p_007439,retrieval_practice,remote,community,high,early,west,0
p_007440,retrieval_practice,lab,undergraduate,low,early,east,1
p_007441,rereading,remote,undergraduate,high,late,east,0
p_007442,rereading,lab,community,high,early,west,0
p_007443,rereading,lab,community,low,early,east,1
p_007444,rereading,lab,community,high,late,east,1
p_007445,rereading,lab,community,high,early,east,1
p_007446,retrieval_practice,remote,community,high,early,west,0
p_007447,retrieval_practice,lab,undergraduate,high,early,east,0
p_007448,rereading,lab,community,low,early,east,1
p_007449,retrieval_practice,remote,community,low,late,east,1
p_007450,retrieval_practice,remote,undergraduate,low,early,east,0
p_007451,rereading,lab,community,low,early,east,0
p_007452,retrieval_practice,lab,community,low,early,east,1
p_007453,retrieval_practice,remote,community,low,early,west,1
p_007454,retrieval_practice,remote,undergraduate,low,late,west,1
p_007455,retrieval_practice,lab,undergraduate,low,early,east,0
p_007456,retrieval_practice,lab,undergraduate,low,late,west,1
p_007457,rereading,lab,community,low,late,west,1
p_007458,retrieval_practice,lab,community,low,early,west,0
p_007459,rereading,lab,undergraduate,low,early,east,1
p_007460,rereading,remote,community,low,late,west,1
p_007461,rereading,remote,undergraduate,low,late,west,0
p_007462,rereading,lab,community,low,late,east,1
p_007463,retrieval_practice,lab,undergraduate,low,late,east,0
p_007464,rereading,remote,undergraduate,high,early,east,0
p_007465,rereading,lab,community,low,late,west,0
p_007466,retrieval_practice,lab,undergraduate,low,late,east,1
p_007467,rereading,lab,undergraduate,high,early,east,1
p_007468,retrieval_practice,remote,community,low,early,west,1
p_007469,rereading,remote,undergraduate,low,late,west,1
p_007470,rereading,lab,undergraduate,low,early,west,0
p_007471,retrieval_practice,remote,community,high,late,west,1
p_007472,rereading,remote,undergraduate,high,early,west,1
p_007473,retrieval_practice,lab,undergraduate,low,late,east,1
p_007474,rereading,lab,undergraduate,high,late,east,1
p_007475,rereading,remote,undergraduate,low,late,east,1
p_007476,retrieval_practice,lab,undergraduate,high,late,west,0
p_007477,retrieval_practice,remote,undergraduate,high,early,west,0
p_007478,rereading,remote,undergraduate,high,late,west,1
p_007479,rereading,remote,undergraduate,low,early,west,0
p_007480,retrieval_practice,remote,undergraduate,low,late,west,1
p_007481,retrieval_practice,remote,undergraduate,low,late,east,1
p_007482,rereading,remote,undergraduate,low,early,east,0
p_007483,rereading,lab,community,low,late,east,0
p_007484,retrieval_practice,remote,community,low,late,east,0
p_007485,retrieval_practice,lab,undergraduate,high,late,east,1
p_007486,retrieval_practice,lab,undergraduate,high,early,west,0
p_007487,rereading,remote,undergraduate,low,late,east,1
p_007488,retrieval_practice,remote,undergraduate,low,early,east,0
p_007489,rereading,remote,undergraduate,high,early,west,1
p_007490,retrieval_practice,lab,undergraduate,low,early,east,1
p_007491,rereading,remote,undergraduate,low,early,west,0
p_007492,retrieval_practice,remote,undergraduate,low,early,west,1
p_007493,retrieval_practice,lab,undergraduate,high,late,east,1
p_007494,rereading,lab,undergraduate,high,early,east,0
p_007495,rereading,lab,community,low,late,east,1
p_007496,rereading,lab,undergraduate,high,early,east,1
p_007497,retrieval_practice,lab,undergraduate,low,early,east,1
p_007498,retrieval_practice,lab,undergraduate,low,late,east,0
p_007499,retrieval_practice,lab,community,high,late,east,1
p_007500,retrieval_practice,lab,community,high,late,west,1
p_007501,rereading,remote,community,low,late,west,0
p_007502,rereading,lab,undergraduate,high,early,west,1
p_007503,rereading,lab,undergraduate,low,late,west,1
p_007504,retrieval_practice,lab,community,low,early,east,1
p_007505,rereading,remote,community,high,late,east,0
p_007506,retrieval_practice,lab,community,low,late,west,0
p_007507,retrieval_practice,lab,undergraduate,low,early,east,0
p_007508,rereading,lab,undergraduate,high,late,west,0
p_007509,retrieval_practice,remote,community,low,early,east,1
p_007510,retrieval_practice,lab,undergraduate,high,early,west,1
p_007511,rereading,lab,undergraduate,low,early,west,0
p_007512,rereading,remote,community,high,early,east,0
p_007513,retrieval_practice,remote,undergraduate,high,late,east,0
p_007514,retrieval_practice,remote,undergraduate,low,early,east,0
p_007515,rereading,remote,undergraduate,high,early,west,0
p_007516,rereading,lab,community,high,early,east,1
p_007517,retrieval_practice,lab,undergraduate,low,early,east,1
p_007518,rereading,remote,undergraduate,high,late,west,0
p_007519,rereading,remote,undergraduate,high,early,east,0
p_007520,retrieval_practice,lab,undergraduate,low,early,east,0
p_007521,rereading,lab,undergraduate,high,early,west,1
p_007522,rereading,remote,undergraduate,low,early,east,1
p_007523,retrieval_practice,lab,undergraduate,low,early,west,1
p_007524,retrieval_practice,remote,undergraduate,high,late,east,0
p_007525,retrieval_practice,lab,community,low,early,east,0
p_007526,retrieval_practice,lab,community,high,late,east,1
p_007527,retrieval_practice,remote,undergraduate,low,late,east,1
p_007528,rereading,remote,undergraduate,high,early,east,0
p_007529,retrieval_practice,lab,undergraduate,high,late,east,0
p_007530,rereading,remote,undergraduate,low,late,east,0
p_007531,rereading,lab,community,high,early,west,0
p_007532,retrieval_practice,remote,undergraduate,low,late,east,1
p_007533,retrieval_practice,lab,undergraduate,high,late,east,1
p_007534,retrieval_practice,lab,undergraduate,low,late,west,0
p_007535,retrieval_practice,lab,community,low,early,east,1
p_007536,rereading,lab,community,low,late,west,0
p_007537,rereading,lab,undergraduate,high,early,west,1
p_007538,retrieval_practice,lab,undergraduate,high,late,west,0
p_007539,rereading,lab,community,high,late,east,1
p_007540,retrieval_practice,lab,community,high,early,east,1
p_007541,retrieval_practice,lab,undergraduate,low,early,west,0
p_007542,retrieval_practice,lab,undergraduate,low,early,east,1
p_007543,rereading,remote,undergraduate,low,late,west,0
p_007544,rereading,lab,community,high,late,west,0
p_007545,rereading,lab,undergraduate,low,early,west,0
p_007546,rereading,lab,undergraduate,low,early,east,1
p_007547,retrieval_practice,remote,undergraduate,low,early,west,1
p_007548,retrieval_practice,lab,undergraduate,low,early,west,0
p_007549,rereading,lab,community,high,early,west,1
p_007550,rereading,remote,undergraduate,high,late,west,1
p_007551,retrieval_practice,remote,undergraduate,high,late,west,1
p_007552,retrieval_practice,lab,undergraduate,low,late,east,1
p_007553,rereading,remote,undergraduate,low,early,east,1
p_007554,rereading,lab,community,low,early,east,1
p_007555,rereading,lab,undergraduate,high,late,east,0
p_007556,rereading,lab,community,high,late,east,1
p_007557,rereading,remote,community,high,late,west,1
p_007558,retrieval_practice,remote,community,high,late,east,1
p_007559,rereading,remote,community,high,early,east,1
p_007560,retrieval_practice,remote,community,high,late,east,1
p_007561,retrieval_practice,lab,community,low,late,east,0
p_007562,rereading,remote,community,low,late,west,1
p_007563,retrieval_practice,lab,community,high,late,west,1
p_007564,rereading,remote,undergraduate,low,early,east,0
p_007565,rereading,remote,community,low,early,east,1
p_007566,rereading,lab,community,high,late,west,1
p_007567,retrieval_practice,remote,undergraduate,low,early,east,1
p_007568,retrieval_practice,lab,undergraduate,high,early,east,0
p_007569,retrieval_practice,remote,community,high,late,west,0
p_007570,rereading,remote,undergraduate,high,late,west,1
p_007571,retrieval_practice,remote,undergraduate,low,early,east,1
p_007572,retrieval_practice,lab,undergraduate,low,early,east,0
p_007573,retrieval_practice,lab,undergraduate,high,early,west,1
p_007574,rereading,lab,community,low,late,east,0
p_007575,rereading,remote,community,high,early,east,0
p_007576,rereading,lab,undergraduate,high,late,west,0
p_007577,retrieval_practice,remote,community,low,early,west,0
p_007578,rereading,lab,undergraduate,high,late,east,1
p_007579,retrieval_practice,lab,undergraduate,high,early,east,1
p_007580,rereading,lab,undergraduate,high,early,west,1
p_007581,rereading,remote,community,low,early,east,1
p_007582,retrieval_practice,lab,undergraduate,high,late,east,0
p_007583,rereading,lab,community,low,early,west,1
p_007584,retrieval_practice,lab,undergraduate,high,early,west,1
p_007585,retrieval_practice,lab,undergraduate,low,early,east,1
p_007586,retrieval_practice,remote,community,high,early,east,1
p_007587,rereading,lab,undergraduate,low,early,east,1
p_007588,retrieval_practice,lab,undergraduate,high,early,east,0
p_007589,rereading,lab,undergraduate,high,late,west,1
p_007590,rereading,remote,undergraduate,high,early,east,0
p_007591,rereading,remote,community,low,late,west,0
p_007592,rereading,lab,community,high,late,east,0
p_007593,rereading,remote,undergraduate,high,late,east,0
p_007594,rereading,lab,undergraduate,high,early,east,1
p_007595,rereading,remote,undergraduate,high,early,west,1
p_007596,retrieval_practice,lab,community,low,late,east,0
p_007597,retrieval_practice,lab,community,high,early,west,1
p_007598,rereading,remote,undergraduate,low,late,west,0
p_007599,rereading,remote,community,low,early,east,1
p_007600,rereading,lab,community,low,early,east,0
p_007601,retrieval_practice,lab,undergraduate,high,early,east,0
p_007602,retrieval_practice,remote,undergraduate,low,early,west,0
p_007603,rereading,lab,undergraduate,low,early,west,1
p_007604,rereading,lab,community,high,late,east,1
p_007605,retrieval_practice,lab,undergraduate,low,early,west,0
p_007606,rereading,lab,community,high,late,east,0
p_007607,retrieval_practice,lab,undergraduate,low,late,west,1
p_007608,rereading,lab,community,high,early,east,1
p_007609,retrieval_practice,remote,undergraduate,high,late,west,1
p_007610,retrieval_practice,remote,community,high,early,east,0
p_007611,retrieval_practice,lab,community,low,early,east,0
p_007612,rereading,remote,undergraduate,low,early,east,1
p_007613,rereading,remote,community,low,early,west,0
p_007614,retrieval_practice,lab,community,low,early,east,0
p_007615,retrieval_practice,lab,undergraduate,low,late,west,1
p_007616,retrieval_practice,lab,community,high,early,east,0
p_007617,rereading,lab,undergraduate,high,late,east,1
p_007618,rereading,lab,undergraduate,low,early,east,0
p_007619,retrieval_practice,lab,community,high,early,west,0
p_007620,retrieval_practice,lab,community,high,early,west,0
p_007621,rereading,remote,undergraduate,low,late,west,1
p_007622,retrieval_practice,remote,undergraduate,low,early,west,1
p_007623,rereading,lab,community,low,late,east,1
p_007624,retrieval_practice,lab,community,high,late,west,1
p_007625,retrieval_practice,lab,undergraduate,low,early,east,0
p_007626,retrieval_practice,lab,undergraduate,low,late,east,0
p_007627,rereading,lab,community,high,early,east,0
p_007628,retrieval_practice,remote,undergraduate,low,late,east,1
p_007629,retrieval_practice,lab,undergraduate,high,late,west,1
p_007630,retrieval_practice,lab,community,low,early,west,1
p_007631,rereading,lab,community,low,late,east,0
p_007632,retrieval_practice,lab,undergraduate,high,late,east,0
p_007633,rereading,lab,undergraduate,high,early,west,1
p_007634,retrieval_practice,remote,undergraduate,high,late,east,1
p_007635,rereading,lab,undergraduate,high,late,west,0
p_007636,rereading,lab,undergraduate,low,early,west,1
p_007637,rereading,lab,community,high,late,east,1
p_007638,retrieval_practice,lab,community,low,early,west,1
p_007639,rereading,remote,community,high,late,west,1
p_007640,rereading,lab,community,high,late,west,1
p_007641,retrieval_practice,remote,undergraduate,high,late,east,0
p_007642,rereading,remote,community,low,early,west,1
p_007643,rereading,lab,undergraduate,high,early,east,1
p_007644,rereading,remote,undergraduate,low,late,east,0
p_007645,retrieval_practice,remote,community,low,early,west,0
p_007646,rereading,remote,undergraduate,low,late,east,1
p_007647,rereading,remote,undergraduate,low,early,east,0
p_007648,retrieval_practice,remote,community,high,late,east,1
p_007649,retrieval_practice,remote,undergraduate,high,early,east,1
p_007650,retrieval_practice,lab,undergraduate,low,early,east,0
p_007651,rereading,remote,community,high,late,east,0
p_007652,rereading,remote,undergraduate,low,late,west,0
p_007653,retrieval_practice,lab,community,high,late,east,0
p_007654,retrieval_practice,remote,undergraduate,high,early,east,1
p_007655,retrieval_practice,remote,undergraduate,high,early,west,0
p_007656,rereading,remote,community,low,early,east,0
p_007657,rereading,lab,undergraduate,high,early,east,0
p_007658,rereading,lab,community,low,early,west,1
p_007659,retrieval_practice,remote,community,low,late,east,0
p_007660,retrieval_practice,remote,undergraduate,high,late,west,0
p_007661,rereading,lab,community,low,early,east,0
p_007662,rereading,lab,community,low,late,east,1
p_007663,rereading,remote,undergraduate,high,late,west,1
p_007664,rereading,remote,undergraduate,low,early,east,0
p_007665,rereading,lab,undergraduate,high,late,east,0
p_007666,rereading,remote,community,low,early,west,1
p_007667,rereading,remote,community,high,late,east,0
p_007668,retrieval_practice,remote,community,low,late,east,0
p_007669,retrieval_practice,remote,undergraduate,low,early,west,1
p_007670,rereading,lab,undergraduate,high,early,west,0
p_007671,rereading,remote,undergraduate,high,late,west,0
p_007672,retrieval_practice,lab,undergraduate,high,early,west,0
p_007673,rereading,lab,undergraduate,low,early,west,0
p_007674,rereading,lab,undergraduate,low,late,east,0
p_007675,retrieval_practice,remote,community,high,late,east,1
p_007676,retrieval_practice,lab,undergraduate,low,early,east,0
p_007677,rereading,lab,undergraduate,low,late,west,0
p_007678,retrieval_practice,lab,community,low,late,east,1
p_007679,retrieval_practice,lab,undergraduate,high,early,east,0
p_007680,rereading,lab,community,high,late,east,1
p_007681,retrieval_practice,remote,community,low,early,west,1
p_007682,rereading,lab,undergraduate,high,early,east,0
p_007683,retrieval_practice,remote,community,low,early,west,1
p_007684,retrieval_practice,remote,undergraduate,high,late,east,1
p_007685,rereading,remote,undergraduate,low,early,west,0
p_007686,rereading,lab,community,high,late,west,1
p_007687,rereading,remote,community,high,early,west,1
p_007688,retrieval_practice,lab,undergraduate,low,late,west,1
p_007689,rereading,remote,undergraduate,low,late,east,1
p_007690,retrieval_practice,remote,undergraduate,high,late,east,1
p_007691,retrieval_practice,lab,undergraduate,low,early,west,1
p_007692,rereading,remote,community,high,late,west,1
p_007693,rereading,lab,community,low,late,west,1
p_007694,rereading,remote,undergraduate,low,early,west,0
p_007695,rereading,lab,undergraduate,low,early,west,1
p_007696,retrieval_practice,remote,community,high,late,east,0
p_007697,retrieval_practice,remote,community,high,early,east,0
p_007698,rereading,lab,undergraduate,low,late,east,0
p_007699,retrieval_practice,remote,undergraduate,high,late,east,1
p_007700,rereading,lab,undergraduate,high,late,east,0
p_007701,rereading,remote,community,low,early,west,0
p_007702,retrieval_practice,remote,undergraduate,high,late,east,1
p_007703,rereading,remote,undergraduate,high,late,east,0
p_007704,retrieval_practice,remote,community,high,late,east,1
p_007705,rereading,lab,community,high,late,west,0
p_007706,rereading,remote,undergraduate,low,early,west,0
p_007707,retrieval_practice,remote,community,high,early,west,0
p_007708,rereading,remote,undergraduate,low,early,east,0
p_007709,rereading,lab,undergraduate,high,early,east,0
p_007710,rereading,remote,undergraduate,high,early,east,1
p_007711,retrieval_practice,lab,community,high,early,east,0
p_007712,rereading,remote,community,low,early,west,0
p_007713,rereading,remote,undergraduate,low,early,west,1
p_007714,retrieval_practice,remote,undergraduate,high,early,east,0
p_007715,rereading,lab,undergraduate,low,early,west,0
p_007716,rereading,remote,undergraduate,low,late,east,0
p_007717,retrieval_practice,remote,community,low,late,east,1
p_007718,retrieval_practice,remote,undergraduate,low,early,west,1
p_007719,retrieval_practice,remote,community,low,late,east,1
p_007720,retrieval_practice,lab,undergraduate,high,late,east,1
p_007721,retrieval_practice,lab,undergraduate,high,early,west,0
p_007722,retrieval_practice,lab,undergraduate,high,early,west,1
p_007723,retrieval_practice,remote,undergraduate,high,late,east,1
p_007724,retrieval_practice,lab,undergraduate,low,late,east,1
p_007725,retrieval_practice,remote,undergraduate,high,early,west,1
p_007726,rereading,remote,undergraduate,high,early,east,1
p_007727,retrieval_practice,lab,undergraduate,low,late,west,0
p_007728,retrieval_practice,lab,community,high,early,east,1
p_007729,rereading,remote,undergraduate,low,late,west,0
p_007730,rereading,remote,undergraduate,low,late,west,0
p_007731,rereading,remote,undergraduate,high,late,west,0
p_007732,retrieval_practice,remote,community,high,late,east,1
p_007733,rereading,lab,undergraduate,low,late,west,1
p_007734,rereading,lab,undergraduate,high,late,west,1
p_007735,rereading,lab,undergraduate,high,early,west,1
p_007736,rereading,lab,undergraduate,high,late,east,0
p_007737,rereading,lab,community,high,late,west,0
p_007738,rereading,lab,undergraduate,high,early,west,1
p_007739,rereading,remote,undergraduate,low,early,east,0
p_007740,rereading,remote,community,low,early,west,0
p_007741,rereading,lab,community,low,late,west,1
p_007742,retrieval_practice,lab,undergraduate,low,early,east,0
p_007743,rereading,remote,undergraduate,low,early,west,0
p_007744,rereading,lab,undergraduate,low,late,east,1
p_007745,rereading,remote,community,high,early,west,1
p_007746,retrieval_practice,remote,undergraduate,high,late,west,1
p_007747,rereading,remote,undergraduate,high,early,east,1
p_007748,rereading,lab,undergraduate,low,late,east,0
p_007749,rereading,lab,community,low,early,east,0
p_007750,retrieval_practice,lab,community,low,early,east,0
p_007751,retrieval_practice,lab,community,high,late,east,1
p_007752,retrieval_practice,remote,undergraduate,low,late,west,1
p_007753,rereading,remote,undergraduate,low,early,west,1
p_007754,rereading,lab,community,high,early,east,1
p_007755,rereading,lab,undergraduate,high,late,west,1
p_007756,rereading,remote,community,low,late,west,0
p_007757,rereading,remote,undergraduate,low,early,west,0
p_007758,retrieval_practice,lab,community,low,early,west,1
p_007759,rereading,remote,undergraduate,low,early,west,1
p_007760,retrieval_practice,remote,community,low,early,east,0
p_007761,rereading,lab,undergraduate,low,late,east,1
p_007762,retrieval_practice,lab,undergraduate,low,late,east,0
p_007763,rereading,lab,undergraduate,low,late,west,0
p_007764,rereading,remote,undergraduate,high,late,west,0
p_007765,retrieval_practice,lab,undergraduate,low,early,east,0
p_007766,rereading,lab,undergraduate,high,late,east,0
p_007767,retrieval_practice,remote,undergraduate,high,late,west,1
p_007768,retrieval_practice,remote,undergraduate,high,late,west,1
p_007769,retrieval_practice,lab,undergraduate,high,early,east,0
p_007770,retrieval_practice,lab,undergraduate,high,late,east,1
p_007771,rereading,lab,community,low,early,east,1
p_007772,rereading,lab,community,high,late,east,0
p_007773,rereading,lab,community,high,late,east,1
p_007774,retrieval_practice,lab,undergraduate,high,late,east,1
p_007775,retrieval_practice,lab,community,high,early,west,0
p_007776,rereading,lab,community,low,late,west,1
p_007777,retrieval_practice,remote,community,high,early,east,1
p_007778,retrieval_practice,remote,undergraduate,high,early,west,0
p_007779,rereading,remote,community,low,early,west,0
p_007780,retrieval_practice,lab,community,low,late,west,1
p_007781,retrieval_practice,remote,community,high,early,west,1
p_007782,retrieval_practice,lab,community,low,late,east,0
p_007783,retrieval_practice,lab,community,high,early,west,1
p_007784,retrieval_practice,lab,community,high,early,east,1
p_007785,rereading,lab,community,high,late,east,1
p_007786,retrieval_practice,lab,undergraduate,high,early,west,0
p_007787,retrieval_practice,remote,undergraduate,low,early,west,1
p_007788,rereading,remote,community,high,late,west,1
p_007789,retrieval_practice,remote,undergraduate,low,late,east,1
p_007790,retrieval_practice,remote,community,high,late,west,0
p_007791,rereading,lab,undergraduate,high,late,west,1
p_007792,rereading,lab,community,high,late,west,1
p_007793,retrieval_practice,remote,community,high,early,west,1
p_007794,retrieval_practice,lab,undergraduate,high,early,west,1
p_007795,retrieval_practice,lab,undergraduate,high,late,west,1
p_007796,retrieval_practice,lab,undergraduate,low,early,west,0
p_007797,rereading,lab,community,low,late,west,0
p_007798,retrieval_practice,lab,community,low,early,west,1
p_007799,retrieval_practice,lab,community,high,early,east,0
p_007800,rereading,remote,community,high,early,west,1
p_007801,retrieval_practice,remote,community,low,early,west,0
p_007802,rereading,lab,undergraduate,low,early,west,0
p_007803,retrieval_practice,lab,community,low,early,east,1
p_007804,retrieval_practice,lab,community,high,late,west,1
p_007805,rereading,remote,undergraduate,low,early,west,0
p_007806,rereading,remote,community,high,late,east,1
p_007807,retrieval_practice,lab,community,low,late,east,0
p_007808,rereading,lab,undergraduate,low,late,west,0
p_007809,rereading,lab,undergraduate,low,late,east,1
p_007810,rereading,lab,community,high,late,west,0
p_007811,rereading,remote,community,low,late,west,1
p_007812,retrieval_practice,remote,undergraduate,high,late,east,0
p_007813,rereading,lab,community,low,early,west,0
p_007814,rereading,remote,undergraduate,low,early,east,0
p_007815,rereading,remote,undergraduate,high,early,east,0
p_007816,rereading,lab,undergraduate,low,early,west,0
p_007817,retrieval_practice,lab,undergraduate,low,early,west,0
p_007818,retrieval_practice,lab,community,high,late,east,0
p_007819,retrieval_practice,lab,undergraduate,high,late,east,0
p_007820,rereading,lab,community,high,early,west,1
p_007821,rereading,lab,undergraduate,low,late,east,0
p_007822,retrieval_practice,lab,undergraduate,high,late,east,1
p_007823,rereading,remote,undergraduate,low,late,east,1
p_007824,rereading,lab,undergraduate,low,early,west,1
p_007825,rereading,lab,community,low,late,west,1
p_007826,retrieval_practice,remote,community,low,late,east,0
p_007827,retrieval_practice,lab,undergraduate,high,late,east,1
p_007828,retrieval_practice,lab,undergraduate,high,late,east,1
p_007829,rereading,remote,undergraduate,high,late,west,1
p_007830,retrieval_practice,lab,undergraduate,low,early,west,0
p_007831,rereading,lab,community,low,early,west,1
p_007832,rereading,remote,undergraduate,high,late,east,0
p_007833,retrieval_practice,lab,community,high,early,east,1
p_007834,retrieval_practice,lab,community,high,early,west,1
p_007835,retrieval_practice,lab,undergraduate,high,early,west,1
p_007836,retrieval_practice,remote,community,low,early,west,1
p_007837,retrieval_practice,lab,community,low,early,west,1
p_007838,rereading,lab,community,high,early,east,0
p_007839,rereading,remote,community,low,early,east,0
p_007840,retrieval_practice,remote,undergraduate,high,early,west,0
p_007841,retrieval_practice,lab,undergraduate,low,late,west,0
p_007842,retrieval_practice,lab,community,low,early,east,0
p_007843,retrieval_practice,remote,community,low,late,east,1
p_007844,retrieval_practice,remote,undergraduate,low,late,east,1
p_007845,retrieval_practice,remote,undergraduate,low,early,west,1
p_007846,retrieval_practice,remote,community,low,early,west,0
p_007847,retrieval_practice,lab,undergraduate,low,late,west,0
p_007848,retrieval_practice,remote,community,high,early,east,1
p_007849,retrieval_practice,remote,community,high,early,east,1
p_007850,rereading,lab,undergraduate,high,early,east,1
p_007851,rereading,lab,community,high,early,west,0
p_007852,rereading,lab,community,low,early,east,1
p_007853,retrieval_practice,remote,undergraduate,high,early,east,1
p_007854,rereading,lab,undergraduate,high,early,west,1
p_007855,rereading,lab,undergraduate,low,early,west,0
p_007856,retrieval_practice,remote,community,low,early,east,1
p_007857,retrieval_practice,remote,undergraduate,low,early,east,1
p_007858,rereading,remote,community,high,late,east,1
p_007859,rereading,remote,undergraduate,low,early,west,1
p_007860,retrieval_practice,remote,community,low,early,east,0
p_007861,rereading,remote,community,high,early,east,0
p_007862,retrieval_practice,remote,undergraduate,high,early,east,0
p_007863,rereading,remote,undergraduate,high,early,west,0
p_007864,rereading,remote,community,high,late,east,0
p_007865,rereading,remote,undergraduate,low,late,west,1
p_007866,retrieval_practice,lab,community,low,early,west,1
p_007867,retrieval_practice,remote,undergraduate,low,late,east,0
p_007868,rereading,remote,community,low,early,west,0
p_007869,rereading,lab,community,high,late,east,1
p_007870,retrieval_practice,remote,undergraduate,low,late,west,1
p_007871,rereading,lab,undergraduate,low,early,east,0
p_007872,rereading,remote,undergraduate,high,early,east,1
p_007873,retrieval_practice,remote,community,high,early,west,1
p_007874,rereading,lab,undergraduate,high,late,east,1
p_007875,rereading,remote,undergraduate,high,late,east,1
p_007876,retrieval_practice,remote,community,high,early,east,0
p_007877,rereading,lab,community,low,late,west,1
p_007878,retrieval_practice,remote,undergraduate,high,early,east,0
p_007879,rereading,lab,community,low,early,west,0
p_007880,rereading,lab,community,low,early,east,0
p_007881,retrieval_practice,lab,community,high,late,west,0
p_007882,retrieval_practice,remote,undergraduate,low,late,east,0
p_007883,rereading,remote,community,low,late,east,0
p_007884,rereading,lab,community,low,late,east,0
p_007885,retrieval_practice,remote,community,high,early,east,0
p_007886,rereading,remote,community,high,early,east,1
p_007887,rereading,lab,community,high,early,west,1
p_007888,rereading,remote,community,high,late,east,1
p_007889,rereading,remote,community,low,early,west,1
p_007890,retrieval_practice,lab,community,high,early,east,1
p_007891,rereading,lab,undergraduate,high,early,east,1
p_007892,retrieval_practice,lab,undergraduate,low,early,west,1
p_007893,rereading,lab,undergraduate,low,late,west,0
p_007894,rereading,lab,undergraduate,low,late,east,0
p_007895,retrieval_practice,lab,community,low,late,west,0
p_007896,rereading,lab,undergraduate,high,late,west,1
p_007897,rereading,lab,undergraduate,high,early,east,0
p_007898,retrieval_practice,lab,community,low,early,west,0
p_007899,retrieval_practice,lab,undergraduate,high,early,east,0
p_007900,retrieval_practice,remote,undergraduate,high,late,west,1
p_007901,rereading,lab,undergraduate,high,late,east,1
p_007902,rereading,lab,undergraduate,low,early,east,0
p_007903,rereading,lab,undergraduate,low,late,west,0
p_007904,retrieval_practice,remote,community,low,late,west,1
p_007905,rereading,remote,community,low,late,west,0
p_007906,rereading,remote,undergraduate,high,late,east,1
p_007907,rereading,lab,community,low,early,east,0
p_007908,rereading,remote,undergraduate,low,early,east,1
p_007909,rereading,remote,undergraduate,high,early,east,1
p_007910,retrieval_practice,lab,community,low,early,east,0
p_007911,rereading,lab,community,low,early,west,1
p_007912,rereading,lab,undergraduate,high,early,east,0
p_007913,rereading,remote,undergraduate,high,early,east,0
p_007914,rereading,lab,undergraduate,low,early,west,0
p_007915,rereading,lab,undergraduate,high,early,west,1
p_007916,rereading,lab,undergraduate,high,early,west,1
p_007917,retrieval_practice,remote,undergraduate,low,late,east,1
p_007918,retrieval_practice,lab,community,high,early,east,0
p_007919,rereading,lab,community,high,late,west,0
p_007920,rereading,lab,undergraduate,high,late,west,0
p_007921,rereading,lab,community,high,early,west,0
p_007922,rereading,lab,undergraduate,high,late,east,1
p_007923,rereading,lab,community,high,early,east,0
p_007924,retrieval_practice,lab,undergraduate,low,early,east,1
p_007925,rereading,remote,undergraduate,high,early,west,1
p_007926,rereading,lab,undergraduate,low,early,east,1
p_007927,retrieval_practice,lab,undergraduate,high,late,east,1
p_007928,retrieval_practice,lab,undergraduate,high,late,east,0
p_007929,retrieval_practice,lab,community,low,late,east,1
p_007930,retrieval_practice,lab,community,low,early,east,1
p_007931,rereading,lab,community,high,early,west,1
p_007932,retrieval_practice,remote,undergraduate,low,early,west,1
p_007933,retrieval_practice,lab,undergraduate,low,late,west,1
p_007934,retrieval_practice,remote,undergraduate,low,early,east,0
p_007935,retrieval_practice,remote,community,low,late,east,1
p_007936,rereading,remote,undergraduate,high,early,west,0
p_007937,retrieval_practice,remote,community,high,early,west,1
p_007938,retrieval_practice,remote,community,high,late,east,1
p_007939,retrieval_practice,remote,undergraduate,low,early,west,0
p_007940,retrieval_practice,lab,community,high,late,east,0
p_007941,rereading,lab,community,low,late,west,1
p_007942,rereading,lab,undergraduate,high,early,west,0
p_007943,retrieval_practice,remote,undergraduate,high,early,west,0
p_007944,retrieval_practice,lab,community,high,early,west,1
p_007945,retrieval_practice,remote,community,low,early,east,0
p_007946,rereading,remote,community,high,early,east,1
p_007947,retrieval_practice,lab,undergraduate,low,late,west,0
p_007948,retrieval_practice,remote,community,low,early,east,0
p_007949,rereading,lab,community,low,late,west,1
p_007950,retrieval_practice,remote,community,low,late,west,1
p_007951,retrieval_practice,remote,undergraduate,high,late,east,0
p_007952,rereading,lab,community,low,early,west,1
p_007953,retrieval_practice,lab,undergraduate,low,late,east,1
p_007954,retrieval_practice,lab,undergraduate,high,early,east,0
p_007955,rereading,lab,undergraduate,high,early,west,1
p_007956,retrieval_practice,lab,undergraduate,low,late,west,0
p_007957,retrieval_practice,remote,undergraduate,low,late,west,1
p_007958,retrieval_practice,lab,community,low,late,west,0
p_007959,retrieval_practice,lab,community,low,late,east,1
p_007960,rereading,remote,undergraduate,high,late,east,0
p_007961,rereading,lab,undergraduate,high,early,east,0
p_007962,retrieval_practice,lab,undergraduate,low,early,west,1
p_007963,retrieval_practice,remote,undergraduate,low,late,east,1
p_007964,retrieval_practice,lab,undergraduate,low,late,west,1
p_007965,rereading,lab,undergraduate,high,early,west,1
p_007966,retrieval_practice,lab,undergraduate,high,early,west,1
p_007967,rereading,remote,undergraduate,high,early,west,1
p_007968,rereading,lab,undergraduate,low,early,west,0
p_007969,rereading,lab,undergraduate,low,late,east,1
p_007970,rereading,remote,undergraduate,low,late,east,0
p_007971,rereading,remote,undergraduate,low,early,east,0
p_007972,rereading,lab,undergraduate,high,late,west,1
p_007973,rereading,lab,community,high,late,east,0
p_007974,retrieval_practice,lab,undergraduate,high,late,east,1
p_007975,retrieval_practice,lab,undergraduate,low,early,west,1
p_007976,rereading,remote,undergraduate,high,late,west,1
p_007977,retrieval_practice,lab,undergraduate,high,late,east,0
p_007978,rereading,lab,community,low,early,west,0
p_007979,rereading,remote,undergraduate,low,late,west,0
p_007980,retrieval_practice,lab,undergraduate,high,early,west,1
p_007981,rereading,lab,community,low,early,west,1
p_007982,retrieval_practice,lab,community,high,late,east,0
p_007983,rereading,lab,community,low,early,east,0
p_007984,rereading,lab,community,high,late,east,1
p_007985,rereading,remote,undergraduate,low,early,east,1
p_007986,rereading,lab,undergraduate,high,early,east,0
p_007987,rereading,lab,undergraduate,low,early,east,1
p_007988,rereading,lab,undergraduate,low,late,east,1
p_007989,retrieval_practice,lab,community,high,late,east,0
p_007990,rereading,remote,undergraduate,low,early,west,1
p_007991,rereading,lab,undergraduate,low,early,west,1
p_007992,retrieval_practice,lab,community,high,late,east,1
p_007993,rereading,remote,undergraduate,high,late,west,1
p_007994,rereading,remote,undergraduate,low,late,west,0
p_007995,retrieval_practice,remote,undergraduate,high,early,east,1
p_007996,rereading,remote,undergraduate,high,early,east,1
p_007997,rereading,lab,community,low,early,west,1
p_007998,retrieval_practice,lab,undergraduate,high,early,east,0
p_007999,rereading,lab,community,high,late,east,0
p_008000,rereading,remote,community,low,late,west,1
p_008001,rereading,remote,undergraduate,high,late,east,1
p_008002,retrieval_practice,remote,undergraduate,low,late,east,0
p_008003,rereading,lab,undergraduate,low,late,east,0
p_008004,retrieval_practice,lab,undergraduate,low,late,east,0
p_008005,retrieval_practice,lab,undergraduate,low,late,east,1
p_008006,retrieval_practice,lab,undergraduate,low,late,east,0
p_008007,retrieval_practice,remote,community,high,early,east,1
p_008008,retrieval_practice,lab,undergraduate,low,late,west,1
p_008009,retrieval_practice,lab,undergraduate,low,late,east,1
p_008010,retrieval_practice,lab,undergraduate,low,early,west,0
p_008011,rereading,remote,undergraduate,low,early,west,0
p_008012,rereading,lab,undergraduate,low,late,west,1
p_008013,retrieval_practice,lab,undergraduate,high,early,east,0
p_008014,rereading,lab,undergraduate,high,early,east,0
p_008015,rereading,lab,undergraduate,high,early,east,0
p_008016,rereading,remote,undergraduate,low,late,east,0
p_008017,retrieval_practice,remote,undergraduate,high,late,west,0
p_008018,rereading,remote,undergraduate,low,early,west,0
p_008019,retrieval_practice,lab,undergraduate,low,late,west,1
p_008020,rereading,remote,community,high,early,east,1
p_008021,rereading,lab,undergraduate,low,early,east,0
p_008022,rereading,remote,undergraduate,high,late,west,1
p_008023,retrieval_practice,lab,undergraduate,low,late,east,1
p_008024,rereading,lab,undergraduate,high,late,west,1
p_008025,retrieval_practice,remote,undergraduate,high,late,east,1
p_008026,rereading,remote,undergraduate,low,late,west,0
p_008027,retrieval_practice,lab,community,low,early,west,1
p_008028,rereading,remote,undergraduate,high,late,east,0
p_008029,rereading,lab,community,low,late,west,1
p_008030,rereading,remote,undergraduate,high,late,west,1
p_008031,rereading,remote,undergraduate,low,early,west,0
p_008032,retrieval_practice,remote,undergraduate,high,late,east,1
p_008033,rereading,lab,undergraduate,high,early,east,1
p_008034,rereading,remote,community,low,late,east,0
p_008035,retrieval_practice,remote,undergraduate,high,early,west,0
p_008036,rereading,lab,community,low,late,east,0
p_008037,retrieval_practice,lab,community,high,early,east,1
p_008038,retrieval_practice,remote,undergraduate,low,early,west,1
p_008039,retrieval_practice,lab,community,low,early,east,1
p_008040,rereading,remote,undergraduate,high,early,west,1
p_008041,retrieval_practice,remote,undergraduate,high,late,west,1
p_008042,rereading,remote,undergraduate,low,late,east,0
p_008043,rereading,remote,undergraduate,high,early,west,1
p_008044,rereading,remote,community,high,late,east,1
p_008045,rereading,lab,community,high,early,west,1
p_008046,retrieval_practice,remote,undergraduate,low,late,east,1
p_008047,retrieval_practice,lab,undergraduate,low,late,east,1
p_008048,rereading,remote,undergraduate,high,late,west,1
p_008049,rereading,lab,community,low,late,west,1
p_008050,retrieval_practice,remote,community,high,late,west,1
p_008051,retrieval_practice,lab,community,high,early,west,1
p_008052,rereading,lab,community,high,early,west,0
p_008053,retrieval_practice,remote,community,high,late,west,1
p_008054,retrieval_practice,lab,community,high,early,west,0
p_008055,rereading,lab,community,low,late,west,0
p_008056,retrieval_practice,remote,undergraduate,high,late,east,0
p_008057,retrieval_practice,remote,undergraduate,high,early,east,1
p_008058,rereading,lab,undergraduate,high,late,east,1
p_008059,retrieval_practice,lab,undergraduate,low,late,west,1
p_008060,retrieval_practice,remote,undergraduate,low,late,east,0
p_008061,rereading,lab,community,high,late,east,1
p_008062,rereading,lab,undergraduate,low,late,west,1
p_008063,rereading,lab,undergraduate,low,late,east,1
p_008064,retrieval_practice,lab,community,low,late,west,1
p_008065,rereading,lab,undergraduate,low,early,east,1
p_008066,rereading,lab,community,high,early,east,0
p_008067,retrieval_practice,lab,community,high,late,east,0
p_008068,rereading,remote,undergraduate,low,early,east,0
p_008069,rereading,remote,undergraduate,low,early,east,1
p_008070,rereading,lab,community,low,late,west,0
p_008071,rereading,lab,undergraduate,high,early,east,1
p_008072,rereading,lab,undergraduate,high,early,west,0
p_008073,retrieval_practice,lab,community,low,early,west,1
p_008074,rereading,lab,community,low,early,west,1
p_008075,rereading,remote,undergraduate,low,early,east,0
p_008076,retrieval_practice,remote,community,low,early,east,0
p_008077,retrieval_practice,lab,undergraduate,high,late,west,0
p_008078,retrieval_practice,lab,undergraduate,low,late,west,1
p_008079,rereading,lab,community,low,early,east,1
p_008080,retrieval_practice,remote,undergraduate,high,late,west,1
p_008081,retrieval_practice,remote,undergraduate,high,early,west,0
p_008082,retrieval_practice,remote,community,high,late,west,0
p_008083,retrieval_practice,lab,undergraduate,high,early,west,0
p_008084,retrieval_practice,lab,community,high,late,east,1
p_008085,rereading,remote,undergraduate,high,early,east,1
p_008086,rereading,remote,community,low,late,west,1
p_008087,retrieval_practice,lab,undergraduate,high,late,west,1
p_008088,retrieval_practice,lab,undergraduate,low,late,west,0
p_008089,rereading,lab,undergraduate,high,early,west,1
p_008090,rereading,lab,community,low,late,east,1
p_008091,rereading,remote,community,low,early,west,0
p_008092,rereading,remote,undergraduate,high,late,east,1
p_008093,retrieval_practice,lab,undergraduate,low,late,west,0
p_008094,rereading,lab,undergraduate,low,late,east,0
p_008095,retrieval_practice,remote,community,high,early,west,1
p_008096,retrieval_practice,remote,undergraduate,low,late,east,0
p_008097,retrieval_practice,lab,undergraduate,low,late,west,0
p_008098,rereading,lab,undergraduate,low,early,west,1
p_008099,rereading,lab,undergraduate,high,late,west,0
p_008100,retrieval_practice,lab,undergraduate,low,early,west,0
p_008101,rereading,remote,undergraduate,low,late,west,1
p_008102,rereading,lab,undergraduate,high,early,west,1
p_008103,rereading,lab,undergraduate,high,early,west,0
p_008104,rereading,lab,undergraduate,high,late,east,1
p_008105,rereading,lab,undergraduate,low,early,west,0
p_008106,retrieval_practice,lab,undergraduate,high,late,east,1
p_008107,rereading,remote,undergraduate,low,early,west,0
p_008108,retrieval_practice,lab,undergraduate,high,early,west,1
p_008109,retrieval_practice,remote,community,high,late,east,1
p_008110,rereading,lab,undergraduate,high,early,east,1
p_008111,retrieval_practice,lab,community,high,late,east,1
p_008112,retrieval_practice,lab,undergraduate,low,early,east,0
p_008113,rereading,remote,undergraduate,low,early,west,1
p_008114,rereading,remote,community,high,late,east,1
p_008115,rereading,lab,community,low,early,east,1
p_008116,rereading,lab,community,high,late,east,0
p_008117,rereading,remote,community,high,late,east,0
p_008118,rereading,remote,undergraduate,low,late,east,1
p_008119,rereading,lab,undergraduate,high,late,west,0
p_008120,rereading,lab,undergraduate,low,early,east,0
p_008121,rereading,lab,undergraduate,high,early,west,0
p_008122,rereading,remote,community,low,early,west,0
p_008123,rereading,lab,community,low,late,west,0
p_008124,retrieval_practice,lab,community,low,late,west,0
p_008125,rereading,remote,community,high,early,east,1
p_008126,rereading,lab,community,high,late,west,0
p_008127,retrieval_practice,remote,undergraduate,high,early,east,1
p_008128,rereading,lab,undergraduate,high,late,west,1
p_008129,rereading,remote,undergraduate,low,late,east,1
p_008130,retrieval_practice,lab,community,low,early,west,1
p_008131,retrieval_practice,remote,community,high,early,west,1
p_008132,retrieval_practice,lab,undergraduate,low,late,east,1
p_008133,retrieval_practice,remote,community,low,late,east,0
p_008134,rereading,lab,undergraduate,high,early,west,0
p_008135,retrieval_practice,lab,community,low,early,west,0
p_008136,retrieval_practice,lab,undergraduate,high,early,east,0
p_008137,retrieval_practice,lab,community,high,early,west,0
p_008138,retrieval_practice,lab,undergraduate,low,late,east,0
p_008139,retrieval_practice,remote,community,low,late,east,0
p_008140,rereading,lab,community,low,late,east,1
p_008141,rereading,lab,undergraduate,low,early,east,1
p_008142,retrieval_practice,lab,community,low,early,west,0
p_008143,retrieval_practice,remote,community,high,late,west,0
p_008144,retrieval_practice,remote,community,high,late,east,1
p_008145,rereading,lab,undergraduate,low,late,west,0
p_008146,retrieval_practice,lab,undergraduate,low,late,west,0
p_008147,rereading,lab,undergraduate,high,late,west,0
p_008148,retrieval_practice,lab,undergraduate,high,late,east,0
p_008149,rereading,remote,community,low,late,west,0
p_008150,rereading,remote,undergraduate,low,early,west,0
p_008151,retrieval_practice,remote,undergraduate,low,early,east,0
p_008152,retrieval_practice,lab,undergraduate,low,early,east,1
p_008153,rereading,remote,undergraduate,low,late,west,1
p_008154,retrieval_practice,lab,community,low,early,east,1
p_008155,rereading,lab,community,low,early,east,0
p_008156,retrieval_practice,lab,undergraduate,low,early,east,0
p_008157,retrieval_practice,remote,undergraduate,high,late,west,0
p_008158,rereading,remote,community,high,late,east,1
p_008159,rereading,lab,community,low,early,west,0
p_008160,retrieval_practice,remote,undergraduate,low,late,west,1
p_008161,rereading,lab,undergraduate,low,late,west,0
p_008162,rereading,lab,community,low,early,west,1
p_008163,rereading,lab,undergraduate,low,early,west,0
p_008164,retrieval_practice,lab,community,high,late,west,1
p_008165,retrieval_practice,lab,undergraduate,high,early,west,1
p_008166,retrieval_practice,remote,undergraduate,high,late,east,1
p_008167,rereading,lab,undergraduate,high,late,east,0
p_008168,rereading,remote,undergraduate,high,early,east,1
p_008169,retrieval_practice,remote,undergraduate,high,late,east,1
p_008170,retrieval_practice,lab,undergraduate,low,early,east,1
p_008171,retrieval_practice,remote,undergraduate,low,late,west,1
p_008172,rereading,lab,undergraduate,low,late,east,1
p_008173,retrieval_practice,lab,undergraduate,low,late,west,1
p_008174,retrieval_practice,lab,community,high,late,west,0
p_008175,rereading,lab,undergraduate,low,late,west,1
p_008176,retrieval_practice,lab,undergraduate,low,late,west,1
p_008177,rereading,remote,undergraduate,high,late,east,0
p_008178,rereading,lab,undergraduate,high,late,east,0
p_008179,retrieval_practice,lab,community,low,late,east,1
p_008180,retrieval_practice,lab,undergraduate,low,late,east,0
p_008181,retrieval_practice,lab,undergraduate,high,late,east,1
p_008182,rereading,lab,undergraduate,high,early,west,1
p_008183,rereading,lab,undergraduate,low,late,west,0
p_008184,retrieval_practice,lab,community,low,late,west,1
p_008185,retrieval_practice,lab,community,high,early,east,0
p_008186,retrieval_practice,remote,community,high,late,east,1
p_008187,retrieval_practice,lab,undergraduate,low,early,west,0
p_008188,retrieval_practice,lab,undergraduate,high,late,east,1
p_008189,retrieval_practice,remote,undergraduate,low,late,west,0
p_008190,rereading,remote,community,high,early,east,0
p_008191,rereading,lab,undergraduate,low,early,east,0
p_008192,rereading,remote,undergraduate,high,early,west,0
p_008193,retrieval_practice,remote,undergraduate,low,early,east,0
p_008194,rereading,remote,community,high,late,west,0
p_008195,rereading,remote,undergraduate,low,late,west,0
p_008196,rereading,lab,undergraduate,low,late,west,0
p_008197,retrieval_practice,lab,community,low,late,east,0
p_008198,rereading,remote,undergraduate,high,late,east,0
p_008199,rereading,remote,undergraduate,low,early,west,0
p_008200,retrieval_practice,remote,undergraduate,low,early,east,1
p_008201,retrieval_practice,lab,undergraduate,high,late,west,0
p_008202,retrieval_practice,lab,community,high,late,east,1
p_008203,rereading,remote,community,low,early,east,1
p_008204,rereading,lab,undergraduate,high,late,west,1
p_008205,rereading,remote,community,high,early,east,1
p_008206,rereading,lab,undergraduate,high,early,east,0
p_008207,retrieval_practice,lab,undergraduate,low,late,west,1
p_008208,retrieval_practice,remote,community,low,late,east,0
p_008209,retrieval_practice,lab,community,low,early,east,1
p_008210,retrieval_practice,remote,undergraduate,low,late,east,0
p_008211,rereading,remote,undergraduate,high,late,east,0
p_008212,retrieval_practice,remote,undergraduate,low,late,west,0
p_008213,rereading,remote,undergraduate,high,late,west,1
p_008214,retrieval_practice,lab,community,low,early,west,0
p_008215,retrieval_practice,lab,undergraduate,low,early,west,1
p_008216,retrieval_practice,lab,undergraduate,low,early,west,1
p_008217,retrieval_practice,lab,community,high,early,west,0
p_008218,retrieval_practice,lab,community,low,late,east,0
p_008219,retrieval_practice,lab,undergraduate,low,late,west,1
p_008220,retrieval_practice,lab,community,high,late,east,1
p_008221,rereading,lab,community,high,early,east,1
p_008222,retrieval_practice,lab,undergraduate,high,late,west,1
p_008223,retrieval_practice,lab,community,high,early,east,1
p_008224,retrieval_practice,remote,undergraduate,high,late,west,1
p_008225,rereading,remote,community,low,late,west,1
p_008226,retrieval_practice,remote,undergraduate,high,late,west,0
p_008227,retrieval_practice,lab,community,low,late,east,0
p_008228,retrieval_practice,lab,undergraduate,low,early,east,1
p_008229,retrieval_practice,lab,undergraduate,high,early,east,0
p_008230,retrieval_practice,remote,undergraduate,low,early,east,0
p_008231,rereading,lab,undergraduate,low,early,west,0
p_008232,rereading,lab,community,high,early,west,0
p_008233,rereading,lab,undergraduate,high,early,west,0
p_008234,rereading,lab,community,low,late,west,0
p_008235,rereading,lab,community,high,early,east,0
p_008236,rereading,lab,undergraduate,high,early,west,1
p_008237,rereading,remote,community,high,early,east,0
p_008238,rereading,remote,community,high,early,west,0
p_008239,retrieval_practice,lab,undergraduate,low,early,west,1
p_008240,rereading,lab,undergraduate,high,late,west,1
p_008241,retrieval_practice,remote,undergraduate,low,late,west,0
p_008242,retrieval_practice,remote,undergraduate,low,early,east,0
p_008243,retrieval_practice,lab,community,high,early,west,1
p_008244,rereading,lab,community,high,early,west,1
p_008245,rereading,remote,undergraduate,low,late,west,0
p_008246,rereading,lab,undergraduate,high,late,east,1
p_008247,rereading,lab,community,low,late,west,0
p_008248,retrieval_practice,lab,undergraduate,low,early,west,0
p_008249,rereading,remote,undergraduate,low,early,east,1
p_008250,rereading,remote,undergraduate,low,early,east,0
p_008251,retrieval_practice,lab,community,high,early,east,0
p_008252,retrieval_practice,remote,community,high,late,west,0
p_008253,rereading,lab,community,low,late,west,0
p_008254,rereading,remote,undergraduate,high,early,west,1
p_008255,retrieval_practice,remote,community,low,late,west,0
p_008256,rereading,remote,undergraduate,high,early,west,1
p_008257,retrieval_practice,remote,undergraduate,low,late,east,1
p_008258,rereading,remote,community,low,early,east,0
p_008259,retrieval_practice,lab,undergraduate,low,late,west,0
p_008260,retrieval_practice,lab,community,low,early,west,0
p_008261,rereading,lab,undergraduate,high,late,west,1
p_008262,retrieval_practice,lab,undergraduate,low,late,east,0
p_008263,rereading,lab,community,low,early,east,1
p_008264,rereading,lab,undergraduate,low,late,east,0
p_008265,retrieval_practice,remote,community,low,early,west,1
p_008266,rereading,remote,undergraduate,high,late,east,0
p_008267,retrieval_practice,remote,undergraduate,low,late,west,1
p_008268,rereading,remote,undergraduate,low,early,west,1
p_008269,rereading,lab,community,high,late,west,1
p_008270,retrieval_practice,remote,undergraduate,high,late,east,1
p_008271,rereading,lab,undergraduate,high,late,west,1
p_008272,rereading,lab,community,high,early,west,0
p_008273,retrieval_practice,remote,undergraduate,high,early,west,1
p_008274,retrieval_practice,lab,undergraduate,low,early,east,1
p_008275,retrieval_practice,remote,undergraduate,high,early,east,1
p_008276,rereading,lab,community,low,early,east,0
p_008277,retrieval_practice,lab,undergraduate,high,early,east,1
p_008278,retrieval_practice,remote,undergraduate,low,late,west,1
p_008279,rereading,lab,community,high,late,east,1
p_008280,retrieval_practice,lab,community,high,early,west,0
p_008281,rereading,lab,community,low,late,east,1
p_008282,retrieval_practice,lab,undergraduate,high,early,east,1
p_008283,rereading,lab,community,high,late,west,0
p_008284,retrieval_practice,remote,undergraduate,high,late,west,0
p_008285,rereading,remote,community,low,late,east,1
p_008286,retrieval_practice,remote,undergraduate,low,early,west,1
p_008287,retrieval_practice,remote,undergraduate,high,early,west,0
p_008288,retrieval_practice,remote,undergraduate,high,late,west,1
p_008289,retrieval_practice,lab,undergraduate,low,late,east,0
p_008290,retrieval_practice,lab,community,high,early,east,1
p_008291,rereading,remote,undergraduate,low,late,east,0
p_008292,rereading,remote,undergraduate,low,late,east,0
p_008293,retrieval_practice,remote,undergraduate,low,early,west,0
p_008294,rereading,lab,undergraduate,low,late,east,0
p_008295,rereading,lab,undergraduate,high,late,east,0
p_008296,rereading,remote,community,low,late,west,1
p_008297,rereading,lab,community,low,early,east,1
p_008298,retrieval_practice,lab,community,low,early,east,0
p_008299,retrieval_practice,remote,community,high,late,east,1
p_008300,retrieval_practice,lab,community,low,early,west,1
p_008301,retrieval_practice,remote,undergraduate,low,early,west,1
p_008302,retrieval_practice,lab,undergraduate,high,early,east,0
p_008303,retrieval_practice,lab,undergraduate,high,late,west,1
p_008304,rereading,lab,community,low,late,east,1
p_008305,rereading,remote,undergraduate,low,early,west,0
p_008306,retrieval_practice,lab,undergraduate,high,early,east,1
p_008307,retrieval_practice,remote,community,low,late,west,0
p_008308,retrieval_practice,lab,community,low,early,east,1
p_008309,rereading,lab,undergraduate,high,late,west,0
p_008310,rereading,remote,undergraduate,low,early,west,0
p_008311,rereading,lab,undergraduate,low,early,east,0
p_008312,rereading,lab,undergraduate,low,early,east,1
p_008313,rereading,remote,undergraduate,low,early,west,0
p_008314,retrieval_practice,lab,community,low,early,west,1
p_008315,rereading,lab,community,low,late,east,1
p_008316,rereading,lab,community,low,early,west,1
p_008317,retrieval_practice,remote,undergraduate,high,early,east,0
p_008318,rereading,lab,undergraduate,low,late,east,0
p_008319,retrieval_practice,lab,community,high,late,east,1
p_008320,retrieval_practice,remote,community,high,early,east,0
p_008321,rereading,lab,community,high,early,east,1
p_008322,retrieval_practice,remote,community,low,late,west,1
p_008323,rereading,remote,undergraduate,high,late,west,0
p_008324,rereading,remote,undergraduate,low,late,east,1
p_008325,rereading,lab,community,low,late,east,0
p_008326,rereading,remote,undergraduate,low,late,east,0
p_008327,rereading,lab,undergraduate,high,early,east,1
p_008328,rereading,lab,undergraduate,high,late,west,1
p_008329,retrieval_practice,lab,undergraduate,low,late,east,0
p_008330,rereading,remote,community,low,early,east,1
p_008331,rereading,lab,community,low,late,west,1
p_008332,retrieval_practice,lab,undergraduate,low,late,west,0
p_008333,retrieval_practice,lab,community,low,early,east,1
p_008334,rereading,lab,community,low,early,west,1
p_008335,retrieval_practice,lab,undergraduate,low,early,east,1
p_008336,rereading,remote,undergraduate,low,early,west,0
p_008337,rereading,lab,undergraduate,low,late,west,1
p_008338,rereading,lab,community,low,early,west,1
p_008339,retrieval_practice,lab,community,high,late,west,0
p_008340,retrieval_practice,lab,community,high,late,east,0
p_008341,rereading,remote,community,high,late,west,0
p_008342,rereading,remote,undergraduate,low,early,east,0
p_008343,rereading,remote,undergraduate,low,late,west,0
p_008344,rereading,lab,undergraduate,high,late,east,0
p_008345,retrieval_practice,lab,community,high,early,east,1
p_008346,retrieval_practice,remote,undergraduate,low,early,west,0
p_008347,rereading,lab,undergraduate,high,late,east,0
p_008348,retrieval_practice,lab,community,high,early,east,0
p_008349,retrieval_practice,lab,community,high,late,east,0
p_008350,rereading,lab,undergraduate,low,late,east,0
p_008351,retrieval_practice,remote,undergraduate,low,early,east,1
p_008352,retrieval_practice,remote,undergraduate,high,late,west,1
p_008353,rereading,lab,undergraduate,high,late,east,0
p_008354,rereading,lab,community,low,late,east,0
p_008355,retrieval_practice,remote,community,low,late,east,1
p_008356,retrieval_practice,remote,undergraduate,high,late,west,1
p_008357,retrieval_practice,lab,community,low,late,east,0
p_008358,retrieval_practice,lab,undergraduate,high,early,west,1
p_008359,rereading,remote,undergraduate,high,late,west,0
p_008360,rereading,lab,undergraduate,low,early,west,1
p_008361,retrieval_practice,lab,undergraduate,low,early,west,1
p_008362,retrieval_practice,remote,undergraduate,high,early,west,0
p_008363,retrieval_practice,lab,undergraduate,high,early,west,0
p_008364,rereading,lab,undergraduate,low,late,west,0
p_008365,rereading,lab,undergraduate,low,late,west,1
p_008366,rereading,lab,community,low,early,west,0
p_008367,rereading,remote,undergraduate,high,late,west,0
p_008368,retrieval_practice,remote,community,high,early,west,0
p_008369,rereading,lab,community,low,early,west,0
p_008370,retrieval_practice,remote,undergraduate,low,late,east,0
p_008371,rereading,lab,undergraduate,low,late,west,0
p_008372,rereading,lab,undergraduate,high,late,west,1
p_008373,retrieval_practice,remote,undergraduate,high,early,west,0
p_008374,rereading,lab,undergraduate,high,late,west,0
p_008375,retrieval_practice,lab,community,high,late,west,1
p_008376,rereading,lab,undergraduate,high,late,east,0
p_008377,rereading,remote,undergraduate,low,early,west,0
p_008378,retrieval_practice,remote,undergraduate,high,late,east,0
p_008379,retrieval_practice,lab,undergraduate,low,late,east,0
p_008380,retrieval_practice,lab,undergraduate,low,late,east,0
p_008381,rereading,lab,undergraduate,high,early,west,0
p_008382,retrieval_practice,lab,community,low,late,east,1
p_008383,retrieval_practice,lab,community,low,late,east,1
p_008384,retrieval_practice,lab,undergraduate,high,late,east,1
p_008385,rereading,remote,community,low,late,east,1
p_008386,retrieval_practice,remote,undergraduate,low,late,west,1
p_008387,retrieval_practice,lab,undergraduate,low,late,east,1
p_008388,retrieval_practice,remote,community,high,late,west,1
p_008389,rereading,lab,undergraduate,high,late,west,1
p_008390,rereading,lab,community,low,late,west,1
p_008391,rereading,lab,community,low,early,east,0
p_008392,rereading,lab,undergraduate,low,early,east,0
p_008393,retrieval_practice,remote,community,low,late,east,0
p_008394,rereading,remote,community,low,early,east,1
p_008395,rereading,remote,undergraduate,low,late,east,0
p_008396,retrieval_practice,lab,undergraduate,low,late,east,1
p_008397,retrieval_practice,lab,undergraduate,low,late,west,0
p_008398,rereading,lab,community,low,late,east,0
p_008399,rereading,lab,undergraduate,low,late,east,1
p_008400,rereading,lab,community,high,early,west,0
p_008401,retrieval_practice,remote,undergraduate,low,late,east,1
p_008402,retrieval_practice,remote,community,low,late,west,0
p_008403,retrieval_practice,remote,community,high,late,west,0
p_008404,retrieval_practice,remote,community,low,early,east,0
p_008405,retrieval_practice,lab,undergraduate,low,late,east,0
p_008406,retrieval_practice,lab,community,low,late,east,0
p_008407,rereading,lab,community,low,late,west,0
p_008408,rereading,remote,community,high,early,west,0
p_008409,rereading,lab,undergraduate,low,late,east,0
p_008410,retrieval_practice,remote,community,high,late,west,1
p_008411,rereading,remote,community,low,late,west,1
p_008412,retrieval_practice,remote,undergraduate,high,late,west,0
p_008413,retrieval_practice,lab,community,high,late,west,0
p_008414,rereading,remote,community,low,early,east,0
p_008415,rereading,lab,undergraduate,high,late,west,1
p_008416,rereading,remote,community,high,late,east,0
p_008417,rereading,remote,community,high,late,west,0
p_008418,rereading,remote,undergraduate,high,early,west,1
p_008419,retrieval_practice,lab,community,high,late,west,1
p_008420,rereading,lab,community,low,early,east,0
p_008421,rereading,remote,community,low,early,west,0
p_008422,retrieval_practice,lab,undergraduate,low,early,east,0
p_008423,retrieval_practice,lab,undergraduate,low,early,west,1
p_008424,retrieval_practice,lab,undergraduate,low,early,west,0
p_008425,rereading,lab,undergraduate,high,late,west,1
p_008426,retrieval_practice,remote,community,high,late,east,0
p_008427,rereading,remote,undergraduate,low,late,west,0
p_008428,retrieval_practice,lab,undergraduate,low,late,west,1
p_008429,rereading,lab,community,low,early,east,1
p_008430,rereading,lab,undergraduate,high,late,east,1
p_008431,rereading,lab,undergraduate,high,late,west,0
p_008432,rereading,remote,undergraduate,high,early,west,0
p_008433,rereading,remote,undergraduate,high,early,west,0
p_008434,rereading,remote,undergraduate,low,late,east,0
p_008435,rereading,lab,undergraduate,low,late,west,0
p_008436,retrieval_practice,lab,community,low,early,east,1
p_008437,rereading,remote,undergraduate,low,late,west,0
p_008438,retrieval_practice,remote,undergraduate,low,late,west,1
p_008439,rereading,lab,undergraduate,low,early,west,1
p_008440,rereading,lab,undergraduate,low,early,west,1
p_008441,rereading,lab,community,low,late,west,0
p_008442,rereading,remote,undergraduate,low,early,east,0
p_008443,rereading,remote,undergraduate,high,late,east,0
p_008444,rereading,lab,undergraduate,high,early,west,0
p_008445,retrieval_practice,lab,undergraduate,high,early,east,0
p_008446,rereading,lab,undergraduate,high,late,west,1
p_008447,retrieval_practice,lab,undergraduate,low,late,east,0
p_008448,rereading,remote,community,high,late,west,1
p_008449,retrieval_practice,remote,community,low,late,east,0
p_008450,retrieval_practice,lab,community,low,late,west,1
p_008451,retrieval_practice,remote,undergraduate,low,early,east,1
p_008452,retrieval_practice,lab,community,high,early,east,0
p_008453,retrieval_practice,lab,community,high,late,east,0
p_008454,rereading,lab,undergraduate,high,late,west,0
p_008455,retrieval_practice,lab,community,low,late,west,1
p_008456,retrieval_practice,lab,community,low,late,west,0
p_008457,retrieval_practice,lab,undergraduate,high,late,east,1
p_008458,retrieval_practice,lab,community,high,early,east,1
p_008459,rereading,lab,undergraduate,low,early,east,0
p_008460,retrieval_practice,remote,community,high,early,east,1
p_008461,rereading,lab,community,low,early,west,1
p_008462,rereading,remote,undergraduate,high,early,east,1
p_008463,retrieval_practice,lab,undergraduate,low,early,west,1
p_008464,retrieval_practice,lab,undergraduate,high,early,east,0
p_008465,retrieval_practice,remote,undergraduate,low,late,west,0
p_008466,rereading,lab,undergraduate,low,early,west,0
p_008467,retrieval_practice,lab,undergraduate,low,late,west,0
p_008468,retrieval_practice,lab,community,low,late,west,1
p_008469,rereading,lab,community,high,early,east,1
p_008470,retrieval_practice,remote,community,low,early,east,1
p_008471,rereading,remote,undergraduate,low,early,east,0
p_008472,retrieval_practice,lab,community,low,early,east,0
p_008473,rereading,remote,undergraduate,high,late,west,0
p_008474,retrieval_practice,remote,undergraduate,low,early,east,1
p_008475,retrieval_practice,remote,undergraduate,low,late,west,0
p_008476,retrieval_practice,lab,undergraduate,high,early,west,1
p_008477,retrieval_practice,lab,community,high,early,west,1
p_008478,rereading,remote,undergraduate,low,early,west,1
p_008479,rereading,lab,community,high,late,west,0
p_008480,rereading,lab,community,high,late,west,0
p_008481,rereading,lab,community,low,late,east,0
p_008482,retrieval_practice,lab,undergraduate,high,early,east,1
p_008483,retrieval_practice,lab,undergraduate,low,late,east,0
p_008484,retrieval_practice,lab,undergraduate,low,early,west,1
p_008485,rereading,lab,undergraduate,low,early,west,0
p_008486,retrieval_practice,lab,undergraduate,low,early,west,1
p_008487,rereading,remote,community,high,late,west,1
p_008488,retrieval_practice,lab,undergraduate,low,late,west,0
p_008489,retrieval_practice,lab,community,low,early,west,1
p_008490,rereading,lab,community,low,late,east,1
p_008491,rereading,remote,undergraduate,low,early,east,0
p_008492,rereading,lab,community,high,early,east,1
p_008493,rereading,lab,undergraduate,low,early,west,1
p_008494,rereading,remote,community,low,early,east,0
p_008495,rereading,remote,undergraduate,low,early,east,0
p_008496,rereading,lab,undergraduate,high,late,west,0
p_008497,retrieval_practice,remote,community,high,late,west,1
p_008498,rereading,remote,community,high,late,west,0
p_008499,rereading,lab,undergraduate,high,early,west,0
p_008500,rereading,remote,undergraduate,high,early,east,0
p_008501,retrieval_practice,lab,undergraduate,high,late,west,1
p_008502,retrieval_practice,remote,undergraduate,low,late,east,1
p_008503,rereading,remote,community,high,early,east,1
p_008504,retrieval_practice,remote,community,high,late,east,0
p_008505,rereading,remote,undergraduate,high,late,east,0
p_008506,retrieval_practice,remote,undergraduate,low,late,east,1
p_008507,retrieval_practice,lab,undergraduate,high,early,west,1
p_008508,rereading,lab,undergraduate,low,early,east,1
p_008509,rereading,lab,community,high,late,east,0
p_008510,retrieval_practice,remote,undergraduate,high,late,east,0
p_008511,rereading,lab,community,low,late,west,1
p_008512,retrieval_practice,lab,undergraduate,high,late,east,1
p_008513,rereading,remote,undergraduate,low,early,east,0
p_008514,retrieval_practice,lab,undergraduate,high,early,east,0
p_008515,rereading,remote,community,high,late,east,0
p_008516,retrieval_practice,remote,community,high,late,east,1
p_008517,retrieval_practice,remote,undergraduate,high,early,east,0
p_008518,retrieval_practice,remote,community,high,late,west,1
p_008519,rereading,lab,undergraduate,high,early,east,1
p_008520,retrieval_practice,lab,community,low,late,east,1
p_008521,retrieval_practice,remote,undergraduate,high,early,east,1
p_008522,rereading,lab,community,low,late,west,0
p_008523,rereading,lab,undergraduate,high,late,east,0
p_008524,retrieval_practice,lab,undergraduate,low,late,east,0
p_008525,retrieval_practice,lab,undergraduate,low,early,west,0
p_008526,rereading,remote,community,high,early,east,1
p_008527,retrieval_practice,lab,undergraduate,high,late,east,1
p_008528,retrieval_practice,lab,undergraduate,low,early,west,1
p_008529,rereading,lab,undergraduate,low,late,west,0
p_008530,retrieval_practice,lab,undergraduate,low,early,west,1
p_008531,retrieval_practice,lab,undergraduate,low,early,west,0
p_008532,rereading,remote,undergraduate,high,early,east,0
p_008533,rereading,remote,undergraduate,low,early,west,1
p_008534,rereading,lab,undergraduate,high,early,east,1
p_008535,rereading,lab,undergraduate,low,late,west,0
p_008536,rereading,lab,undergraduate,low,late,west,1
p_008537,retrieval_practice,remote,undergraduate,high,late,east,0
p_008538,retrieval_practice,lab,undergraduate,high,late,west,0
p_008539,retrieval_practice,lab,community,high,early,west,0
p_008540,retrieval_practice,remote,community,high,early,east,0
p_008541,retrieval_practice,lab,undergraduate,high,late,west,0
p_008542,rereading,lab,undergraduate,high,early,west,1
p_008543,rereading,remote,community,low,late,west,0
p_008544,retrieval_practice,lab,undergraduate,high,late,west,0
p_008545,retrieval_practice,lab,community,low,late,west,1
p_008546,rereading,lab,undergraduate,low,late,east,1
p_008547,retrieval_practice,lab,community,high,late,west,1
p_008548,retrieval_practice,lab,community,high,late,east,0
p_008549,rereading,lab,undergraduate,high,late,west,1
p_008550,retrieval_practice,lab,undergraduate,low,early,west,0
p_008551,retrieval_practice,lab,undergraduate,low,late,east,0
p_008552,rereading,lab,community,low,late,east,1
p_008553,retrieval_practice,lab,undergraduate,low,late,east,0
p_008554,rereading,lab,undergraduate,high,early,east,1
p_008555,rereading,lab,community,low,late,west,0
p_008556,retrieval_practice,remote,community,low,late,east,0
p_008557,rereading,remote,undergraduate,high,early,west,1
p_008558,rereading,lab,community,low,late,east,0
p_008559,retrieval_practice,remote,community,high,late,west,1
p_008560,rereading,remote,undergraduate,low,late,east,0
p_008561,rereading,remote,undergraduate,high,late,east,0
p_008562,retrieval_practice,lab,community,high,late,east,0
p_008563,retrieval_practice,lab,community,low,early,east,1
p_008564,retrieval_practice,remote,undergraduate,low,early,west,0
p_008565,retrieval_practice,lab,community,high,early,east,1
p_008566,retrieval_practice,lab,community,high,late,west,1
p_008567,rereading,lab,undergraduate,low,late,west,1
p_008568,rereading,lab,undergraduate,low,late,east,1
p_008569,retrieval_practice,remote,undergraduate,high,late,east,1
p_008570,retrieval_practice,remote,undergraduate,low,early,west,0
p_008571,retrieval_practice,lab,undergraduate,low,early,west,0
p_008572,retrieval_practice,lab,undergraduate,low,late,east,1
p_008573,rereading,remote,undergraduate,low,late,east,1
p_008574,rereading,lab,undergraduate,high,early,east,0
p_008575,retrieval_practice,lab,undergraduate,high,early,west,1
p_008576,retrieval_practice,lab,undergraduate,high,early,west,1
p_008577,retrieval_practice,remote,undergraduate,high,early,east,0
p_008578,rereading,lab,community,low,early,west,0
p_008579,rereading,remote,community,high,early,east,1
p_008580,retrieval_practice,remote,undergraduate,low,early,east,0
p_008581,rereading,lab,community,low,early,east,1
p_008582,rereading,lab,undergraduate,low,late,east,1
p_008583,rereading,lab,undergraduate,low,early,east,1
p_008584,retrieval_practice,remote,community,high,early,east,1
p_008585,rereading,lab,undergraduate,high,early,east,0
p_008586,retrieval_practice,lab,undergraduate,high,early,west,0
p_008587,rereading,lab,undergraduate,high,early,east,1
p_008588,rereading,lab,undergraduate,low,late,west,1
p_008589,rereading,lab,undergraduate,low,early,west,0
p_008590,rereading,lab,community,low,late,east,0
p_008591,retrieval_practice,lab,undergraduate,high,early,west,1
p_008592,rereading,lab,community,high,early,west,1
p_008593,rereading,lab,community,high,late,east,1
p_008594,retrieval_practice,remote,undergraduate,low,early,west,1
p_008595,retrieval_practice,lab,community,low,late,west,1
p_008596,retrieval_practice,remote,undergraduate,low,early,west,1
p_008597,retrieval_practice,remote,undergraduate,low,early,west,0
p_008598,retrieval_practice,remote,undergraduate,low,late,east,1
p_008599,retrieval_practice,lab,undergraduate,high,early,west,0
p_008600,retrieval_practice,remote,undergraduate,low,early,west,0
p_008601,rereading,remote,community,low,late,east,0
p_008602,retrieval_practice,remote,undergraduate,low,late,west,0
p_008603,retrieval_practice,lab,undergraduate,high,late,west,1
p_008604,rereading,lab,community,high,early,east,1
p_008605,rereading,lab,community,low,late,west,1
p_008606,rereading,remote,community,low,late,west,1
p_008607,retrieval_practice,remote,undergraduate,low,early,east,1
p_008608,rereading,lab,undergraduate,high,early,east,1
p_008609,retrieval_practice,lab,community,low,late,east,0
p_008610,retrieval_practice,remote,community,high,early,east,0
p_008611,retrieval_practice,remote,undergraduate,low,late,east,0
p_008612,rereading,lab,undergraduate,low,late,west,1
p_008613,rereading,lab,undergraduate,low,late,east,0
p_008614,retrieval_practice,remote,community,high,late,west,1
p_008615,rereading,lab,undergraduate,low,early,east,1
p_008616,rereading,lab,community,high,late,east,1
p_008617,rereading,lab,undergraduate,high,early,west,1
p_008618,retrieval_practice,remote,community,low,late,east,0
p_008619,rereading,lab,undergraduate,low,late,west,1
p_008620,rereading,lab,undergraduate,low,early,east,1
p_008621,retrieval_practice,remote,undergraduate,high,late,west,1
p_008622,rereading,remote,community,low,late,east,1
p_008623,rereading,remote,undergraduate,high,late,east,0
p_008624,rereading,remote,undergraduate,low,late,east,0
p_008625,retrieval_practice,lab,undergraduate,low,early,east,1
p_008626,retrieval_practice,lab,undergraduate,high,late,east,0
p_008627,retrieval_practice,remote,community,low,early,east,1
p_008628,retrieval_practice,lab,undergraduate,low,late,east,1
p_008629,retrieval_practice,lab,undergraduate,low,late,west,1
p_008630,rereading,lab,undergraduate,high,late,west,1
p_008631,retrieval_practice,lab,undergraduate,high,late,west,1
p_008632,retrieval_practice,lab,undergraduate,low,early,east,0
p_008633,rereading,lab,undergraduate,low,early,west,0
p_008634,rereading,remote,undergraduate,low,late,west,1
p_008635,rereading,remote,community,low,late,west,0
p_008636,rereading,lab,community,high,early,west,0
p_008637,retrieval_practice,remote,undergraduate,high,early,west,0
p_008638,rereading,remote,community,low,late,east,1
p_008639,retrieval_practice,lab,community,high,early,east,1
p_008640,rereading,lab,community,high,early,east,1
p_008641,retrieval_practice,lab,undergraduate,low,early,west,0
p_008642,rereading,lab,undergraduate,high,late,east,1
p_008643,rereading,remote,undergraduate,low,early,east,0
p_008644,rereading,remote,community,low,late,east,0
p_008645,rereading,lab,community,high,early,west,0
p_008646,rereading,remote,undergraduate,high,late,east,1
p_008647,rereading,remote,community,high,late,west,1
p_008648,rereading,lab,community,low,early,west,1
p_008649,rereading,lab,undergraduate,low,late,west,1
p_008650,rereading,remote,community,low,early,west,1
p_008651,retrieval_practice,lab,undergraduate,low,early,west,1
p_008652,rereading,lab,undergraduate,high,late,west,0
p_008653,retrieval_practice,remote,undergraduate,high,late,east,1
p_008654,retrieval_practice,lab,community,low,early,east,0
p_008655,rereading,lab,undergraduate,low,early,east,0
p_008656,rereading,lab,community,high,late,west,0
p_008657,retrieval_practice,lab,community,high,late,west,0
p_008658,rereading,lab,community,high,early,east,0
p_008659,retrieval_practice,lab,undergraduate,high,early,east,1
p_008660,rereading,remote,undergraduate,high,early,west,1
p_008661,retrieval_practice,lab,community,low,early,east,0
p_008662,retrieval_practice,remote,undergraduate,low,early,west,0
p_008663,rereading,remote,community,low,early,west,0
p_008664,rereading,remote,community,low,late,west,0
p_008665,retrieval_practice,lab,undergraduate,high,early,east,0
p_008666,retrieval_practice,remote,community,low,late,west,1
p_008667,rereading,remote,undergraduate,high,late,east,0
p_008668,rereading,lab,undergraduate,high,early,west,1
p_008669,rereading,lab,community,low,early,west,0
p_008670,rereading,lab,undergraduate,low,early,east,1
p_008671,retrieval_practice,lab,undergraduate,low,early,west,1
p_008672,rereading,lab,undergraduate,high,early,east,1
p_008673,rereading,lab,undergraduate,high,late,west,1
p_008674,rereading,remote,community,high,late,west,0
p_008675,retrieval_practice,remote,community,high,early,west,1
p_008676,retrieval_practice,lab,undergraduate,low,early,east,0
p_008677,retrieval_practice,remote,undergraduate,high,late,east,0
p_008678,retrieval_practice,lab,undergraduate,low,early,east,1
p_008679,rereading,lab,undergraduate,low,early,west,1
p_008680,retrieval_practice,remote,undergraduate,high,late,east,1
p_008681,rereading,lab,community,high,early,west,1
p_008682,retrieval_practice,lab,undergraduate,low,early,west,1
p_008683,retrieval_practice,lab,undergraduate,high,late,east,0
p_008684,rereading,lab,community,low,early,west,1
p_008685,rereading,remote,undergraduate,high,late,west,0
p_008686,rereading,lab,undergraduate,high,late,east,1
p_008687,retrieval_practice,remote,undergraduate,high,early,west,0
p_008688,retrieval_practice,lab,undergraduate,low,early,east,0
p_008689,rereading,lab,undergraduate,high,late,east,1
p_008690,rereading,remote,undergraduate,high,late,west,0
p_008691,retrieval_practice,remote,undergraduate,high,early,east,0
p_008692,rereading,remote,undergraduate,high,early,east,1
p_008693,retrieval_practice,remote,undergraduate,low,early,west,0
p_008694,rereading,lab,undergraduate,high,early,east,0
p_008695,retrieval_practice,remote,undergraduate,low,early,east,0
p_008696,retrieval_practice,lab,undergraduate,low,late,west,0
p_008697,rereading,remote,undergraduate,high,early,east,0
p_008698,rereading,lab,undergraduate,high,early,west,0
p_008699,rereading,remote,undergraduate,low,early,west,0
p_008700,rereading,lab,undergraduate,low,late,east,0
p_008701,rereading,lab,community,high,early,west,1
p_008702,rereading,lab,undergraduate,high,late,east,0
p_008703,retrieval_practice,lab,undergraduate,low,late,west,1
p_008704,rereading,remote,undergraduate,low,late,west,0
p_008705,retrieval_practice,lab,undergraduate,low,early,west,0
p_008706,retrieval_practice,remote,undergraduate,high,late,east,1
p_008707,rereading,lab,undergraduate,low,late,east,0
p_008708,rereading,lab,undergraduate,low,late,east,0
p_008709,rereading,lab,community,high,late,west,0
p_008710,rereading,remote,community,low,early,east,1
p_008711,rereading,lab,community,low,early,west,0
p_008712,retrieval_practice,lab,undergraduate,high,early,west,1
p_008713,rereading,lab,undergraduate,low,early,east,1
p_008714,retrieval_practice,lab,undergraduate,high,late,east,0
p_008715,retrieval_practice,remote,undergraduate,low,early,east,0
p_008716,rereading,lab,community,high,early,west,0
p_008717,rereading,remote,community,low,early,west,0
p_008718,retrieval_practice,lab,community,high,early,east,1
p_008719,rereading,lab,undergraduate,high,early,east,0
p_008720,retrieval_practice,lab,undergraduate,high,early,east,0
p_008721,retrieval_practice,remote,community,low,late,west,0
p_008722,retrieval_practice,lab,undergraduate,low,early,east,1
p_008723,rereading,lab,community,low,early,west,0
p_008724,rereading,remote,community,high,late,east,0
p_008725,rereading,remote,undergraduate,high,early,west,1
p_008726,rereading,lab,community,high,late,west,1
p_008727,retrieval_practice,remote,community,high,late,east,0
p_008728,rereading,lab,undergraduate,low,late,east,0
p_008729,rereading,lab,community,low,early,west,0
p_008730,retrieval_practice,remote,community,high,late,east,1
p_008731,retrieval_practice,lab,community,high,early,west,1
p_008732,retrieval_practice,lab,community,low,early,east,1
p_008733,retrieval_practice,lab,community,high,early,west,1
p_008734,retrieval_practice,lab,community,low,late,west,0
p_008735,rereading,remote,undergraduate,high,early,east,0
p_008736,retrieval_practice,lab,community,low,early,west,1
p_008737,rereading,lab,undergraduate,low,late,east,0
p_008738,rereading,lab,community,high,early,east,1
p_008739,retrieval_practice,remote,undergraduate,high,early,west,0
p_008740,retrieval_practice,lab,undergraduate,high,early,west,0
p_008741,retrieval_practice,remote,undergraduate,low,early,east,1
p_008742,retrieval_practice,lab,undergraduate,low,early,west,0
p_008743,retrieval_practice,lab,undergraduate,low,early,east,0
p_008744,retrieval_practice,remote,undergraduate,low,late,east,1
p_008745,rereading,lab,undergraduate,high,early,east,0
p_008746,retrieval_practice,remote,undergraduate,low,early,west,1
p_008747,retrieval_practice,lab,community,low,late,west,0
p_008748,rereading,lab,undergraduate,high,late,east,1
p_008749,retrieval_practice,lab,community,low,late,east,0
p_008750,retrieval_practice,lab,community,low,early,east,1
p_008751,retrieval_practice,lab,community,low,early,west,1
p_008752,retrieval_practice,lab,community,low,late,east,0
p_008753,rereading,remote,undergraduate,low,late,east,1
p_008754,rereading,lab,undergraduate,high,late,west,0
p_008755,rereading,remote,undergraduate,high,late,west,1
p_008756,rereading,remote,undergraduate,low,late,west,1
p_008757,rereading,lab,community,low,early,east,0
p_008758,retrieval_practice,lab,community,high,early,west,1
p_008759,retrieval_practice,lab,undergraduate,high,early,west,0
p_008760,rereading,lab,community,low,late,west,1
p_008761,retrieval_practice,remote,undergraduate,low,late,west,0
p_008762,retrieval_practice,lab,undergraduate,high,early,east,1
p_008763,retrieval_practice,lab,community,low,late,east,1
p_008764,rereading,lab,undergraduate,low,late,east,1
p_008765,rereading,lab,undergraduate,high,late,west,0
p_008766,rereading,lab,community,high,early,west,1
p_008767,rereading,lab,undergraduate,low,late,west,1
p_008768,retrieval_practice,lab,community,high,late,west,0
p_008769,retrieval_practice,lab,community,high,late,west,0
p_008770,retrieval_practice,remote,community,low,late,east,0
p_008771,rereading,lab,community,low,early,west,0
p_008772,rereading,lab,community,low,late,west,0
p_008773,retrieval_practice,lab,community,high,early,east,1
p_008774,retrieval_practice,remote,undergraduate,high,late,east,0
p_008775,rereading,remote,undergraduate,low,late,west,0
p_008776,retrieval_practice,lab,community,high,early,east,1
p_008777,retrieval_practice,remote,community,high,late,east,0
p_008778,rereading,lab,undergraduate,low,early,west,0
p_008779,retrieval_practice,lab,community,low,late,west,0
p_008780,retrieval_practice,remote,community,low,early,west,1
p_008781,retrieval_practice,remote,undergraduate,low,late,east,1
p_008782,rereading,lab,community,high,early,east,1
p_008783,rereading,lab,undergraduate,low,early,east,1
p_008784,rereading,lab,community,high,early,east,1
p_008785,rereading,lab,undergraduate,low,early,east,1
p_008786,retrieval_practice,remote,community,low,late,east,0
p_008787,rereading,remote,community,low,early,east,0
p_008788,retrieval_practice,lab,undergraduate,high,late,east,0
p_008789,retrieval_practice,lab,undergraduate,low,early,west,0
p_008790,rereading,lab,undergraduate,high,early,east,0
p_008791,rereading,remote,undergraduate,low,late,east,0
p_008792,rereading,remote,undergraduate,high,late,west,0
p_008793,rereading,remote,undergraduate,low,late,west,0
p_008794,rereading,remote,undergraduate,high,late,east,0
p_008795,retrieval_practice,remote,undergraduate,low,late,west,1
p_008796,retrieval_practice,lab,community,high,late,west,0
p_008797,retrieval_practice,lab,undergraduate,low,early,west,0
p_008798,retrieval_practice,lab,community,high,late,west,1
p_008799,rereading,lab,undergraduate,high,early,west,1
p_008800,rereading,lab,community,high,early,east,1
p_008801,rereading,remote,undergraduate,high,late,east,1
p_008802,retrieval_practice,lab,undergraduate,low,late,east,1
p_008803,rereading,remote,undergraduate,high,late,east,1
p_008804,rereading,remote,undergraduate,high,early,east,0
p_008805,rereading,lab,undergraduate,high,late,east,1
p_008806,rereading,lab,undergraduate,high,late,west,1
p_008807,retrieval_practice,lab,community,high,late,west,0
p_008808,rereading,lab,undergraduate,high,late,east,0
p_008809,retrieval_practice,lab,undergraduate,low,late,west,0
p_008810,retrieval_practice,remote,undergraduate,high,early,east,0
p_008811,rereading,remote,community,low,late,west,1
p_008812,rereading,remote,community,high,early,east,1
p_008813,retrieval_practice,lab,community,low,late,east,1
p_008814,retrieval_practice,lab,undergraduate,low,late,east,1
p_008815,retrieval_practice,lab,undergraduate,low,late,west,0
p_008816,rereading,remote,community,high,early,east,0
p_008817,rereading,lab,community,low,early,west,0
p_008818,retrieval_practice,lab,community,high,early,east,1
p_008819,rereading,remote,community,high,early,west,1
p_008820,retrieval_practice,lab,community,high,early,east,1
p_008821,rereading,lab,undergraduate,low,early,east,1
p_008822,rereading,remote,community,high,late,west,0
p_008823,rereading,lab,community,high,early,west,0
p_008824,rereading,lab,undergraduate,high,early,east,1
p_008825,rereading,lab,undergraduate,high,late,west,1
p_008826,rereading,lab,community,high,early,west,1
p_008827,retrieval_practice,remote,undergraduate,low,late,west,1
p_008828,retrieval_practice,lab,undergraduate,low,late,east,1
p_008829,retrieval_practice,lab,community,high,late,east,1
p_008830,retrieval_practice,remote,undergraduate,high,early,west,0
p_008831,rereading,remote,undergraduate,high,early,east,0
p_008832,retrieval_practice,lab,undergraduate,low,late,east,1
p_008833,rereading,lab,undergraduate,low,late,east,1
p_008834,rereading,lab,undergraduate,low,early,east,1
p_008835,rereading,lab,undergraduate,high,early,west,0
p_008836,rereading,remote,community,high,late,west,0
p_008837,rereading,lab,community,high,late,west,0
p_008838,rereading,lab,undergraduate,high,early,west,0
p_008839,retrieval_practice,lab,community,high,early,west,0
p_008840,rereading,remote,undergraduate,low,late,east,0
p_008841,rereading,remote,undergraduate,high,early,east,0
p_008842,retrieval_practice,remote,undergraduate,low,late,east,1
p_008843,rereading,lab,undergraduate,low,late,east,0
p_008844,rereading,lab,community,high,early,east,1
p_008845,rereading,lab,community,high,early,east,0
p_008846,retrieval_practice,remote,undergraduate,low,early,west,0
p_008847,rereading,lab,community,high,late,east,0
p_008848,retrieval_practice,remote,community,high,early,west,0
p_008849,retrieval_practice,lab,community,low,early,east,0
p_008850,rereading,lab,undergraduate,low,early,east,1
p_008851,rereading,lab,undergraduate,high,late,east,0
p_008852,rereading,remote,community,low,early,east,0
p_008853,rereading,remote,community,low,early,west,1
p_008854,rereading,lab,undergraduate,high,late,east,1
p_008855,rereading,remote,undergraduate,high,early,east,0
p_008856,retrieval_practice,lab,community,low,late,west,0
p_008857,retrieval_practice,remote,undergraduate,low,early,west,0
p_008858,retrieval_practice,lab,undergraduate,low,late,east,1
p_008859,rereading,remote,undergraduate,high,late,west,0
p_008860,retrieval_practice,remote,undergraduate,high,early,west,1
p_008861,rereading,lab,undergraduate,high,late,east,0
p_008862,retrieval_practice,lab,community,high,early,east,0
p_008863,retrieval_practice,remote,undergraduate,high,late,west,0
p_008864,retrieval_practice,lab,undergraduate,low,early,west,1
p_008865,rereading,remote,undergraduate,low,late,west,0
p_008866,rereading,remote,undergraduate,low,early,east,1
p_008867,retrieval_practice,lab,undergraduate,low,late,west,1
p_008868,retrieval_practice,lab,undergraduate,high,early,west,1
p_008869,rereading,lab,undergraduate,high,early,west,0
p_008870,retrieval_practice,lab,community,low,early,east,1
p_008871,rereading,lab,community,high,late,west,0
p_008872,retrieval_practice,lab,undergraduate,high,early,east,0
p_008873,rereading,lab,community,high,late,east,1
p_008874,rereading,lab,undergraduate,high,early,east,0
p_008875,rereading,lab,undergraduate,low,late,west,1
p_008876,retrieval_practice,lab,community,low,late,west,0
p_008877,rereading,remote,community,low,late,east,0
p_008878,retrieval_practice,lab,undergraduate,low,early,west,0
p_008879,retrieval_practice,lab,undergraduate,high,early,east,0
p_008880,rereading,lab,undergraduate,high,early,east,0
p_008881,retrieval_practice,lab,community,low,late,east,1
p_008882,rereading,remote,community,high,early,east,1
p_008883,rereading,lab,undergraduate,low,early,west,0
p_008884,rereading,remote,community,low,late,west,0
p_008885,retrieval_practice,lab,undergraduate,high,late,east,0
p_008886,rereading,lab,undergraduate,high,early,east,0
p_008887,retrieval_practice,lab,undergraduate,low,early,east,1
p_008888,retrieval_practice,lab,undergraduate,high,early,east,0
p_008889,retrieval_practice,lab,undergraduate,low,early,east,0
p_008890,retrieval_practice,remote,undergraduate,high,late,east,0
p_008891,retrieval_practice,lab,community,low,late,west,1
p_008892,rereading,remote,undergraduate,low,early,west,0
p_008893,rereading,lab,community,low,late,west,1
p_008894,retrieval_practice,remote,undergraduate,high,early,east,0
p_008895,rereading,remote,undergraduate,high,late,east,1
p_008896,retrieval_practice,remote,undergraduate,low,late,west,0
p_008897,rereading,lab,community,low,late,west,1
p_008898,rereading,lab,undergraduate,low,early,east,1
p_008899,rereading,lab,undergraduate,high,late,east,1
p_008900,retrieval_practice,lab,community,low,late,east,1
p_008901,retrieval_practice,lab,community,low,late,east,1
p_008902,rereading,lab,community,low,early,west,1
p_008903,retrieval_practice,lab,community,high,early,east,1
p_008904,rereading,remote,undergraduate,low,late,east,1
p_008905,retrieval_practice,lab,community,high,late,east,1
p_008906,retrieval_practice,remote,undergraduate,high,early,east,0
p_008907,rereading,remote,community,high,late,east,1
p_008908,rereading,lab,undergraduate,low,late,east,1
p_008909,retrieval_practice,lab,undergraduate,high,early,west,0
p_008910,rereading,remote,undergraduate,high,late,west,0
p_008911,rereading,lab,community,low,early,west,0
p_008912,rereading,remote,undergraduate,low,early,west,1
p_008913,rereading,lab,undergraduate,low,early,east,0
p_008914,retrieval_practice,remote,community,low,late,east,0
p_008915,rereading,lab,undergraduate,low,early,east,1
p_008916,retrieval_practice,lab,undergraduate,high,early,west,0
p_008917,retrieval_practice,remote,undergraduate,high,early,east,0
p_008918,retrieval_practice,lab,community,low,early,west,1
p_008919,retrieval_practice,remote,undergraduate,low,early,east,1
p_008920,rereading,lab,community,high,early,west,0
p_008921,retrieval_practice,lab,undergraduate,low,late,east,1
p_008922,rereading,remote,undergraduate,high,late,east,1
p_008923,rereading,remote,undergraduate,low,early,east,0
p_008924,rereading,remote,undergraduate,high,late,east,1
p_008925,rereading,remote,undergraduate,low,early,west,0
p_008926,retrieval_practice,remote,community,low,early,east,0
p_008927,retrieval_practice,remote,undergraduate,high,late,east,0
p_008928,retrieval_practice,lab,undergraduate,low,early,east,0
p_008929,rereading,lab,undergraduate,high,early,west,0
p_008930,rereading,remote,undergraduate,low,early,west,1
p_008931,retrieval_practice,lab,undergraduate,high,late,west,1
p_008932,rereading,remote,undergraduate,high,early,east,1
p_008933,rereading,remote,undergraduate,low,late,west,1
p_008934,retrieval_practice,lab,undergraduate,high,early,east,1
p_008935,rereading,lab,undergraduate,low,early,west,1
p_008936,retrieval_practice,remote,undergraduate,low,late,west,1
p_008937,retrieval_practice,lab,community,low,late,east,0
p_008938,rereading,remote,community,high,late,east,1
p_008939,retrieval_practice,remote,undergraduate,low,early,east,0
p_008940,rereading,lab,undergraduate,high,late,west,1
p_008941,retrieval_practice,lab,undergraduate,low,late,west,0
p_008942,retrieval_practice,remote,undergraduate,low,late,west,1
p_008943,rereading,lab,undergraduate,high,late,west,0
p_008944,rereading,lab,undergraduate,high,early,west,0
p_008945,rereading,lab,undergraduate,low,early,west,0
p_008946,rereading,remote,community,low,late,east,0
p_008947,retrieval_practice,lab,undergraduate,high,early,west,1
p_008948,rereading,remote,undergraduate,high,early,east,1
p_008949,rereading,lab,undergraduate,low,late,west,0
p_008950,rereading,lab,undergraduate,high,early,east,1
p_008951,retrieval_practice,remote,community,high,late,east,1
p_008952,rereading,lab,undergraduate,high,early,west,0
p_008953,retrieval_practice,lab,undergraduate,low,early,west,1
p_008954,retrieval_practice,remote,undergraduate,high,early,west,0
p_008955,retrieval_practice,lab,undergraduate,low,late,east,1
p_008956,rereading,lab,community,low,early,east,1
p_008957,retrieval_practice,remote,undergraduate,high,late,east,1
p_008958,rereading,lab,community,high,early,west,0
p_008959,rereading,lab,community,high,early,east,1
p_008960,rereading,lab,undergraduate,low,early,west,1
p_008961,retrieval_practice,remote,community,high,early,west,1
p_008962,retrieval_practice,remote,undergraduate,low,late,east,0
p_008963,rereading,lab,undergraduate,high,late,east,1
p_008964,rereading,remote,community,high,late,east,1
p_008965,retrieval_practice,lab,community,low,late,west,0
p_008966,retrieval_practice,lab,undergraduate,high,early,east,0
p_008967,retrieval_practice,remote,undergraduate,high,late,west,1
p_008968,retrieval_practice,lab,community,high,early,west,1
p_008969,retrieval_practice,lab,community,high,late,east,1
p_008970,retrieval_practice,lab,undergraduate,low,late,east,0
p_008971,retrieval_practice,remote,community,low,late,east,1
p_008972,rereading,remote,undergraduate,high,late,east,1
p_008973,retrieval_practice,remote,community,high,early,west,1
p_008974,retrieval_practice,lab,undergraduate,low,early,east,0
p_008975,rereading,lab,undergraduate,high,early,west,0
p_008976,retrieval_practice,lab,undergraduate,high,early,east,1
p_008977,retrieval_practice,lab,undergraduate,low,late,east,0
p_008978,rereading,lab,undergraduate,low,late,west,1
p_008979,rereading,lab,undergraduate,low,early,east,1
p_008980,rereading,lab,undergraduate,low,early,east,0
p_008981,rereading,remote,undergraduate,low,late,west,1
p_008982,rereading,remote,community,high,early,east,1
p_008983,rereading,lab,undergraduate,low,early,west,1
p_008984,retrieval_practice,lab,undergraduate,low,early,east,1
p_008985,rereading,lab,undergraduate,low,early,west,1
p_008986,rereading,lab,community,high,late,west,1
p_008987,retrieval_practice,remote,undergraduate,high,early,east,0
p_008988,retrieval_practice,lab,undergraduate,high,late,east,0
p_008989,rereading,lab,community,low,early,west,1
p_008990,retrieval_practice,lab,undergraduate,high,early,west,0
p_008991,retrieval_practice,remote,community,high,late,west,1
p_008992,rereading,remote,community,low,early,east,1
p_008993,retrieval_practice,lab,undergraduate,low,late,west,0
p_008994,rereading,remote,community,low,late,east,0
p_008995,rereading,remote,undergraduate,low,late,west,0
p_008996,rereading,remote,community,low,late,east,0
p_008997,retrieval_practice,lab,undergraduate,high,late,east,0
p_008998,rereading,remote,community,low,late,east,0
p_008999,rereading,lab,undergraduate,low,late,west,0
p_009000,rereading,lab,undergraduate,high,early,east,0
p_009001,rereading,lab,undergraduate,high,early,east,0
p_009002,retrieval_practice,remote,undergraduate,high,early,east,1
p_009003,rereading,remote,community,high,late,west,0
p_009004,retrieval_practice,lab,undergraduate,high,early,west,0
p_009005,rereading,lab,undergraduate,high,early,west,0
p_009006,retrieval_practice,lab,undergraduate,low,late,east,0
p_009007,rereading,remote,undergraduate,high,early,east,1
p_009008,retrieval_practice,lab,undergraduate,high,late,east,1
p_009009,rereading,lab,undergraduate,low,late,east,1
p_009010,retrieval_practice,lab,undergraduate,low,early,east,1
p_009011,rereading,remote,undergraduate,low,late,west,0
p_009012,retrieval_practice,remote,community,low,late,east,0
p_009013,rereading,lab,undergraduate,low,early,east,1
p_009014,rereading,lab,community,high,early,east,1
p_009015,retrieval_practice,lab,community,high,early,east,0
p_009016,retrieval_practice,lab,undergraduate,low,late,west,0
p_009017,retrieval_practice,lab,undergraduate,low,early,east,0
p_009018,rereading,remote,community,low,early,east,0
p_009019,retrieval_practice,lab,undergraduate,high,early,west,0
p_009020,rereading,remote,community,low,late,east,0
p_009021,rereading,remote,community,low,late,west,0
p_009022,retrieval_practice,remote,undergraduate,high,late,east,1
p_009023,retrieval_practice,lab,community,high,early,east,0
p_009024,retrieval_practice,lab,community,high,early,west,0
p_009025,retrieval_practice,lab,community,high,early,east,1
p_009026,retrieval_practice,lab,undergraduate,low,late,east,1
p_009027,rereading,lab,undergraduate,high,early,east,1
p_009028,retrieval_practice,remote,community,low,late,east,0
p_009029,rereading,lab,community,low,early,east,1
p_009030,rereading,lab,undergraduate,low,late,west,1
p_009031,retrieval_practice,lab,undergraduate,low,early,east,0
p_009032,rereading,lab,community,high,late,east,1
p_009033,retrieval_practice,lab,undergraduate,high,early,east,1
p_009034,rereading,lab,undergraduate,low,early,east,0
p_009035,retrieval_practice,lab,undergraduate,high,late,west,0
p_009036,retrieval_practice,lab,community,low,early,east,0
p_009037,retrieval_practice,lab,community,low,late,west,1
p_009038,retrieval_practice,lab,undergraduate,high,early,west,1
p_009039,retrieval_practice,remote,community,low,early,west,0
p_009040,retrieval_practice,lab,undergraduate,high,late,east,0
p_009041,rereading,remote,undergraduate,low,early,east,0
p_009042,retrieval_practice,lab,undergraduate,high,late,east,1
p_009043,rereading,lab,community,high,late,west,1
p_009044,retrieval_practice,remote,community,low,early,east,1
p_009045,rereading,remote,community,high,late,east,1
p_009046,retrieval_practice,lab,community,high,late,east,1
p_009047,rereading,lab,undergraduate,low,early,east,1
p_009048,rereading,lab,undergraduate,low,early,west,0
p_009049,retrieval_practice,lab,community,low,early,east,0
p_009050,retrieval_practice,remote,community,high,early,west,1
p_009051,rereading,remote,undergraduate,high,early,east,1
p_009052,retrieval_practice,lab,community,low,late,east,0
p_009053,retrieval_practice,lab,community,low,early,west,1
p_009054,rereading,remote,community,low,early,west,1
p_009055,rereading,lab,undergraduate,high,late,west,1
p_009056,rereading,lab,undergraduate,high,late,west,0
p_009057,rereading,lab,undergraduate,high,late,east,1
p_009058,retrieval_practice,remote,undergraduate,high,early,west,0
p_009059,rereading,lab,community,low,late,east,1
p_009060,rereading,remote,undergraduate,high,late,east,1
p_009061,rereading,lab,community,low,early,east,1
p_009062,rereading,lab,undergraduate,low,late,east,1
p_009063,retrieval_practice,lab,community,high,late,east,1
p_009064,retrieval_practice,lab,undergraduate,low,early,east,0
p_009065,retrieval_practice,lab,community,high,early,east,1
p_009066,retrieval_practice,lab,community,low,early,east,0
p_009067,rereading,remote,undergraduate,low,early,east,0
p_009068,retrieval_practice,lab,community,high,late,east,0
p_009069,retrieval_practice,remote,undergraduate,high,late,west,1
p_009070,rereading,lab,community,high,early,east,0
p_009071,rereading,remote,undergraduate,high,early,east,1
p_009072,retrieval_practice,lab,undergraduate,high,late,west,1
p_009073,rereading,lab,community,low,late,west,1
p_009074,retrieval_practice,lab,community,high,early,east,0
p_009075,rereading,lab,undergraduate,low,early,west,1
p_009076,retrieval_practice,lab,community,low,early,east,0
p_009077,rereading,lab,undergraduate,high,early,west,1
p_009078,retrieval_practice,remote,undergraduate,low,late,west,1
p_009079,rereading,lab,community,high,early,east,1
p_009080,retrieval_practice,lab,undergraduate,high,late,west,0
p_009081,retrieval_practice,lab,community,low,late,east,1
p_009082,rereading,remote,undergraduate,high,early,east,0
p_009083,rereading,remote,undergraduate,low,early,east,1
p_009084,retrieval_practice,remote,undergraduate,low,late,east,1
p_009085,rereading,lab,undergraduate,low,late,west,1
p_009086,retrieval_practice,remote,undergraduate,low,early,east,0
p_009087,rereading,lab,undergraduate,high,early,west,0
p_009088,rereading,remote,undergraduate,low,late,west,0
p_009089,retrieval_practice,lab,community,low,early,east,0
p_009090,rereading,remote,community,high,early,east,1
p_009091,rereading,lab,undergraduate,low,early,east,1
p_009092,rereading,lab,undergraduate,high,early,west,1
p_009093,rereading,remote,community,high,early,west,0
p_009094,retrieval_practice,lab,community,high,late,west,1
p_009095,rereading,remote,community,high,late,west,1
p_009096,retrieval_practice,lab,undergraduate,high,late,west,0
p_009097,retrieval_practice,remote,community,low,late,west,1
p_009098,rereading,lab,undergraduate,high,early,west,1
p_009099,retrieval_practice,lab,community,low,late,west,1
p_009100,retrieval_practice,lab,community,low,early,east,1
p_009101,rereading,lab,undergraduate,high,late,east,1
p_009102,rereading,lab,community,high,early,east,0
p_009103,retrieval_practice,remote,community,low,early,west,1
p_009104,retrieval_practice,lab,undergraduate,high,early,west,0
p_009105,rereading,lab,community,low,early,east,0
p_009106,rereading,remote,community,high,late,west,0
p_009107,retrieval_practice,lab,undergraduate,low,early,west,0
p_009108,retrieval_practice,remote,undergraduate,high,early,east,0
p_009109,rereading,lab,undergraduate,low,early,west,1
p_009110,rereading,lab,community,high,early,east,0
p_009111,rereading,remote,undergraduate,low,early,west,1
p_009112,retrieval_practice,remote,undergraduate,low,late,east,1
p_009113,retrieval_practice,remote,community,low,early,east,1
p_009114,rereading,lab,community,low,early,east,0
p_009115,retrieval_practice,lab,community,low,early,west,0
p_009116,rereading,lab,undergraduate,low,early,west,0
p_009117,rereading,lab,community,high,early,east,0
p_009118,retrieval_practice,lab,undergraduate,low,late,east,1
p_009119,retrieval_practice,remote,community,low,late,west,0
p_009120,rereading,remote,undergraduate,low,late,west,0
p_009121,rereading,remote,undergraduate,low,early,east,0
p_009122,retrieval_practice,remote,undergraduate,high,late,west,0
p_009123,rereading,lab,community,high,late,west,0
p_009124,rereading,remote,community,low,late,east,1
p_009125,rereading,lab,undergraduate,high,early,east,1
p_009126,retrieval_practice,lab,undergraduate,low,early,west,1
p_009127,retrieval_practice,lab,community,high,late,east,0
p_009128,rereading,lab,undergraduate,high,early,east,1
p_009129,retrieval_practice,remote,undergraduate,high,early,west,0
p_009130,rereading,lab,community,low,early,west,0
p_009131,rereading,remote,undergraduate,high,early,west,1
p_009132,rereading,remote,undergraduate,high,late,east,1
p_009133,rereading,lab,community,high,late,west,0
p_009134,retrieval_practice,lab,community,low,early,west,1
p_009135,retrieval_practice,remote,undergraduate,high,early,west,0
p_009136,rereading,lab,undergraduate,low,late,east,1
p_009137,retrieval_practice,remote,undergraduate,high,late,east,1
p_009138,retrieval_practice,lab,community,low,late,east,0
p_009139,retrieval_practice,lab,community,low,early,east,0
p_009140,retrieval_practice,lab,community,high,early,east,0
p_009141,retrieval_practice,lab,community,low,early,east,0
p_009142,retrieval_practice,lab,undergraduate,high,early,west,1
p_009143,rereading,remote,undergraduate,high,early,east,0
p_009144,rereading,lab,community,low,early,west,0
p_009145,retrieval_practice,remote,community,low,early,east,0
p_009146,rereading,remote,undergraduate,high,late,west,0
p_009147,retrieval_practice,lab,undergraduate,high,late,west,1
p_009148,rereading,remote,undergraduate,low,early,west,0
p_009149,retrieval_practice,lab,community,low,late,west,0
p_009150,retrieval_practice,remote,community,low,early,east,0
p_009151,retrieval_practice,remote,community,low,late,west,0
p_009152,rereading,remote,undergraduate,high,early,west,0
p_009153,retrieval_practice,lab,community,high,early,east,1
p_009154,rereading,remote,community,low,late,west,0
p_009155,rereading,lab,undergraduate,low,early,west,1
p_009156,retrieval_practice,lab,undergraduate,low,early,west,0
p_009157,retrieval_practice,remote,undergraduate,low,late,west,0
p_009158,rereading,remote,community,high,late,east,1
p_009159,retrieval_practice,lab,undergraduate,low,early,west,1
p_009160,rereading,lab,community,high,late,west,1
p_009161,retrieval_practice,remote,community,high,early,west,0
p_009162,rereading,lab,community,low,early,west,1
p_009163,rereading,lab,undergraduate,high,late,west,1
p_009164,retrieval_practice,lab,community,high,late,west,0
p_009165,rereading,lab,community,high,late,east,1
p_009166,retrieval_practice,remote,community,low,late,east,1
p_009167,rereading,lab,undergraduate,high,early,west,0
p_009168,rereading,lab,undergraduate,low,early,west,0
p_009169,retrieval_practice,lab,undergraduate,low,early,east,1
p_009170,retrieval_practice,lab,community,high,late,east,0
p_009171,retrieval_practice,remote,undergraduate,low,late,west,0
p_009172,rereading,remote,undergraduate,low,late,east,0
p_009173,retrieval_practice,remote,undergraduate,low,early,east,0
p_009174,rereading,lab,undergraduate,high,early,west,1
p_009175,retrieval_practice,lab,undergraduate,low,early,west,0
p_009176,rereading,lab,undergraduate,high,late,west,0
p_009177,rereading,remote,undergraduate,low,late,east,1
p_009178,retrieval_practice,remote,undergraduate,low,early,east,0
p_009179,retrieval_practice,remote,undergraduate,high,early,east,0
p_009180,rereading,lab,community,high,early,east,0
p_009181,rereading,lab,community,low,late,west,0
p_009182,retrieval_practice,remote,undergraduate,low,late,west,1
p_009183,retrieval_practice,remote,community,high,late,east,1
p_009184,rereading,remote,undergraduate,high,late,west,0
p_009185,retrieval_practice,lab,community,low,early,east,1
p_009186,rereading,lab,community,low,early,east,1
p_009187,rereading,remote,community,high,late,east,1
p_009188,rereading,remote,community,high,early,east,1
p_009189,rereading,lab,undergraduate,low,early,east,1
p_009190,retrieval_practice,lab,undergraduate,high,early,west,1
p_009191,rereading,lab,community,low,early,east,0
p_009192,rereading,remote,undergraduate,high,early,west,0
p_009193,retrieval_practice,lab,undergraduate,high,early,east,0
p_009194,retrieval_practice,remote,undergraduate,low,early,east,1
p_009195,rereading,remote,community,low,early,west,0
p_009196,retrieval_practice,lab,undergraduate,low,late,west,0
p_009197,retrieval_practice,remote,community,high,late,east,0
p_009198,rereading,lab,undergraduate,low,late,east,1
p_009199,retrieval_practice,lab,undergraduate,high,early,west,1
p_009200,rereading,remote,community,high,late,east,1
p_009201,rereading,remote,undergraduate,low,early,west,0
p_009202,retrieval_practice,lab,undergraduate,high,late,east,1
p_009203,retrieval_practice,remote,undergraduate,low,early,west,0
p_009204,rereading,lab,undergraduate,low,early,west,1
p_009205,retrieval_practice,lab,undergraduate,low,early,west,1
p_009206,rereading,remote,community,low,late,west,1
p_009207,retrieval_practice,lab,community,low,late,east,0
p_009208,rereading,lab,undergraduate,high,early,east,0
p_009209,retrieval_practice,remote,community,high,late,west,1
p_009210,retrieval_practice,remote,community,high,early,east,1
p_009211,retrieval_practice,lab,community,high,late,west,0
p_009212,rereading,remote,community,high,early,west,1
p_009213,retrieval_practice,remote,undergraduate,low,late,east,0
p_009214,rereading,lab,undergraduate,high,late,west,1
p_009215,rereading,lab,undergraduate,high,late,east,0
p_009216,retrieval_practice,remote,community,low,late,west,0
p_009217,retrieval_practice,lab,undergraduate,high,early,east,1
p_009218,retrieval_practice,lab,community,low,late,east,0
p_009219,retrieval_practice,lab,undergraduate,high,early,west,1
p_009220,retrieval_practice,lab,undergraduate,high,early,east,1
p_009221,retrieval_practice,lab,community,high,late,east,0
p_009222,retrieval_practice,lab,community,high,late,west,0
p_009223,retrieval_practice,lab,undergraduate,high,late,west,1
p_009224,rereading,lab,community,high,early,west,1
p_009225,retrieval_practice,lab,community,low,late,east,0
p_009226,rereading,lab,undergraduate,high,early,east,0
p_009227,rereading,lab,community,high,early,west,0
p_009228,rereading,lab,undergraduate,high,late,east,1
p_009229,rereading,lab,community,low,early,east,1
p_009230,retrieval_practice,remote,undergraduate,high,late,east,0
p_009231,retrieval_practice,remote,community,low,early,east,0
p_009232,retrieval_practice,lab,community,high,early,east,0
p_009233,rereading,lab,undergraduate,high,late,west,1
p_009234,retrieval_practice,lab,undergraduate,high,late,west,1
p_009235,rereading,lab,undergraduate,high,late,east,0
p_009236,retrieval_practice,lab,undergraduate,low,late,east,1
p_009237,retrieval_practice,lab,community,high,late,west,0
p_009238,retrieval_practice,remote,undergraduate,low,early,east,0
p_009239,retrieval_practice,remote,community,high,early,east,0
p_009240,rereading,lab,undergraduate,high,early,east,0
p_009241,retrieval_practice,remote,undergraduate,low,late,west,1
p_009242,retrieval_practice,lab,undergraduate,high,late,west,1
p_009243,retrieval_practice,lab,community,low,early,east,0
p_009244,retrieval_practice,remote,community,low,late,west,1
p_009245,retrieval_practice,remote,undergraduate,low,late,east,1
p_009246,rereading,lab,community,low,late,east,1
p_009247,rereading,lab,community,low,late,east,0
p_009248,retrieval_practice,lab,undergraduate,high,early,west,1
p_009249,rereading,remote,undergraduate,low,early,east,0
p_009250,retrieval_practice,remote,community,high,early,east,1
p_009251,rereading,lab,undergraduate,high,late,west,1
p_009252,rereading,remote,undergraduate,high,late,west,1
p_009253,retrieval_practice,remote,community,high,late,west,0
p_009254,retrieval_practice,lab,undergraduate,low,early,east,1
p_009255,rereading,remote,undergraduate,low,late,east,0
p_009256,rereading,lab,undergraduate,high,early,west,1
p_009257,retrieval_practice,lab,community,low,late,east,1
p_009258,retrieval_practice,lab,community,low,late,west,0
p_009259,retrieval_practice,lab,undergraduate,high,late,east,1
p_009260,rereading,lab,undergraduate,low,early,west,1
p_009261,rereading,lab,undergraduate,high,late,east,1
p_009262,rereading,lab,undergraduate,high,early,east,0
p_009263,rereading,lab,undergraduate,high,early,east,1
p_009264,retrieval_practice,lab,community,low,early,east,0
p_009265,retrieval_practice,lab,community,low,early,west,1
p_009266,retrieval_practice,remote,undergraduate,low,early,east,0
p_009267,retrieval_practice,lab,undergraduate,low,early,east,1
p_009268,rereading,lab,undergraduate,high,late,west,0
p_009269,retrieval_practice,remote,undergraduate,low,late,west,0
p_009270,rereading,remote,undergraduate,low,early,east,1
p_009271,rereading,remote,undergraduate,low,early,west,0
p_009272,rereading,lab,undergraduate,low,early,west,0
p_009273,retrieval_practice,remote,community,low,late,east,0
p_009274,retrieval_practice,remote,community,low,late,east,1
p_009275,retrieval_practice,remote,undergraduate,low,early,east,1
p_009276,retrieval_practice,lab,undergraduate,low,late,east,1
p_009277,rereading,remote,undergraduate,high,late,east,0
p_009278,retrieval_practice,remote,undergraduate,low,early,east,1
p_009279,retrieval_practice,remote,undergraduate,low,late,east,1
p_009280,rereading,lab,undergraduate,low,late,east,0
p_009281,rereading,remote,undergraduate,low,late,west,0
p_009282,retrieval_practice,remote,undergraduate,high,late,east,0
p_009283,rereading,lab,community,high,early,west,1
p_009284,retrieval_practice,lab,community,high,early,east,1
p_009285,rereading,remote,undergraduate,high,late,west,0
p_009286,rereading,lab,community,low,early,west,0
p_009287,retrieval_practice,lab,community,high,early,east,1
p_009288,rereading,lab,undergraduate,high,late,west,0
p_009289,rereading,lab,undergraduate,high,early,west,1
p_009290,retrieval_practice,remote,undergraduate,low,late,west,0
p_009291,rereading,lab,community,low,late,west,1
p_009292,retrieval_practice,remote,undergraduate,high,early,west,0
p_009293,rereading,remote,undergraduate,high,early,west,1
p_009294,rereading,remote,community,low,late,east,1
p_009295,retrieval_practice,remote,undergraduate,low,early,west,1
p_009296,retrieval_practice,lab,community,high,late,west,0
p_009297,retrieval_practice,lab,undergraduate,low,early,west,0
p_009298,retrieval_practice,remote,community,high,late,east,0
p_009299,retrieval_practice,lab,undergraduate,high,early,east,0
p_009300,rereading,lab,undergraduate,low,early,east,1
p_009301,rereading,remote,undergraduate,high,early,east,0
p_009302,retrieval_practice,lab,undergraduate,low,early,west,0
p_009303,rereading,lab,community,low,early,west,0
p_009304,rereading,remote,undergraduate,low,early,east,1
p_009305,retrieval_practice,lab,community,high,early,east,1
p_009306,retrieval_practice,remote,undergraduate,low,late,east,0
p_009307,retrieval_practice,remote,community,high,late,west,1
p_009308,retrieval_practice,lab,community,high,late,west,1
p_009309,retrieval_practice,remote,undergraduate,low,early,east,0
p_009310,rereading,lab,undergraduate,high,early,east,1
p_009311,retrieval_practice,lab,community,high,late,west,0
p_009312,retrieval_practice,lab,undergraduate,low,late,west,1
p_009313,rereading,lab,undergraduate,low,early,west,1
p_009314,retrieval_practice,remote,community,low,early,east,1
p_009315,retrieval_practice,lab,community,high,late,west,0
p_009316,rereading,remote,undergraduate,low,late,east,0
p_009317,rereading,lab,undergraduate,high,early,west,0
p_009318,rereading,lab,undergraduate,low,early,east,1
p_009319,retrieval_practice,lab,community,high,early,east,1
p_009320,retrieval_practice,lab,undergraduate,high,early,east,0
p_009321,retrieval_practice,lab,community,high,early,west,1
p_009322,rereading,lab,community,low,early,east,1
p_009323,rereading,remote,community,high,late,east,1
p_009324,retrieval_practice,lab,undergraduate,high,late,east,0
p_009325,rereading,lab,undergraduate,low,late,east,0
p_009326,rereading,lab,community,high,early,east,0
p_009327,rereading,lab,undergraduate,high,late,west,1
p_009328,rereading,lab,undergraduate,low,early,east,1
p_009329,rereading,lab,undergraduate,high,late,east,0
p_009330,retrieval_practice,lab,undergraduate,high,early,west,0
p_009331,retrieval_practice,remote,undergraduate,low,early,west,1
p_009332,retrieval_practice,remote,community,high,late,east,0
p_009333,retrieval_practice,lab,undergraduate,low,early,west,1
p_009334,retrieval_practice,lab,community,low,early,east,1
p_009335,retrieval_practice,lab,community,high,late,east,0
p_009336,rereading,lab,undergraduate,high,late,west,1
p_009337,retrieval_practice,remote,undergraduate,high,late,west,0
p_009338,rereading,remote,community,low,late,west,0
p_009339,retrieval_practice,remote,community,low,early,west,0
p_009340,retrieval_practice,remote,community,low,early,west,1
p_009341,rereading,remote,community,low,early,east,0
p_009342,retrieval_practice,remote,undergraduate,high,early,east,1
p_009343,retrieval_practice,lab,undergraduate,low,early,east,1
p_009344,rereading,lab,community,low,late,east,1
p_009345,rereading,lab,undergraduate,low,late,east,0
p_009346,rereading,lab,undergraduate,low,early,east,1
p_009347,rereading,lab,undergraduate,low,early,east,0
p_009348,retrieval_practice,remote,undergraduate,low,late,west,1
p_009349,rereading,lab,undergraduate,high,early,west,0
p_009350,rereading,lab,community,low,early,east,1
p_009351,rereading,remote,undergraduate,high,early,east,1
p_009352,rereading,lab,undergraduate,low,early,west,0
p_009353,retrieval_practice,remote,undergraduate,low,late,west,0
p_009354,rereading,remote,undergraduate,low,early,west,1
p_009355,retrieval_practice,remote,undergraduate,low,early,east,0
p_009356,rereading,remote,undergraduate,low,early,west,0
p_009357,retrieval_practice,remote,undergraduate,low,late,west,0
p_009358,retrieval_practice,lab,undergraduate,high,early,east,0
p_009359,retrieval_practice,lab,community,low,late,west,1
p_009360,retrieval_practice,remote,community,high,late,west,0
p_009361,retrieval_practice,remote,community,low,late,east,0
p_009362,rereading,remote,undergraduate,high,early,west,1
p_009363,retrieval_practice,lab,community,high,late,west,0
p_009364,rereading,lab,community,low,early,east,1
p_009365,retrieval_practice,lab,undergraduate,low,early,west,0
p_009366,retrieval_practice,remote,undergraduate,low,early,west,0
p_009367,retrieval_practice,remote,community,high,early,east,1
p_009368,rereading,remote,community,high,late,east,1
p_009369,rereading,remote,community,low,early,west,0
p_009370,rereading,remote,undergraduate,low,early,east,1
p_009371,rereading,lab,community,low,late,east,0
p_009372,retrieval_practice,lab,community,high,early,west,1
p_009373,retrieval_practice,lab,community,low,early,west,1
p_009374,retrieval_practice,lab,undergraduate,low,late,east,0
p_009375,retrieval_practice,lab,undergraduate,low,late,east,0
p_009376,retrieval_practice,remote,undergraduate,low,late,west,1
p_009377,rereading,remote,community,high,early,east,1
p_009378,retrieval_practice,lab,community,low,late,west,1
p_009379,rereading,remote,undergraduate,low,late,west,1
p_009380,rereading,remote,undergraduate,low,early,west,0
p_009381,retrieval_practice,lab,undergraduate,low,early,east,1
p_009382,rereading,lab,undergraduate,high,late,east,1
p_009383,retrieval_practice,lab,undergraduate,low,early,west,0
p_009384,retrieval_practice,lab,community,high,late,east,1
p_009385,rereading,lab,community,low,late,west,0
p_009386,retrieval_practice,lab,community,high,early,east,0
p_009387,retrieval_practice,lab,undergraduate,high,late,west,0
p_009388,retrieval_practice,lab,community,high,early,west,1
p_009389,rereading,lab,undergraduate,low,late,east,1
p_009390,rereading,lab,community,low,early,west,1
p_009391,retrieval_practice,lab,undergraduate,high,early,west,1
p_009392,retrieval_practice,lab,community,low,late,east,0
p_009393,rereading,remote,undergraduate,high,late,west,1
p_009394,retrieval_practice,remote,undergraduate,low,early,west,0
p_009395,rereading,lab,community,high,early,west,0
p_009396,rereading,lab,undergraduate,low,late,east,0
p_009397,retrieval_practice,lab,community,high,early,east,1
p_009398,rereading,lab,undergraduate,low,early,west,0
p_009399,rereading,remote,undergraduate,low,early,east,1
p_009400,retrieval_practice,lab,community,low,early,west,0
p_009401,rereading,lab,undergraduate,low,early,west,0
p_009402,retrieval_practice,remote,undergraduate,low,late,west,1
p_009403,retrieval_practice,remote,undergraduate,low,late,west,0
p_009404,rereading,lab,undergraduate,high,early,west,1
p_009405,rereading,lab,undergraduate,high,early,west,0
p_009406,retrieval_practice,lab,undergraduate,low,late,west,1
p_009407,retrieval_practice,lab,community,low,late,west,1
p_009408,rereading,lab,community,low,early,west,1
p_009409,retrieval_practice,remote,undergraduate,high,late,west,1
p_009410,rereading,remote,undergraduate,low,late,east,0
p_009411,retrieval_practice,remote,community,low,early,west,1
p_009412,rereading,lab,community,high,early,east,0
p_009413,rereading,lab,undergraduate,low,early,east,0
p_009414,retrieval_practice,remote,community,high,late,west,1
p_009415,retrieval_practice,remote,undergraduate,high,late,east,0
p_009416,rereading,lab,community,low,late,west,0
p_009417,retrieval_practice,remote,undergraduate,high,late,west,1
p_009418,rereading,lab,community,low,late,west,0
p_009419,retrieval_practice,lab,undergraduate,high,early,east,1
p_009420,retrieval_practice,remote,community,high,late,east,0
p_009421,rereading,lab,community,low,late,east,0
p_009422,retrieval_practice,lab,community,low,late,east,0
p_009423,retrieval_practice,lab,community,high,early,west,1
p_009424,rereading,remote,undergraduate,low,early,east,0
p_009425,retrieval_practice,lab,community,high,early,west,1
p_009426,retrieval_practice,remote,undergraduate,high,early,east,0
p_009427,rereading,remote,community,high,early,east,1
p_009428,rereading,lab,undergraduate,high,early,west,1
p_009429,retrieval_practice,remote,undergraduate,high,early,west,1
p_009430,retrieval_practice,lab,undergraduate,low,early,west,0
p_009431,retrieval_practice,lab,undergraduate,high,early,west,1
p_009432,rereading,remote,undergraduate,high,early,west,0
p_009433,rereading,remote,community,low,early,east,1
p_009434,retrieval_practice,remote,undergraduate,high,late,west,1
p_009435,retrieval_practice,remote,undergraduate,low,early,west,0
p_009436,retrieval_practice,lab,community,high,late,west,0
p_009437,retrieval_practice,lab,undergraduate,low,late,east,1
p_009438,rereading,remote,undergraduate,high,late,east,0
p_009439,retrieval_practice,remote,undergraduate,high,late,east,1
p_009440,retrieval_practice,remote,community,high,early,east,1
p_009441,retrieval_practice,remote,undergraduate,high,late,east,1
p_009442,rereading,lab,community,high,early,east,0
p_009443,rereading,remote,community,low,late,west,0
p_009444,retrieval_practice,remote,community,low,late,west,1
p_009445,retrieval_practice,lab,undergraduate,low,early,east,1
p_009446,retrieval_practice,lab,undergraduate,high,early,east,1
p_009447,rereading,lab,undergraduate,high,early,west,1
p_009448,rereading,lab,community,low,early,west,1
p_009449,retrieval_practice,remote,undergraduate,low,early,east,0
p_009450,retrieval_practice,lab,community,low,early,west,0
p_009451,rereading,lab,community,high,early,west,0
p_009452,rereading,remote,community,low,late,west,0
p_009453,retrieval_practice,lab,community,high,late,east,1
p_009454,retrieval_practice,lab,community,high,early,west,0
p_009455,retrieval_practice,lab,community,high,late,east,1
p_009456,retrieval_practice,remote,community,low,early,west,0
p_009457,retrieval_practice,remote,undergraduate,low,early,west,1
p_009458,retrieval_practice,remote,community,low,early,east,1
p_009459,rereading,lab,undergraduate,high,late,west,0
p_009460,retrieval_practice,remote,community,high,early,west,1
p_009461,rereading,lab,undergraduate,low,late,east,1
p_009462,rereading,remote,undergraduate,low,early,west,0
p_009463,retrieval_practice,remote,community,high,late,west,0
p_009464,rereading,lab,community,high,late,east,1
p_009465,rereading,remote,undergraduate,high,late,east,1
p_009466,retrieval_practice,lab,undergraduate,low,early,east,0
p_009467,rereading,remote,community,low,late,east,0
p_009468,retrieval_practice,lab,community,low,late,east,0
p_009469,retrieval_practice,remote,undergraduate,high,late,west,1
p_009470,rereading,remote,undergraduate,high,late,west,0
p_009471,retrieval_practice,lab,community,high,early,east,1
p_009472,retrieval_practice,lab,undergraduate,low,early,west,0
p_009473,rereading,remote,undergraduate,high,late,west,1
p_009474,rereading,lab,undergraduate,high,late,west,0
p_009475,retrieval_practice,remote,undergraduate,low,late,west,1
p_009476,retrieval_practice,remote,undergraduate,high,late,west,1
p_009477,rereading,remote,community,high,late,west,1
p_009478,rereading,remote,community,high,late,east,0
p_009479,retrieval_practice,lab,undergraduate,low,late,west,0
p_009480,retrieval_practice,remote,undergraduate,high,late,west,0
p_009481,rereading,remote,undergraduate,high,early,east,0
p_009482,retrieval_practice,remote,community,low,early,east,1
p_009483,rereading,remote,community,high,early,west,1
p_009484,retrieval_practice,lab,undergraduate,low,late,east,1
p_009485,retrieval_practice,remote,community,high,early,east,0
p_009486,rereading,remote,undergraduate,high,late,west,1
p_009487,rereading,lab,undergraduate,low,late,east,1
p_009488,rereading,lab,undergraduate,low,early,west,1
p_009489,retrieval_practice,remote,undergraduate,low,early,east,0
p_009490,rereading,remote,community,high,late,east,0
p_009491,rereading,lab,undergraduate,low,early,west,1
p_009492,rereading,remote,community,low,early,west,0
p_009493,retrieval_practice,remote,undergraduate,high,late,east,1
p_009494,rereading,remote,undergraduate,low,early,east,1
p_009495,retrieval_practice,lab,undergraduate,low,late,west,0
p_009496,rereading,remote,undergraduate,low,late,west,1
p_009497,rereading,remote,community,low,late,west,0
p_009498,rereading,lab,community,low,late,west,1
p_009499,retrieval_practice,lab,community,low,early,east,1
p_009500,retrieval_practice,lab,community,high,late,east,1
p_009501,retrieval_practice,remote,community,high,late,west,1
p_009502,rereading,lab,undergraduate,high,early,west,1
p_009503,retrieval_practice,lab,community,high,late,west,0
p_009504,rereading,remote,undergraduate,low,early,west,1
p_009505,rereading,lab,undergraduate,high,early,east,1
p_009506,retrieval_practice,lab,undergraduate,low,early,east,1
p_009507,rereading,remote,undergraduate,low,late,west,0
p_009508,retrieval_practice,remote,community,low,late,east,0
p_009509,retrieval_practice,lab,undergraduate,high,late,east,1
p_009510,retrieval_practice,lab,undergraduate,high,late,east,0
p_009511,retrieval_practice,remote,undergraduate,high,late,west,0
p_009512,rereading,remote,community,high,late,east,1
p_009513,retrieval_practice,lab,undergraduate,low,late,west,1
p_009514,retrieval_practice,lab,undergraduate,low,late,west,0
p_009515,retrieval_practice,remote,undergraduate,high,late,west,1
p_009516,retrieval_practice,remote,undergraduate,high,early,east,1
p_009517,retrieval_practice,lab,undergraduate,high,late,west,1
p_009518,retrieval_practice,remote,undergraduate,high,late,east,1
p_009519,retrieval_practice,lab,undergraduate,high,late,east,0
p_009520,rereading,lab,community,high,early,west,0
p_009521,rereading,remote,undergraduate,high,early,east,0
p_009522,retrieval_practice,lab,undergraduate,low,early,west,1
p_009523,rereading,lab,community,low,early,east,1
p_009524,rereading,remote,community,low,early,west,0
p_009525,retrieval_practice,lab,undergraduate,high,early,west,1
p_009526,rereading,remote,community,high,late,west,1
p_009527,retrieval_practice,lab,undergraduate,low,early,east,0
p_009528,retrieval_practice,remote,community,high,late,west,1
p_009529,retrieval_practice,lab,community,high,early,west,0
p_009530,retrieval_practice,lab,undergraduate,high,late,west,1
p_009531,retrieval_practice,remote,undergraduate,low,late,east,0
p_009532,retrieval_practice,lab,undergraduate,high,late,east,0
p_009533,rereading,lab,undergraduate,high,early,east,0
p_009534,retrieval_practice,remote,community,low,late,east,1
p_009535,retrieval_practice,remote,undergraduate,low,late,west,0
p_009536,retrieval_practice,remote,community,low,late,west,0
p_009537,rereading,remote,community,high,early,east,1
p_009538,retrieval_practice,remote,community,low,early,east,0
p_009539,rereading,lab,community,low,early,east,1
p_009540,retrieval_practice,remote,undergraduate,low,early,west,0
p_009541,retrieval_practice,remote,undergraduate,high,early,east,0
p_009542,retrieval_practice,lab,undergraduate,low,late,east,1
p_009543,rereading,remote,undergraduate,low,late,east,1
p_009544,retrieval_practice,lab,undergraduate,low,early,east,0
p_009545,retrieval_practice,lab,community,high,early,east,1
p_009546,rereading,remote,undergraduate,high,early,east,1
p_009547,retrieval_practice,lab,undergraduate,high,early,east,0
p_009548,retrieval_practice,remote,undergraduate,low,late,west,1
p_009549,rereading,lab,community,low,early,west,1
p_009550,rereading,remote,undergraduate,low,early,west,1
p_009551,retrieval_practice,remote,community,high,early,east,0
p_009552,retrieval_practice,lab,undergraduate,high,late,east,1
p_009553,rereading,remote,community,high,late,west,0
p_009554,retrieval_practice,lab,undergraduate,high,late,west,0
p_009555,rereading,remote,community,low,early,east,0
p_009556,rereading,lab,undergraduate,high,late,east,1
p_009557,retrieval_practice,lab,community,low,early,west,0
p_009558,retrieval_practice,lab,community,high,early,west,0
p_009559,retrieval_practice,lab,undergraduate,high,late,west,0
p_009560,retrieval_practice,remote,undergraduate,low,late,east,0
p_009561,rereading,lab,undergraduate,high,late,east,1
p_009562,retrieval_practice,remote,undergraduate,high,early,east,1
p_009563,retrieval_practice,lab,undergraduate,low,early,east,1
p_009564,retrieval_practice,remote,undergraduate,high,early,east,1
p_009565,rereading,lab,undergraduate,high,early,west,1
p_009566,retrieval_practice,lab,community,low,early,east,0
p_009567,retrieval_practice,remote,community,high,early,west,1
p_009568,retrieval_practice,remote,community,low,early,east,0
p_009569,rereading,remote,undergraduate,high,early,east,0
p_009570,rereading,remote,undergraduate,high,early,west,0
p_009571,retrieval_practice,lab,community,high,early,east,1
p_009572,rereading,remote,community,high,early,east,1
p_009573,rereading,remote,undergraduate,low,early,east,0
p_009574,retrieval_practice,lab,community,high,early,east,1
p_009575,retrieval_practice,lab,undergraduate,high,early,east,0
p_009576,retrieval_practice,lab,community,low,early,west,1
p_009577,retrieval_practice,lab,community,high,early,west,1
p_009578,retrieval_practice,remote,undergraduate,high,early,east,1
p_009579,rereading,remote,community,high,early,east,1
p_009580,rereading,lab,undergraduate,high,early,east,0
p_009581,rereading,lab,undergraduate,high,early,east,1
p_009582,retrieval_practice,lab,community,low,late,west,1
p_009583,rereading,lab,community,high,late,east,1
p_009584,rereading,lab,community,low,early,west,1
p_009585,rereading,lab,undergraduate,low,late,east,1
p_009586,rereading,lab,undergraduate,low,late,east,1
p_009587,rereading,lab,community,high,late,west,0
p_009588,retrieval_practice,remote,undergraduate,high,late,east,0
p_009589,retrieval_practice,remote,undergraduate,low,early,west,1
p_009590,rereading,remote,community,high,late,west,1
p_009591,rereading,remote,undergraduate,low,late,west,0
p_009592,rereading,remote,undergraduate,low,late,west,1
p_009593,rereading,remote,undergraduate,high,early,east,1
p_009594,retrieval_practice,remote,undergraduate,high,late,west,0
p_009595,retrieval_practice,lab,undergraduate,low,early,west,1
p_009596,rereading,lab,community,low,late,east,1
p_009597,rereading,lab,undergraduate,low,late,west,0
p_009598,rereading,lab,undergraduate,low,early,west,0
p_009599,retrieval_practice,lab,undergraduate,high,late,west,0
p_009600,retrieval_practice,remote,undergraduate,high,early,east,1
p_009601,retrieval_practice,lab,undergraduate,low,late,west,1
p_009602,retrieval_practice,lab,undergraduate,low,late,west,1
p_009603,rereading,remote,community,high,early,west,0
p_009604,retrieval_practice,lab,undergraduate,high,early,west,0
p_009605,retrieval_practice,remote,undergraduate,high,early,east,0
p_009606,rereading,remote,community,high,late,east,1
p_009607,rereading,lab,undergraduate,low,late,east,1
p_009608,retrieval_practice,lab,community,low,late,west,1
p_009609,rereading,lab,undergraduate,low,late,west,0
p_009610,retrieval_practice,lab,undergraduate,low,early,east,1
p_009611,rereading,lab,community,high,early,east,0
p_009612,rereading,remote,undergraduate,low,early,east,0
p_009613,rereading,lab,community,low,early,west,0
p_009614,rereading,remote,community,low,late,west,0
p_009615,retrieval_practice,remote,community,high,late,east,1
p_009616,rereading,lab,undergraduate,low,early,west,1
p_009617,retrieval_practice,lab,community,high,late,west,0
p_009618,retrieval_practice,remote,undergraduate,high,late,west,0
p_009619,rereading,remote,community,high,early,east,0
p_009620,rereading,lab,community,high,late,east,1
p_009621,rereading,lab,undergraduate,high,late,west,0
p_009622,retrieval_practice,lab,community,low,early,west,0
p_009623,retrieval_practice,lab,undergraduate,high,late,west,1
p_009624,retrieval_practice,lab,community,low,early,west,1
p_009625,retrieval_practice,remote,community,high,early,east,0
p_009626,retrieval_practice,lab,undergraduate,high,late,west,0
p_009627,retrieval_practice,lab,undergraduate,low,late,east,0
p_009628,rereading,lab,community,high,early,east,0
p_009629,retrieval_practice,lab,undergraduate,high,early,east,1
p_009630,retrieval_practice,remote,undergraduate,high,early,east,0
p_009631,rereading,lab,undergraduate,high,early,west,0
p_009632,retrieval_practice,remote,undergraduate,high,early,west,1
p_009633,retrieval_practice,lab,undergraduate,low,early,west,1
p_009634,rereading,lab,undergraduate,low,early,west,0
p_009635,rereading,lab,community,low,late,east,1
p_009636,rereading,remote,undergraduate,low,late,east,1
p_009637,retrieval_practice,lab,undergraduate,low,late,west,0
p_009638,retrieval_practice,lab,undergraduate,low,late,west,1
p_009639,retrieval_practice,remote,undergraduate,low,late,east,1
p_009640,retrieval_practice,lab,community,low,early,west,0
p_009641,rereading,lab,undergraduate,high,early,east,1
p_009642,rereading,lab,undergraduate,high,late,east,1
p_009643,rereading,remote,undergraduate,high,late,west,1
p_009644,retrieval_practice,lab,undergraduate,high,early,east,1
p_009645,rereading,lab,undergraduate,low,late,east,1
p_009646,rereading,lab,undergraduate,high,early,west,1
p_009647,retrieval_practice,lab,undergraduate,high,early,east,1
p_009648,rereading,lab,undergraduate,low,early,east,1
p_009649,retrieval_practice,lab,undergraduate,low,early,west,0
p_009650,rereading,lab,undergraduate,low,early,east,1
p_009651,retrieval_practice,lab,undergraduate,high,late,east,1
p_009652,rereading,remote,undergraduate,high,late,west,1
p_009653,retrieval_practice,remote,community,high,early,west,1
p_009654,rereading,lab,undergraduate,low,late,west,0
p_009655,rereading,lab,undergraduate,low,early,west,1
p_009656,rereading,lab,undergraduate,low,early,west,0
p_009657,retrieval_practice,lab,community,high,late,east,0
p_009658,retrieval_practice,remote,community,low,early,east,1
p_009659,retrieval_practice,lab,undergraduate,low,early,west,0
p_009660,rereading,lab,undergraduate,low,late,east,0
p_009661,retrieval_practice,lab,undergraduate,high,early,east,1
p_009662,rereading,lab,undergraduate,high,early,west,1
p_009663,retrieval_practice,remote,undergraduate,low,late,west,1
p_009664,retrieval_practice,remote,community,low,late,west,0
p_009665,retrieval_practice,remote,undergraduate,high,late,east,1
p_009666,rereading,remote,community,high,early,west,0
p_009667,rereading,remote,undergraduate,low,late,east,0
p_009668,retrieval_practice,remote,undergraduate,high,early,west,1
p_009669,retrieval_practice,remote,undergraduate,low,early,west,1
p_009670,retrieval_practice,lab,undergraduate,high,late,west,0
p_009671,retrieval_practice,remote,undergraduate,high,late,east,1
p_009672,retrieval_practice,lab,community,high,late,west,0
p_009673,rereading,lab,community,high,late,west,1
p_009674,rereading,lab,community,high,early,east,0
p_009675,rereading,remote,undergraduate,high,late,west,1
p_009676,rereading,lab,community,high,late,west,1
p_009677,rereading,lab,undergraduate,high,late,east,1
p_009678,rereading,remote,undergraduate,high,early,east,1
p_009679,rereading,lab,community,low,late,west,0
p_009680,rereading,lab,community,low,early,east,1
p_009681,rereading,remote,community,low,late,east,1
p_009682,rereading,remote,community,high,late,west,0
p_009683,rereading,remote,community,high,late,west,1
p_009684,rereading,lab,community,high,late,west,0
p_009685,retrieval_practice,lab,undergraduate,low,late,west,0
p_009686,retrieval_practice,lab,community,high,late,west,0
p_009687,rereading,remote,undergraduate,low,late,east,0
p_009688,retrieval_practice,lab,undergraduate,high,early,east,0
p_009689,retrieval_practice,remote,community,high,early,west,1
p_009690,retrieval_practice,lab,community,high,early,west,1
p_009691,retrieval_practice,remote,undergraduate,low,early,west,0
p_009692,rereading,lab,community,low,late,east,0
p_009693,rereading,lab,undergraduate,low,early,west,0
p_009694,retrieval_practice,lab,community,low,late,west,1
p_009695,rereading,lab,undergraduate,high,late,east,1
p_009696,rereading,lab,undergraduate,high,early,west,0
p_009697,retrieval_practice,remote,undergraduate,high,late,east,1
p_009698,rereading,lab,undergraduate,low,early,west,1
p_009699,retrieval_practice,lab,undergraduate,high,early,west,0
p_009700,rereading,lab,community,high,early,east,1
p_009701,rereading,lab,undergraduate,low,late,east,1
p_009702,rereading,lab,undergraduate,high,early,west,1
p_009703,rereading,remote,undergraduate,high,late,west,1
p_009704,retrieval_practice,remote,undergraduate,high,early,east,0
p_009705,rereading,lab,undergraduate,high,late,west,1
p_009706,retrieval_practice,lab,community,low,early,east,0
p_009707,retrieval_practice,lab,undergraduate,high,late,east,1
p_009708,rereading,lab,undergraduate,high,early,east,1
p_009709,retrieval_practice,lab,undergraduate,high,late,east,1
p_009710,retrieval_practice,remote,community,high,late,west,1
p_009711,rereading,lab,community,high,late,east,1
p_009712,retrieval_practice,lab,undergraduate,low,late,east,0
p_009713,retrieval_practice,lab,undergraduate,low,late,east,0
p_009714,rereading,remote,undergraduate,low,early,west,1
p_009715,retrieval_practice,remote,undergraduate,low,early,east,0
p_009716,retrieval_practice,lab,undergraduate,low,early,west,0
p_009717,rereading,remote,undergraduate,high,late,east,1
p_009718,rereading,lab,community,high,early,east,0
p_009719,rereading,lab,undergraduate,low,early,east,1
p_009720,rereading,lab,undergraduate,low,early,east,1
p_009721,rereading,remote,community,low,late,west,1
p_009722,rereading,remote,community,high,late,east,0
p_009723,rereading,lab,undergraduate,high,early,east,0
p_009724,retrieval_practice,lab,undergraduate,low,early,west,1
p_009725,rereading,lab,undergraduate,high,early,east,1
p_009726,rereading,remote,community,low,late,west,0
p_009727,retrieval_practice,remote,community,high,early,west,1
p_009728,retrieval_practice,remote,undergraduate,low,late,west,0
p_009729,rereading,lab,community,low,early,west,0
p_009730,retrieval_practice,lab,undergraduate,high,early,west,0
p_009731,retrieval_practice,remote,undergraduate,low,late,east,1
p_009732,retrieval_practice,lab,community,low,late,east,0
p_009733,rereading,lab,undergraduate,high,early,east,1
p_009734,retrieval_practice,remote,undergraduate,low,early,east,1
p_009735,retrieval_practice,lab,community,high,early,east,0
p_009736,retrieval_practice,lab,community,low,late,east,1
p_009737,rereading,remote,community,low,late,west,0
p_009738,retrieval_practice,remote,undergraduate,high,early,west,1
p_009739,rereading,remote,undergraduate,low,late,east,1
p_009740,retrieval_practice,remote,undergraduate,low,early,east,0
p_009741,rereading,lab,undergraduate,low,late,west,1
p_009742,retrieval_practice,remote,undergraduate,high,early,west,1
p_009743,rereading,remote,undergraduate,low,early,east,1
p_009744,retrieval_practice,lab,undergraduate,low,early,east,0
p_009745,retrieval_practice,lab,undergraduate,high,late,west,0
p_009746,retrieval_practice,lab,undergraduate,high,early,west,0
p_009747,rereading,lab,undergraduate,low,early,west,1
p_009748,retrieval_practice,remote,undergraduate,low,early,east,1
p_009749,rereading,remote,undergraduate,high,early,west,1
p_009750,retrieval_practice,lab,undergraduate,high,late,east,1
p_009751,retrieval_practice,remote,undergraduate,low,late,east,1
p_009752,retrieval_practice,lab,undergraduate,high,late,east,1
p_009753,retrieval_practice,lab,undergraduate,high,early,west,0
p_009754,rereading,lab,undergraduate,high,late,west,0
p_009755,rereading,lab,undergraduate,high,early,east,0
p_009756,rereading,lab,undergraduate,low,early,west,1
p_009757,retrieval_practice,lab,community,high,late,west,1
p_009758,retrieval_practice,lab,undergraduate,low,late,east,0
p_009759,retrieval_practice,lab,undergraduate,low,early,east,1
p_009760,rereading,lab,community,low,late,west,1
p_009761,rereading,remote,undergraduate,low,early,east,1
p_009762,retrieval_practice,lab,undergraduate,low,late,east,0
p_009763,retrieval_practice,lab,community,high,late,east,0
p_009764,rereading,lab,community,high,late,west,0
p_009765,rereading,remote,community,high,late,west,0
p_009766,retrieval_practice,lab,undergraduate,high,early,west,1
p_009767,rereading,lab,community,low,early,east,1
p_009768,rereading,lab,undergraduate,high,early,east,0
p_009769,retrieval_practice,lab,undergraduate,low,late,west,1
p_009770,rereading,remote,undergraduate,low,late,east,0
p_009771,retrieval_practice,lab,undergraduate,low,late,east,0
p_009772,rereading,remote,undergraduate,high,early,east,0
p_009773,retrieval_practice,remote,community,high,late,west,1
p_009774,retrieval_practice,lab,community,low,late,east,1
p_009775,retrieval_practice,remote,undergraduate,high,late,east,1
p_009776,retrieval_practice,lab,community,low,late,east,1
p_009777,retrieval_practice,lab,community,low,late,east,0
p_009778,retrieval_practice,remote,undergraduate,high,late,west,1
p_009779,retrieval_practice,remote,undergraduate,high,late,west,1
p_009780,retrieval_practice,remote,undergraduate,low,late,east,0
p_009781,retrieval_practice,lab,community,low,late,west,1
p_009782,rereading,lab,undergraduate,low,late,east,1
p_009783,retrieval_practice,lab,undergraduate,high,late,west,1
p_009784,rereading,lab,undergraduate,high,late,east,0
p_009785,rereading,remote,undergraduate,high,early,east,0
p_009786,rereading,lab,community,high,late,west,1
p_009787,rereading,lab,community,low,early,west,1
p_009788,retrieval_practice,lab,undergraduate,low,late,west,1
p_009789,rereading,lab,undergraduate,high,late,east,0
p_009790,retrieval_practice,lab,undergraduate,low,early,west,1
p_009791,rereading,lab,undergraduate,low,late,east,0
p_009792,retrieval_practice,lab,community,low,late,east,0
p_009793,rereading,lab,undergraduate,high,early,east,1
p_009794,retrieval_practice,lab,undergraduate,low,late,east,0
p_009795,rereading,remote,community,high,early,west,0
p_009796,retrieval_practice,lab,undergraduate,low,early,east,0
p_009797,retrieval_practice,remote,undergraduate,high,early,east,0
p_009798,retrieval_practice,lab,community,low,late,west,1
p_009799,rereading,lab,undergraduate,high,early,east,1
p_009800,rereading,remote,undergraduate,high,early,west,1
p_009801,rereading,lab,community,high,early,west,0
p_009802,rereading,lab,undergraduate,high,late,west,1
p_009803,rereading,lab,undergraduate,low,early,west,1
p_009804,rereading,lab,undergraduate,low,early,west,1
p_009805,rereading,lab,undergraduate,high,late,west,0
p_009806,retrieval_practice,lab,community,high,early,east,1
p_009807,retrieval_practice,lab,community,low,late,east,1
p_009808,rereading,remote,undergraduate,low,early,east,1
p_009809,retrieval_practice,lab,undergraduate,low,early,east,1
p_009810,retrieval_practice,remote,community,low,early,east,0
p_009811,retrieval_practice,lab,undergraduate,low,late,west,1
p_009812,rereading,lab,undergraduate,high,early,east,1
p_009813,retrieval_practice,lab,undergraduate,high,late,west,1
p_009814,rereading,remote,undergraduate,high,late,east,0
p_009815,rereading,lab,undergraduate,low,early,east,0
p_009816,rereading,lab,community,low,late,east,1
p_009817,retrieval_practice,remote,undergraduate,low,late,west,0
p_009818,rereading,remote,community,low,early,east,0
p_009819,rereading,remote,undergraduate,high,late,east,1
p_009820,retrieval_practice,remote,undergraduate,high,early,east,1
p_009821,retrieval_practice,lab,community,high,late,west,1
p_009822,retrieval_practice,remote,undergraduate,low,late,west,1
p_009823,retrieval_practice,lab,undergraduate,high,early,west,0
p_009824,rereading,lab,undergraduate,high,late,west,0
p_009825,rereading,remote,community,high,late,east,0
p_009826,rereading,remote,undergraduate,high,late,west,1
p_009827,rereading,remote,undergraduate,low,late,east,1
p_009828,rereading,lab,undergraduate,low,early,west,1
p_009829,rereading,remote,undergraduate,high,late,west,1
p_009830,rereading,lab,undergraduate,low,late,east,1
p_009831,rereading,remote,undergraduate,high,early,east,0
p_009832,rereading,lab,community,low,late,west,1
p_009833,retrieval_practice,lab,community,high,early,east,0
p_009834,retrieval_practice,remote,community,low,early,west,0
p_009835,rereading,lab,undergraduate,low,early,east,0
p_009836,retrieval_practice,lab,undergraduate,high,early,east,0
p_009837,rereading,remote,community,low,early,west,1
p_009838,rereading,lab,undergraduate,high,late,east,1
p_009839,rereading,remote,community,low,late,west,0
p_009840,rereading,lab,undergraduate,high,late,east,0
p_009841,retrieval_practice,remote,undergraduate,low,late,west,0
p_009842,retrieval_practice,lab,undergraduate,low,early,west,1
p_009843,retrieval_practice,remote,undergraduate,low,early,west,0
p_009844,retrieval_practice,remote,undergraduate,low,late,east,0
p_009845,retrieval_practice,lab,undergraduate,high,early,west,1
p_009846,rereading,lab,community,low,early,east,0
p_009847,rereading,lab,community,low,early,west,1
p_009848,rereading,lab,undergraduate,high,early,east,0
p_009849,retrieval_practice,lab,community,high,early,west,1
p_009850,rereading,remote,undergraduate,low,late,west,1
p_009851,retrieval_practice,remote,undergraduate,low,late,east,0
p_009852,rereading,lab,community,low,early,west,1
p_009853,rereading,remote,community,low,late,east,0
p_009854,rereading,remote,undergraduate,low,late,west,1
p_009855,retrieval_practice,remote,undergraduate,low,early,west,0
p_009856,retrieval_practice,remote,community,high,late,west,1
p_009857,retrieval_practice,lab,community,high,early,west,0
p_009858,rereading,remote,community,high,early,west,0
p_009859,retrieval_practice,remote,community,high,early,east,1
p_009860,rereading,lab,undergraduate,high,early,east,1
p_009861,rereading,lab,community,high,late,west,1
p_009862,retrieval_practice,lab,community,low,early,west,1
p_009863,retrieval_practice,lab,undergraduate,low,late,west,1
p_009864,rereading,remote,undergraduate,low,late,west,1
p_009865,rereading,lab,undergraduate,low,late,east,1
p_009866,rereading,lab,undergraduate,low,early,west,0
p_009867,rereading,remote,undergraduate,high,late,west,0
p_009868,retrieval_practice,lab,undergraduate,low,early,east,1
p_009869,rereading,remote,community,high,early,west,1
p_009870,retrieval_practice,lab,community,high,early,west,0
p_009871,retrieval_practice,remote,undergraduate,low,late,east,1
p_009872,retrieval_practice,lab,undergraduate,high,early,west,0
p_009873,rereading,lab,community,high,early,west,1
p_009874,retrieval_practice,lab,community,low,late,west,0
p_009875,retrieval_practice,lab,community,low,late,east,1
p_009876,retrieval_practice,lab,undergraduate,high,late,west,1
p_009877,retrieval_practice,lab,undergraduate,low,early,east,0
p_009878,rereading,lab,undergraduate,high,early,west,1
p_009879,rereading,lab,undergraduate,low,early,east,1
p_009880,retrieval_practice,remote,community,low,early,west,1
p_009881,retrieval_practice,lab,undergraduate,high,late,east,0
p_009882,rereading,remote,undergraduate,low,late,east,0
p_009883,retrieval_practice,remote,community,high,early,west,1
p_009884,rereading,remote,community,low,late,east,0
p_009885,rereading,lab,undergraduate,low,late,west,0
p_009886,rereading,lab,community,high,early,west,0
p_009887,retrieval_practice,lab,community,low,late,west,1
p_009888,retrieval_practice,lab,undergraduate,low,early,west,0
p_009889,rereading,lab,community,high,early,west,1
p_009890,rereading,lab,undergraduate,high,early,west,0
p_009891,rereading,lab,community,low,late,west,0
p_009892,retrieval_practice,lab,community,low,early,east,1
p_009893,retrieval_practice,lab,community,low,early,east,0
p_009894,rereading,lab,undergraduate,low,early,east,1
p_009895,rereading,remote,undergraduate,high,late,west,1
p_009896,retrieval_practice,remote,undergraduate,high,late,west,1
p_009897,retrieval_practice,remote,undergraduate,high,early,east,0
p_009898,rereading,lab,undergraduate,low,late,west,1
p_009899,retrieval_practice,lab,undergraduate,low,late,west,1
p_009900,rereading,remote,community,high,early,east,0
p_009901,retrieval_practice,lab,community,high,late,east,1
p_009902,retrieval_practice,lab,undergraduate,high,early,east,1
p_009903,retrieval_practice,lab,undergraduate,low,late,west,1
p_009904,retrieval_practice,lab,community,high,early,west,0
p_009905,rereading,lab,community,low,early,east,0
p_009906,retrieval_practice,remote,undergraduate,high,early,west,0
p_009907,retrieval_practice,lab,undergraduate,high,early,west,1
p_009908,rereading,lab,community,high,late,east,1
p_009909,rereading,lab,undergraduate,low,late,west,0
p_009910,retrieval_practice,lab,undergraduate,high,late,west,0
p_009911,retrieval_practice,lab,community,low,early,east,1
p_009912,retrieval_practice,remote,community,high,early,east,1
p_009913,rereading,remote,community,high,early,west,0
p_009914,retrieval_practice,remote,community,low,late,west,1
p_009915,retrieval_practice,remote,community,low,early,west,1
p_009916,retrieval_practice,remote,undergraduate,high,early,west,0
p_009917,retrieval_practice,lab,community,low,late,east,1
p_009918,rereading,lab,undergraduate,high,late,west,1
p_009919,retrieval_practice,lab,community,high,early,east,0
p_009920,retrieval_practice,lab,community,high,late,east,1
p_009921,retrieval_practice,lab,undergraduate,high,early,east,0
p_009922,rereading,remote,community,high,early,west,1
p_009923,rereading,remote,undergraduate,high,early,west,0
p_009924,rereading,lab,undergraduate,high,late,west,1
p_009925,retrieval_practice,lab,community,low,early,west,1
p_009926,retrieval_practice,remote,undergraduate,low,early,west,1
p_009927,retrieval_practice,remote,community,high,late,east,0
p_009928,rereading,remote,undergraduate,high,late,east,0
p_009929,rereading,lab,undergraduate,high,early,east,1
p_009930,rereading,remote,undergraduate,low,late,east,1
p_009931,retrieval_practice,lab,community,low,early,east,0
p_009932,retrieval_practice,lab,undergraduate,high,late,east,0
p_009933,retrieval_practice,lab,community,low,early,west,0
p_009934,retrieval_practice,lab,community,high,late,west,1
p_009935,rereading,remote,community,high,late,east,0
p_009936,retrieval_practice,remote,undergraduate,low,early,west,0
p_009937,retrieval_practice,lab,community,low,late,east,0
p_009938,retrieval_practice,remote,undergraduate,low,late,east,1
p_009939,retrieval_practice,remote,community,low,early,west,0
p_009940,rereading,remote,undergraduate,low,early,east,0
p_009941,retrieval_practice,lab,undergraduate,low,early,west,0
p_009942,retrieval_practice,remote,undergraduate,low,late,west,0
p_009943,retrieval_practice,remote,undergraduate,low,early,east,0
p_009944,rereading,lab,undergraduate,high,early,east,0
p_009945,rereading,lab,undergraduate,high,early,east,0
p_009946,rereading,remote,community,high,early,east,1
p_009947,rereading,remote,undergraduate,low,early,east,0
p_009948,rereading,lab,community,low,late,west,0
p_009949,retrieval_practice,remote,community,low,late,west,0
p_009950,rereading,remote,community,low,late,west,0
p_009951,rereading,lab,undergraduate,high,late,west,0
p_009952,retrieval_practice,remote,undergraduate,low,late,west,1
p_009953,retrieval_practice,remote,undergraduate,high,early,west,0
p_009954,rereading,lab,undergraduate,low,early,east,1
p_009955,retrieval_practice,remote,community,high,early,east,1
p_009956,retrieval_practice,lab,undergraduate,low,late,west,1
p_009957,retrieval_practice,lab,undergraduate,high,late,west,1
p_009958,rereading,remote,undergraduate,low,early,west,0
p_009959,rereading,lab,community,low,late,east,1
p_009960,rereading,remote,community,high,early,east,1
p_009961,rereading,lab,undergraduate,high,late,east,0
p_009962,retrieval_practice,remote,community,low,late,west,1
p_009963,rereading,lab,undergraduate,high,early,west,1
p_009964,rereading,remote,undergraduate,low,early,east,0
p_009965,rereading,lab,community,high,late,west,0
p_009966,retrieval_practice,remote,undergraduate,high,late,east,1
p_009967,retrieval_practice,lab,undergraduate,high,late,west,1
p_009968,rereading,lab,community,low,early,west,1
p_009969,retrieval_practice,remote,undergraduate,low,late,west,0
p_009970,retrieval_practice,remote,community,low,early,east,1
p_009971,rereading,remote,undergraduate,low,early,east,1
p_009972,retrieval_practice,lab,undergraduate,low,early,east,1
p_009973,rereading,lab,undergraduate,high,late,east,0
p_009974,rereading,lab,undergraduate,high,late,east,1
p_009975,rereading,remote,community,high,early,west,0
p_009976,retrieval_practice,remote,community,high,late,west,1
p_009977,retrieval_practice,remote,undergraduate,low,early,east,1
p_009978,rereading,lab,undergraduate,low,early,west,0
p_009979,retrieval_practice,remote,undergraduate,low,early,east,0
p_009980,rereading,remote,community,low,late,east,0
p_009981,rereading,lab,undergraduate,low,early,east,0
p_009982,rereading,lab,undergraduate,low,late,west,0
p_009983,rereading,lab,community,low,late,east,0
p_009984,retrieval_practice,lab,undergraduate,low,late,east,0
p_009985,rereading,lab,community,low,late,west,0
p_009986,retrieval_practice,lab,undergraduate,low,early,west,1
p_009987,rereading,lab,undergraduate,high,late,east,0
p_009988,retrieval_practice,lab,community,low,late,east,1
p_009989,rereading,remote,community,high,early,west,0
p_009990,retrieval_practice,lab,undergraduate,low,late,west,1
p_009991,rereading,lab,undergraduate,high,early,west,1
p_009992,rereading,lab,community,high,late,west,0
p_009993,retrieval_practice,remote,community,low,late,west,1
p_009994,rereading,remote,community,high,late,east,1
p_009995,retrieval_practice,remote,community,low,early,west,1
p_009996,retrieval_practice,lab,community,high,early,west,0
p_009997,retrieval_practice,remote,community,low,late,west,0
p_009998,retrieval_practice,remote,community,high,early,west,0
p_009999,rereading,lab,undergraduate,high,late,west,0
p_010000,retrieval_practice,lab,community,high,early,east,1
p_010001,retrieval_practice,lab,community,high,late,east,1
p_010002,retrieval_practice,lab,undergraduate,high,late,west,0
p_010003,rereading,lab,undergraduate,low,early,east,0
p_010004,rereading,lab,undergraduate,high,late,east,0
p_010005,rereading,lab,undergraduate,high,early,west,0
p_010006,retrieval_practice,remote,undergraduate,low,early,east,0
p_010007,rereading,remote,community,low,early,west,1
p_010008,rereading,lab,undergraduate,high,late,west,1
p_010009,retrieval_practice,lab,community,high,early,west,0
p_010010,rereading,lab,undergraduate,low,early,west,0
p_010011,rereading,remote,community,low,early,west,0
p_010012,retrieval_practice,lab,undergraduate,high,early,east,0
p_010013,retrieval_practice,lab,undergraduate,high,early,east,1
p_010014,rereading,lab,undergraduate,high,late,east,1
p_010015,rereading,remote,community,low,early,west,1
p_010016,retrieval_practice,lab,undergraduate,high,late,west,0
p_010017,retrieval_practice,lab,community,low,late,east,0
p_010018,rereading,remote,undergraduate,low,late,east,0
p_010019,retrieval_practice,remote,undergraduate,low,early,west,0
p_010020,rereading,lab,undergraduate,high,late,east,0
p_010021,retrieval_practice,lab,community,high,late,west,1
p_010022,retrieval_practice,lab,undergraduate,low,early,west,0
p_010023,rereading,lab,undergraduate,low,late,west,1
p_010024,rereading,lab,community,high,late,west,1
p_010025,retrieval_practice,remote,community,low,early,east,1
p_010026,retrieval_practice,remote,community,high,late,west,0
p_010027,retrieval_practice,remote,undergraduate,low,late,west,0
p_010028,rereading,lab,community,high,early,west,0
p_010029,retrieval_practice,lab,undergraduate,low,late,east,0
p_010030,rereading,lab,undergraduate,low,early,west,1
p_010031,retrieval_practice,lab,community,high,early,east,0
p_010032,retrieval_practice,remote,undergraduate,high,early,west,1
p_010033,retrieval_practice,lab,community,high,early,east,1
p_010034,retrieval_practice,lab,community,low,late,east,0
p_010035,retrieval_practice,lab,undergraduate,high,late,east,1
p_010036,retrieval_practice,remote,community,high,early,east,0
p_010037,rereading,remote,community,low,early,west,1
p_010038,rereading,remote,community,high,early,west,0
p_010039,rereading,remote,undergraduate,high,late,west,1
p_010040,retrieval_practice,lab,community,high,early,east,1
p_010041,rereading,lab,undergraduate,high,late,east,1
p_010042,retrieval_practice,remote,community,low,early,east,1
p_010043,rereading,lab,community,high,late,west,1
p_010044,retrieval_practice,remote,undergraduate,low,late,west,1
p_010045,retrieval_practice,lab,undergraduate,low,late,east,1
p_010046,retrieval_practice,lab,community,high,early,east,1
p_010047,rereading,lab,community,low,early,west,0
p_010048,rereading,lab,undergraduate,low,late,east,0
p_010049,retrieval_practice,lab,community,high,late,west,0
p_010050,rereading,lab,undergraduate,low,early,east,1
p_010051,rereading,lab,undergraduate,high,early,west,1
p_010052,rereading,lab,undergraduate,high,late,east,0
p_010053,retrieval_practice,lab,community,low,late,east,1
p_010054,rereading,lab,community,low,early,west,0
p_010055,retrieval_practice,remote,undergraduate,low,early,west,0
p_010056,retrieval_practice,remote,undergraduate,high,early,east,0
p_010057,rereading,lab,undergraduate,low,late,east,1
p_010058,rereading,lab,community,high,late,east,1
p_010059,rereading,lab,community,high,late,east,0
p_010060,rereading,lab,community,high,late,east,1
p_010061,retrieval_practice,lab,community,high,late,east,0
p_010062,retrieval_practice,lab,undergraduate,low,late,west,0
p_010063,rereading,lab,undergraduate,high,early,west,0
p_010064,retrieval_practice,lab,community,high,early,east,1
p_010065,rereading,remote,undergraduate,high,early,west,0
p_010066,retrieval_practice,lab,community,high,early,east,1
p_010067,rereading,remote,community,low,early,east,0
p_010068,rereading,remote,undergraduate,low,late,west,1
p_010069,rereading,remote,undergraduate,high,early,east,1
p_010070,retrieval_practice,lab,undergraduate,high,late,east,0
p_010071,retrieval_practice,lab,undergraduate,low,late,east,0
p_010072,retrieval_practice,lab,community,low,early,west,1
p_010073,rereading,remote,community,high,late,west,1
p_010074,rereading,lab,undergraduate,low,early,east,0
p_010075,retrieval_practice,remote,community,low,late,east,0
p_010076,retrieval_practice,lab,community,low,late,west,0
p_010077,rereading,lab,undergraduate,high,early,west,1
p_010078,rereading,lab,undergraduate,high,late,west,0
p_010079,rereading,lab,community,low,early,east,1
p_010080,retrieval_practice,lab,community,high,early,east,0
p_010081,rereading,lab,community,high,late,east,1
p_010082,retrieval_practice,remote,undergraduate,high,early,east,1
p_010083,rereading,lab,undergraduate,low,late,east,1
p_010084,retrieval_practice,lab,undergraduate,high,early,east,1
p_010085,rereading,lab,community,high,early,east,0
p_010086,retrieval_practice,remote,community,low,early,west,0
p_010087,retrieval_practice,lab,undergraduate,low,early,east,0
p_010088,rereading,remote,community,low,late,west,1
p_010089,rereading,remote,community,high,late,west,1
p_010090,rereading,remote,community,high,late,west,1
p_010091,retrieval_practice,remote,undergraduate,low,late,west,1
p_010092,retrieval_practice,lab,undergraduate,low,late,east,0
p_010093,rereading,lab,undergraduate,high,late,east,1
p_010094,rereading,lab,community,low,late,west,0
p_010095,retrieval_practice,lab,undergraduate,high,early,west,1
p_010096,rereading,remote,community,low,early,west,1
p_010097,rereading,remote,undergraduate,high,early,east,0
p_010098,retrieval_practice,remote,undergraduate,low,early,west,0
p_010099,rereading,remote,undergraduate,low,late,west,0
p_010100,retrieval_practice,remote,community,high,early,east,1
p_010101,retrieval_practice,lab,undergraduate,low,early,west,0
p_010102,rereading,lab,community,high,early,east,1
p_010103,rereading,lab,undergraduate,low,late,west,0
p_010104,rereading,remote,community,low,early,east,1
p_010105,retrieval_practice,lab,community,low,late,east,0
p_010106,retrieval_practice,remote,undergraduate,low,early,east,0
p_010107,retrieval_practice,remote,undergraduate,low,early,east,1
p_010108,rereading,lab,undergraduate,high,early,west,0
p_010109,rereading,lab,undergraduate,low,late,east,1
p_010110,retrieval_practice,remote,undergraduate,high,late,east,1
p_010111,retrieval_practice,remote,community,low,early,east,0
p_010112,retrieval_practice,remote,undergraduate,low,late,west,0
p_010113,rereading,lab,community,low,early,west,0
p_010114,rereading,lab,undergraduate,low,early,east,1
p_010115,rereading,remote,undergraduate,high,early,west,1
p_010116,rereading,lab,community,low,early,west,1
p_010117,rereading,remote,community,high,late,west,1
p_010118,retrieval_practice,lab,undergraduate,low,late,west,0
p_010119,retrieval_practice,remote,undergraduate,high,late,west,0
p_010120,rereading,lab,community,low,early,west,1
p_010121,retrieval_practice,lab,community,high,late,east,0
p_010122,retrieval_practice,lab,undergraduate,low,late,east,0
p_010123,retrieval_practice,lab,community,high,late,east,1
p_010124,rereading,lab,undergraduate,high,early,west,1
p_010125,rereading,lab,community,high,late,east,0
p_010126,rereading,lab,community,low,late,west,0
p_010127,retrieval_practice,remote,community,low,early,west,1
p_010128,retrieval_practice,lab,community,low,late,east,1
p_010129,rereading,lab,community,high,late,west,0
p_010130,retrieval_practice,remote,undergraduate,low,early,east,1
p_010131,rereading,remote,undergraduate,low,late,west,1
p_010132,retrieval_practice,lab,community,low,early,west,1
p_010133,rereading,lab,community,low,late,west,1
p_010134,retrieval_practice,lab,community,high,late,west,1
p_010135,retrieval_practice,remote,community,low,early,east,0
p_010136,rereading,remote,undergraduate,low,early,east,1
p_010137,rereading,lab,undergraduate,low,late,west,0
p_010138,rereading,lab,undergraduate,low,early,west,0
p_010139,rereading,lab,community,high,early,east,1
p_010140,rereading,remote,undergraduate,high,late,east,1
p_010141,retrieval_practice,lab,community,low,late,west,1
p_010142,retrieval_practice,lab,community,high,early,east,1
p_010143,rereading,lab,community,high,early,east,0
p_010144,rereading,remote,undergraduate,low,early,west,1
p_010145,rereading,lab,community,low,early,east,0
p_010146,retrieval_practice,lab,community,low,early,west,1
p_010147,rereading,remote,undergraduate,high,late,west,0
p_010148,retrieval_practice,lab,community,high,late,west,1
p_010149,retrieval_practice,remote,community,high,early,west,1
p_010150,rereading,lab,community,high,late,east,0
p_010151,rereading,lab,community,high,late,west,0
p_010152,retrieval_practice,lab,undergraduate,high,early,east,0
p_010153,retrieval_practice,lab,community,low,early,west,0
p_010154,rereading,lab,community,low,early,west,0
p_010155,retrieval_practice,lab,community,high,early,east,1
p_010156,retrieval_practice,lab,undergraduate,low,late,east,1
p_010157,rereading,lab,community,low,late,east,1
p_010158,rereading,remote,community,high,early,east,1
p_010159,rereading,remote,undergraduate,low,early,west,1
p_010160,retrieval_practice,remote,undergraduate,low,early,west,1
p_010161,retrieval_practice,remote,undergraduate,high,late,east,1
p_010162,rereading,lab,undergraduate,low,early,east,0
p_010163,retrieval_practice,lab,undergraduate,high,early,west,1
p_010164,rereading,lab,undergraduate,high,early,west,1
p_010165,retrieval_practice,remote,undergraduate,low,early,east,0
p_010166,rereading,remote,undergraduate,high,late,west,0
p_010167,retrieval_practice,lab,undergraduate,low,late,east,0
p_010168,retrieval_practice,remote,undergraduate,high,early,east,1
p_010169,rereading,remote,undergraduate,high,early,west,0
p_010170,retrieval_practice,remote,undergraduate,low,late,west,0
p_010171,rereading,lab,undergraduate,low,early,west,0
p_010172,retrieval_practice,lab,undergraduate,low,early,east,1
p_010173,rereading,lab,undergraduate,low,late,east,1
p_010174,rereading,lab,undergraduate,low,early,east,1
p_010175,retrieval_practice,lab,undergraduate,high,early,east,1
p_010176,retrieval_practice,lab,community,high,early,west,1
p_010177,rereading,lab,undergraduate,low,early,west,1
p_010178,retrieval_practice,lab,undergraduate,high,early,east,0
p_010179,rereading,remote,undergraduate,low,early,west,0
p_010180,retrieval_practice,remote,undergraduate,low,late,east,1
p_010181,retrieval_practice,lab,community,low,late,east,0
p_010182,rereading,lab,undergraduate,high,late,west,0
p_010183,retrieval_practice,remote,undergraduate,low,early,west,0
p_010184,rereading,lab,undergraduate,high,early,west,0
p_010185,rereading,remote,community,high,late,west,0
p_010186,rereading,lab,undergraduate,high,early,west,1
p_010187,retrieval_practice,remote,undergraduate,high,late,west,0
p_010188,retrieval_practice,remote,undergraduate,low,late,east,0
p_010189,rereading,remote,community,low,late,east,0
p_010190,retrieval_practice,lab,community,high,early,west,1
p_010191,rereading,lab,undergraduate,high,early,west,0
p_010192,rereading,remote,undergraduate,high,late,east,1
p_010193,rereading,lab,community,high,early,west,0
p_010194,rereading,lab,undergraduate,high,late,west,0
p_010195,retrieval_practice,remote,undergraduate,low,late,east,0
p_010196,retrieval_practice,remote,community,low,late,west,0
p_010197,rereading,lab,undergraduate,high,early,east,0
p_010198,rereading,remote,undergraduate,low,early,west,1
p_010199,retrieval_practice,remote,community,high,late,west,1
p_010200,rereading,remote,undergraduate,low,early,west,1
p_010201,retrieval_practice,remote,community,low,late,east,0
p_010202,retrieval_practice,remote,community,low,late,west,1
p_010203,retrieval_practice,lab,community,high,early,west,1
p_010204,rereading,lab,undergraduate,low,early,west,1
p_010205,retrieval_practice,lab,undergraduate,low,early,east,0
p_010206,retrieval_practice,remote,community,low,late,east,0
p_010207,retrieval_practice,remote,community,high,late,east,0
p_010208,rereading,remote,community,high,early,east,1
p_010209,rereading,lab,undergraduate,high,late,west,1
p_010210,rereading,lab,undergraduate,high,early,east,1
p_010211,retrieval_practice,lab,community,low,early,east,1
p_010212,retrieval_practice,remote,undergraduate,low,late,west,1
p_010213,rereading,lab,community,high,late,west,0
p_010214,retrieval_practice,remote,undergraduate,low,late,east,0
p_010215,retrieval_practice,remote,undergraduate,low,late,west,0
p_010216,retrieval_practice,lab,undergraduate,low,early,east,1
p_010217,rereading,lab,community,low,late,east,0
p_010218,rereading,remote,undergraduate,low,late,east,0
p_010219,retrieval_practice,remote,community,high,early,west,1
p_010220,retrieval_practice,lab,community,high,late,east,1
p_010221,rereading,lab,undergraduate,high,late,east,1
p_010222,rereading,lab,undergraduate,high,early,west,1
p_010223,retrieval_practice,lab,community,high,early,west,1
p_010224,rereading,lab,undergraduate,high,early,east,1
p_010225,rereading,remote,undergraduate,high,early,west,0
p_010226,rereading,lab,community,low,late,east,0
p_010227,retrieval_practice,lab,community,low,late,west,1
p_010228,retrieval_practice,lab,undergraduate,high,late,east,0
p_010229,retrieval_practice,lab,undergraduate,low,early,east,0
p_010230,retrieval_practice,remote,community,high,early,east,0
p_010231,rereading,lab,undergraduate,low,early,west,0
p_010232,retrieval_practice,lab,undergraduate,high,late,west,0
p_010233,rereading,remote,undergraduate,high,late,east,0
p_010234,retrieval_practice,remote,community,high,late,east,1
p_010235,retrieval_practice,lab,undergraduate,high,late,west,1
p_010236,retrieval_practice,lab,undergraduate,low,early,west,1
p_010237,retrieval_practice,lab,undergraduate,high,early,east,1
p_010238,retrieval_practice,remote,undergraduate,high,late,west,0
p_010239,rereading,lab,community,low,late,west,0
p_010240,rereading,lab,undergraduate,high,late,west,0
p_010241,retrieval_practice,lab,community,high,late,east,0
p_010242,rereading,lab,undergraduate,low,late,west,1
p_010243,retrieval_practice,lab,community,high,late,east,1
p_010244,retrieval_practice,lab,undergraduate,high,early,east,0
p_010245,retrieval_practice,lab,undergraduate,high,late,east,1
p_010246,rereading,remote,community,high,late,east,1
p_010247,rereading,lab,undergraduate,high,late,east,1
p_010248,rereading,lab,community,low,late,east,1
p_010249,retrieval_practice,remote,undergraduate,high,late,west,0
p_010250,retrieval_practice,lab,community,high,early,west,1
p_010251,retrieval_practice,lab,community,low,late,east,0
p_010252,rereading,remote,community,high,late,west,0
p_010253,rereading,lab,undergraduate,low,early,east,1
p_010254,retrieval_practice,remote,undergraduate,low,late,west,0
p_010255,retrieval_practice,lab,undergraduate,high,early,east,1
p_010256,rereading,remote,undergraduate,low,late,west,0
p_010257,rereading,remote,undergraduate,high,early,east,0
p_010258,retrieval_practice,lab,community,low,late,west,1
p_010259,retrieval_practice,remote,community,low,late,east,0
p_010260,retrieval_practice,remote,undergraduate,high,late,east,1
p_010261,rereading,remote,community,high,early,east,1
p_010262,retrieval_practice,lab,undergraduate,high,early,west,1
p_010263,rereading,lab,undergraduate,high,early,west,1
p_010264,rereading,lab,undergraduate,high,late,east,1
p_010265,retrieval_practice,remote,community,low,early,west,0
p_010266,retrieval_practice,lab,undergraduate,high,early,west,1
p_010267,rereading,lab,undergraduate,high,late,east,0
p_010268,retrieval_practice,lab,community,low,early,east,0
p_010269,retrieval_practice,lab,undergraduate,high,early,east,1
p_010270,rereading,lab,undergraduate,high,early,west,1
p_010271,retrieval_practice,lab,undergraduate,high,late,east,0
p_010272,retrieval_practice,remote,undergraduate,low,late,east,1
p_010273,rereading,remote,undergraduate,low,late,east,0
p_010274,rereading,lab,undergraduate,low,early,west,1
p_010275,retrieval_practice,remote,undergraduate,high,early,west,1
p_010276,rereading,remote,undergraduate,low,late,west,1
p_010277,retrieval_practice,remote,undergraduate,low,early,east,1
p_010278,retrieval_practice,remote,community,low,late,east,0
p_010279,rereading,lab,undergraduate,high,late,west,1
p_010280,retrieval_practice,remote,undergraduate,high,early,east,1
p_010281,rereading,remote,community,low,late,east,0
p_010282,retrieval_practice,lab,community,high,early,east,0
p_010283,retrieval_practice,lab,undergraduate,high,late,east,0
p_010284,retrieval_practice,lab,community,high,early,east,0
p_010285,retrieval_practice,lab,community,high,late,west,1
p_010286,rereading,lab,community,high,early,west,0
p_010287,rereading,remote,undergraduate,high,late,east,1
p_010288,rereading,remote,undergraduate,low,late,west,0
p_010289,retrieval_practice,lab,undergraduate,high,early,west,1
p_010290,retrieval_practice,remote,undergraduate,high,early,west,0
p_010291,retrieval_practice,remote,undergraduate,high,early,east,0
p_010292,rereading,lab,community,low,late,west,0
p_010293,retrieval_practice,remote,community,high,late,east,1
p_010294,retrieval_practice,lab,undergraduate,high,early,west,0
p_010295,rereading,lab,undergraduate,high,late,east,0
p_010296,rereading,lab,community,low,early,west,0
p_010297,rereading,remote,undergraduate,high,early,west,0
p_010298,retrieval_practice,remote,undergraduate,high,early,east,1
p_010299,retrieval_practice,lab,community,low,early,east,0
p_010300,rereading,lab,undergraduate,high,late,east,1
p_010301,retrieval_practice,lab,community,high,late,west,1
p_010302,rereading,remote,community,low,late,east,0
p_010303,rereading,remote,undergraduate,low,early,west,0
p_010304,rereading,lab,undergraduate,high,late,east,0
p_010305,rereading,lab,undergraduate,high,late,east,0
p_010306,rereading,remote,community,high,late,west,0
p_010307,retrieval_practice,remote,undergraduate,low,early,east,1
p_010308,rereading,remote,undergraduate,high,early,east,1
p_010309,rereading,remote,community,low,late,east,1
p_010310,retrieval_practice,remote,undergraduate,high,early,west,0
p_010311,rereading,remote,community,high,late,west,1
p_010312,rereading,lab,undergraduate,high,early,east,1
p_010313,rereading,lab,undergraduate,high,early,east,0
p_010314,retrieval_practice,lab,community,low,early,east,1
p_010315,retrieval_practice,remote,undergraduate,high,late,east,1
p_010316,retrieval_practice,lab,undergraduate,low,early,west,0
p_010317,rereading,lab,undergraduate,high,early,east,0
p_010318,retrieval_practice,lab,undergraduate,high,early,east,1
p_010319,rereading,remote,undergraduate,low,late,west,0
p_010320,retrieval_practice,remote,community,high,early,east,0
p_010321,rereading,lab,community,low,late,east,0
p_010322,rereading,lab,undergraduate,high,late,east,1
p_010323,rereading,remote,community,low,late,east,1
p_010324,retrieval_practice,remote,community,high,early,west,1
p_010325,retrieval_practice,lab,undergraduate,low,late,east,0
p_010326,rereading,lab,undergraduate,high,early,east,0
p_010327,retrieval_practice,lab,undergraduate,high,early,east,1
p_010328,retrieval_practice,remote,undergraduate,high,late,west,1
p_010329,rereading,remote,undergraduate,low,late,east,1
p_010330,rereading,lab,undergraduate,high,early,west,1
p_010331,rereading,remote,community,high,early,east,0
p_010332,retrieval_practice,lab,community,high,early,west,1
p_010333,retrieval_practice,lab,community,high,early,west,1
p_010334,retrieval_practice,lab,community,low,late,west,0
p_010335,retrieval_practice,remote,undergraduate,high,late,west,0
p_010336,rereading,lab,undergraduate,low,late,west,0
p_010337,retrieval_practice,lab,undergraduate,high,late,east,1
p_010338,retrieval_practice,lab,undergraduate,low,late,west,1
p_010339,retrieval_practice,remote,community,high,early,west,0
p_010340,retrieval_practice,lab,undergraduate,high,late,west,1
p_010341,retrieval_practice,lab,undergraduate,low,early,east,1
p_010342,retrieval_practice,remote,undergraduate,high,early,west,0
p_010343,retrieval_practice,lab,undergraduate,high,late,west,0
p_010344,rereading,lab,undergraduate,high,late,east,0
p_010345,rereading,remote,undergraduate,low,early,west,0
p_010346,retrieval_practice,remote,undergraduate,low,early,west,0
p_010347,retrieval_practice,lab,community,low,early,east,1
p_010348,rereading,remote,community,high,late,east,0
p_010349,retrieval_practice,lab,undergraduate,high,early,west,1
p_010350,rereading,remote,undergraduate,low,late,east,1
p_010351,rereading,remote,undergraduate,high,early,east,0
p_010352,rereading,lab,community,high,late,west,0
p_010353,rereading,lab,community,high,early,west,0
p_010354,rereading,remote,undergraduate,high,early,west,1
p_010355,retrieval_practice,lab,undergraduate,high,early,east,1
p_010356,retrieval_practice,lab,undergraduate,high,late,west,0
p_010357,rereading,lab,undergraduate,high,early,west,0
p_010358,rereading,lab,undergraduate,high,late,east,0
p_010359,retrieval_practice,remote,undergraduate,high,early,west,0
p_010360,rereading,remote,community,high,late,east,0
p_010361,rereading,lab,community,low,late,east,0
p_010362,retrieval_practice,lab,community,low,late,west,0
p_010363,retrieval_practice,lab,community,low,late,west,0
p_010364,retrieval_practice,remote,community,low,late,west,1
p_010365,retrieval_practice,lab,community,high,late,east,0
p_010366,retrieval_practice,lab,undergraduate,high,early,west,0
p_010367,rereading,remote,undergraduate,high,early,west,1
p_010368,rereading,remote,community,low,early,west,1
p_010369,rereading,lab,undergraduate,high,late,east,0
p_010370,rereading,lab,undergraduate,low,late,east,1
p_010371,rereading,remote,undergraduate,high,late,east,1
p_010372,rereading,lab,undergraduate,high,early,east,0
p_010373,retrieval_practice,lab,undergraduate,low,late,east,0
p_010374,rereading,remote,undergraduate,high,late,west,1
p_010375,retrieval_practice,remote,undergraduate,low,late,west,1
p_010376,rereading,lab,undergraduate,low,late,east,0
p_010377,rereading,lab,undergraduate,high,late,east,0
p_010378,rereading,lab,undergraduate,high,early,west,1
p_010379,retrieval_practice,lab,undergraduate,high,early,west,0
p_010380,retrieval_practice,lab,undergraduate,high,early,east,1
p_010381,retrieval_practice,remote,undergraduate,high,late,east,1
p_010382,rereading,lab,community,high,late,east,0
p_010383,retrieval_practice,remote,community,high,late,west,1
p_010384,rereading,lab,undergraduate,low,late,east,0
p_010385,retrieval_practice,remote,undergraduate,high,early,east,1
p_010386,rereading,remote,community,high,late,east,0
p_010387,rereading,lab,community,high,late,east,1
p_010388,retrieval_practice,remote,community,high,late,west,0
p_010389,rereading,remote,undergraduate,high,late,east,1
p_010390,retrieval_practice,remote,undergraduate,low,early,west,1
p_010391,rereading,remote,undergraduate,low,late,east,1
p_010392,retrieval_practice,remote,undergraduate,high,late,west,0
p_010393,retrieval_practice,lab,community,high,early,west,0
p_010394,rereading,remote,undergraduate,high,late,east,0
p_010395,retrieval_practice,lab,undergraduate,low,early,east,1
p_010396,rereading,remote,undergraduate,low,early,east,1
p_010397,rereading,remote,community,low,early,east,0
p_010398,rereading,lab,community,low,early,west,1
p_010399,retrieval_practice,remote,undergraduate,high,early,east,0
p_010400,rereading,remote,undergraduate,high,early,west,0
p_010401,retrieval_practice,lab,community,high,early,east,0
p_010402,retrieval_practice,lab,undergraduate,low,early,west,1
p_010403,rereading,lab,undergraduate,high,late,east,0
p_010404,rereading,remote,undergraduate,low,early,east,0
p_010405,rereading,remote,undergraduate,low,early,east,1
p_010406,retrieval_practice,lab,community,low,late,west,0
p_010407,rereading,lab,undergraduate,low,late,west,0
p_010408,retrieval_practice,lab,community,high,late,east,0
p_010409,retrieval_practice,remote,undergraduate,high,early,east,1
p_010410,rereading,remote,community,high,late,west,0
p_010411,rereading,lab,undergraduate,high,late,east,1
p_010412,retrieval_practice,lab,undergraduate,high,early,east,0
p_010413,rereading,lab,undergraduate,high,late,east,0
p_010414,rereading,lab,undergraduate,low,early,west,0
p_010415,retrieval_practice,remote,undergraduate,high,early,east,0
p_010416,rereading,lab,undergraduate,low,early,east,1
p_010417,retrieval_practice,lab,undergraduate,low,early,west,1
p_010418,rereading,lab,community,high,early,west,1
p_010419,retrieval_practice,lab,undergraduate,high,early,east,1
p_010420,retrieval_practice,lab,undergraduate,high,early,east,0
p_010421,rereading,lab,community,low,early,east,1
p_010422,rereading,lab,community,high,early,west,1
p_010423,rereading,lab,community,high,early,west,0
p_010424,rereading,lab,community,high,late,east,1
p_010425,retrieval_practice,lab,undergraduate,low,late,west,0
p_010426,rereading,remote,community,high,early,west,1
p_010427,retrieval_practice,lab,community,high,late,west,1
p_010428,rereading,lab,undergraduate,high,late,east,1
p_010429,rereading,lab,undergraduate,low,late,west,1
p_010430,retrieval_practice,lab,community,low,late,east,1
p_010431,retrieval_practice,remote,undergraduate,high,late,west,0
p_010432,rereading,remote,undergraduate,high,late,west,0
p_010433,retrieval_practice,lab,community,high,early,east,1
p_010434,retrieval_practice,remote,undergraduate,low,early,east,0
p_010435,rereading,lab,undergraduate,high,early,east,0
p_010436,retrieval_practice,lab,undergraduate,low,early,west,0
p_010437,rereading,remote,undergraduate,high,late,west,1
p_010438,rereading,remote,undergraduate,high,early,east,0
p_010439,rereading,lab,undergraduate,low,late,west,1
p_010440,retrieval_practice,remote,community,high,late,east,1
p_010441,retrieval_practice,remote,undergraduate,low,late,west,0
p_010442,retrieval_practice,lab,undergraduate,high,late,west,1
p_010443,rereading,lab,undergraduate,low,early,west,0
p_010444,retrieval_practice,lab,undergraduate,low,early,east,0
p_010445,retrieval_practice,remote,community,low,late,east,0
p_010446,rereading,lab,community,high,late,east,0
p_010447,rereading,lab,community,low,early,west,0
p_010448,retrieval_practice,lab,undergraduate,high,late,west,1
p_010449,retrieval_practice,lab,undergraduate,high,early,west,0
p_010450,rereading,remote,community,low,late,west,1
p_010451,rereading,remote,community,high,early,west,1
p_010452,rereading,lab,undergraduate,high,early,west,1
p_010453,retrieval_practice,lab,community,high,late,west,0
p_010454,rereading,lab,undergraduate,low,early,west,1
p_010455,rereading,lab,community,low,early,east,0
p_010456,retrieval_practice,lab,undergraduate,high,early,west,1
p_010457,rereading,remote,community,low,early,east,0
p_010458,rereading,remote,community,low,late,east,0
p_010459,rereading,remote,undergraduate,low,late,east,0
p_010460,retrieval_practice,lab,undergraduate,high,early,east,0
p_010461,rereading,remote,community,low,late,east,0
p_010462,rereading,remote,community,low,early,east,1
p_010463,retrieval_practice,lab,community,low,early,west,1
p_010464,rereading,lab,community,low,early,east,0
p_010465,rereading,lab,undergraduate,high,early,west,1
p_010466,rereading,lab,community,low,late,west,1
p_010467,retrieval_practice,remote,undergraduate,low,early,east,1
p_010468,retrieval_practice,lab,community,high,early,west,1
p_010469,retrieval_practice,lab,community,high,late,west,1
p_010470,retrieval_practice,remote,community,high,early,west,1
p_010471,rereading,remote,undergraduate,high,late,west,1
p_010472,retrieval_practice,remote,undergraduate,low,late,west,1
p_010473,retrieval_practice,lab,community,high,early,east,1
p_010474,rereading,lab,community,high,early,east,0
p_010475,retrieval_practice,remote,undergraduate,high,early,west,0
p_010476,retrieval_practice,remote,community,low,early,east,1
p_010477,retrieval_practice,remote,undergraduate,high,late,west,1
p_010478,retrieval_practice,lab,undergraduate,low,late,east,1
p_010479,rereading,lab,community,high,late,east,1
p_010480,retrieval_practice,remote,community,low,early,east,1
p_010481,retrieval_practice,lab,undergraduate,high,early,east,1
p_010482,rereading,lab,undergraduate,low,late,east,0
p_010483,retrieval_practice,lab,undergraduate,low,late,west,1
p_010484,rereading,remote,community,low,late,east,0
p_010485,rereading,remote,undergraduate,low,late,west,1
p_010486,rereading,lab,undergraduate,high,early,east,0
p_010487,rereading,remote,undergraduate,low,late,east,1
p_010488,retrieval_practice,lab,undergraduate,high,early,west,0
p_010489,rereading,lab,community,high,late,west,1
p_010490,rereading,lab,undergraduate,low,early,west,0
p_010491,retrieval_practice,lab,community,low,early,west,1
p_010492,rereading,lab,undergraduate,high,early,west,0
p_010493,rereading,remote,community,low,early,west,0
p_010494,rereading,remote,undergraduate,high,early,west,0
p_010495,retrieval_practice,lab,undergraduate,low,early,west,1
p_010496,retrieval_practice,remote,undergraduate,high,early,east,1
p_010497,rereading,lab,community,low,late,east,0
p_010498,rereading,lab,undergraduate,high,late,west,1
p_010499,rereading,remote,undergraduate,low,late,east,0
p_010500,retrieval_practice,lab,undergraduate,high,late,west,1
p_010501,rereading,lab,undergraduate,high,early,east,1
p_010502,retrieval_practice,remote,community,high,late,east,0
p_010503,retrieval_practice,lab,undergraduate,high,late,west,1
p_010504,rereading,lab,undergraduate,low,late,west,0
p_010505,retrieval_practice,lab,community,high,early,east,1
p_010506,rereading,lab,undergraduate,high,early,west,0
p_010507,rereading,remote,undergraduate,low,late,east,1
p_010508,retrieval_practice,lab,undergraduate,low,early,east,0
p_010509,retrieval_practice,lab,community,low,late,east,0
p_010510,retrieval_practice,lab,community,high,late,east,1
p_010511,retrieval_practice,remote,undergraduate,low,late,east,1
p_010512,retrieval_practice,lab,undergraduate,high,late,west,1
p_010513,retrieval_practice,lab,undergraduate,low,early,east,0
p_010514,rereading,lab,community,low,early,east,1
p_010515,retrieval_practice,lab,undergraduate,low,early,east,1
p_010516,retrieval_practice,lab,community,high,early,east,1
p_010517,retrieval_practice,remote,undergraduate,high,late,east,1
p_010518,retrieval_practice,lab,community,low,early,east,0
p_010519,rereading,lab,community,high,early,east,0
p_010520,retrieval_practice,remote,community,low,early,east,1
p_010521,rereading,remote,undergraduate,low,late,west,0
p_010522,rereading,lab,undergraduate,high,early,west,1
p_010523,retrieval_practice,remote,community,high,late,east,0
p_010524,rereading,lab,undergraduate,low,early,east,1
p_010525,rereading,lab,undergraduate,low,early,east,0
p_010526,retrieval_practice,remote,community,high,late,west,1
p_010527,retrieval_practice,remote,community,low,early,east,1
p_010528,retrieval_practice,remote,community,high,early,east,0
p_010529,retrieval_practice,lab,community,high,late,west,0
p_010530,retrieval_practice,remote,undergraduate,low,late,west,1
p_010531,rereading,remote,community,low,early,east,0
p_010532,rereading,lab,community,high,late,west,0
p_010533,rereading,lab,undergraduate,low,late,west,0
p_010534,rereading,lab,community,high,early,west,0
p_010535,rereading,lab,undergraduate,high,late,east,0
p_010536,retrieval_practice,remote,community,low,late,west,1
p_010537,rereading,lab,undergraduate,low,late,west,1
p_010538,rereading,lab,undergraduate,high,late,east,0
p_010539,rereading,remote,community,low,late,east,0
p_010540,retrieval_practice,lab,undergraduate,high,early,west,0
p_010541,rereading,lab,undergraduate,low,early,west,1
p_010542,retrieval_practice,lab,undergraduate,low,late,west,0
p_010543,retrieval_practice,remote,community,high,late,east,0
p_010544,retrieval_practice,lab,community,low,early,west,1
p_010545,retrieval_practice,remote,community,high,early,east,0
p_010546,retrieval_practice,lab,undergraduate,high,early,west,1
p_010547,retrieval_practice,lab,community,high,early,east,0
p_010548,rereading,lab,undergraduate,high,late,west,1
p_010549,rereading,lab,undergraduate,high,early,east,0
p_010550,retrieval_practice,lab,community,high,late,west,1
p_010551,retrieval_practice,remote,undergraduate,high,late,west,1
p_010552,rereading,lab,undergraduate,low,early,west,0
p_010553,retrieval_practice,remote,undergraduate,low,early,west,0
p_010554,rereading,remote,community,high,late,east,0
p_010555,retrieval_practice,lab,community,high,late,east,0
p_010556,rereading,remote,undergraduate,low,early,west,0
p_010557,rereading,lab,undergraduate,high,early,east,1
p_010558,retrieval_practice,lab,undergraduate,high,early,east,1
p_010559,rereading,lab,community,low,late,west,0
p_010560,retrieval_practice,remote,community,low,late,west,1
p_010561,rereading,remote,undergraduate,high,early,east,0
p_010562,rereading,remote,undergraduate,high,early,east,0
p_010563,retrieval_practice,lab,undergraduate,low,early,east,1
p_010564,retrieval_practice,lab,undergraduate,low,early,west,0
p_010565,retrieval_practice,remote,undergraduate,high,early,east,0
p_010566,retrieval_practice,lab,community,high,early,east,0
p_010567,rereading,remote,undergraduate,low,early,east,0
p_010568,retrieval_practice,lab,undergraduate,low,early,east,0
p_010569,rereading,remote,undergraduate,low,late,east,1
p_010570,rereading,remote,community,high,early,east,1
p_010571,rereading,remote,community,low,late,east,0
p_010572,rereading,remote,community,low,early,east,0
p_010573,retrieval_practice,remote,undergraduate,high,late,east,1
p_010574,retrieval_practice,lab,undergraduate,low,early,east,1
p_010575,retrieval_practice,lab,undergraduate,low,late,west,0
p_010576,retrieval_practice,remote,undergraduate,low,late,east,0
p_010577,retrieval_practice,lab,undergraduate,high,late,west,0
p_010578,retrieval_practice,lab,undergraduate,low,late,east,1
p_010579,retrieval_practice,remote,undergraduate,low,late,east,1
p_010580,retrieval_practice,remote,undergraduate,low,early,west,0
p_010581,retrieval_practice,lab,community,high,late,east,0
p_010582,retrieval_practice,lab,undergraduate,low,late,west,0
p_010583,rereading,lab,undergraduate,high,late,west,0
p_010584,retrieval_practice,lab,undergraduate,high,early,east,1
p_010585,rereading,lab,community,low,late,east,0
p_010586,retrieval_practice,remote,community,low,late,east,0
p_010587,retrieval_practice,lab,community,low,early,west,1
p_010588,retrieval_practice,lab,community,high,early,east,1
p_010589,retrieval_practice,remote,community,low,late,west,0
p_010590,rereading,remote,community,high,early,east,0
p_010591,rereading,lab,undergraduate,high,early,west,1
p_010592,retrieval_practice,remote,community,high,early,west,0
p_010593,retrieval_practice,lab,community,high,late,west,1
p_010594,rereading,remote,undergraduate,high,early,west,0
p_010595,rereading,remote,undergraduate,low,early,east,1
p_010596,retrieval_practice,lab,community,high,late,east,1
p_010597,retrieval_practice,lab,undergraduate,high,early,east,0
p_010598,retrieval_practice,remote,undergraduate,high,early,west,0
p_010599,retrieval_practice,remote,undergraduate,high,early,west,1
p_010600,rereading,remote,community,low,late,west,1
p_010601,retrieval_practice,lab,undergraduate,high,late,west,0
p_010602,rereading,remote,undergraduate,low,late,east,0
p_010603,retrieval_practice,lab,undergraduate,low,early,east,0
p_010604,retrieval_practice,lab,community,low,early,east,0
p_010605,rereading,remote,undergraduate,low,late,east,0
p_010606,retrieval_practice,remote,undergraduate,low,early,east,0
p_010607,retrieval_practice,lab,undergraduate,high,late,east,1
p_010608,retrieval_practice,lab,community,low,early,east,1
p_010609,rereading,remote,undergraduate,high,early,west,0
p_010610,retrieval_practice,lab,community,high,late,east,0
p_010611,rereading,lab,community,high,early,east,1
p_010612,rereading,remote,community,high,early,west,0
p_010613,retrieval_practice,lab,undergraduate,high,late,east,0
p_010614,retrieval_practice,remote,undergraduate,high,early,east,1
p_010615,rereading,lab,undergraduate,low,late,east,0
p_010616,rereading,remote,community,low,early,west,0
p_010617,retrieval_practice,lab,community,low,early,west,1
p_010618,rereading,remote,community,high,late,east,1
p_010619,rereading,remote,community,high,late,west,0
p_010620,retrieval_practice,lab,undergraduate,low,late,east,0
p_010621,rereading,remote,community,high,late,west,0
p_010622,rereading,lab,undergraduate,high,early,east,1
p_010623,rereading,remote,community,high,late,east,1
p_010624,rereading,remote,undergraduate,high,late,east,1
p_010625,retrieval_practice,lab,community,low,early,west,1
p_010626,retrieval_practice,lab,community,high,late,east,0
p_010627,rereading,remote,undergraduate,low,early,west,0
p_010628,rereading,remote,undergraduate,high,early,east,1
p_010629,rereading,remote,community,low,late,west,1
p_010630,rereading,lab,community,low,late,east,0
p_010631,rereading,remote,undergraduate,high,late,east,1
p_010632,retrieval_practice,remote,undergraduate,high,late,west,0
p_010633,retrieval_practice,lab,undergraduate,low,early,east,0
p_010634,rereading,lab,undergraduate,high,early,east,0
p_010635,rereading,lab,community,high,early,west,0
p_010636,rereading,lab,undergraduate,high,early,west,0
p_010637,rereading,remote,undergraduate,low,late,east,0
p_010638,retrieval_practice,lab,community,low,late,east,1
p_010639,rereading,lab,community,high,late,west,0
p_010640,retrieval_practice,lab,community,high,late,west,1
p_010641,rereading,remote,community,high,early,west,1
p_010642,retrieval_practice,remote,undergraduate,high,early,west,0
p_010643,retrieval_practice,remote,undergraduate,high,early,east,1
p_010644,retrieval_practice,lab,community,low,late,west,1
p_010645,rereading,lab,undergraduate,low,early,west,1
p_010646,retrieval_practice,lab,community,high,late,west,1
p_010647,rereading,remote,community,high,early,east,1
p_010648,rereading,remote,undergraduate,high,early,east,0
p_010649,retrieval_practice,lab,community,low,early,west,0
p_010650,retrieval_practice,remote,undergraduate,low,early,east,1
p_010651,retrieval_practice,remote,undergraduate,high,early,east,0
p_010652,retrieval_practice,remote,undergraduate,high,early,west,1
p_010653,retrieval_practice,lab,undergraduate,high,early,west,1
p_010654,retrieval_practice,remote,community,low,late,east,1
p_010655,rereading,lab,community,high,early,east,1
p_010656,rereading,lab,undergraduate,high,early,east,0
p_010657,rereading,lab,undergraduate,low,early,east,0
p_010658,rereading,lab,undergraduate,high,late,west,1
p_010659,retrieval_practice,remote,undergraduate,low,early,west,1
p_010660,rereading,lab,community,low,early,west,0
p_010661,rereading,remote,community,high,early,west,0
p_010662,retrieval_practice,lab,community,low,late,west,0
p_010663,rereading,lab,undergraduate,low,late,west,0
p_010664,rereading,lab,undergraduate,high,early,east,0
p_010665,rereading,remote,community,low,early,east,1
p_010666,rereading,remote,community,high,early,west,1
p_010667,rereading,remote,undergraduate,high,early,west,1
p_010668,rereading,remote,undergraduate,high,late,west,0
p_010669,retrieval_practice,lab,community,high,early,east,1
p_010670,rereading,remote,community,low,early,east,0
p_010671,rereading,remote,undergraduate,low,early,west,0
p_010672,retrieval_practice,lab,community,low,late,east,0
p_010673,rereading,lab,community,low,late,east,1
p_010674,retrieval_practice,lab,undergraduate,high,late,west,1
p_010675,rereading,remote,undergraduate,low,late,west,1
p_010676,rereading,lab,undergraduate,low,late,west,1
p_010677,rereading,lab,community,high,early,east,1
p_010678,rereading,lab,undergraduate,low,late,east,0
p_010679,retrieval_practice,lab,community,low,early,west,1
p_010680,retrieval_practice,remote,community,high,early,east,0
p_010681,rereading,remote,undergraduate,low,early,east,1
p_010682,rereading,remote,undergraduate,low,early,west,1
p_010683,rereading,lab,undergraduate,low,early,west,0
p_010684,rereading,remote,undergraduate,high,early,west,0
p_010685,retrieval_practice,lab,undergraduate,low,early,west,1
p_010686,retrieval_practice,remote,undergraduate,high,early,west,0
p_010687,rereading,lab,undergraduate,low,late,west,0
p_010688,rereading,lab,community,low,early,east,1
p_010689,retrieval_practice,lab,undergraduate,high,late,east,1
p_010690,retrieval_practice,remote,undergraduate,high,late,west,1
p_010691,retrieval_practice,remote,undergraduate,low,late,east,1
p_010692,rereading,lab,community,low,early,east,0
p_010693,rereading,lab,community,high,late,east,1
p_010694,retrieval_practice,lab,undergraduate,high,early,east,1
p_010695,rereading,lab,undergraduate,low,early,east,0
p_010696,rereading,lab,undergraduate,high,late,west,0
p_010697,rereading,remote,undergraduate,low,late,west,0
p_010698,rereading,lab,undergraduate,high,early,west,1
p_010699,retrieval_practice,remote,undergraduate,high,late,east,1
p_010700,retrieval_practice,remote,undergraduate,low,late,east,1
p_010701,rereading,remote,undergraduate,high,early,east,1
p_010702,rereading,lab,undergraduate,low,early,west,1
p_010703,rereading,lab,undergraduate,low,late,east,0
p_010704,rereading,remote,undergraduate,low,late,east,0
p_010705,rereading,lab,undergraduate,high,late,west,1
p_010706,retrieval_practice,remote,undergraduate,low,late,west,0
p_010707,retrieval_practice,lab,undergraduate,low,late,west,1
p_010708,rereading,remote,undergraduate,high,early,east,0
p_010709,rereading,lab,undergraduate,low,early,east,0
p_010710,retrieval_practice,lab,undergraduate,low,early,west,1
p_010711,rereading,remote,undergraduate,low,early,west,1
p_010712,rereading,remote,community,low,late,east,0
p_010713,retrieval_practice,remote,undergraduate,high,early,west,0
p_010714,retrieval_practice,lab,community,high,early,east,1
p_010715,retrieval_practice,remote,community,high,early,east,0
p_010716,rereading,remote,community,low,early,east,0
p_010717,retrieval_practice,lab,undergraduate,low,late,west,1
p_010718,retrieval_practice,remote,undergraduate,low,late,east,0
p_010719,retrieval_practice,lab,undergraduate,high,early,west,1
p_010720,rereading,lab,community,low,late,east,1
p_010721,retrieval_practice,lab,undergraduate,low,late,west,1
p_010722,retrieval_practice,remote,undergraduate,high,late,west,0
p_010723,retrieval_practice,lab,undergraduate,high,late,west,1
p_010724,rereading,lab,undergraduate,low,late,east,0
p_010725,retrieval_practice,lab,undergraduate,low,early,west,1
p_010726,rereading,lab,undergraduate,low,early,east,0
p_010727,retrieval_practice,remote,undergraduate,high,early,east,1
p_010728,rereading,remote,undergraduate,high,early,west,0
p_010729,retrieval_practice,lab,community,low,early,east,1
p_010730,rereading,lab,undergraduate,high,early,east,0
p_010731,retrieval_practice,lab,undergraduate,low,early,east,1
p_010732,rereading,remote,undergraduate,high,late,east,1
p_010733,rereading,remote,community,high,late,east,0
p_010734,retrieval_practice,lab,undergraduate,high,early,east,0
p_010735,retrieval_practice,lab,undergraduate,high,late,east,0
p_010736,rereading,lab,undergraduate,high,early,west,0
p_010737,retrieval_practice,remote,community,low,late,east,0
p_010738,retrieval_practice,remote,community,high,late,west,0
p_010739,rereading,lab,undergraduate,low,late,east,1
p_010740,retrieval_practice,remote,undergraduate,low,late,east,1
p_010741,retrieval_practice,lab,community,high,late,west,1
p_010742,retrieval_practice,remote,undergraduate,high,early,west,0
p_010743,retrieval_practice,lab,undergraduate,low,late,east,1
p_010744,retrieval_practice,remote,undergraduate,high,late,west,1
p_010745,rereading,lab,community,high,late,east,1
p_010746,retrieval_practice,lab,community,high,early,west,0
p_010747,rereading,remote,undergraduate,high,early,east,1
p_010748,retrieval_practice,lab,community,low,early,west,0
p_010749,retrieval_practice,remote,community,low,early,east,0
p_010750,retrieval_practice,lab,community,low,early,east,0
p_010751,retrieval_practice,remote,undergraduate,low,early,east,1
p_010752,retrieval_practice,remote,undergraduate,high,late,east,0
p_010753,rereading,remote,community,low,late,east,1
p_010754,rereading,remote,undergraduate,low,late,west,1
p_010755,rereading,remote,community,low,early,east,0
p_010756,retrieval_practice,remote,undergraduate,high,late,east,1
p_010757,retrieval_practice,lab,undergraduate,low,late,east,0
p_010758,retrieval_practice,lab,undergraduate,high,early,east,1
p_010759,rereading,remote,undergraduate,low,early,east,1
p_010760,retrieval_practice,remote,undergraduate,low,early,west,0
p_010761,rereading,remote,undergraduate,high,late,west,0
p_010762,rereading,lab,undergraduate,low,early,west,0
p_010763,rereading,remote,undergraduate,low,early,west,1
p_010764,rereading,remote,community,low,late,west,1
p_010765,retrieval_practice,lab,community,high,late,west,0
p_010766,rereading,remote,undergraduate,low,early,west,0
p_010767,rereading,remote,undergraduate,high,early,east,1
p_010768,rereading,lab,undergraduate,high,late,west,0
p_010769,rereading,lab,undergraduate,high,late,west,1
p_010770,rereading,lab,undergraduate,low,late,west,1
p_010771,retrieval_practice,lab,undergraduate,low,early,east,0
p_010772,rereading,lab,undergraduate,high,early,east,0
p_010773,rereading,remote,undergraduate,high,early,east,1
p_010774,retrieval_practice,lab,undergraduate,low,late,west,1
p_010775,rereading,lab,community,high,late,east,0
p_010776,retrieval_practice,remote,community,low,early,west,1
p_010777,rereading,lab,community,high,late,west,1
p_010778,rereading,remote,undergraduate,high,early,east,0
p_010779,rereading,lab,community,low,early,west,1
p_010780,retrieval_practice,lab,undergraduate,high,early,west,1
p_010781,rereading,remote,undergraduate,low,early,west,0
p_010782,retrieval_practice,lab,undergraduate,low,early,west,1
p_010783,retrieval_practice,lab,community,high,early,west,1
p_010784,rereading,lab,community,low,early,west,1
p_010785,rereading,remote,undergraduate,low,late,west,0
p_010786,rereading,remote,community,high,late,east,1
p_010787,rereading,lab,undergraduate,high,early,east,0
p_010788,rereading,remote,community,high,early,west,1
p_010789,rereading,lab,undergraduate,high,early,west,1
p_010790,rereading,lab,undergraduate,low,late,west,1
p_010791,rereading,lab,community,high,late,east,1
p_010792,rereading,remote,undergraduate,high,early,east,0
p_010793,retrieval_practice,remote,community,high,early,west,1
p_010794,rereading,lab,undergraduate,low,late,west,1
p_010795,retrieval_practice,lab,undergraduate,high,early,west,1
p_010796,rereading,lab,undergraduate,high,early,east,1
p_010797,retrieval_practice,remote,undergraduate,high,late,east,0
p_010798,rereading,lab,community,high,late,east,0
p_010799,retrieval_practice,remote,undergraduate,high,late,west,1
p_010800,rereading,lab,community,high,late,west,0
p_010801,rereading,lab,community,high,early,east,0
p_010802,rereading,lab,community,high,early,west,0
p_010803,rereading,lab,undergraduate,high,early,east,0
p_010804,retrieval_practice,remote,community,low,late,west,0
p_010805,rereading,lab,community,high,late,west,0
p_010806,rereading,remote,community,high,late,east,1
p_010807,retrieval_practice,lab,undergraduate,low,early,west,1
p_010808,rereading,lab,community,high,late,west,1
p_010809,retrieval_practice,remote,community,low,early,west,0
p_010810,rereading,remote,undergraduate,high,early,east,0
p_010811,retrieval_practice,remote,undergraduate,low,late,west,1
p_010812,rereading,remote,undergraduate,high,early,east,1
p_010813,retrieval_practice,lab,community,low,early,west,0
p_010814,rereading,remote,undergraduate,high,late,west,0
p_010815,rereading,lab,undergraduate,high,late,west,0
p_010816,rereading,lab,community,high,late,east,1
p_010817,retrieval_practice,lab,undergraduate,low,late,west,0
p_010818,retrieval_practice,lab,undergraduate,high,late,east,1
p_010819,retrieval_practice,remote,undergraduate,high,early,east,0
p_010820,retrieval_practice,lab,community,low,early,west,1
p_010821,retrieval_practice,remote,undergraduate,low,late,east,0
p_010822,retrieval_practice,remote,community,low,late,east,1
p_010823,retrieval_practice,remote,undergraduate,high,early,east,0
p_010824,rereading,lab,undergraduate,low,early,east,1
p_010825,rereading,lab,community,high,late,west,0
p_010826,rereading,lab,community,low,early,west,1
p_010827,rereading,remote,undergraduate,high,late,west,1
p_010828,rereading,lab,undergraduate,low,early,east,0
p_010829,retrieval_practice,lab,community,high,late,west,0
p_010830,retrieval_practice,lab,undergraduate,low,late,east,1
p_010831,rereading,lab,undergraduate,high,early,west,0
p_010832,retrieval_practice,remote,undergraduate,high,late,west,1
p_010833,retrieval_practice,remote,undergraduate,high,early,east,1
p_010834,retrieval_practice,lab,undergraduate,high,early,east,0
p_010835,retrieval_practice,lab,undergraduate,high,early,east,0
p_010836,retrieval_practice,lab,undergraduate,high,late,east,1
p_010837,retrieval_practice,remote,undergraduate,low,early,east,1
p_010838,retrieval_practice,remote,undergraduate,low,late,west,1
p_010839,rereading,remote,undergraduate,high,early,west,0
p_010840,rereading,lab,undergraduate,low,late,west,0
p_010841,rereading,remote,undergraduate,high,late,west,1
p_010842,retrieval_practice,remote,community,low,late,west,1
p_010843,rereading,lab,undergraduate,high,early,west,1
p_010844,rereading,lab,undergraduate,low,late,east,1
p_010845,retrieval_practice,remote,undergraduate,high,late,west,0
p_010846,retrieval_practice,lab,community,low,late,east,0
p_010847,retrieval_practice,lab,community,low,late,east,0
p_010848,rereading,remote,community,high,late,west,0
p_010849,retrieval_practice,lab,community,low,late,east,0
p_010850,retrieval_practice,remote,undergraduate,low,early,west,1
p_010851,rereading,remote,undergraduate,high,early,east,1
p_010852,rereading,lab,undergraduate,high,late,west,0
p_010853,retrieval_practice,remote,undergraduate,high,late,west,0
p_010854,retrieval_practice,lab,undergraduate,low,late,east,1
p_010855,rereading,lab,undergraduate,high,early,east,1
p_010856,rereading,remote,community,high,late,west,0
p_010857,retrieval_practice,lab,community,low,early,east,1
p_010858,rereading,lab,community,high,late,west,0
p_010859,retrieval_practice,lab,community,high,late,east,1
p_010860,rereading,lab,community,low,early,west,0
p_010861,rereading,lab,undergraduate,low,late,east,1
p_010862,rereading,remote,undergraduate,low,late,west,0
p_010863,retrieval_practice,lab,community,low,early,west,1
p_010864,rereading,lab,undergraduate,high,late,west,1
p_010865,retrieval_practice,lab,undergraduate,low,late,west,1
p_010866,rereading,lab,community,high,late,west,0
p_010867,retrieval_practice,lab,community,high,early,east,1
p_010868,retrieval_practice,lab,community,low,early,west,1
p_010869,retrieval_practice,lab,undergraduate,high,early,west,0
p_010870,retrieval_practice,lab,undergraduate,low,late,east,0
p_010871,retrieval_practice,lab,community,high,late,west,1
p_010872,rereading,remote,undergraduate,high,late,west,1
p_010873,retrieval_practice,lab,community,low,late,west,0
p_010874,retrieval_practice,remote,undergraduate,low,early,west,1
p_010875,retrieval_practice,lab,undergraduate,high,early,west,1
p_010876,rereading,lab,undergraduate,high,late,east,0
p_010877,rereading,remote,community,low,early,west,0
p_010878,rereading,remote,community,low,early,west,0
p_010879,rereading,remote,community,low,early,west,1
p_010880,rereading,remote,community,high,late,east,0
p_010881,retrieval_practice,lab,community,low,early,west,1
p_010882,rereading,remote,undergraduate,high,late,west,1
p_010883,retrieval_practice,remote,community,low,late,east,1
p_010884,rereading,remote,undergraduate,high,late,east,0
p_010885,rereading,lab,undergraduate,high,late,west,1
p_010886,retrieval_practice,lab,community,high,late,east,0
p_010887,rereading,remote,community,high,late,west,0
p_010888,retrieval_practice,lab,undergraduate,high,late,east,0
p_010889,rereading,remote,undergraduate,low,late,east,0
p_010890,retrieval_practice,lab,community,high,late,west,1
p_010891,retrieval_practice,remote,undergraduate,high,early,west,1
p_010892,rereading,lab,community,high,late,west,1
p_010893,retrieval_practice,remote,undergraduate,high,late,west,1
p_010894,retrieval_practice,lab,community,high,early,east,0
p_010895,rereading,lab,undergraduate,low,late,west,1
p_010896,rereading,lab,undergraduate,high,late,west,1
p_010897,retrieval_practice,remote,undergraduate,low,late,west,1
p_010898,retrieval_practice,lab,undergraduate,low,early,east,0
p_010899,rereading,remote,undergraduate,low,late,east,0
p_010900,rereading,lab,undergraduate,high,early,west,0
p_010901,rereading,lab,undergraduate,low,early,west,0
p_010902,rereading,lab,undergraduate,low,late,east,1
p_010903,retrieval_practice,lab,community,high,late,west,0
p_010904,rereading,remote,community,low,early,east,0
p_010905,rereading,remote,undergraduate,low,late,east,0
p_010906,retrieval_practice,remote,community,low,late,east,0
p_010907,retrieval_practice,remote,undergraduate,high,early,west,1
p_010908,rereading,lab,undergraduate,high,early,east,1
p_010909,rereading,lab,undergraduate,low,late,east,0
p_010910,rereading,remote,undergraduate,high,late,west,1
p_010911,retrieval_practice,lab,undergraduate,low,early,east,0
p_010912,retrieval_practice,lab,community,high,early,east,0
p_010913,rereading,lab,undergraduate,low,early,west,1
p_010914,rereading,lab,community,low,late,east,0
p_010915,rereading,lab,undergraduate,high,late,east,0
p_010916,rereading,remote,community,low,late,west,1
p_010917,retrieval_practice,lab,undergraduate,high,late,east,1
p_010918,rereading,remote,undergraduate,high,early,west,1
p_010919,retrieval_practice,lab,undergraduate,low,late,east,1
p_010920,retrieval_practice,lab,community,high,late,east,1
p_010921,rereading,lab,undergraduate,low,early,west,1
p_010922,retrieval_practice,remote,undergraduate,high,late,east,0
p_010923,rereading,lab,community,low,late,west,0
p_010924,retrieval_practice,remote,undergraduate,high,late,west,1
p_010925,rereading,remote,community,low,early,west,0
p_010926,rereading,remote,undergraduate,high,early,west,0
p_010927,rereading,remote,community,low,early,east,1
p_010928,retrieval_practice,lab,community,high,late,east,0
p_010929,retrieval_practice,lab,community,high,early,west,1
p_010930,rereading,lab,undergraduate,high,late,east,0
p_010931,retrieval_practice,lab,community,high,early,west,1
p_010932,rereading,remote,undergraduate,high,late,east,0
p_010933,retrieval_practice,lab,community,low,early,east,0
p_010934,retrieval_practice,remote,community,high,early,east,1
p_010935,retrieval_practice,lab,community,low,late,west,1
p_010936,retrieval_practice,remote,community,low,early,west,1
p_010937,rereading,lab,undergraduate,low,late,east,0
p_010938,rereading,remote,undergraduate,low,early,west,1
p_010939,retrieval_practice,lab,community,low,late,west,1
p_010940,retrieval_practice,remote,community,low,late,west,0
p_010941,retrieval_practice,lab,undergraduate,high,early,east,0
p_010942,rereading,lab,undergraduate,low,early,east,0
p_010943,retrieval_practice,lab,undergraduate,high,early,west,1
p_010944,retrieval_practice,lab,undergraduate,low,late,west,0
p_010945,retrieval_practice,lab,community,high,early,east,0
p_010946,retrieval_practice,remote,community,low,late,west,0
p_010947,rereading,lab,community,low,early,east,1
p_010948,retrieval_practice,remote,undergraduate,low,early,east,0
p_010949,retrieval_practice,lab,community,low,late,west,0
p_010950,rereading,lab,undergraduate,low,late,west,1
p_010951,retrieval_practice,lab,undergraduate,low,late,east,1
p_010952,retrieval_practice,lab,undergraduate,high,late,west,0
p_010953,retrieval_practice,remote,undergraduate,low,early,west,0
p_010954,retrieval_practice,lab,community,high,late,east,0
p_010955,rereading,remote,community,high,early,west,1
p_010956,retrieval_practice,lab,undergraduate,high,early,west,0
p_010957,retrieval_practice,lab,undergraduate,low,late,east,1
p_010958,retrieval_practice,lab,undergraduate,high,late,east,0
p_010959,rereading,remote,community,high,late,west,1
p_010960,retrieval_practice,remote,undergraduate,high,late,west,0
p_010961,retrieval_practice,remote,undergraduate,low,early,west,1
p_010962,rereading,lab,undergraduate,high,early,west,1
p_010963,rereading,lab,undergraduate,low,late,east,0
p_010964,retrieval_practice,lab,undergraduate,low,late,west,0
p_010965,rereading,lab,undergraduate,low,early,east,1
p_010966,retrieval_practice,lab,undergraduate,low,late,west,0
p_010967,retrieval_practice,remote,community,high,early,east,1
p_010968,rereading,remote,undergraduate,low,late,east,1
p_010969,rereading,remote,community,high,early,east,0
p_010970,rereading,remote,undergraduate,high,early,west,1
p_010971,rereading,lab,undergraduate,high,early,west,1
p_010972,retrieval_practice,lab,undergraduate,low,late,east,1
p_010973,retrieval_practice,remote,undergraduate,low,late,east,1
p_010974,rereading,lab,undergraduate,high,late,east,0
p_010975,rereading,lab,undergraduate,high,early,east,1
p_010976,retrieval_practice,remote,undergraduate,high,early,west,1
p_010977,retrieval_practice,lab,undergraduate,high,late,west,0
p_010978,rereading,remote,undergraduate,low,late,west,1
p_010979,rereading,lab,community,high,late,west,0
p_010980,rereading,lab,undergraduate,low,late,east,1
p_010981,retrieval_practice,lab,undergraduate,low,early,east,1
p_010982,rereading,lab,undergraduate,high,late,east,0
p_010983,rereading,lab,undergraduate,high,late,east,1
p_010984,retrieval_practice,remote,undergraduate,low,late,east,1
p_010985,rereading,lab,undergraduate,low,late,east,1
p_010986,rereading,remote,undergraduate,high,early,east,1
p_010987,rereading,remote,undergraduate,low,early,west,0
p_010988,retrieval_practice,lab,undergraduate,low,late,west,1
p_010989,retrieval_practice,lab,undergraduate,low,early,west,0
p_010990,retrieval_practice,remote,undergraduate,high,early,east,1
p_010991,rereading,lab,community,low,early,west,0
p_010992,rereading,remote,community,low,late,east,0
p_010993,rereading,lab,undergraduate,high,early,east,0
p_010994,retrieval_practice,lab,community,low,late,east,0
p_010995,rereading,lab,community,high,late,west,0
p_010996,retrieval_practice,remote,community,low,late,west,0
p_010997,rereading,lab,undergraduate,low,late,west,1
p_010998,rereading,remote,undergraduate,high,late,west,0
p_010999,retrieval_practice,lab,undergraduate,low,early,west,1
p_011000,rereading,lab,undergraduate,high,early,east,0
p_011001,retrieval_practice,lab,community,high,late,east,1
p_011002,rereading,remote,community,low,early,east,1
p_011003,rereading,remote,undergraduate,high,early,west,1
p_011004,rereading,lab,community,low,early,west,1
p_011005,rereading,remote,community,high,late,west,1
p_011006,retrieval_practice,lab,undergraduate,high,late,east,1
p_011007,retrieval_practice,lab,undergraduate,high,late,west,1
p_011008,retrieval_practice,remote,undergraduate,low,late,west,1
p_011009,retrieval_practice,lab,undergraduate,low,early,east,0
p_011010,retrieval_practice,remote,undergraduate,high,early,west,1
p_011011,rereading,remote,undergraduate,high,late,west,0
p_011012,retrieval_practice,lab,undergraduate,high,late,east,0
p_011013,retrieval_practice,lab,community,high,late,east,1
p_011014,retrieval_practice,lab,undergraduate,high,late,west,1
p_011015,retrieval_practice,remote,community,high,early,east,1
p_011016,retrieval_practice,lab,undergraduate,high,late,west,0
p_011017,retrieval_practice,lab,undergraduate,high,early,west,1
p_011018,retrieval_practice,lab,undergraduate,low,early,west,0
p_011019,rereading,lab,community,low,early,west,0
p_011020,rereading,remote,community,low,early,east,1
p_011021,retrieval_practice,remote,community,high,early,west,1
p_011022,rereading,lab,community,high,late,east,1
p_011023,retrieval_practice,remote,community,high,late,east,0
p_011024,retrieval_practice,lab,undergraduate,high,early,east,1
p_011025,retrieval_practice,remote,community,high,early,east,0
p_011026,rereading,remote,community,high,early,west,0
p_011027,rereading,lab,community,high,early,west,1
p_011028,retrieval_practice,lab,community,high,late,west,0
p_011029,rereading,remote,community,high,early,west,0
p_011030,rereading,lab,community,high,early,east,1
p_011031,retrieval_practice,lab,community,high,early,east,1
p_011032,rereading,remote,undergraduate,high,late,east,1
p_011033,retrieval_practice,lab,community,high,late,east,0
p_011034,rereading,remote,community,high,late,east,0
p_011035,retrieval_practice,lab,undergraduate,high,late,east,1
p_011036,rereading,lab,undergraduate,low,late,east,1
p_011037,retrieval_practice,lab,community,low,early,east,0
p_011038,retrieval_practice,lab,undergraduate,low,early,east,1
p_011039,rereading,lab,undergraduate,low,early,west,0
p_011040,rereading,remote,community,low,late,east,1
p_011041,retrieval_practice,remote,undergraduate,low,late,west,1
p_011042,rereading,lab,undergraduate,low,late,west,1
p_011043,retrieval_practice,remote,community,low,late,east,0
p_011044,rereading,remote,community,low,early,west,1
p_011045,retrieval_practice,remote,undergraduate,low,late,west,1
p_011046,rereading,lab,community,low,early,east,1
p_011047,retrieval_practice,lab,community,low,early,east,0
p_011048,rereading,lab,undergraduate,high,late,west,1
p_011049,retrieval_practice,lab,community,low,late,west,1
p_011050,rereading,lab,community,low,late,east,1
p_011051,rereading,remote,undergraduate,high,late,west,0
p_011052,retrieval_practice,lab,community,low,early,east,1
p_011053,rereading,lab,undergraduate,low,early,east,0
p_011054,retrieval_practice,lab,community,low,early,west,0
p_011055,rereading,lab,undergraduate,low,late,east,1
p_011056,rereading,remote,community,high,late,east,0
p_011057,rereading,remote,community,low,early,west,1
p_011058,retrieval_practice,remote,community,low,early,east,1
p_011059,retrieval_practice,lab,undergraduate,low,early,west,1
p_011060,rereading,lab,community,high,early,west,1
p_011061,retrieval_practice,lab,undergraduate,low,early,east,0
p_011062,retrieval_practice,remote,undergraduate,low,early,west,0
p_011063,rereading,remote,community,high,late,east,1
p_011064,retrieval_practice,remote,community,low,late,east,1
p_011065,retrieval_practice,remote,community,high,early,east,0
p_011066,retrieval_practice,remote,community,high,early,east,1
p_011067,rereading,remote,undergraduate,high,late,west,1
p_011068,retrieval_practice,lab,undergraduate,high,late,east,1
p_011069,retrieval_practice,remote,community,low,early,west,1
p_011070,rereading,lab,community,low,late,east,1
p_011071,retrieval_practice,lab,community,high,late,east,1
p_011072,rereading,lab,undergraduate,low,late,east,1
p_011073,rereading,lab,undergraduate,low,late,west,0
p_011074,rereading,lab,undergraduate,low,late,west,1
p_011075,rereading,lab,community,high,late,west,1
p_011076,rereading,lab,undergraduate,low,late,west,0
p_011077,rereading,remote,community,high,early,west,1
p_011078,retrieval_practice,lab,community,high,late,east,1
p_011079,rereading,lab,community,low,late,east,0
p_011080,rereading,lab,community,high,late,west,1
p_011081,retrieval_practice,remote,undergraduate,low,early,east,1
p_011082,rereading,lab,undergraduate,high,late,west,0
p_011083,rereading,remote,community,low,late,west,1
p_011084,rereading,lab,undergraduate,high,late,west,0
p_011085,rereading,lab,undergraduate,high,late,east,0
p_011086,rereading,lab,community,high,late,west,1
p_011087,retrieval_practice,lab,community,low,late,east,1
p_011088,rereading,lab,community,high,early,east,0
p_011089,rereading,remote,community,high,late,west,1
p_011090,rereading,lab,community,low,early,east,0
p_011091,retrieval_practice,lab,community,high,early,west,1
p_011092,retrieval_practice,lab,community,low,late,west,1
p_011093,rereading,lab,community,low,late,east,1
p_011094,retrieval_practice,lab,community,low,early,west,0
p_011095,rereading,lab,undergraduate,low,late,west,0
p_011096,rereading,lab,community,high,late,east,0
p_011097,rereading,remote,community,high,late,west,1
p_011098,retrieval_practice,lab,community,low,late,east,0
p_011099,rereading,lab,undergraduate,low,late,east,0
p_011100,retrieval_practice,lab,community,low,early,east,0
p_011101,rereading,lab,community,low,early,east,1
p_011102,retrieval_practice,lab,community,low,late,west,1
p_011103,retrieval_practice,lab,undergraduate,high,late,west,0
p_011104,rereading,remote,undergraduate,high,early,east,1
p_011105,rereading,remote,undergraduate,high,late,west,0
p_011106,rereading,remote,undergraduate,low,late,west,0
p_011107,retrieval_practice,lab,undergraduate,high,early,west,0
p_011108,rereading,lab,undergraduate,low,early,west,0
p_011109,retrieval_practice,remote,undergraduate,low,late,east,0
p_011110,retrieval_practice,lab,community,high,early,west,1
p_011111,rereading,lab,undergraduate,low,early,east,0
p_011112,retrieval_practice,lab,undergraduate,low,early,west,1
p_011113,rereading,lab,undergraduate,high,early,east,0
p_011114,rereading,lab,undergraduate,low,late,east,1
p_011115,rereading,lab,undergraduate,low,early,east,1
p_011116,retrieval_practice,remote,community,high,late,west,1
p_011117,retrieval_practice,remote,undergraduate,low,late,east,0
p_011118,retrieval_practice,remote,community,high,late,east,0
p_011119,rereading,remote,undergraduate,high,late,west,0
p_011120,rereading,lab,undergraduate,low,early,west,1
p_011121,retrieval_practice,lab,community,low,late,east,1
p_011122,retrieval_practice,lab,undergraduate,low,late,west,0
p_011123,rereading,lab,community,low,early,east,0
p_011124,retrieval_practice,lab,undergraduate,low,early,west,0
p_011125,rereading,remote,undergraduate,high,early,east,0
p_011126,retrieval_practice,lab,undergraduate,high,late,west,0
p_011127,retrieval_practice,lab,undergraduate,low,early,east,0
p_011128,retrieval_practice,remote,undergraduate,high,late,west,0
p_011129,rereading,lab,undergraduate,low,early,west,1
p_011130,rereading,lab,community,low,early,east,0
p_011131,rereading,lab,community,low,early,west,0
p_011132,retrieval_practice,lab,community,low,late,west,1
p_011133,rereading,lab,undergraduate,low,early,west,0
p_011134,retrieval_practice,lab,undergraduate,high,early,east,0
p_011135,retrieval_practice,lab,community,low,late,west,0
p_011136,retrieval_practice,remote,community,low,early,west,1
p_011137,rereading,remote,community,low,early,west,1
p_011138,rereading,lab,community,high,late,west,1
p_011139,retrieval_practice,remote,undergraduate,low,early,west,0
p_011140,retrieval_practice,remote,undergraduate,low,late,east,0
p_011141,rereading,lab,undergraduate,high,late,east,0
p_011142,rereading,remote,community,high,early,west,0
p_011143,retrieval_practice,lab,undergraduate,low,early,west,0
p_011144,retrieval_practice,remote,undergraduate,low,late,east,1
p_011145,retrieval_practice,remote,undergraduate,low,late,east,0
p_011146,rereading,remote,undergraduate,high,early,west,0
p_011147,rereading,lab,community,low,late,east,1
p_011148,rereading,remote,undergraduate,high,early,west,1
p_011149,retrieval_practice,lab,undergraduate,high,late,west,1
p_011150,rereading,remote,undergraduate,low,late,west,0
p_011151,retrieval_practice,remote,undergraduate,high,early,west,0
p_011152,rereading,lab,community,high,late,west,1
p_011153,retrieval_practice,remote,undergraduate,high,late,west,0
p_011154,rereading,remote,undergraduate,low,late,west,1
p_011155,retrieval_practice,lab,community,low,late,east,1
p_011156,rereading,remote,undergraduate,low,early,west,0
p_011157,rereading,lab,community,high,late,east,0
p_011158,rereading,remote,undergraduate,low,late,east,0
p_011159,retrieval_practice,lab,community,high,early,west,1
p_011160,rereading,lab,community,high,late,west,1
p_011161,retrieval_practice,lab,community,high,late,east,1
p_011162,rereading,lab,undergraduate,high,late,east,0
p_011163,rereading,lab,undergraduate,low,early,west,1
p_011164,rereading,lab,undergraduate,low,late,east,1
p_011165,rereading,remote,community,high,late,west,0
p_011166,rereading,lab,undergraduate,low,late,west,1
p_011167,rereading,lab,undergraduate,high,late,east,0
p_011168,rereading,lab,community,low,late,east,0
p_011169,rereading,remote,community,low,early,west,1
p_011170,rereading,lab,undergraduate,low,early,east,1
p_011171,rereading,lab,community,low,late,west,1
p_011172,retrieval_practice,lab,undergraduate,low,late,east,1
p_011173,retrieval_practice,lab,community,high,late,west,0
p_011174,retrieval_practice,remote,undergraduate,low,late,west,1
p_011175,rereading,lab,community,high,early,east,1
p_011176,retrieval_practice,lab,undergraduate,low,late,west,0
p_011177,rereading,lab,undergraduate,high,late,west,1
p_011178,rereading,lab,community,low,late,east,1
p_011179,rereading,lab,undergraduate,high,early,west,0
p_011180,retrieval_practice,lab,undergraduate,high,late,west,1
p_011181,retrieval_practice,remote,undergraduate,low,early,west,1
p_011182,rereading,remote,undergraduate,high,early,west,1
p_011183,retrieval_practice,lab,undergraduate,high,late,west,0
p_011184,retrieval_practice,lab,community,low,early,west,0
p_011185,rereading,lab,community,high,early,east,0
p_011186,retrieval_practice,lab,undergraduate,high,late,west,1
p_011187,rereading,remote,undergraduate,low,early,east,1
p_011188,retrieval_practice,lab,undergraduate,low,late,east,1
p_011189,rereading,remote,undergraduate,low,late,west,1
p_011190,rereading,lab,community,low,late,east,1
p_011191,rereading,remote,undergraduate,low,late,west,0
p_011192,rereading,lab,community,high,late,east,1
p_011193,retrieval_practice,lab,undergraduate,high,early,west,0
p_011194,rereading,remote,community,low,early,east,0
p_011195,retrieval_practice,lab,community,low,early,east,1
p_011196,rereading,lab,community,high,late,west,0
p_011197,rereading,lab,undergraduate,low,early,east,0
p_011198,retrieval_practice,remote,undergraduate,high,early,west,0
p_011199,retrieval_practice,lab,undergraduate,low,early,west,1
p_011200,rereading,remote,community,low,late,west,0
p_011201,rereading,remote,undergraduate,low,early,west,1
p_011202,rereading,remote,undergraduate,high,late,east,1
p_011203,retrieval_practice,lab,undergraduate,high,early,west,0
p_011204,retrieval_practice,remote,undergraduate,high,early,east,0
p_011205,rereading,remote,undergraduate,high,early,west,1
p_011206,rereading,lab,undergraduate,high,late,west,0
p_011207,retrieval_practice,remote,community,high,late,west,0
p_011208,retrieval_practice,remote,community,high,early,east,1
p_011209,rereading,remote,undergraduate,high,early,west,0
p_011210,rereading,lab,community,high,early,west,1
p_011211,retrieval_practice,lab,community,high,late,east,0
p_011212,rereading,remote,undergraduate,low,late,east,1
p_011213,retrieval_practice,lab,undergraduate,low,late,east,0
p_011214,retrieval_practice,remote,undergraduate,low,late,west,0
p_011215,retrieval_practice,remote,undergraduate,high,late,west,1
p_011216,retrieval_practice,remote,undergraduate,low,late,east,0
p_011217,rereading,lab,undergraduate,low,late,west,0
p_011218,retrieval_practice,lab,undergraduate,low,late,west,1
p_011219,retrieval_practice,lab,undergraduate,high,early,west,1
p_011220,retrieval_practice,remote,undergraduate,low,late,east,0
p_011221,rereading,remote,community,high,early,west,1
p_011222,rereading,remote,undergraduate,high,late,west,1
p_011223,rereading,lab,undergraduate,high,late,east,0
p_011224,retrieval_practice,remote,community,low,late,west,0
p_011225,retrieval_practice,lab,undergraduate,high,late,east,1
p_011226,rereading,remote,undergraduate,low,early,east,0
p_011227,rereading,lab,undergraduate,low,early,east,0
p_011228,retrieval_practice,remote,community,low,late,east,0
p_011229,retrieval_practice,lab,undergraduate,high,late,east,0
p_011230,rereading,lab,undergraduate,high,late,east,0
p_011231,retrieval_practice,lab,community,high,late,west,0
p_011232,rereading,lab,undergraduate,low,late,east,1
p_011233,rereading,lab,undergraduate,high,early,east,0
p_011234,rereading,remote,community,high,early,west,0
p_011235,retrieval_practice,remote,undergraduate,high,late,west,1
p_011236,rereading,lab,undergraduate,high,late,west,1
p_011237,retrieval_practice,lab,undergraduate,high,early,west,1
p_011238,retrieval_practice,remote,undergraduate,low,early,west,1
p_011239,retrieval_practice,remote,undergraduate,low,early,west,0
p_011240,rereading,lab,undergraduate,low,late,east,0
p_011241,retrieval_practice,remote,community,low,late,west,0
p_011242,rereading,lab,undergraduate,high,early,west,1
p_011243,rereading,lab,community,low,early,west,0
p_011244,retrieval_practice,remote,undergraduate,high,early,west,0
p_011245,rereading,lab,undergraduate,high,early,west,0
p_011246,rereading,remote,undergraduate,high,early,west,1
p_011247,retrieval_practice,lab,undergraduate,low,late,west,0
p_011248,rereading,lab,undergraduate,low,late,west,1
p_011249,rereading,lab,undergraduate,low,late,east,0
p_011250,retrieval_practice,remote,community,high,late,west,1
p_011251,retrieval_practice,lab,undergraduate,high,early,east,0
p_011252,rereading,remote,community,high,early,west,1
p_011253,retrieval_practice,lab,community,low,early,east,0
p_011254,rereading,lab,community,low,late,west,1
p_011255,rereading,lab,undergraduate,high,late,west,0
p_011256,rereading,lab,community,high,late,west,0
p_011257,rereading,lab,community,low,early,east,0
p_011258,rereading,lab,undergraduate,high,late,west,0
p_011259,rereading,lab,undergraduate,high,late,east,1
p_011260,rereading,lab,community,high,late,west,1
p_011261,retrieval_practice,lab,undergraduate,low,late,west,1
p_011262,rereading,lab,undergraduate,high,late,west,1
p_011263,retrieval_practice,lab,community,low,early,west,0
p_011264,retrieval_practice,remote,community,high,late,east,1
p_011265,rereading,lab,community,high,early,west,1
p_011266,rereading,lab,community,high,late,west,1
p_011267,retrieval_practice,remote,community,high,early,west,0
p_011268,retrieval_practice,remote,undergraduate,low,late,west,0
p_011269,retrieval_practice,lab,undergraduate,low,early,west,0
p_011270,retrieval_practice,lab,community,high,late,east,0
p_011271,rereading,remote,undergraduate,low,late,east,0
p_011272,retrieval_practice,lab,community,high,late,west,0
p_011273,rereading,remote,undergraduate,low,late,east,0
p_011274,rereading,remote,community,low,late,west,0
p_011275,rereading,lab,community,low,late,west,0
p_011276,rereading,remote,community,high,late,west,0
p_011277,retrieval_practice,lab,community,high,early,east,1
p_011278,rereading,lab,community,high,early,east,1
p_011279,retrieval_practice,remote,community,low,early,east,0
p_011280,retrieval_practice,lab,undergraduate,high,early,east,0
p_011281,rereading,lab,community,low,late,east,0
p_011282,retrieval_practice,remote,undergraduate,high,early,west,0
p_011283,rereading,lab,community,low,late,west,0
p_011284,rereading,lab,undergraduate,high,early,east,0
p_011285,retrieval_practice,remote,undergraduate,high,late,west,0
p_011286,rereading,lab,undergraduate,low,early,east,1
p_011287,rereading,lab,undergraduate,high,early,west,1
p_011288,retrieval_practice,lab,undergraduate,high,late,west,0
p_011289,retrieval_practice,remote,community,low,late,east,0
p_011290,rereading,remote,community,high,early,west,1
p_011291,rereading,lab,undergraduate,low,early,west,0
p_011292,rereading,remote,community,low,early,west,0
p_011293,rereading,lab,community,high,early,west,0
p_011294,retrieval_practice,remote,community,low,late,east,0
p_011295,rereading,lab,undergraduate,low,early,west,1
p_011296,rereading,lab,undergraduate,low,late,west,0
p_011297,rereading,remote,community,low,late,east,0
p_011298,rereading,lab,undergraduate,high,early,west,1
p_011299,rereading,lab,community,high,late,west,0
p_011300,retrieval_practice,lab,undergraduate,low,early,west,1
p_011301,rereading,lab,undergraduate,high,late,east,0
p_011302,retrieval_practice,lab,undergraduate,high,early,west,1
p_011303,retrieval_practice,lab,community,low,early,west,1
p_011304,retrieval_practice,remote,community,high,late,west,0
p_011305,retrieval_practice,lab,community,low,late,east,1
p_011306,retrieval_practice,remote,undergraduate,high,late,east,0
p_011307,rereading,lab,community,high,late,east,1
p_011308,retrieval_practice,lab,undergraduate,high,early,east,0
p_011309,rereading,lab,undergraduate,high,late,east,1
p_011310,retrieval_practice,lab,undergraduate,low,early,east,1
p_011311,rereading,remote,undergraduate,low,early,east,0
p_011312,rereading,remote,community,high,early,west,0
p_011313,retrieval_practice,lab,community,low,early,west,1
p_011314,retrieval_practice,lab,community,high,late,west,0
p_011315,rereading,lab,undergraduate,low,late,west,0
p_011316,retrieval_practice,remote,undergraduate,low,late,east,1
p_011317,rereading,lab,community,low,early,east,1
p_011318,retrieval_practice,remote,community,low,late,east,0
p_011319,rereading,lab,undergraduate,high,early,east,1
p_011320,rereading,lab,community,high,early,west,0
p_011321,rereading,remote,community,low,early,west,0
p_011322,rereading,remote,community,low,late,east,0
p_011323,retrieval_practice,remote,community,low,early,west,0
p_011324,rereading,remote,undergraduate,high,early,west,0
p_011325,rereading,lab,community,low,late,east,1
p_011326,rereading,remote,undergraduate,high,early,east,0
p_011327,retrieval_practice,lab,community,low,late,west,1
p_011328,rereading,remote,community,high,early,east,1
p_011329,retrieval_practice,lab,undergraduate,high,early,west,1
p_011330,rereading,remote,community,high,late,west,0
p_011331,rereading,lab,undergraduate,low,late,east,1
p_011332,rereading,remote,undergraduate,high,late,east,1
p_011333,retrieval_practice,lab,undergraduate,low,late,east,1
p_011334,retrieval_practice,lab,undergraduate,low,early,east,1
p_011335,rereading,lab,community,low,late,west,0
p_011336,rereading,remote,undergraduate,low,early,east,0
p_011337,retrieval_practice,remote,undergraduate,high,late,west,1
p_011338,retrieval_practice,lab,undergraduate,low,late,east,0
p_011339,rereading,lab,community,low,early,west,1
p_011340,retrieval_practice,lab,undergraduate,high,early,east,1
p_011341,retrieval_practice,lab,undergraduate,high,early,east,1
p_011342,rereading,lab,community,low,early,east,0
p_011343,rereading,lab,community,high,late,east,1
p_011344,rereading,lab,community,high,early,east,1
p_011345,retrieval_practice,lab,undergraduate,low,late,west,1
p_011346,retrieval_practice,lab,community,high,late,west,1
p_011347,rereading,lab,undergraduate,low,early,west,0
p_011348,rereading,lab,community,low,early,east,0
p_011349,rereading,lab,community,low,late,east,1
p_011350,rereading,lab,undergraduate,low,late,east,0
p_011351,retrieval_practice,lab,undergraduate,low,late,east,1
p_011352,retrieval_practice,lab,undergraduate,high,late,east,1
p_011353,retrieval_practice,lab,undergraduate,low,early,west,1
p_011354,rereading,lab,community,high,early,east,0
p_011355,retrieval_practice,lab,undergraduate,high,late,west,1
p_011356,rereading,lab,undergraduate,low,late,east,1
p_011357,rereading,lab,undergraduate,high,early,east,1
p_011358,rereading,lab,undergraduate,low,early,east,0
p_011359,rereading,remote,community,high,early,east,1
p_011360,retrieval_practice,remote,undergraduate,high,early,west,0
p_011361,retrieval_practice,lab,undergraduate,high,late,east,0
p_011362,retrieval_practice,remote,undergraduate,low,late,east,1
p_011363,rereading,lab,undergraduate,low,late,west,0
p_011364,retrieval_practice,remote,community,high,late,east,0
p_011365,retrieval_practice,lab,community,low,late,east,1
p_011366,retrieval_practice,remote,undergraduate,low,late,east,1
p_011367,retrieval_practice,remote,undergraduate,low,early,west,1
p_011368,retrieval_practice,lab,undergraduate,high,late,east,1
p_011369,retrieval_practice,lab,undergraduate,high,late,west,1
p_011370,retrieval_practice,lab,community,high,late,east,1
p_011371,retrieval_practice,lab,community,high,early,east,1
p_011372,retrieval_practice,remote,undergraduate,low,late,east,0
p_011373,rereading,lab,undergraduate,high,late,east,0
p_011374,rereading,lab,community,high,late,east,1
p_011375,rereading,remote,undergraduate,low,early,east,1
p_011376,rereading,remote,undergraduate,low,late,west,1
p_011377,retrieval_practice,lab,undergraduate,high,early,east,1
p_011378,rereading,remote,undergraduate,low,early,west,0
p_011379,rereading,remote,undergraduate,low,early,east,1
p_011380,retrieval_practice,remote,undergraduate,low,early,west,0
p_011381,rereading,lab,undergraduate,high,early,east,1
p_011382,retrieval_practice,lab,undergraduate,low,early,east,1
p_011383,rereading,lab,community,low,early,east,1
p_011384,retrieval_practice,remote,undergraduate,high,early,west,0
p_011385,retrieval_practice,remote,undergraduate,high,late,west,1
p_011386,retrieval_practice,lab,community,low,early,east,0
p_011387,rereading,lab,undergraduate,high,late,west,1
p_011388,rereading,remote,community,high,late,east,1
p_011389,rereading,lab,undergraduate,low,late,east,1
p_011390,rereading,lab,undergraduate,high,late,east,1
p_011391,rereading,remote,community,low,late,west,0
p_011392,retrieval_practice,remote,undergraduate,low,late,east,0
p_011393,retrieval_practice,remote,undergraduate,low,early,west,0
p_011394,rereading,lab,undergraduate,low,late,west,0
p_011395,rereading,remote,undergraduate,low,late,west,0
p_011396,rereading,lab,undergraduate,low,late,east,1
p_011397,retrieval_practice,lab,undergraduate,high,late,east,0
p_011398,rereading,lab,community,low,late,east,1
p_011399,rereading,remote,undergraduate,low,early,east,0
p_011400,rereading,lab,undergraduate,high,late,west,0
p_011401,retrieval_practice,remote,undergraduate,low,early,east,0
p_011402,rereading,remote,undergraduate,low,early,east,1
p_011403,retrieval_practice,lab,undergraduate,low,early,east,0
p_011404,retrieval_practice,lab,undergraduate,low,late,east,0
p_011405,rereading,remote,community,high,early,west,1
p_011406,retrieval_practice,remote,undergraduate,low,early,east,1
p_011407,retrieval_practice,lab,undergraduate,low,late,east,0
p_011408,retrieval_practice,remote,undergraduate,high,late,east,0
p_011409,retrieval_practice,lab,undergraduate,high,early,east,1
p_011410,rereading,lab,community,low,early,east,1
p_011411,retrieval_practice,remote,community,high,early,west,1
p_011412,rereading,lab,community,low,early,west,0
p_011413,rereading,remote,undergraduate,high,early,east,1
p_011414,retrieval_practice,remote,undergraduate,low,late,west,1
p_011415,rereading,remote,community,high,late,west,1
p_011416,retrieval_practice,lab,undergraduate,low,late,west,1
p_011417,retrieval_practice,lab,community,low,late,west,1
p_011418,retrieval_practice,lab,undergraduate,high,late,east,1
p_011419,retrieval_practice,remote,undergraduate,low,early,west,0
p_011420,rereading,remote,undergraduate,high,late,east,0
p_011421,retrieval_practice,lab,undergraduate,low,early,east,1
p_011422,retrieval_practice,remote,undergraduate,low,early,east,0
p_011423,rereading,remote,undergraduate,high,early,west,0
p_011424,rereading,lab,undergraduate,low,early,west,0
p_011425,retrieval_practice,remote,community,high,early,west,1
p_011426,rereading,lab,undergraduate,high,late,east,0
p_011427,retrieval_practice,lab,undergraduate,high,early,west,0
p_011428,retrieval_practice,lab,community,low,late,east,1
p_011429,retrieval_practice,lab,undergraduate,high,early,west,0
p_011430,retrieval_practice,remote,undergraduate,high,early,west,1
p_011431,retrieval_practice,lab,undergraduate,high,late,west,1
p_011432,rereading,remote,undergraduate,low,early,east,1
p_011433,retrieval_practice,remote,community,low,late,east,0
p_011434,retrieval_practice,lab,undergraduate,low,late,east,1
p_011435,rereading,remote,community,high,early,east,1
p_011436,retrieval_practice,lab,undergraduate,high,late,east,1
p_011437,retrieval_practice,lab,community,low,early,east,1
p_011438,rereading,lab,undergraduate,high,early,east,1
p_011439,retrieval_practice,lab,community,low,early,west,0
p_011440,retrieval_practice,remote,undergraduate,high,early,west,1
p_011441,rereading,lab,community,low,early,west,0
p_011442,rereading,remote,community,high,late,west,1
p_011443,rereading,lab,community,high,late,west,1
p_011444,rereading,remote,community,high,late,west,1
p_011445,retrieval_practice,remote,community,high,early,east,1
p_011446,rereading,remote,undergraduate,high,early,west,0
p_011447,rereading,remote,community,low,late,west,1
p_011448,retrieval_practice,lab,undergraduate,high,early,west,1
p_011449,retrieval_practice,lab,undergraduate,high,late,west,1
p_011450,retrieval_practice,lab,undergraduate,high,late,west,0
p_011451,rereading,lab,undergraduate,high,late,west,1
p_011452,rereading,lab,undergraduate,low,early,west,0
p_011453,rereading,remote,undergraduate,high,early,east,1
p_011454,retrieval_practice,remote,undergraduate,low,early,west,1
p_011455,retrieval_practice,lab,undergraduate,high,late,east,0
p_011456,rereading,remote,undergraduate,low,early,west,1
p_011457,rereading,lab,undergraduate,high,late,west,1
p_011458,retrieval_practice,remote,undergraduate,high,early,east,1
p_011459,retrieval_practice,remote,community,high,early,east,1
p_011460,retrieval_practice,lab,undergraduate,low,early,east,1
p_011461,rereading,lab,undergraduate,low,late,west,0
p_011462,retrieval_practice,lab,community,high,early,west,0
p_011463,retrieval_practice,lab,undergraduate,high,early,west,0
p_011464,retrieval_practice,remote,community,low,early,west,1
p_011465,rereading,lab,community,low,early,west,0
p_011466,rereading,lab,undergraduate,high,late,west,0
p_011467,rereading,remote,undergraduate,low,early,east,0
p_011468,retrieval_practice,remote,undergraduate,low,early,east,1
p_011469,retrieval_practice,lab,undergraduate,high,early,west,0
p_011470,rereading,lab,undergraduate,low,late,east,0
p_011471,rereading,lab,undergraduate,high,early,east,1
p_011472,rereading,remote,undergraduate,low,early,east,0
p_011473,rereading,lab,community,high,late,west,0
p_011474,rereading,remote,undergraduate,low,early,east,0
p_011475,retrieval_practice,lab,undergraduate,low,early,east,1
p_011476,retrieval_practice,remote,undergraduate,low,early,east,1
p_011477,retrieval_practice,lab,undergraduate,low,early,east,0
p_011478,rereading,remote,community,high,early,east,0
p_011479,rereading,lab,community,low,late,west,1
p_011480,retrieval_practice,lab,undergraduate,low,early,west,1
p_011481,rereading,remote,undergraduate,high,early,east,0
p_011482,rereading,lab,undergraduate,low,early,east,0
p_011483,retrieval_practice,lab,community,high,early,west,0
p_011484,retrieval_practice,lab,community,low,late,west,0
p_011485,retrieval_practice,remote,undergraduate,high,late,east,0
p_011486,retrieval_practice,remote,undergraduate,low,early,east,1
p_011487,retrieval_practice,remote,community,low,late,west,0
p_011488,retrieval_practice,lab,undergraduate,low,early,west,1
p_011489,rereading,lab,community,high,late,west,1
p_011490,retrieval_practice,remote,undergraduate,high,late,west,0
p_011491,rereading,remote,community,low,early,east,1
p_011492,rereading,remote,community,high,early,east,1
p_011493,rereading,remote,community,low,early,west,0
p_011494,retrieval_practice,lab,undergraduate,high,late,west,1
p_011495,retrieval_practice,lab,undergraduate,high,early,east,1
p_011496,retrieval_practice,remote,community,low,early,east,1
p_011497,rereading,lab,community,low,late,west,0
p_011498,rereading,lab,community,low,early,west,0
p_011499,retrieval_practice,lab,undergraduate,low,late,east,0
p_011500,rereading,remote,undergraduate,low,early,east,1
p_011501,rereading,lab,community,high,early,east,1
p_011502,retrieval_practice,remote,undergraduate,low,late,east,1
p_011503,retrieval_practice,lab,community,high,late,east,0
p_011504,retrieval_practice,lab,undergraduate,low,late,west,1
p_011505,retrieval_practice,lab,undergraduate,high,late,east,1
p_011506,rereading,lab,undergraduate,low,late,west,0
p_011507,retrieval_practice,lab,undergraduate,high,late,west,1
p_011508,rereading,lab,undergraduate,low,early,east,0
p_011509,retrieval_practice,lab,undergraduate,high,early,east,0
p_011510,retrieval_practice,lab,community,low,late,east,1
p_011511,rereading,lab,undergraduate,high,late,east,0
p_011512,retrieval_practice,remote,community,high,late,east,1
p_011513,retrieval_practice,remote,undergraduate,low,early,west,1
p_011514,retrieval_practice,lab,undergraduate,high,late,west,1
p_011515,rereading,remote,community,high,early,east,0
p_011516,retrieval_practice,remote,community,low,late,west,0
p_011517,rereading,lab,community,high,early,east,1
p_011518,retrieval_practice,remote,undergraduate,high,late,west,0
p_011519,rereading,remote,undergraduate,high,early,east,0
p_011520,retrieval_practice,remote,community,high,early,west,0
p_011521,rereading,remote,community,low,late,west,1
p_011522,rereading,lab,undergraduate,high,early,west,0
p_011523,retrieval_practice,lab,undergraduate,high,early,east,0
p_011524,retrieval_practice,remote,undergraduate,high,early,west,0
p_011525,retrieval_practice,lab,community,high,late,west,0
p_011526,retrieval_practice,lab,undergraduate,high,early,east,0
p_011527,rereading,lab,community,high,late,west,1
p_011528,retrieval_practice,lab,community,high,early,east,0
p_011529,rereading,lab,community,high,late,west,0
p_011530,retrieval_practice,lab,undergraduate,low,early,west,0
p_011531,rereading,remote,community,low,early,east,1
p_011532,retrieval_practice,lab,community,high,late,east,0
p_011533,rereading,lab,undergraduate,high,late,west,1
p_011534,retrieval_practice,lab,community,high,late,west,0
p_011535,retrieval_practice,lab,community,high,early,west,0
p_011536,retrieval_practice,lab,undergraduate,high,early,east,0
p_011537,rereading,remote,undergraduate,low,early,east,0
p_011538,rereading,lab,undergraduate,high,early,east,0
p_011539,rereading,lab,community,high,late,west,1
p_011540,retrieval_practice,lab,community,low,late,east,0
p_011541,retrieval_practice,remote,undergraduate,low,early,west,0
p_011542,retrieval_practice,remote,community,low,late,east,1
p_011543,retrieval_practice,lab,undergraduate,low,late,east,1
p_011544,rereading,lab,community,high,early,west,0
p_011545,retrieval_practice,remote,community,high,early,west,0
p_011546,retrieval_practice,lab,undergraduate,low,late,east,0
p_011547,rereading,remote,community,low,late,east,1
p_011548,retrieval_practice,lab,community,low,early,west,0
p_011549,retrieval_practice,remote,community,high,early,west,0
p_011550,retrieval_practice,remote,community,low,late,east,1
p_011551,retrieval_practice,lab,community,high,late,west,1
p_011552,rereading,lab,undergraduate,high,late,west,0
p_011553,rereading,lab,community,high,late,east,0
p_011554,retrieval_practice,lab,undergraduate,low,late,west,0
p_011555,rereading,lab,undergraduate,high,early,west,1
p_011556,rereading,remote,undergraduate,low,early,west,1
p_011557,rereading,remote,undergraduate,high,early,west,0
p_011558,retrieval_practice,lab,community,low,early,east,0
p_011559,rereading,remote,undergraduate,high,early,east,1
p_011560,rereading,lab,undergraduate,low,late,west,0
p_011561,rereading,remote,undergraduate,high,early,west,0
p_011562,retrieval_practice,lab,undergraduate,low,early,west,1
p_011563,rereading,remote,undergraduate,low,late,east,1
p_011564,retrieval_practice,remote,undergraduate,high,early,east,0
p_011565,retrieval_practice,remote,undergraduate,low,late,west,1
p_011566,retrieval_practice,remote,undergraduate,low,early,east,1
p_011567,rereading,lab,undergraduate,high,early,east,0
p_011568,retrieval_practice,remote,undergraduate,high,early,east,0
p_011569,retrieval_practice,remote,undergraduate,low,late,west,1
p_011570,rereading,lab,undergraduate,high,late,west,1
p_011571,retrieval_practice,lab,undergraduate,high,late,west,0
p_011572,retrieval_practice,remote,undergraduate,low,early,east,1
p_011573,rereading,lab,undergraduate,low,late,west,0
p_011574,retrieval_practice,remote,undergraduate,high,early,east,0
p_011575,rereading,lab,undergraduate,high,early,west,0
p_011576,rereading,lab,undergraduate,low,early,east,0
p_011577,rereading,remote,undergraduate,high,early,west,0
p_011578,rereading,remote,undergraduate,low,early,west,1
p_011579,retrieval_practice,remote,undergraduate,low,late,east,1
p_011580,retrieval_practice,remote,undergraduate,high,late,west,1
p_011581,retrieval_practice,remote,undergraduate,low,early,east,0
p_011582,retrieval_practice,remote,undergraduate,low,late,west,0
p_011583,rereading,lab,undergraduate,high,late,east,0
p_011584,retrieval_practice,remote,community,low,early,east,1
p_011585,rereading,lab,undergraduate,high,early,west,0
p_011586,retrieval_practice,remote,community,high,late,west,0
p_011587,rereading,remote,undergraduate,high,late,east,0
p_011588,retrieval_practice,remote,undergraduate,low,early,west,1
p_011589,retrieval_practice,remote,community,low,late,west,0
p_011590,rereading,remote,undergraduate,high,early,east,1
p_011591,retrieval_practice,lab,undergraduate,high,late,west,1
p_011592,retrieval_practice,lab,undergraduate,high,late,west,1
p_011593,rereading,remote,undergraduate,low,late,west,0
p_011594,rereading,lab,undergraduate,low,early,west,0
p_011595,rereading,lab,undergraduate,low,early,west,1
p_011596,rereading,lab,undergraduate,low,early,east,1
p_011597,rereading,remote,undergraduate,low,early,east,0
p_011598,retrieval_practice,lab,undergraduate,high,late,east,1
p_011599,retrieval_practice,remote,undergraduate,low,late,east,1
p_011600,rereading,lab,undergraduate,high,early,west,1
p_011601,retrieval_practice,lab,undergraduate,low,early,west,1
p_011602,rereading,lab,community,low,late,east,1
p_011603,retrieval_practice,remote,community,high,early,west,0
p_011604,retrieval_practice,lab,undergraduate,low,early,west,1
p_011605,rereading,remote,community,high,late,east,0
p_011606,retrieval_practice,remote,community,low,late,west,0
p_011607,retrieval_practice,lab,undergraduate,low,late,west,0
p_011608,retrieval_practice,lab,undergraduate,low,early,west,0
p_011609,retrieval_practice,lab,undergraduate,low,late,west,1
p_011610,retrieval_practice,lab,undergraduate,low,early,east,1
p_011611,rereading,remote,undergraduate,low,late,east,1
p_011612,retrieval_practice,remote,undergraduate,low,early,west,1
p_011613,retrieval_practice,remote,community,high,late,west,1
p_011614,retrieval_practice,lab,undergraduate,low,late,east,1
p_011615,rereading,lab,community,high,late,west,1
p_011616,retrieval_practice,lab,community,high,late,west,1
p_011617,retrieval_practice,lab,community,high,late,west,1
p_011618,retrieval_practice,lab,community,low,late,east,1
p_011619,retrieval_practice,lab,undergraduate,high,late,east,0
p_011620,rereading,remote,undergraduate,high,early,west,1
p_011621,retrieval_practice,lab,undergraduate,high,early,west,1
p_011622,rereading,lab,community,high,late,west,1
p_011623,rereading,lab,undergraduate,high,late,west,1
p_011624,retrieval_practice,lab,community,high,late,east,1
p_011625,rereading,lab,community,low,early,west,0
p_011626,retrieval_practice,lab,community,high,late,east,1
p_011627,rereading,lab,undergraduate,low,late,east,0
p_011628,rereading,lab,undergraduate,high,late,east,0
p_011629,retrieval_practice,remote,community,high,late,west,1
p_011630,rereading,remote,community,high,late,east,1
p_011631,rereading,lab,community,high,early,east,1
p_011632,rereading,remote,community,low,late,east,0
p_011633,rereading,lab,community,low,early,west,0
p_011634,rereading,lab,community,high,early,west,1
p_011635,retrieval_practice,remote,community,high,early,east,0
p_011636,rereading,remote,community,low,early,west,1
p_011637,rereading,lab,community,low,early,west,0
p_011638,retrieval_practice,lab,undergraduate,high,late,east,0
p_011639,rereading,remote,undergraduate,low,late,west,0
p_011640,rereading,remote,community,high,early,east,1
p_011641,retrieval_practice,remote,community,low,early,west,0
p_011642,retrieval_practice,remote,undergraduate,low,early,east,0
p_011643,retrieval_practice,lab,undergraduate,high,early,east,1
p_011644,rereading,lab,community,low,late,west,1
p_011645,rereading,remote,undergraduate,high,early,east,1
p_011646,rereading,remote,undergraduate,low,early,east,0
p_011647,rereading,lab,undergraduate,low,early,east,0
p_011648,retrieval_practice,lab,undergraduate,low,early,east,0
p_011649,retrieval_practice,remote,community,high,early,east,1
p_011650,rereading,lab,undergraduate,low,late,east,0
p_011651,retrieval_practice,lab,undergraduate,high,late,east,0
p_011652,rereading,lab,undergraduate,low,late,east,0
p_011653,rereading,lab,community,high,late,west,1
p_011654,rereading,lab,undergraduate,high,early,east,0
p_011655,rereading,lab,undergraduate,low,early,east,1
p_011656,rereading,lab,community,high,early,east,1
p_011657,retrieval_practice,lab,undergraduate,low,late,west,1
p_011658,rereading,remote,community,high,early,west,0
p_011659,retrieval_practice,remote,community,low,late,east,1
p_011660,retrieval_practice,lab,community,low,late,east,1
p_011661,retrieval_practice,lab,undergraduate,low,late,east,0
p_011662,rereading,lab,community,high,early,east,0
p_011663,rereading,remote,undergraduate,low,early,west,1
p_011664,rereading,lab,community,high,early,east,1
p_011665,retrieval_practice,remote,undergraduate,low,early,west,0
p_011666,retrieval_practice,remote,undergraduate,high,early,east,1
p_011667,retrieval_practice,remote,community,low,late,east,0
p_011668,rereading,lab,undergraduate,low,early,east,0
p_011669,rereading,lab,undergraduate,low,late,west,1
p_011670,retrieval_practice,lab,undergraduate,low,early,west,1
p_011671,retrieval_practice,lab,community,high,late,west,1
p_011672,retrieval_practice,lab,community,low,late,west,1
p_011673,retrieval_practice,lab,undergraduate,high,early,east,0
p_011674,retrieval_practice,lab,undergraduate,high,late,west,1
p_011675,rereading,remote,community,high,early,west,0
p_011676,rereading,lab,undergraduate,low,late,west,0
p_011677,retrieval_practice,remote,undergraduate,high,late,west,0
p_011678,rereading,lab,community,high,early,east,0
p_011679,retrieval_practice,lab,undergraduate,low,late,east,0
p_011680,retrieval_practice,lab,undergraduate,high,late,east,0
p_011681,retrieval_practice,lab,community,low,late,east,1
p_011682,retrieval_practice,lab,community,low,late,west,0
p_011683,rereading,remote,undergraduate,low,late,west,1
p_011684,retrieval_practice,lab,undergraduate,low,early,west,1
p_011685,rereading,remote,undergraduate,high,late,east,1
p_011686,retrieval_practice,remote,undergraduate,high,late,east,1
p_011687,rereading,lab,community,low,late,west,1
p_011688,rereading,remote,undergraduate,low,late,west,0
p_011689,retrieval_practice,lab,community,high,late,east,0
p_011690,rereading,lab,undergraduate,high,late,east,0
p_011691,retrieval_practice,remote,undergraduate,low,late,west,1
p_011692,rereading,remote,community,low,late,east,0
p_011693,rereading,remote,undergraduate,high,late,west,1
p_011694,rereading,lab,undergraduate,low,early,west,1
p_011695,retrieval_practice,remote,undergraduate,low,late,east,1
p_011696,rereading,remote,undergraduate,low,early,east,1
p_011697,rereading,remote,community,high,early,east,0
p_011698,retrieval_practice,lab,community,low,early,west,0
p_011699,retrieval_practice,remote,community,high,late,east,1
p_011700,rereading,lab,undergraduate,low,early,west,1
p_011701,retrieval_practice,remote,undergraduate,high,early,west,1
p_011702,retrieval_practice,lab,community,high,early,east,0
p_011703,retrieval_practice,remote,community,high,early,west,0
p_011704,retrieval_practice,remote,undergraduate,low,late,east,1
p_011705,rereading,lab,community,high,late,west,0
p_011706,retrieval_practice,lab,undergraduate,high,early,west,1
p_011707,rereading,lab,community,low,late,east,0
p_011708,retrieval_practice,lab,community,low,early,east,0
p_011709,retrieval_practice,remote,undergraduate,high,early,west,0
p_011710,retrieval_practice,lab,undergraduate,high,early,east,0
p_011711,retrieval_practice,remote,undergraduate,high,late,west,1
p_011712,rereading,remote,undergraduate,high,early,east,1
p_011713,rereading,remote,community,high,early,east,1
p_011714,rereading,remote,undergraduate,high,late,east,0
p_011715,retrieval_practice,lab,undergraduate,high,early,west,1
p_011716,rereading,remote,undergraduate,high,late,east,0
p_011717,retrieval_practice,remote,undergraduate,low,late,west,0
p_011718,rereading,lab,undergraduate,low,early,west,0
p_011719,rereading,remote,community,high,early,east,1
p_011720,retrieval_practice,lab,community,low,late,west,0
p_011721,retrieval_practice,lab,undergraduate,high,late,east,1
p_011722,rereading,lab,community,high,early,east,0
p_011723,rereading,lab,undergraduate,low,early,east,1
p_011724,retrieval_practice,lab,undergraduate,high,early,east,1
p_011725,rereading,lab,community,low,late,east,0
p_011726,retrieval_practice,lab,community,high,early,east,0
p_011727,retrieval_practice,lab,community,high,early,east,0
p_011728,rereading,lab,undergraduate,low,late,east,0
p_011729,rereading,remote,undergraduate,low,late,west,0
p_011730,rereading,remote,undergraduate,low,late,east,1
p_011731,rereading,lab,undergraduate,low,late,east,1
p_011732,retrieval_practice,remote,undergraduate,high,late,east,1
p_011733,rereading,lab,community,high,late,east,0
p_011734,retrieval_practice,lab,undergraduate,high,early,east,0
p_011735,retrieval_practice,lab,community,high,early,east,0
p_011736,retrieval_practice,remote,community,low,early,east,0
p_011737,retrieval_practice,lab,undergraduate,high,late,east,0
p_011738,rereading,lab,undergraduate,low,late,east,0
p_011739,rereading,lab,undergraduate,high,late,east,1
p_011740,rereading,remote,community,high,early,east,0
p_011741,rereading,lab,undergraduate,low,late,west,0
p_011742,rereading,lab,community,high,late,east,0
p_011743,rereading,lab,community,low,early,east,0
p_011744,retrieval_practice,remote,undergraduate,high,early,west,1
p_011745,rereading,remote,community,high,late,east,1
p_011746,retrieval_practice,remote,undergraduate,high,late,east,1
p_011747,retrieval_practice,lab,undergraduate,high,late,east,1
p_011748,retrieval_practice,remote,undergraduate,low,late,east,0
p_011749,rereading,lab,undergraduate,low,early,east,0
p_011750,retrieval_practice,lab,undergraduate,high,early,east,0
p_011751,retrieval_practice,lab,community,high,late,east,0
p_011752,rereading,lab,community,high,early,east,0
p_011753,retrieval_practice,remote,undergraduate,high,late,east,0
p_011754,rereading,lab,undergraduate,high,late,west,1
p_011755,retrieval_practice,lab,undergraduate,high,late,east,1
p_011756,rereading,lab,community,low,late,west,1
p_011757,rereading,lab,undergraduate,low,early,east,0
p_011758,rereading,lab,undergraduate,low,late,east,0
p_011759,retrieval_practice,remote,community,high,late,east,0
p_011760,rereading,lab,undergraduate,high,early,west,0
p_011761,retrieval_practice,remote,community,high,late,west,0
p_011762,rereading,remote,undergraduate,low,late,east,0
p_011763,retrieval_practice,lab,undergraduate,low,late,west,1
p_011764,retrieval_practice,remote,undergraduate,high,early,west,1
p_011765,rereading,lab,community,low,late,west,0
p_011766,rereading,lab,community,high,early,west,0
p_011767,retrieval_practice,remote,undergraduate,high,late,east,1
p_011768,rereading,remote,undergraduate,low,early,west,0
p_011769,rereading,remote,undergraduate,high,late,east,0
p_011770,retrieval_practice,remote,community,low,early,west,1
p_011771,rereading,remote,undergraduate,high,early,east,0
p_011772,rereading,lab,undergraduate,low,early,west,1
p_011773,rereading,lab,undergraduate,low,late,west,1
p_011774,retrieval_practice,lab,community,high,late,east,0
p_011775,retrieval_practice,lab,community,high,early,west,1
p_011776,retrieval_practice,remote,community,high,early,west,0
p_011777,retrieval_practice,lab,undergraduate,high,late,east,1
p_011778,retrieval_practice,lab,undergraduate,high,late,east,0
p_011779,rereading,lab,undergraduate,high,late,east,1
p_011780,retrieval_practice,lab,community,low,late,west,0
p_011781,retrieval_practice,lab,undergraduate,low,early,west,1
p_011782,rereading,lab,community,low,late,east,0
p_011783,rereading,lab,undergraduate,low,early,west,0
p_011784,retrieval_practice,lab,undergraduate,high,late,west,1
p_011785,rereading,remote,community,low,early,west,1
p_011786,rereading,remote,undergraduate,low,early,west,0
p_011787,retrieval_practice,remote,community,low,late,west,0
p_011788,retrieval_practice,lab,undergraduate,high,early,east,1
p_011789,rereading,lab,community,high,late,east,0
p_011790,retrieval_practice,lab,community,high,early,east,1
p_011791,retrieval_practice,lab,undergraduate,high,early,west,1
p_011792,rereading,remote,undergraduate,high,late,west,1
p_011793,retrieval_practice,remote,undergraduate,low,early,east,1
p_011794,retrieval_practice,lab,community,low,early,west,0
p_011795,retrieval_practice,lab,undergraduate,low,late,west,0
p_011796,rereading,lab,undergraduate,low,early,west,0
p_011797,retrieval_practice,lab,undergraduate,high,late,east,1
p_011798,retrieval_practice,lab,undergraduate,low,early,west,1
p_011799,retrieval_practice,lab,community,low,late,east,0
p_011800,rereading,lab,undergraduate,high,early,east,1
p_011801,rereading,lab,undergraduate,low,early,west,1
p_011802,retrieval_practice,remote,undergraduate,low,late,east,0
p_011803,rereading,remote,community,low,late,west,1
p_011804,retrieval_practice,lab,community,high,early,east,1
p_011805,rereading,lab,community,high,early,east,0
p_011806,rereading,lab,undergraduate,high,early,west,1
p_011807,rereading,lab,community,low,late,west,0
p_011808,retrieval_practice,remote,community,low,early,east,0
p_011809,retrieval_practice,lab,community,high,early,east,0
p_011810,retrieval_practice,lab,undergraduate,high,late,west,1
p_011811,rereading,lab,community,low,early,east,0
p_011812,rereading,remote,undergraduate,high,late,west,1
p_011813,rereading,lab,community,high,early,east,0
p_011814,rereading,remote,undergraduate,high,early,west,0
p_011815,retrieval_practice,remote,community,low,early,west,1
p_011816,retrieval_practice,lab,undergraduate,high,late,east,1
p_011817,rereading,remote,undergraduate,low,late,west,0
p_011818,retrieval_practice,remote,community,low,late,west,1
p_011819,rereading,lab,undergraduate,high,early,west,0
p_011820,rereading,lab,undergraduate,high,late,west,1
p_011821,rereading,remote,undergraduate,high,early,east,0
p_011822,rereading,remote,undergraduate,high,early,west,0
p_011823,rereading,lab,undergraduate,low,early,east,0
p_011824,rereading,lab,community,low,late,west,0
p_011825,retrieval_practice,remote,community,low,early,west,1
p_011826,retrieval_practice,remote,undergraduate,low,early,east,1
p_011827,rereading,remote,community,low,early,west,1
p_011828,retrieval_practice,remote,undergraduate,high,early,east,0
p_011829,rereading,lab,undergraduate,low,early,west,1
p_011830,retrieval_practice,remote,undergraduate,high,late,east,0
p_011831,rereading,lab,undergraduate,high,late,east,1
p_011832,retrieval_practice,lab,community,low,early,east,1
p_011833,retrieval_practice,remote,undergraduate,high,late,west,1
p_011834,rereading,lab,community,high,late,west,1
p_011835,rereading,remote,undergraduate,high,early,east,0
p_011836,retrieval_practice,lab,undergraduate,low,early,west,0
p_011837,retrieval_practice,remote,undergraduate,high,late,east,1
p_011838,retrieval_practice,lab,undergraduate,low,late,east,0
p_011839,rereading,remote,community,low,late,east,0
p_011840,retrieval_practice,lab,undergraduate,low,late,east,0
p_011841,rereading,lab,community,low,early,west,1
p_011842,retrieval_practice,lab,undergraduate,low,early,west,1
p_011843,rereading,remote,undergraduate,high,late,east,1
p_011844,retrieval_practice,lab,community,low,early,east,0
p_011845,rereading,lab,community,low,early,west,0
p_011846,retrieval_practice,lab,community,low,early,west,0
p_011847,rereading,remote,undergraduate,high,early,west,0
p_011848,rereading,remote,community,high,early,west,1
p_011849,retrieval_practice,lab,community,low,late,west,0
p_011850,rereading,lab,community,high,early,east,0
p_011851,retrieval_practice,remote,community,low,late,east,0
p_011852,rereading,lab,community,low,early,east,1
p_011853,rereading,lab,community,high,late,west,1
p_011854,rereading,lab,community,high,early,east,1
p_011855,rereading,lab,undergraduate,high,late,east,1
p_011856,retrieval_practice,lab,community,high,early,west,0
p_011857,rereading,lab,community,low,early,east,0
p_011858,retrieval_practice,lab,community,high,early,west,0
p_011859,rereading,lab,community,low,early,east,0
p_011860,rereading,lab,undergraduate,low,early,east,1
p_011861,rereading,lab,community,low,early,west,1
p_011862,retrieval_practice,lab,community,low,early,east,0
p_011863,rereading,remote,community,low,late,west,0
p_011864,retrieval_practice,lab,community,low,early,east,1
p_011865,rereading,lab,community,low,early,west,0
p_011866,rereading,lab,community,low,late,east,1
p_011867,rereading,remote,community,high,early,east,0
p_011868,retrieval_practice,remote,undergraduate,low,early,west,0
p_011869,retrieval_practice,lab,undergraduate,low,early,west,0
p_011870,rereading,lab,undergraduate,high,early,west,0
p_011871,retrieval_practice,remote,community,high,late,west,0
p_011872,rereading,lab,community,low,early,east,1
p_011873,retrieval_practice,lab,undergraduate,high,late,east,1
p_011874,rereading,lab,community,high,late,east,0
p_011875,rereading,lab,community,high,late,west,1
p_011876,rereading,lab,undergraduate,high,late,east,0
p_011877,rereading,lab,undergraduate,low,early,east,0
p_011878,retrieval_practice,lab,community,low,early,west,0
p_011879,rereading,lab,undergraduate,high,early,east,1
p_011880,retrieval_practice,remote,community,high,late,west,1
p_011881,rereading,remote,undergraduate,low,early,west,0
p_011882,retrieval_practice,remote,undergraduate,high,early,west,1
p_011883,retrieval_practice,lab,undergraduate,low,late,east,0
p_011884,rereading,remote,community,low,early,east,0
p_011885,retrieval_practice,remote,community,low,early,east,1
p_011886,rereading,lab,undergraduate,high,early,west,0
p_011887,retrieval_practice,remote,community,low,early,west,0
p_011888,rereading,lab,community,high,late,west,1
p_011889,rereading,lab,undergraduate,high,late,east,0
p_011890,retrieval_practice,lab,undergraduate,low,late,east,0
p_011891,retrieval_practice,remote,community,low,late,west,0
p_011892,rereading,lab,undergraduate,low,early,east,1
p_011893,rereading,lab,community,low,early,west,0
p_011894,retrieval_practice,lab,community,high,early,east,1
p_011895,retrieval_practice,remote,undergraduate,low,late,east,1
p_011896,rereading,remote,undergraduate,high,late,west,0
p_011897,rereading,lab,community,low,early,west,0
p_011898,retrieval_practice,remote,undergraduate,high,early,west,0
p_011899,retrieval_practice,lab,undergraduate,high,late,east,1
p_011900,retrieval_practice,remote,undergraduate,high,late,east,0
p_011901,retrieval_practice,remote,undergraduate,high,early,east,0
p_011902,rereading,remote,undergraduate,high,early,east,0
p_011903,rereading,remote,undergraduate,high,late,west,0
p_011904,rereading,remote,undergraduate,low,early,east,1
p_011905,rereading,lab,community,high,late,east,1
p_011906,retrieval_practice,lab,undergraduate,high,late,east,0
p_011907,rereading,lab,undergraduate,low,early,west,1
p_011908,retrieval_practice,remote,community,low,early,west,1
p_011909,rereading,lab,community,high,early,west,0
p_011910,rereading,lab,undergraduate,low,early,east,1
p_011911,retrieval_practice,lab,community,low,early,west,0
p_011912,retrieval_practice,lab,undergraduate,high,late,east,0
p_011913,retrieval_practice,lab,undergraduate,low,late,west,1
p_011914,retrieval_practice,lab,undergraduate,high,early,west,1
p_011915,retrieval_practice,remote,community,low,late,east,1
p_011916,rereading,remote,undergraduate,low,early,east,1
p_011917,rereading,lab,undergraduate,high,late,east,0
p_011918,retrieval_practice,lab,undergraduate,high,early,west,1
p_011919,rereading,remote,undergraduate,high,late,east,0
p_011920,retrieval_practice,remote,community,high,late,east,0
p_011921,rereading,lab,undergraduate,high,late,west,0
p_011922,retrieval_practice,lab,community,high,early,west,1
p_011923,rereading,lab,community,low,early,west,0
p_011924,rereading,remote,community,high,early,east,1
p_011925,retrieval_practice,lab,community,high,early,west,0
p_011926,retrieval_practice,lab,community,high,early,west,0
p_011927,retrieval_practice,lab,undergraduate,low,late,west,0
p_011928,retrieval_practice,remote,undergraduate,high,early,east,0
p_011929,rereading,lab,undergraduate,low,late,west,1
p_011930,retrieval_practice,lab,undergraduate,low,late,west,0
p_011931,rereading,lab,undergraduate,low,early,west,0
p_011932,retrieval_practice,lab,undergraduate,low,early,east,0
p_011933,retrieval_practice,remote,undergraduate,high,early,west,0
p_011934,rereading,remote,undergraduate,low,late,west,0
p_011935,rereading,remote,undergraduate,high,early,west,0
p_011936,retrieval_practice,remote,undergraduate,high,early,east,1
p_011937,retrieval_practice,lab,community,high,late,east,1
p_011938,rereading,remote,community,low,early,west,0
p_011939,rereading,remote,undergraduate,low,late,west,0
p_011940,retrieval_practice,lab,undergraduate,low,early,west,0
p_011941,rereading,remote,undergraduate,high,late,west,1
p_011942,rereading,lab,community,low,early,east,1
p_011943,retrieval_practice,lab,undergraduate,low,early,east,0
p_011944,retrieval_practice,lab,undergraduate,high,early,west,1
p_011945,retrieval_practice,remote,community,low,late,west,1
p_011946,retrieval_practice,lab,community,high,early,west,0
p_011947,rereading,lab,undergraduate,high,late,east,0
p_011948,rereading,remote,undergraduate,high,late,west,0
p_011949,rereading,lab,community,low,early,west,0
p_011950,retrieval_practice,remote,undergraduate,low,late,east,1
p_011951,retrieval_practice,lab,undergraduate,low,late,east,1
p_011952,rereading,remote,undergraduate,high,early,west,0
p_011953,rereading,remote,community,high,early,east,1
p_011954,rereading,remote,community,low,early,west,1
p_011955,rereading,lab,undergraduate,high,early,west,0
p_011956,rereading,lab,undergraduate,low,early,east,1
p_011957,rereading,lab,undergraduate,low,late,west,0
p_011958,retrieval_practice,lab,undergraduate,low,late,east,1
p_011959,retrieval_practice,lab,undergraduate,low,late,west,0
p_011960,rereading,lab,community,low,early,east,0
p_011961,rereading,lab,undergraduate,high,early,east,1
p_011962,rereading,remote,undergraduate,low,late,west,1
p_011963,retrieval_practice,lab,undergraduate,high,early,east,0
p_011964,retrieval_practice,remote,community,low,late,west,1
p_011965,rereading,lab,community,high,late,east,1
p_011966,retrieval_practice,remote,undergraduate,low,late,east,1
p_011967,rereading,remote,undergraduate,low,late,east,0
p_011968,rereading,lab,undergraduate,high,early,east,0
p_011969,retrieval_practice,remote,community,high,late,west,1
p_011970,rereading,remote,community,high,early,west,1
p_011971,retrieval_practice,lab,community,low,late,east,0
p_011972,rereading,remote,undergraduate,high,early,west,0
p_011973,rereading,remote,community,low,late,east,1
p_011974,rereading,lab,undergraduate,low,early,west,0
p_011975,retrieval_practice,remote,community,low,late,west,1
p_011976,retrieval_practice,remote,community,low,early,west,0
p_011977,rereading,remote,undergraduate,high,late,west,0
p_011978,rereading,remote,undergraduate,low,late,west,1
p_011979,rereading,lab,undergraduate,low,late,west,0
p_011980,rereading,lab,community,high,early,east,0
p_011981,retrieval_practice,lab,undergraduate,high,late,west,0
p_011982,rereading,remote,undergraduate,high,early,west,1
p_011983,rereading,remote,community,low,late,east,0
p_011984,retrieval_practice,lab,community,low,late,west,0
p_011985,rereading,lab,community,high,early,east,0
p_011986,rereading,lab,undergraduate,high,late,west,0
p_011987,rereading,lab,undergraduate,high,late,east,1
p_011988,retrieval_practice,lab,community,high,early,west,1
p_011989,retrieval_practice,remote,undergraduate,high,late,west,0
p_011990,retrieval_practice,remote,community,low,late,east,1
p_011991,rereading,lab,undergraduate,low,late,east,0
p_011992,retrieval_practice,remote,community,low,late,east,0
p_011993,rereading,remote,undergraduate,low,early,east,0
p_011994,retrieval_practice,remote,community,low,late,east,0
p_011995,rereading,remote,undergraduate,high,late,east,0
p_011996,retrieval_practice,remote,undergraduate,low,early,west,0
p_011997,rereading,lab,community,high,early,east,0
p_011998,rereading,remote,community,high,early,west,0
p_011999,rereading,remote,community,low,early,east,0
p_012000,retrieval_practice,lab,community,high,early,east,1
p_012001,rereading,remote,undergraduate,high,early,east,1
p_012002,rereading,remote,undergraduate,low,late,east,1
p_012003,retrieval_practice,lab,community,low,early,east,0
p_012004,retrieval_practice,lab,undergraduate,low,early,east,1
p_012005,rereading,lab,undergraduate,high,late,west,1
p_012006,retrieval_practice,lab,community,high,late,west,0
p_012007,rereading,lab,undergraduate,high,early,east,0
p_012008,retrieval_practice,remote,community,low,early,west,1
p_012009,retrieval_practice,remote,undergraduate,low,early,east,1
p_012010,rereading,lab,community,high,late,east,0
p_012011,retrieval_practice,lab,undergraduate,high,early,west,0
p_012012,rereading,lab,community,low,early,west,1
p_012013,retrieval_practice,lab,undergraduate,low,early,east,0
p_012014,rereading,remote,undergraduate,low,late,west,0
p_012015,retrieval_practice,lab,undergraduate,low,early,west,1
p_012016,rereading,remote,community,high,early,east,0
p_012017,retrieval_practice,lab,undergraduate,low,early,east,0
p_012018,rereading,lab,community,high,late,west,1
p_012019,rereading,lab,community,low,early,west,1
p_012020,retrieval_practice,remote,community,low,late,east,0
p_012021,rereading,lab,community,high,early,west,1
p_012022,retrieval_practice,remote,undergraduate,high,late,east,1
p_012023,rereading,remote,undergraduate,high,early,west,1
p_012024,rereading,lab,undergraduate,high,early,east,0
p_012025,retrieval_practice,lab,community,low,late,east,1
p_012026,rereading,lab,undergraduate,low,late,west,0
p_012027,retrieval_practice,remote,undergraduate,high,early,west,1
p_012028,rereading,lab,undergraduate,low,early,west,0
p_012029,retrieval_practice,lab,community,low,late,east,0
p_012030,retrieval_practice,lab,community,high,late,east,1
p_012031,rereading,remote,undergraduate,low,late,west,1
p_012032,rereading,remote,undergraduate,high,late,east,0
p_012033,rereading,remote,undergraduate,low,late,west,0
p_012034,rereading,lab,undergraduate,low,late,east,1
p_012035,retrieval_practice,lab,undergraduate,low,late,west,1
p_012036,retrieval_practice,lab,community,high,late,west,0
p_012037,retrieval_practice,lab,community,low,late,west,0
p_012038,rereading,lab,undergraduate,low,early,east,1
p_012039,rereading,lab,undergraduate,high,early,east,1
p_012040,retrieval_practice,lab,undergraduate,low,late,east,0
p_012041,rereading,lab,community,high,late,west,0
p_012042,rereading,lab,undergraduate,low,early,east,1
p_012043,retrieval_practice,remote,community,high,late,west,1
p_012044,retrieval_practice,remote,undergraduate,high,early,east,0
p_012045,rereading,remote,community,high,late,west,0
p_012046,retrieval_practice,remote,undergraduate,low,late,east,1
p_012047,rereading,lab,community,low,early,east,0
p_012048,rereading,lab,undergraduate,low,late,west,1
p_012049,retrieval_practice,remote,undergraduate,high,early,west,0
p_012050,retrieval_practice,lab,undergraduate,low,early,east,1
p_012051,rereading,lab,undergraduate,low,late,west,0
p_012052,rereading,lab,undergraduate,high,late,east,0
p_012053,retrieval_practice,lab,undergraduate,high,early,west,1
p_012054,retrieval_practice,remote,undergraduate,low,early,west,1
p_012055,rereading,remote,undergraduate,high,late,west,0
p_012056,rereading,lab,community,high,late,west,1
p_012057,retrieval_practice,lab,undergraduate,low,late,east,0
p_012058,retrieval_practice,lab,community,high,late,east,0
p_012059,retrieval_practice,remote,undergraduate,high,late,east,0
p_012060,retrieval_practice,remote,undergraduate,high,late,west,0
p_012061,retrieval_practice,remote,undergraduate,low,early,west,1
p_012062,retrieval_practice,lab,undergraduate,low,late,east,0
p_012063,retrieval_practice,remote,undergraduate,low,late,west,1
p_012064,rereading,lab,undergraduate,low,early,west,0
p_012065,retrieval_practice,lab,undergraduate,high,late,west,0
p_012066,retrieval_practice,lab,community,high,early,west,1
p_012067,rereading,lab,undergraduate,low,late,east,0
p_012068,rereading,remote,community,low,early,east,1
p_012069,retrieval_practice,remote,undergraduate,low,late,west,0
p_012070,retrieval_practice,remote,community,high,late,west,0
p_012071,rereading,lab,community,low,early,east,1
p_012072,rereading,lab,community,high,early,west,0
p_012073,rereading,remote,undergraduate,high,early,west,1
p_012074,retrieval_practice,remote,community,low,late,west,1
p_012075,retrieval_practice,remote,undergraduate,low,early,west,1
p_012076,retrieval_practice,remote,undergraduate,high,late,west,0
p_012077,retrieval_practice,remote,undergraduate,low,early,east,1
p_012078,retrieval_practice,remote,community,low,early,west,0
p_012079,retrieval_practice,lab,community,high,late,west,1
p_012080,rereading,remote,community,high,early,east,1
p_012081,retrieval_practice,lab,undergraduate,low,early,west,0
p_012082,rereading,remote,undergraduate,high,early,east,0
p_012083,retrieval_practice,remote,undergraduate,high,early,west,1
p_012084,retrieval_practice,remote,community,high,early,west,0
p_012085,retrieval_practice,lab,community,high,late,east,0
p_012086,rereading,lab,undergraduate,high,late,west,0
p_012087,retrieval_practice,lab,undergraduate,low,late,west,0
p_012088,rereading,remote,undergraduate,high,late,west,1
p_012089,rereading,remote,undergraduate,low,late,east,0
p_012090,retrieval_practice,remote,undergraduate,high,early,east,1
p_012091,rereading,remote,undergraduate,high,early,west,1
p_012092,rereading,lab,undergraduate,low,late,west,0
p_012093,rereading,remote,undergraduate,low,early,west,1
p_012094,retrieval_practice,lab,community,low,early,east,1
p_012095,retrieval_practice,remote,undergraduate,low,late,east,1
p_012096,rereading,remote,undergraduate,low,late,west,0
p_012097,retrieval_practice,remote,undergraduate,high,early,east,0
p_012098,retrieval_practice,remote,undergraduate,high,early,west,1
p_012099,retrieval_practice,lab,community,high,early,east,1
p_012100,rereading,remote,undergraduate,low,late,west,0
p_012101,rereading,lab,community,low,late,east,1
p_012102,rereading,remote,community,low,late,west,0
p_012103,retrieval_practice,remote,undergraduate,low,late,east,0
p_012104,retrieval_practice,lab,undergraduate,high,late,west,1
p_012105,retrieval_practice,remote,undergraduate,high,late,east,1
p_012106,retrieval_practice,remote,undergraduate,high,early,east,1
p_012107,rereading,lab,undergraduate,low,early,east,0
p_012108,rereading,remote,undergraduate,low,late,west,1
p_012109,retrieval_practice,lab,community,high,late,east,0
p_012110,retrieval_practice,lab,community,low,late,west,1
p_012111,retrieval_practice,remote,undergraduate,low,early,east,0
p_012112,rereading,lab,community,high,early,east,0
p_012113,retrieval_practice,remote,community,high,late,west,0
p_012114,rereading,lab,undergraduate,high,early,east,1
p_012115,retrieval_practice,lab,community,low,late,west,1
p_012116,rereading,lab,community,high,early,west,0
p_012117,retrieval_practice,lab,undergraduate,low,late,west,0
p_012118,retrieval_practice,lab,community,low,late,west,1
p_012119,retrieval_practice,remote,undergraduate,low,early,west,0
p_012120,retrieval_practice,remote,community,high,early,west,1
p_012121,rereading,lab,undergraduate,high,early,east,1
p_012122,rereading,remote,undergraduate,low,late,east,0
p_012123,retrieval_practice,remote,undergraduate,high,early,east,1
p_012124,rereading,remote,undergraduate,low,late,west,0
p_012125,rereading,lab,community,high,late,west,0
p_012126,rereading,lab,community,high,early,west,0
p_012127,rereading,remote,community,low,early,west,1
p_012128,retrieval_practice,lab,undergraduate,low,late,west,1
p_012129,rereading,remote,community,high,early,west,0
p_012130,retrieval_practice,remote,community,high,early,east,1
p_012131,retrieval_practice,remote,community,low,early,east,0
p_012132,rereading,remote,undergraduate,low,late,west,0
p_012133,retrieval_practice,lab,community,low,late,west,0
p_012134,retrieval_practice,lab,community,low,early,east,0
p_012135,retrieval_practice,lab,community,low,early,west,1
p_012136,retrieval_practice,lab,community,low,early,west,0
p_012137,retrieval_practice,lab,community,low,early,west,0
p_012138,retrieval_practice,lab,community,low,early,east,1
p_012139,rereading,lab,community,high,early,east,0
p_012140,retrieval_practice,lab,undergraduate,low,early,west,1
p_012141,retrieval_practice,remote,community,low,early,east,0
p_012142,rereading,lab,community,low,early,west,1
p_012143,retrieval_practice,lab,undergraduate,low,early,west,1
p_012144,rereading,remote,undergraduate,high,early,west,1
p_012145,rereading,remote,community,low,early,east,1
p_012146,retrieval_practice,remote,undergraduate,high,late,west,0
p_012147,rereading,lab,community,low,late,west,1
p_012148,rereading,lab,community,low,late,west,1
p_012149,retrieval_practice,lab,community,low,late,west,1
p_012150,retrieval_practice,lab,undergraduate,low,late,east,1
p_012151,retrieval_practice,remote,undergraduate,high,late,east,1
p_012152,retrieval_practice,lab,community,high,early,east,0
p_012153,rereading,remote,undergraduate,high,early,east,0
p_012154,rereading,lab,undergraduate,high,late,east,1
p_012155,retrieval_practice,remote,undergraduate,low,early,west,1
p_012156,retrieval_practice,remote,community,low,late,west,0
p_012157,retrieval_practice,remote,community,high,early,east,1
p_012158,rereading,lab,community,high,early,east,0
p_012159,rereading,remote,undergraduate,high,early,east,1
p_012160,retrieval_practice,lab,community,low,late,west,1
p_012161,retrieval_practice,lab,community,high,late,east,1
p_012162,rereading,remote,undergraduate,low,late,west,1
p_012163,rereading,remote,undergraduate,low,early,west,1
p_012164,rereading,remote,community,low,early,east,0
p_012165,retrieval_practice,remote,community,low,early,west,0
p_012166,retrieval_practice,lab,undergraduate,high,late,east,0
p_012167,rereading,remote,undergraduate,high,late,east,1
p_012168,rereading,lab,undergraduate,high,early,west,1
p_012169,retrieval_practice,lab,undergraduate,low,early,west,0
p_012170,retrieval_practice,lab,community,low,late,west,1
p_012171,rereading,remote,undergraduate,low,early,east,0
p_012172,retrieval_practice,lab,community,low,early,west,0
p_012173,retrieval_practice,lab,community,low,early,west,0
p_012174,retrieval_practice,lab,undergraduate,low,early,west,1
p_012175,retrieval_practice,lab,undergraduate,low,early,west,0
p_012176,retrieval_practice,lab,undergraduate,high,late,west,0
p_012177,retrieval_practice,lab,undergraduate,high,early,east,1
p_012178,rereading,remote,undergraduate,low,late,east,1
p_012179,retrieval_practice,lab,undergraduate,high,late,west,1
p_012180,retrieval_practice,remote,undergraduate,low,early,east,1
p_012181,rereading,remote,community,high,late,west,0
p_012182,rereading,lab,undergraduate,high,late,west,0
p_012183,retrieval_practice,lab,undergraduate,high,late,east,1
p_012184,retrieval_practice,lab,undergraduate,low,early,west,1
p_012185,rereading,lab,undergraduate,low,late,west,1
p_012186,retrieval_practice,remote,undergraduate,high,late,west,1
p_012187,rereading,remote,undergraduate,low,early,west,1
p_012188,retrieval_practice,remote,undergraduate,high,late,west,0
p_012189,retrieval_practice,lab,community,high,early,east,0
p_012190,retrieval_practice,remote,community,high,late,west,1
p_012191,rereading,remote,undergraduate,high,early,west,1
p_012192,rereading,lab,undergraduate,low,early,east,1
p_012193,retrieval_practice,lab,undergraduate,high,early,west,0
p_012194,rereading,remote,undergraduate,high,late,east,1
p_012195,rereading,remote,undergraduate,low,late,east,0
p_012196,retrieval_practice,lab,undergraduate,low,late,west,1
p_012197,rereading,remote,undergraduate,low,early,west,1
p_012198,rereading,lab,undergraduate,high,late,west,1
p_012199,rereading,lab,undergraduate,low,early,west,0
p_012200,rereading,lab,undergraduate,high,early,east,1
p_012201,rereading,lab,community,low,early,west,1
p_012202,rereading,remote,undergraduate,low,early,west,0
p_012203,retrieval_practice,lab,undergraduate,high,late,west,0
p_012204,rereading,remote,undergraduate,high,early,west,0
p_012205,retrieval_practice,lab,community,low,early,west,1
p_012206,rereading,remote,undergraduate,high,late,west,0
p_012207,rereading,lab,undergraduate,low,early,east,0
p_012208,rereading,lab,undergraduate,low,late,west,0
p_012209,retrieval_practice,remote,community,low,late,west,1
p_012210,retrieval_practice,remote,community,high,late,east,0
p_012211,retrieval_practice,lab,undergraduate,high,early,east,1
p_012212,retrieval_practice,lab,undergraduate,low,late,west,1
p_012213,retrieval_practice,lab,undergraduate,low,late,west,1
p_012214,retrieval_practice,remote,undergraduate,high,late,east,1
p_012215,rereading,remote,community,high,early,east,0
p_012216,retrieval_practice,lab,community,high,late,east,1
p_012217,retrieval_practice,lab,community,low,early,east,1
p_012218,retrieval_practice,remote,undergraduate,high,early,west,0
p_012219,retrieval_practice,remote,community,high,early,west,1
p_012220,retrieval_practice,remote,undergraduate,low,early,east,0
p_012221,retrieval_practice,remote,community,low,early,west,0
p_012222,retrieval_practice,lab,undergraduate,high,early,east,0
p_012223,retrieval_practice,lab,community,high,early,west,1
p_012224,rereading,lab,community,high,early,west,0
p_012225,retrieval_practice,remote,undergraduate,low,early,east,1
p_012226,retrieval_practice,lab,undergraduate,high,early,east,1
p_012227,rereading,remote,community,low,late,west,1
p_012228,rereading,remote,undergraduate,low,late,east,1
p_012229,rereading,lab,community,low,late,east,0
p_012230,retrieval_practice,lab,undergraduate,low,late,east,1
p_012231,retrieval_practice,lab,community,high,early,east,1
p_012232,retrieval_practice,remote,undergraduate,low,late,west,0
p_012233,rereading,lab,community,low,late,east,0
p_012234,rereading,lab,community,low,late,east,1
p_012235,retrieval_practice,lab,undergraduate,high,late,west,1
p_012236,retrieval_practice,remote,undergraduate,high,early,east,0
p_012237,retrieval_practice,lab,undergraduate,low,early,east,1
p_012238,retrieval_practice,lab,undergraduate,high,early,east,1
p_012239,retrieval_practice,lab,undergraduate,high,late,west,1
p_012240,rereading,lab,undergraduate,low,early,east,1
p_012241,rereading,remote,undergraduate,low,late,west,1
p_012242,retrieval_practice,lab,undergraduate,low,early,east,1
p_012243,rereading,remote,undergraduate,high,late,west,1
p_012244,retrieval_practice,lab,undergraduate,high,late,east,0
p_012245,rereading,lab,undergraduate,low,late,west,0
p_012246,rereading,lab,community,high,late,west,0
p_012247,retrieval_practice,remote,undergraduate,high,late,east,1
p_012248,rereading,remote,undergraduate,low,late,east,1
p_012249,rereading,remote,undergraduate,low,early,west,1
p_012250,rereading,remote,community,low,early,west,1
p_012251,retrieval_practice,lab,community,low,early,west,0
p_012252,rereading,lab,undergraduate,low,early,west,0
p_012253,rereading,lab,undergraduate,high,early,east,1
p_012254,retrieval_practice,lab,undergraduate,low,late,west,0
p_012255,rereading,remote,community,low,early,east,1
p_012256,rereading,lab,community,high,early,east,1
p_012257,retrieval_practice,lab,undergraduate,high,late,west,0
p_012258,retrieval_practice,lab,undergraduate,high,early,west,1
p_012259,rereading,remote,undergraduate,low,early,west,0
p_012260,retrieval_practice,lab,undergraduate,high,early,east,1
p_012261,retrieval_practice,remote,undergraduate,high,late,east,1
p_012262,retrieval_practice,lab,undergraduate,low,early,east,1
p_012263,rereading,lab,undergraduate,low,early,west,1
p_012264,retrieval_practice,remote,community,low,late,west,1
p_012265,retrieval_practice,remote,undergraduate,low,late,west,0
p_012266,retrieval_practice,lab,undergraduate,low,early,west,0
p_012267,retrieval_practice,remote,undergraduate,high,early,east,0
p_012268,retrieval_practice,lab,undergraduate,high,late,west,0
p_012269,retrieval_practice,remote,community,high,early,east,0
p_012270,rereading,lab,community,low,early,west,0
p_012271,rereading,remote,undergraduate,low,early,east,0
p_012272,retrieval_practice,remote,undergraduate,low,late,east,0
p_012273,rereading,remote,community,low,early,west,1
p_012274,rereading,lab,undergraduate,high,early,west,1
p_012275,retrieval_practice,lab,undergraduate,high,early,west,1
p_012276,rereading,lab,undergraduate,high,early,west,0
p_012277,rereading,lab,undergraduate,low,early,east,0
p_012278,retrieval_practice,lab,community,high,late,east,1
p_012279,rereading,lab,undergraduate,high,late,west,0
p_012280,retrieval_practice,remote,undergraduate,high,early,west,0
p_012281,retrieval_practice,remote,community,low,early,east,1
p_012282,retrieval_practice,lab,community,high,late,east,0
p_012283,rereading,lab,undergraduate,high,late,east,0
p_012284,retrieval_practice,lab,community,high,late,east,1
p_012285,retrieval_practice,lab,undergraduate,high,late,west,1
p_012286,retrieval_practice,remote,undergraduate,high,late,east,0
p_012287,rereading,remote,community,low,early,east,0
p_012288,rereading,remote,undergraduate,low,early,east,1
p_012289,retrieval_practice,lab,undergraduate,high,early,east,0
p_012290,retrieval_practice,remote,undergraduate,high,late,west,1
p_012291,retrieval_practice,remote,community,low,late,west,0
p_012292,rereading,lab,undergraduate,low,early,west,1
p_012293,retrieval_practice,lab,community,low,late,west,0
p_012294,rereading,lab,undergraduate,low,early,west,1
p_012295,rereading,lab,community,low,early,east,0
p_012296,retrieval_practice,lab,undergraduate,low,late,east,1
p_012297,retrieval_practice,remote,undergraduate,high,late,east,1
p_012298,rereading,lab,community,low,late,west,0
p_012299,retrieval_practice,remote,undergraduate,high,early,east,1
p_012300,rereading,lab,undergraduate,low,early,west,0
p_012301,rereading,remote,community,high,early,west,0
p_012302,rereading,lab,community,high,early,east,1
p_012303,retrieval_practice,remote,community,low,early,east,1
p_012304,rereading,remote,community,low,early,east,1
p_012305,rereading,lab,undergraduate,low,late,east,1
p_012306,retrieval_practice,remote,undergraduate,low,late,west,0
p_012307,retrieval_practice,remote,undergraduate,high,early,east,0
p_012308,retrieval_practice,remote,undergraduate,high,late,east,0
p_012309,retrieval_practice,lab,community,high,early,west,0
p_012310,rereading,lab,community,low,late,east,1
p_012311,retrieval_practice,lab,undergraduate,high,late,east,0
p_012312,retrieval_practice,remote,community,low,late,east,1
p_012313,rereading,lab,community,high,late,west,1
p_012314,retrieval_practice,lab,community,high,early,west,1
p_012315,retrieval_practice,lab,undergraduate,high,early,east,1
p_012316,retrieval_practice,lab,community,high,late,west,1
p_012317,rereading,lab,community,high,early,west,1
p_012318,rereading,lab,community,high,early,west,0
p_012319,retrieval_practice,remote,undergraduate,high,late,west,1
p_012320,retrieval_practice,lab,undergraduate,high,late,west,1
p_012321,retrieval_practice,lab,community,low,early,west,1
p_012322,retrieval_practice,lab,undergraduate,high,late,east,0
p_012323,rereading,lab,undergraduate,low,early,west,1
p_012324,retrieval_practice,lab,undergraduate,high,late,east,1
p_012325,retrieval_practice,lab,community,low,late,east,1
p_012326,rereading,remote,community,low,early,east,0
p_012327,rereading,remote,undergraduate,high,early,west,1
p_012328,rereading,remote,undergraduate,high,late,east,0
p_012329,rereading,lab,community,low,late,west,0
p_012330,rereading,lab,community,low,early,east,0
p_012331,retrieval_practice,lab,community,high,early,west,0
p_012332,retrieval_practice,lab,undergraduate,low,early,east,1
p_012333,retrieval_practice,lab,community,low,late,east,1
p_012334,rereading,lab,undergraduate,low,late,west,0
p_012335,rereading,lab,undergraduate,low,early,east,1
p_012336,retrieval_practice,remote,undergraduate,low,late,east,0
p_012337,rereading,remote,community,high,early,east,0
p_012338,rereading,lab,community,high,early,east,1
p_012339,retrieval_practice,remote,undergraduate,low,late,west,0
p_012340,retrieval_practice,remote,undergraduate,low,late,west,1
p_012341,rereading,lab,undergraduate,high,early,east,1
p_012342,retrieval_practice,remote,community,low,early,west,1
p_012343,rereading,remote,undergraduate,low,early,east,0
p_012344,retrieval_practice,remote,undergraduate,low,early,east,1
p_012345,rereading,remote,community,high,early,east,1
p_012346,rereading,lab,community,high,late,east,0
p_012347,rereading,lab,undergraduate,high,late,west,1
p_012348,retrieval_practice,lab,community,low,early,west,0
p_012349,retrieval_practice,lab,community,high,late,east,1
p_012350,retrieval_practice,lab,undergraduate,high,late,east,1
p_012351,retrieval_practice,lab,undergraduate,low,late,west,1
p_012352,retrieval_practice,lab,community,low,late,west,1
p_012353,rereading,remote,undergraduate,low,early,east,1
p_012354,rereading,remote,undergraduate,low,early,east,1
p_012355,retrieval_practice,remote,community,high,early,west,1
p_012356,retrieval_practice,lab,undergraduate,high,late,west,0
p_012357,rereading,remote,community,low,late,east,0
p_012358,rereading,remote,community,high,early,east,1
p_012359,rereading,lab,community,high,early,east,1
p_012360,rereading,remote,community,high,late,east,0
p_012361,retrieval_practice,lab,community,high,early,east,1
p_012362,retrieval_practice,lab,undergraduate,low,late,west,0
p_012363,retrieval_practice,remote,undergraduate,high,early,west,1
p_012364,retrieval_practice,remote,undergraduate,low,early,east,0
p_012365,rereading,remote,community,low,early,west,1
p_012366,rereading,remote,undergraduate,high,early,east,0
p_012367,retrieval_practice,remote,community,low,early,west,1
p_012368,rereading,lab,undergraduate,high,late,east,1
p_012369,retrieval_practice,lab,undergraduate,low,early,west,1
p_012370,retrieval_practice,lab,community,high,late,west,0
p_012371,rereading,remote,community,low,early,west,0
p_012372,rereading,lab,community,low,early,west,1
p_012373,rereading,lab,community,high,late,east,1
p_012374,rereading,lab,undergraduate,low,early,west,1
p_012375,retrieval_practice,lab,undergraduate,high,early,east,0
p_012376,retrieval_practice,remote,undergraduate,low,early,east,1
p_012377,retrieval_practice,remote,undergraduate,low,late,west,1
p_012378,retrieval_practice,remote,community,low,early,west,0
p_012379,rereading,lab,undergraduate,high,early,west,0
p_012380,retrieval_practice,lab,community,high,early,west,1
p_012381,rereading,lab,undergraduate,high,late,east,1
p_012382,rereading,lab,community,low,early,west,0
p_012383,retrieval_practice,remote,undergraduate,low,late,west,0
p_012384,retrieval_practice,lab,community,high,late,east,1
p_012385,rereading,lab,community,high,late,east,1
p_012386,rereading,remote,undergraduate,low,late,west,1
p_012387,rereading,lab,undergraduate,high,late,west,0
p_012388,retrieval_practice,lab,undergraduate,high,late,east,1
p_012389,retrieval_practice,remote,undergraduate,low,late,east,0
p_012390,rereading,lab,undergraduate,low,early,west,1
p_012391,retrieval_practice,remote,community,low,late,west,1
p_012392,rereading,lab,undergraduate,high,early,east,1
p_012393,rereading,remote,community,low,early,east,0
p_012394,retrieval_practice,lab,undergraduate,low,early,east,0
p_012395,retrieval_practice,remote,community,low,late,west,0
p_012396,rereading,remote,undergraduate,high,late,west,0
p_012397,retrieval_practice,lab,undergraduate,low,early,west,1
p_012398,retrieval_practice,lab,community,low,early,east,0
p_012399,rereading,lab,undergraduate,low,early,east,0
p_012400,rereading,lab,undergraduate,low,late,west,0
p_012401,retrieval_practice,lab,community,high,late,west,1
p_012402,retrieval_practice,lab,community,low,late,east,0
p_012403,retrieval_practice,lab,community,high,late,west,0
p_012404,retrieval_practice,remote,undergraduate,high,early,east,1
p_012405,rereading,lab,community,high,late,west,0
p_012406,rereading,lab,community,high,early,west,1
p_012407,rereading,remote,community,high,late,east,1
p_012408,retrieval_practice,lab,community,high,late,east,1
p_012409,rereading,remote,undergraduate,low,late,east,0
p_012410,retrieval_practice,lab,undergraduate,high,early,west,1
p_012411,retrieval_practice,lab,community,high,late,east,1
p_012412,rereading,lab,undergraduate,high,late,east,1
p_012413,rereading,lab,undergraduate,high,early,west,0
p_012414,rereading,lab,undergraduate,high,late,west,0
p_012415,retrieval_practice,remote,undergraduate,high,early,west,1
p_012416,retrieval_practice,remote,undergraduate,low,late,west,1
p_012417,retrieval_practice,remote,community,low,late,west,0
p_012418,rereading,lab,undergraduate,high,early,west,0
p_012419,rereading,remote,undergraduate,high,late,east,1
p_012420,rereading,lab,undergraduate,low,late,east,0
p_012421,retrieval_practice,remote,undergraduate,low,early,west,0
p_012422,retrieval_practice,remote,undergraduate,low,early,west,1
p_012423,rereading,remote,community,low,early,east,0
p_012424,rereading,remote,undergraduate,high,late,west,0
p_012425,retrieval_practice,remote,undergraduate,low,late,east,1
p_012426,rereading,lab,community,high,early,east,0
p_012427,rereading,lab,undergraduate,high,late,east,1
p_012428,rereading,lab,community,high,early,west,0
p_012429,retrieval_practice,remote,undergraduate,high,early,east,1
p_012430,rereading,lab,undergraduate,low,late,east,0
p_012431,retrieval_practice,lab,undergraduate,high,late,west,1
p_012432,rereading,lab,community,low,late,east,1
p_012433,retrieval_practice,remote,community,low,early,west,0
p_012434,rereading,lab,community,low,late,west,0
p_012435,retrieval_practice,lab,community,high,late,west,0
p_012436,retrieval_practice,lab,undergraduate,high,late,west,1
p_012437,rereading,remote,community,low,late,east,0
p_012438,retrieval_practice,lab,community,high,late,east,1
p_012439,retrieval_practice,lab,community,low,late,west,0
p_012440,retrieval_practice,lab,undergraduate,low,early,east,1
p_012441,retrieval_practice,lab,community,low,late,east,1
p_012442,retrieval_practice,lab,undergraduate,low,early,west,1
p_012443,retrieval_practice,remote,undergraduate,high,late,east,0
p_012444,retrieval_practice,remote,undergraduate,high,late,west,0
p_012445,retrieval_practice,lab,community,low,early,west,1
p_012446,rereading,lab,undergraduate,high,early,west,0
p_012447,retrieval_practice,remote,undergraduate,low,late,west,0
p_012448,retrieval_practice,remote,undergraduate,low,early,west,0
p_012449,rereading,lab,undergraduate,low,early,east,0
p_012450,retrieval_practice,remote,undergraduate,high,late,west,0
p_012451,retrieval_practice,lab,undergraduate,low,early,east,1
p_012452,rereading,lab,community,low,late,east,1
p_012453,rereading,lab,community,low,late,east,1
p_012454,rereading,remote,undergraduate,high,early,west,0
p_012455,retrieval_practice,lab,community,high,late,east,1
p_012456,retrieval_practice,remote,community,low,late,east,0
p_012457,rereading,lab,community,low,early,west,0
p_012458,rereading,lab,undergraduate,low,early,east,1
p_012459,rereading,lab,undergraduate,high,late,west,0
p_012460,retrieval_practice,lab,undergraduate,low,early,east,1
p_012461,rereading,lab,community,high,late,west,1
p_012462,rereading,remote,undergraduate,low,late,east,0
p_012463,rereading,lab,undergraduate,high,early,east,0
p_012464,retrieval_practice,lab,community,high,early,west,0
p_012465,rereading,remote,community,high,early,west,0
p_012466,rereading,lab,community,high,late,west,1
p_012467,retrieval_practice,remote,community,high,early,west,0
p_012468,rereading,remote,community,high,late,east,0
p_012469,retrieval_practice,remote,undergraduate,low,late,east,0
p_012470,retrieval_practice,lab,community,high,early,west,1
p_012471,rereading,remote,community,low,early,east,0
p_012472,rereading,lab,undergraduate,low,early,west,0
p_012473,retrieval_practice,remote,community,low,late,west,1
p_012474,retrieval_practice,lab,undergraduate,low,early,east,1
p_012475,retrieval_practice,lab,undergraduate,low,early,west,1
p_012476,retrieval_practice,lab,community,high,late,west,0
p_012477,rereading,lab,community,high,late,west,1
p_012478,rereading,lab,undergraduate,low,early,east,1
p_012479,rereading,remote,undergraduate,low,early,west,1
p_012480,rereading,remote,undergraduate,high,late,east,0
p_012481,retrieval_practice,remote,undergraduate,low,late,east,0
p_012482,rereading,remote,community,high,late,west,0
p_012483,rereading,remote,undergraduate,low,early,west,0
p_012484,retrieval_practice,remote,community,high,late,east,0
p_012485,retrieval_practice,lab,community,high,early,west,1
p_012486,rereading,lab,undergraduate,high,early,west,1
p_012487,rereading,lab,undergraduate,low,early,east,1
p_012488,rereading,remote,undergraduate,high,late,east,0
p_012489,retrieval_practice,remote,undergraduate,high,early,west,0
p_012490,rereading,lab,undergraduate,low,early,west,1
p_012491,rereading,lab,undergraduate,high,late,west,1
p_012492,rereading,lab,undergraduate,low,late,west,0
p_012493,retrieval_practice,lab,undergraduate,low,early,east,1
p_012494,rereading,lab,undergraduate,high,early,east,0
p_012495,retrieval_practice,remote,undergraduate,high,late,west,0
p_012496,rereading,lab,undergraduate,low,early,east,1
p_012497,rereading,remote,undergraduate,high,early,west,1
p_012498,retrieval_practice,remote,undergraduate,low,late,east,1
p_012499,retrieval_practice,lab,undergraduate,low,late,east,0
p_012500,retrieval_practice,remote,undergraduate,high,early,east,1
p_012501,rereading,remote,undergraduate,low,late,east,1
p_012502,retrieval_practice,lab,community,high,late,east,1
p_012503,rereading,remote,community,high,early,east,1
p_012504,rereading,lab,community,high,late,east,1
p_012505,rereading,lab,community,low,late,west,0
p_012506,retrieval_practice,remote,community,high,late,east,0
p_012507,rereading,remote,community,high,late,east,1
p_012508,retrieval_practice,lab,undergraduate,high,early,east,0
p_012509,retrieval_practice,lab,community,low,late,east,0
p_012510,rereading,lab,undergraduate,high,early,east,0
p_012511,rereading,lab,community,high,early,east,1
p_012512,rereading,lab,undergraduate,low,late,east,0
p_012513,rereading,lab,undergraduate,low,late,east,0
p_012514,rereading,lab,community,low,early,east,0
p_012515,rereading,remote,community,high,late,east,1
p_012516,retrieval_practice,remote,undergraduate,high,late,west,0
p_012517,rereading,lab,undergraduate,low,late,west,1
p_012518,rereading,lab,community,low,late,east,1
p_012519,rereading,lab,community,low,early,east,1
p_012520,retrieval_practice,remote,undergraduate,high,late,west,0
p_012521,rereading,lab,community,high,late,west,0
p_012522,rereading,remote,undergraduate,low,late,west,0
p_012523,rereading,lab,community,high,late,west,0
p_012524,retrieval_practice,remote,community,low,early,west,1
p_012525,rereading,lab,community,low,late,west,0
p_012526,retrieval_practice,remote,community,low,early,west,1
p_012527,rereading,remote,community,low,early,east,0
p_012528,rereading,lab,community,high,early,west,1
p_012529,rereading,lab,undergraduate,low,early,west,0
p_012530,rereading,remote,community,high,early,east,1
p_012531,rereading,lab,undergraduate,low,late,west,0
p_012532,rereading,lab,undergraduate,low,late,east,0
p_012533,rereading,lab,undergraduate,low,late,west,0
p_012534,retrieval_practice,lab,undergraduate,high,late,east,1
p_012535,rereading,remote,community,low,late,west,0
p_012536,retrieval_practice,lab,community,low,late,west,0
p_012537,retrieval_practice,remote,undergraduate,low,early,west,1
p_012538,retrieval_practice,lab,community,low,early,west,0
p_012539,retrieval_practice,lab,undergraduate,high,late,west,0
p_012540,rereading,lab,community,low,late,west,1
p_012541,rereading,lab,community,high,late,east,1
p_012542,retrieval_practice,remote,undergraduate,low,early,west,1
p_012543,rereading,remote,community,high,late,east,1
p_012544,retrieval_practice,remote,undergraduate,low,early,west,0
p_012545,retrieval_practice,remote,undergraduate,low,early,east,1
p_012546,retrieval_practice,remote,undergraduate,high,late,west,1
p_012547,retrieval_practice,lab,undergraduate,low,late,east,0
p_012548,rereading,lab,undergraduate,low,early,west,0
p_012549,retrieval_practice,remote,community,low,early,west,1
p_012550,rereading,lab,undergraduate,high,late,west,0
p_012551,rereading,remote,undergraduate,high,late,east,1
p_012552,retrieval_practice,remote,undergraduate,high,late,west,1
p_012553,retrieval_practice,lab,community,high,late,west,0
p_012554,retrieval_practice,lab,community,high,early,west,1
p_012555,retrieval_practice,lab,undergraduate,low,early,east,0
p_012556,retrieval_practice,remote,community,low,late,east,0
p_012557,retrieval_practice,lab,undergraduate,low,late,east,0
p_012558,retrieval_practice,lab,undergraduate,low,early,east,1
p_012559,rereading,remote,undergraduate,high,early,west,0
p_012560,retrieval_practice,lab,undergraduate,low,early,west,0
p_012561,rereading,lab,undergraduate,high,early,east,1
p_012562,rereading,lab,undergraduate,high,early,west,1
p_012563,rereading,lab,undergraduate,low,early,east,1
p_012564,retrieval_practice,lab,community,high,late,west,1
p_012565,rereading,remote,community,high,late,east,0
p_012566,rereading,lab,community,low,early,west,1
p_012567,retrieval_practice,remote,undergraduate,high,late,west,0
p_012568,rereading,lab,undergraduate,low,early,east,0
p_012569,retrieval_practice,lab,undergraduate,high,late,west,0
p_012570,retrieval_practice,lab,community,low,early,west,1
p_012571,rereading,lab,community,low,late,west,1
p_012572,retrieval_practice,remote,community,low,early,west,0
p_012573,rereading,remote,undergraduate,low,early,west,0
p_012574,retrieval_practice,lab,community,low,late,west,0
p_012575,rereading,lab,community,low,late,east,0
p_012576,retrieval_practice,lab,community,low,late,west,1
p_012577,retrieval_practice,lab,undergraduate,high,early,east,0
p_012578,rereading,lab,community,high,early,west,1
p_012579,retrieval_practice,lab,community,high,early,west,1
p_012580,rereading,remote,undergraduate,high,late,west,0
p_012581,rereading,lab,undergraduate,high,early,west,0
p_012582,rereading,remote,undergraduate,low,late,east,1
p_012583,rereading,remote,undergraduate,low,late,east,0
p_012584,rereading,lab,community,low,late,west,0
p_012585,retrieval_practice,lab,undergraduate,low,late,west,0
p_012586,rereading,lab,community,high,early,west,0
p_012587,rereading,lab,undergraduate,low,late,east,0
p_012588,rereading,lab,community,low,early,east,0
p_012589,rereading,remote,undergraduate,high,late,west,1
p_012590,rereading,remote,community,low,early,east,1
p_012591,retrieval_practice,lab,undergraduate,high,late,east,0
p_012592,rereading,lab,community,low,late,west,1
p_012593,retrieval_practice,remote,undergraduate,high,late,west,0
p_012594,rereading,lab,undergraduate,high,late,east,1
p_012595,rereading,lab,undergraduate,low,late,east,1
p_012596,retrieval_practice,lab,undergraduate,low,late,east,0
p_012597,rereading,lab,undergraduate,high,late,west,1
p_012598,rereading,lab,community,high,early,east,0
p_012599,rereading,remote,undergraduate,high,early,west,0
p_012600,retrieval_practice,lab,undergraduate,low,early,east,0
p_012601,retrieval_practice,remote,community,high,late,east,0
p_012602,retrieval_practice,lab,community,low,early,east,1
p_012603,rereading,lab,community,high,late,west,0
p_012604,rereading,remote,undergraduate,low,late,west,1
p_012605,rereading,remote,community,high,early,west,0
p_012606,rereading,remote,undergraduate,high,late,east,0
p_012607,retrieval_practice,remote,community,low,early,east,0
p_012608,rereading,lab,community,high,late,east,1
p_012609,retrieval_practice,remote,undergraduate,low,early,east,1
p_012610,rereading,remote,undergraduate,high,late,west,0
p_012611,rereading,lab,community,high,early,east,0
p_012612,retrieval_practice,lab,undergraduate,low,early,east,1
p_012613,rereading,lab,community,high,late,east,1
p_012614,retrieval_practice,remote,undergraduate,high,early,east,0
p_012615,retrieval_practice,lab,community,low,early,east,1
p_012616,retrieval_practice,lab,community,low,early,west,0
p_012617,rereading,lab,undergraduate,high,early,east,0
p_012618,rereading,lab,community,high,early,west,0
p_012619,rereading,lab,community,low,early,east,0
p_012620,retrieval_practice,remote,community,high,early,west,0
p_012621,rereading,remote,undergraduate,low,late,west,1
p_012622,retrieval_practice,lab,undergraduate,low,early,west,0
p_012623,retrieval_practice,lab,community,low,early,east,1
p_012624,rereading,remote,undergraduate,low,early,east,0
p_012625,rereading,lab,undergraduate,low,early,east,1
p_012626,rereading,lab,community,low,late,west,1
p_012627,rereading,remote,community,low,early,east,0
p_012628,rereading,lab,community,low,late,west,0
p_012629,retrieval_practice,lab,undergraduate,high,late,west,0
p_012630,rereading,remote,undergraduate,high,late,west,1
p_012631,rereading,lab,undergraduate,high,early,west,1
p_012632,rereading,lab,community,low,early,west,1
p_012633,retrieval_practice,remote,undergraduate,low,late,east,0
p_012634,retrieval_practice,remote,community,low,early,west,1
p_012635,rereading,remote,undergraduate,high,early,west,0
p_012636,rereading,remote,community,low,late,west,0
p_012637,retrieval_practice,lab,community,low,early,east,1
p_012638,retrieval_practice,remote,undergraduate,high,early,east,1
p_012639,rereading,remote,undergraduate,low,early,east,0
p_012640,rereading,remote,undergraduate,low,late,west,1
p_012641,retrieval_practice,lab,community,high,late,east,1
p_012642,rereading,lab,undergraduate,high,early,west,1
p_012643,rereading,lab,undergraduate,low,early,west,1
p_012644,rereading,remote,community,high,early,west,1
p_012645,rereading,remote,community,low,late,west,0
p_012646,rereading,remote,community,high,late,west,1
p_012647,rereading,lab,undergraduate,high,early,east,1
p_012648,retrieval_practice,lab,community,high,late,east,1
p_012649,retrieval_practice,lab,community,high,early,west,1
p_012650,retrieval_practice,lab,community,high,early,east,1
p_012651,rereading,remote,undergraduate,low,early,east,0
p_012652,rereading,lab,community,high,early,east,1
p_012653,rereading,lab,undergraduate,low,late,west,1
p_012654,rereading,remote,undergraduate,low,late,west,1
p_012655,retrieval_practice,remote,undergraduate,high,late,east,1
p_012656,rereading,lab,undergraduate,low,early,east,1
p_012657,retrieval_practice,remote,community,high,early,east,0
p_012658,rereading,lab,community,low,late,east,1
p_012659,rereading,remote,undergraduate,high,early,east,0
p_012660,retrieval_practice,lab,community,low,early,east,1
p_012661,rereading,lab,undergraduate,low,early,west,1
p_012662,rereading,lab,undergraduate,high,late,west,1
p_012663,rereading,lab,community,low,early,east,0
p_012664,retrieval_practice,lab,community,high,late,west,1
p_012665,retrieval_practice,lab,undergraduate,high,early,west,0
p_012666,retrieval_practice,lab,undergraduate,low,early,west,0
p_012667,rereading,remote,undergraduate,high,late,east,0
p_012668,rereading,lab,undergraduate,high,early,west,1
p_012669,rereading,remote,undergraduate,low,late,east,0
p_012670,rereading,remote,undergraduate,low,late,west,1
p_012671,rereading,lab,community,high,early,west,0
p_012672,retrieval_practice,remote,undergraduate,low,early,west,1
p_012673,rereading,remote,community,high,late,west,1
p_012674,rereading,remote,community,high,early,east,1
p_012675,rereading,remote,community,high,late,east,0
p_012676,retrieval_practice,remote,undergraduate,high,early,east,0
p_012677,rereading,lab,community,high,early,west,1
p_012678,rereading,lab,undergraduate,high,early,east,1
p_012679,rereading,lab,community,high,early,west,1
p_012680,retrieval_practice,remote,undergraduate,high,late,west,0
p_012681,rereading,lab,community,high,early,east,1
p_012682,retrieval_practice,lab,undergraduate,high,early,west,1
p_012683,retrieval_practice,remote,undergraduate,low,early,west,1
p_012684,rereading,remote,undergraduate,high,early,east,0
p_012685,retrieval_practice,remote,community,low,late,east,0
p_012686,rereading,lab,undergraduate,low,early,west,0
p_012687,retrieval_practice,remote,community,high,early,east,1
p_012688,retrieval_practice,lab,undergraduate,high,early,west,0
p_012689,rereading,remote,undergraduate,low,late,west,0
p_012690,rereading,lab,community,high,late,east,1
p_012691,retrieval_practice,lab,undergraduate,high,early,east,0
p_012692,rereading,remote,undergraduate,low,late,east,0
p_012693,retrieval_practice,lab,community,low,late,west,1
p_012694,rereading,lab,undergraduate,low,early,west,0
p_012695,retrieval_practice,lab,community,low,early,east,1
p_012696,retrieval_practice,lab,community,high,early,west,1
p_012697,rereading,lab,undergraduate,low,early,west,1
p_012698,retrieval_practice,lab,undergraduate,low,late,west,1
p_012699,rereading,lab,undergraduate,low,early,east,1
p_012700,retrieval_practice,remote,community,high,early,west,1
p_012701,rereading,lab,undergraduate,low,late,east,1
p_012702,retrieval_practice,remote,undergraduate,low,late,east,0
p_012703,retrieval_practice,lab,undergraduate,high,early,west,1
p_012704,rereading,remote,undergraduate,low,early,west,0
p_012705,retrieval_practice,lab,undergraduate,low,early,west,1
p_012706,rereading,remote,undergraduate,low,late,east,1
p_012707,retrieval_practice,remote,undergraduate,high,late,east,0
p_012708,rereading,remote,undergraduate,high,early,west,0
p_012709,retrieval_practice,remote,undergraduate,low,early,west,1
p_012710,rereading,remote,undergraduate,low,late,west,0
p_012711,retrieval_practice,lab,community,high,early,west,0
p_012712,rereading,remote,community,low,early,east,1
p_012713,retrieval_practice,lab,community,high,early,west,0
p_012714,rereading,remote,undergraduate,high,early,east,1
p_012715,rereading,lab,community,high,early,west,1
p_012716,rereading,lab,community,high,early,west,0
p_012717,rereading,lab,undergraduate,low,late,west,1
p_012718,rereading,lab,community,high,early,west,1
p_012719,retrieval_practice,lab,community,high,late,west,0
p_012720,rereading,remote,undergraduate,low,late,west,1
p_012721,retrieval_practice,lab,undergraduate,low,early,east,0
p_012722,rereading,lab,undergraduate,low,late,east,0
p_012723,retrieval_practice,remote,undergraduate,high,early,east,0
p_012724,rereading,remote,undergraduate,low,late,west,0
p_012725,rereading,remote,undergraduate,high,late,west,1
p_012726,retrieval_practice,remote,undergraduate,low,early,east,1
p_012727,rereading,lab,community,low,early,west,0
p_012728,retrieval_practice,remote,undergraduate,low,late,east,0
p_012729,retrieval_practice,lab,undergraduate,low,late,west,0
p_012730,rereading,lab,undergraduate,low,early,west,1
p_012731,retrieval_practice,lab,community,low,late,west,0
p_012732,rereading,lab,undergraduate,low,late,west,1
p_012733,retrieval_practice,lab,undergraduate,low,early,east,0
p_012734,rereading,lab,community,low,early,west,1
p_012735,rereading,remote,undergraduate,high,early,west,1
p_012736,retrieval_practice,lab,undergraduate,high,late,west,1
p_012737,retrieval_practice,remote,undergraduate,low,early,east,1
p_012738,rereading,remote,undergraduate,low,early,east,0
p_012739,rereading,lab,community,high,early,east,1
p_012740,retrieval_practice,lab,undergraduate,high,early,east,0
p_012741,retrieval_practice,lab,undergraduate,high,late,east,0
p_012742,rereading,lab,undergraduate,high,early,east,0
p_012743,rereading,lab,community,high,late,east,1
p_012744,rereading,lab,undergraduate,high,late,east,1
p_012745,retrieval_practice,remote,undergraduate,low,late,east,0
p_012746,retrieval_practice,remote,undergraduate,high,late,east,1
p_012747,retrieval_practice,lab,community,low,late,east,1
p_012748,rereading,remote,undergraduate,high,early,east,1
p_012749,rereading,remote,undergraduate,high,early,east,1
p_012750,rereading,remote,undergraduate,high,early,east,0
p_012751,retrieval_practice,remote,community,low,early,west,0
p_012752,retrieval_practice,remote,community,low,late,east,1
p_012753,rereading,lab,undergraduate,low,early,east,0
p_012754,rereading,lab,community,high,late,west,0
p_012755,retrieval_practice,lab,undergraduate,high,late,east,0
p_012756,rereading,lab,undergraduate,low,late,west,1
p_012757,retrieval_practice,lab,undergraduate,low,early,east,0
p_012758,rereading,lab,undergraduate,high,early,west,0
p_012759,retrieval_practice,lab,undergraduate,high,late,west,0
p_012760,retrieval_practice,lab,community,high,late,east,1
p_012761,retrieval_practice,lab,undergraduate,high,late,east,1
p_012762,rereading,remote,undergraduate,low,early,east,1
p_012763,rereading,remote,undergraduate,high,early,east,1
p_012764,rereading,lab,community,low,late,west,0
p_012765,retrieval_practice,lab,community,low,late,west,1
p_012766,rereading,lab,community,low,late,west,1
p_012767,retrieval_practice,remote,undergraduate,high,early,west,1
p_012768,rereading,remote,undergraduate,high,early,west,0
p_012769,retrieval_practice,remote,community,high,early,west,0
p_012770,rereading,remote,undergraduate,high,early,west,0
p_012771,rereading,lab,undergraduate,high,early,east,0
p_012772,rereading,lab,undergraduate,low,early,east,0
p_012773,retrieval_practice,lab,undergraduate,low,early,east,1
p_012774,retrieval_practice,lab,community,low,late,east,1
p_012775,retrieval_practice,lab,undergraduate,low,late,west,0
p_012776,rereading,lab,community,high,early,east,1
p_012777,rereading,remote,undergraduate,high,early,east,1
p_012778,rereading,lab,community,high,early,west,1
p_012779,rereading,remote,undergraduate,low,late,east,0
p_012780,retrieval_practice,remote,undergraduate,high,late,east,1
p_012781,retrieval_practice,lab,undergraduate,low,early,west,1
p_012782,rereading,remote,undergraduate,low,early,east,1
p_012783,rereading,remote,undergraduate,low,late,east,1
p_012784,retrieval_practice,remote,community,high,late,west,0
p_012785,rereading,remote,undergraduate,high,late,west,0
p_012786,rereading,lab,undergraduate,high,late,west,0
p_012787,rereading,remote,community,high,late,west,0
p_012788,rereading,lab,undergraduate,high,early,west,1
p_012789,retrieval_practice,remote,undergraduate,low,late,west,1
p_012790,rereading,lab,undergraduate,high,early,west,0
p_012791,rereading,remote,undergraduate,high,late,west,1
p_012792,retrieval_practice,lab,community,low,late,west,0
p_012793,retrieval_practice,remote,undergraduate,high,early,west,0
p_012794,rereading,lab,undergraduate,low,late,east,1
p_012795,rereading,remote,undergraduate,high,early,east,0
p_012796,retrieval_practice,lab,community,low,late,west,0
p_012797,rereading,remote,undergraduate,low,late,west,1
p_012798,rereading,lab,undergraduate,low,late,east,0
p_012799,retrieval_practice,remote,undergraduate,high,early,east,1
p_012800,rereading,remote,undergraduate,low,early,east,1
p_012801,rereading,lab,community,high,early,east,1
p_012802,retrieval_practice,lab,community,low,early,west,0
p_012803,rereading,lab,undergraduate,high,late,east,0
p_012804,retrieval_practice,remote,undergraduate,high,early,east,0
p_012805,rereading,lab,community,low,late,west,1
p_012806,retrieval_practice,remote,undergraduate,low,early,west,1
p_012807,rereading,remote,undergraduate,low,early,west,1
p_012808,retrieval_practice,lab,undergraduate,high,early,east,0
p_012809,retrieval_practice,remote,undergraduate,high,late,west,1
p_012810,retrieval_practice,lab,undergraduate,low,late,east,1
p_012811,retrieval_practice,lab,undergraduate,high,early,west,1
p_012812,rereading,lab,community,low,late,east,1
p_012813,rereading,lab,undergraduate,low,early,east,1
p_012814,rereading,lab,community,low,early,west,0
p_012815,retrieval_practice,lab,undergraduate,high,early,west,1
p_012816,rereading,remote,undergraduate,high,early,east,1
p_012817,rereading,lab,community,low,late,west,1
p_012818,rereading,lab,undergraduate,high,early,west,1
p_012819,retrieval_practice,lab,community,high,early,east,1
p_012820,rereading,remote,undergraduate,low,early,east,0
p_012821,retrieval_practice,lab,community,low,early,west,0
p_012822,retrieval_practice,lab,community,low,late,west,0
p_012823,retrieval_practice,remote,undergraduate,low,late,west,0
p_012824,rereading,lab,undergraduate,high,early,east,1
p_012825,rereading,lab,undergraduate,high,late,west,1
p_012826,retrieval_practice,lab,community,low,late,east,0
p_012827,retrieval_practice,remote,undergraduate,high,late,east,0
p_012828,rereading,lab,undergraduate,high,early,east,0
p_012829,rereading,lab,community,low,early,west,1
p_012830,rereading,lab,community,high,early,west,1
p_012831,rereading,remote,community,high,early,west,1
p_012832,rereading,lab,undergraduate,low,early,east,0
p_012833,retrieval_practice,remote,community,low,early,east,1
p_012834,retrieval_practice,lab,community,high,early,west,0
p_012835,rereading,lab,undergraduate,low,late,west,1
p_012836,retrieval_practice,lab,community,low,late,west,1
p_012837,rereading,lab,undergraduate,high,late,east,1
p_012838,rereading,remote,undergraduate,low,late,west,1
p_012839,retrieval_practice,remote,community,low,late,west,1
p_012840,retrieval_practice,remote,community,high,early,west,1
p_012841,rereading,lab,community,low,early,west,1
p_012842,rereading,lab,community,high,late,east,0
p_012843,retrieval_practice,remote,undergraduate,high,early,west,1
p_012844,retrieval_practice,lab,community,high,early,east,0
p_012845,rereading,remote,undergraduate,low,early,west,0
p_012846,rereading,lab,undergraduate,high,early,west,1
p_012847,rereading,lab,undergraduate,high,early,west,0
p_012848,rereading,lab,undergraduate,low,early,east,1
p_012849,rereading,remote,undergraduate,high,early,west,0
p_012850,rereading,lab,undergraduate,low,early,west,1
p_012851,rereading,lab,community,high,late,west,1
p_012852,retrieval_practice,lab,community,high,early,east,1
p_012853,rereading,lab,undergraduate,low,late,east,0
p_012854,retrieval_practice,lab,community,high,late,west,0
p_012855,retrieval_practice,lab,undergraduate,low,late,east,1
p_012856,retrieval_practice,lab,undergraduate,high,late,west,0
p_012857,rereading,lab,community,high,early,west,1
p_012858,retrieval_practice,lab,undergraduate,high,early,west,1
p_012859,retrieval_practice,remote,community,low,early,east,0
p_012860,retrieval_practice,remote,community,high,early,east,1
p_012861,rereading,lab,undergraduate,high,late,east,1
p_012862,retrieval_practice,remote,undergraduate,high,late,west,1
p_012863,rereading,lab,community,high,late,east,1
p_012864,rereading,lab,community,high,late,east,1
p_012865,retrieval_practice,remote,community,high,early,west,1
p_012866,rereading,lab,community,low,early,west,1
p_012867,retrieval_practice,remote,community,high,early,west,0
p_012868,rereading,lab,undergraduate,high,late,west,0
p_012869,rereading,remote,community,low,late,east,1
p_012870,retrieval_practice,lab,undergraduate,low,late,west,1
p_012871,retrieval_practice,remote,undergraduate,low,early,west,1
p_012872,retrieval_practice,lab,community,high,early,east,1
p_012873,retrieval_practice,lab,undergraduate,low,early,west,0
p_012874,retrieval_practice,remote,community,low,late,west,1
p_012875,retrieval_practice,lab,community,low,early,east,1
p_012876,retrieval_practice,lab,undergraduate,low,late,west,0
p_012877,rereading,lab,undergraduate,low,early,east,0
p_012878,retrieval_practice,remote,community,low,early,west,0
p_012879,retrieval_practice,remote,undergraduate,low,early,east,1
p_012880,retrieval_practice,lab,community,low,early,west,0
p_012881,retrieval_practice,lab,undergraduate,low,early,east,0
p_012882,rereading,lab,community,high,early,east,1
p_012883,rereading,lab,community,low,early,east,0
p_012884,retrieval_practice,remote,undergraduate,low,late,west,1
p_012885,rereading,remote,undergraduate,low,late,east,1
p_012886,rereading,lab,undergraduate,high,late,west,0
p_012887,rereading,remote,community,high,early,west,1
p_012888,rereading,lab,undergraduate,high,early,east,0
p_012889,retrieval_practice,remote,undergraduate,high,early,west,1
p_012890,retrieval_practice,remote,community,low,early,west,0
p_012891,rereading,lab,undergraduate,low,early,east,0
p_012892,retrieval_practice,remote,community,high,late,east,1
p_012893,rereading,lab,undergraduate,high,early,west,0
p_012894,rereading,lab,undergraduate,low,early,east,1
p_012895,retrieval_practice,lab,undergraduate,high,late,west,1
p_012896,rereading,lab,undergraduate,high,early,east,0
p_012897,rereading,remote,undergraduate,high,late,west,0
p_012898,rereading,remote,undergraduate,high,late,west,1
p_012899,retrieval_practice,lab,community,low,early,east,1
p_012900,retrieval_practice,remote,undergraduate,low,late,east,0
p_012901,retrieval_practice,lab,undergraduate,high,late,east,0
p_012902,retrieval_practice,remote,community,low,late,east,0
p_012903,retrieval_practice,lab,undergraduate,low,early,east,0
p_012904,rereading,lab,undergraduate,high,late,east,1
p_012905,retrieval_practice,lab,community,low,late,west,1
p_012906,rereading,remote,community,low,early,west,1
p_012907,rereading,lab,undergraduate,high,late,east,1
p_012908,rereading,remote,community,low,early,east,1
p_012909,rereading,remote,undergraduate,high,late,east,0
p_012910,rereading,remote,undergraduate,low,late,west,0
p_012911,retrieval_practice,lab,undergraduate,low,early,west,1
p_012912,rereading,lab,undergraduate,low,early,east,1
p_012913,rereading,lab,undergraduate,high,late,west,0
p_012914,rereading,lab,community,low,early,west,0
p_012915,rereading,lab,community,high,early,east,1
p_012916,rereading,remote,undergraduate,low,early,east,0
p_012917,retrieval_practice,lab,undergraduate,high,late,east,1
p_012918,rereading,lab,community,low,early,east,1
p_012919,retrieval_practice,remote,community,high,early,west,0
p_012920,rereading,remote,undergraduate,high,early,east,1
p_012921,retrieval_practice,lab,community,low,early,east,0
p_012922,retrieval_practice,lab,community,low,early,east,0
p_012923,rereading,remote,community,low,early,east,1
p_012924,rereading,lab,undergraduate,high,early,east,1
p_012925,retrieval_practice,lab,community,low,late,east,0
p_012926,retrieval_practice,remote,undergraduate,low,late,west,1
p_012927,rereading,lab,undergraduate,high,late,west,1
p_012928,retrieval_practice,lab,undergraduate,low,late,east,0
p_012929,retrieval_practice,lab,undergraduate,low,early,east,0
p_012930,rereading,lab,undergraduate,high,late,east,1
p_012931,retrieval_practice,remote,undergraduate,low,late,east,1
p_012932,retrieval_practice,lab,community,high,late,west,0
p_012933,retrieval_practice,remote,undergraduate,low,early,west,1
p_012934,rereading,lab,community,low,late,west,0
p_012935,retrieval_practice,remote,undergraduate,low,late,east,1
p_012936,rereading,remote,community,high,early,west,1
p_012937,retrieval_practice,lab,undergraduate,high,early,east,1
p_012938,retrieval_practice,remote,community,low,early,west,1
p_012939,retrieval_practice,lab,undergraduate,high,late,west,1
p_012940,retrieval_practice,remote,community,high,late,east,0
p_012941,retrieval_practice,remote,undergraduate,high,late,west,0
p_012942,retrieval_practice,remote,undergraduate,high,early,east,1
p_012943,rereading,lab,community,high,late,east,0
p_012944,retrieval_practice,remote,undergraduate,high,late,east,0
p_012945,rereading,lab,undergraduate,high,early,west,1
p_012946,retrieval_practice,remote,undergraduate,low,late,east,0
p_012947,rereading,remote,community,low,late,west,1
p_012948,retrieval_practice,remote,community,high,early,east,1
p_012949,retrieval_practice,lab,undergraduate,low,late,west,1
p_012950,rereading,lab,community,low,early,east,0
p_012951,retrieval_practice,lab,undergraduate,low,early,west,1
p_012952,retrieval_practice,lab,undergraduate,high,late,east,0
p_012953,retrieval_practice,lab,community,high,early,east,1
p_012954,retrieval_practice,lab,community,low,early,east,1
p_012955,retrieval_practice,lab,undergraduate,high,late,west,1
p_012956,rereading,remote,community,low,late,west,0
p_012957,retrieval_practice,lab,undergraduate,low,early,west,1
p_012958,retrieval_practice,remote,undergraduate,low,late,west,1
p_012959,retrieval_practice,remote,undergraduate,low,early,west,0
p_012960,retrieval_practice,remote,community,high,late,west,1
p_012961,rereading,lab,community,low,early,east,0
p_012962,rereading,lab,undergraduate,high,early,east,1
p_012963,retrieval_practice,lab,community,high,late,west,1
p_012964,rereading,lab,community,low,early,west,0
p_012965,retrieval_practice,lab,community,low,early,west,0
p_012966,retrieval_practice,remote,undergraduate,low,early,west,0
p_012967,retrieval_practice,lab,community,high,late,west,1
p_012968,rereading,remote,undergraduate,low,early,east,1
p_012969,retrieval_practice,remote,undergraduate,low,late,east,0
p_012970,rereading,lab,undergraduate,low,early,east,0
p_012971,rereading,lab,community,high,late,east,1
p_012972,retrieval_practice,remote,undergraduate,low,late,west,0
p_012973,retrieval_practice,lab,community,low,late,east,0
p_012974,retrieval_practice,lab,community,high,early,east,1
p_012975,rereading,lab,community,high,early,east,0
p_012976,retrieval_practice,lab,community,low,late,west,1
p_012977,rereading,remote,undergraduate,low,early,east,1
p_012978,retrieval_practice,lab,community,low,late,west,0
p_012979,rereading,remote,undergraduate,high,late,west,1
p_012980,rereading,lab,community,low,late,east,1
p_012981,rereading,lab,undergraduate,high,early,west,0
p_012982,rereading,lab,community,low,early,west,0
p_012983,retrieval_practice,lab,community,low,late,east,1
p_012984,rereading,lab,undergraduate,low,late,west,0
p_012985,retrieval_practice,remote,undergraduate,low,late,west,0
p_012986,retrieval_practice,lab,undergraduate,high,early,west,1
p_012987,rereading,lab,undergraduate,high,late,west,0
p_012988,rereading,lab,community,low,late,west,1
p_012989,rereading,remote,undergraduate,low,early,west,1
p_012990,rereading,lab,community,low,early,east,0
p_012991,retrieval_practice,remote,undergraduate,low,late,east,1
p_012992,retrieval_practice,remote,community,low,late,west,0
p_012993,retrieval_practice,lab,community,low,early,east,0
p_012994,retrieval_practice,lab,undergraduate,low,late,east,1
p_012995,rereading,lab,undergraduate,high,early,east,1
p_012996,retrieval_practice,lab,undergraduate,high,late,west,0
p_012997,retrieval_practice,lab,undergraduate,low,late,east,1
p_012998,rereading,lab,undergraduate,high,late,east,0
p_012999,rereading,lab,community,low,late,west,0
p_013000,retrieval_practice,remote,undergraduate,high,early,east,1
p_013001,rereading,remote,undergraduate,low,early,west,0
p_013002,rereading,lab,community,low,late,west,1
p_013003,retrieval_practice,lab,undergraduate,high,early,east,1
p_013004,retrieval_practice,lab,community,high,late,west,1
p_013005,retrieval_practice,remote,community,high,early,east,0
p_013006,rereading,remote,community,low,late,west,0
p_013007,retrieval_practice,remote,community,high,late,east,0
p_013008,retrieval_practice,remote,undergraduate,high,early,east,0
p_013009,rereading,lab,undergraduate,low,late,east,0
p_013010,rereading,lab,undergraduate,low,late,west,1
p_013011,retrieval_practice,remote,undergraduate,low,late,west,1
p_013012,retrieval_practice,remote,community,high,late,west,0
p_013013,rereading,remote,undergraduate,high,late,east,1
p_013014,retrieval_practice,lab,community,high,late,west,1
p_013015,rereading,lab,undergraduate,low,early,west,0
p_013016,retrieval_practice,lab,community,high,early,east,0
p_013017,retrieval_practice,lab,community,high,early,east,1
p_013018,rereading,lab,community,low,early,west,1
p_013019,retrieval_practice,remote,undergraduate,low,late,west,1
p_013020,retrieval_practice,lab,undergraduate,high,early,east,1
p_013021,retrieval_practice,lab,community,low,late,east,1
p_013022,rereading,lab,community,low,early,east,0
p_013023,rereading,lab,community,low,late,west,1
p_013024,rereading,remote,community,low,early,west,1
p_013025,retrieval_practice,remote,undergraduate,high,late,west,1
p_013026,retrieval_practice,lab,community,low,early,west,0
p_013027,retrieval_practice,lab,community,high,early,west,0
p_013028,rereading,lab,community,low,early,east,0
p_013029,rereading,lab,undergraduate,low,early,east,1
p_013030,rereading,lab,community,low,late,west,1
p_013031,rereading,lab,undergraduate,low,late,east,1
p_013032,rereading,lab,undergraduate,low,early,west,0
p_013033,retrieval_practice,remote,undergraduate,high,early,east,0
p_013034,rereading,lab,undergraduate,low,early,east,0
p_013035,rereading,lab,undergraduate,low,early,west,1
p_013036,retrieval_practice,remote,community,low,early,east,0
p_013037,retrieval_practice,lab,undergraduate,high,early,east,1
p_013038,rereading,lab,community,high,late,east,1
p_013039,rereading,remote,community,high,early,west,1
p_013040,rereading,remote,community,low,late,east,1
p_013041,rereading,lab,community,low,early,west,1
p_013042,retrieval_practice,lab,undergraduate,low,late,west,0
p_013043,retrieval_practice,remote,undergraduate,low,early,west,0
p_013044,rereading,remote,undergraduate,high,late,west,1
p_013045,rereading,remote,undergraduate,high,early,west,1
p_013046,retrieval_practice,lab,undergraduate,low,late,east,0
p_013047,retrieval_practice,remote,community,high,late,west,1
p_013048,rereading,lab,undergraduate,high,early,east,1
p_013049,retrieval_practice,lab,community,low,late,west,0
p_013050,retrieval_practice,remote,undergraduate,low,early,east,0
p_013051,retrieval_practice,lab,community,low,late,west,1
p_013052,retrieval_practice,lab,undergraduate,high,late,west,1
p_013053,retrieval_practice,lab,undergraduate,low,early,east,1
p_013054,rereading,remote,undergraduate,low,late,east,0
p_013055,rereading,lab,undergraduate,high,early,west,1
p_013056,retrieval_practice,remote,community,high,late,east,1
p_013057,retrieval_practice,lab,community,low,early,west,1
p_013058,retrieval_practice,lab,community,high,early,east,0
p_013059,rereading,lab,community,high,early,east,0
p_013060,retrieval_practice,lab,community,low,early,west,0
p_013061,rereading,lab,undergraduate,high,early,east,1
p_013062,retrieval_practice,lab,community,low,late,west,0
p_013063,rereading,lab,undergraduate,low,late,east,0
p_013064,rereading,lab,undergraduate,high,early,west,1
p_013065,rereading,remote,undergraduate,low,late,west,1
p_013066,rereading,remote,undergraduate,high,late,east,0
p_013067,rereading,lab,undergraduate,low,late,east,1
p_013068,retrieval_practice,lab,undergraduate,high,late,west,0
p_013069,retrieval_practice,lab,community,low,late,west,0
p_013070,rereading,remote,undergraduate,low,early,west,1
p_013071,retrieval_practice,remote,community,low,late,east,1
p_013072,retrieval_practice,lab,community,high,early,east,1
p_013073,rereading,lab,community,low,early,east,0
p_013074,retrieval_practice,lab,community,low,late,east,0
p_013075,rereading,remote,undergraduate,high,late,west,0
p_013076,retrieval_practice,lab,community,low,early,east,1
p_013077,retrieval_practice,remote,undergraduate,high,early,east,0
p_013078,retrieval_practice,lab,undergraduate,low,early,east,0
p_013079,retrieval_practice,remote,community,low,late,west,0
p_013080,rereading,lab,community,low,late,east,1
p_013081,rereading,remote,undergraduate,low,early,west,1
p_013082,retrieval_practice,lab,community,low,early,east,0
p_013083,retrieval_practice,lab,undergraduate,high,early,west,1
p_013084,retrieval_practice,lab,undergraduate,low,early,east,1
p_013085,retrieval_practice,lab,undergraduate,high,early,west,0
p_013086,retrieval_practice,lab,undergraduate,high,late,west,0
p_013087,retrieval_practice,lab,undergraduate,low,early,west,1
p_013088,rereading,lab,undergraduate,high,late,west,0
p_013089,retrieval_practice,lab,community,low,late,west,0
p_013090,rereading,remote,undergraduate,low,early,east,1
p_013091,rereading,remote,community,low,late,east,0
p_013092,retrieval_practice,remote,undergraduate,high,late,west,0
p_013093,retrieval_practice,remote,undergraduate,low,late,west,0
p_013094,rereading,remote,undergraduate,low,late,east,0
p_013095,retrieval_practice,lab,undergraduate,low,early,west,1
p_013096,retrieval_practice,lab,community,high,early,west,1
p_013097,retrieval_practice,lab,community,high,late,east,0
p_013098,rereading,lab,undergraduate,high,early,east,1
p_013099,retrieval_practice,lab,undergraduate,low,early,east,0
p_013100,rereading,lab,undergraduate,high,late,west,0
p_013101,rereading,remote,undergraduate,high,late,west,0
p_013102,rereading,lab,community,high,early,east,1
p_013103,rereading,remote,community,high,early,east,1
p_013104,rereading,lab,community,low,early,west,0
p_013105,rereading,lab,community,low,late,east,1
p_013106,rereading,lab,community,high,late,west,1
p_013107,rereading,lab,community,high,early,east,0
p_013108,retrieval_practice,remote,community,low,late,west,1
p_013109,rereading,lab,undergraduate,low,early,west,0
p_013110,retrieval_practice,lab,undergraduate,low,early,east,0
p_013111,rereading,lab,undergraduate,low,late,east,0
p_013112,retrieval_practice,lab,undergraduate,low,late,west,1
p_013113,retrieval_practice,lab,community,low,early,west,0
p_013114,retrieval_practice,lab,undergraduate,high,early,east,1
p_013115,rereading,lab,undergraduate,low,early,west,0
p_013116,retrieval_practice,lab,undergraduate,high,late,west,0
p_013117,retrieval_practice,lab,community,high,early,west,0
p_013118,rereading,lab,community,high,early,east,1
p_013119,retrieval_practice,remote,undergraduate,low,early,west,1
p_013120,rereading,lab,community,low,late,west,1
p_013121,rereading,lab,undergraduate,high,early,west,1
p_013122,rereading,lab,undergraduate,low,late,west,1
p_013123,rereading,remote,undergraduate,low,early,west,0
p_013124,rereading,lab,undergraduate,high,early,west,0
p_013125,retrieval_practice,lab,community,low,early,east,1
p_013126,rereading,lab,community,low,late,east,1
p_013127,retrieval_practice,lab,undergraduate,high,late,east,1
p_013128,retrieval_practice,remote,community,high,late,west,1
p_013129,retrieval_practice,remote,undergraduate,low,late,west,0
p_013130,retrieval_practice,lab,community,low,early,east,1
p_013131,rereading,remote,undergraduate,low,late,west,0
p_013132,retrieval_practice,lab,community,low,early,west,0
p_013133,rereading,lab,community,high,early,west,0
p_013134,rereading,lab,undergraduate,high,early,west,0
p_013135,retrieval_practice,lab,undergraduate,low,early,west,0
p_013136,rereading,remote,undergraduate,low,late,east,0
p_013137,retrieval_practice,remote,undergraduate,high,late,east,0
p_013138,retrieval_practice,lab,undergraduate,low,early,east,1
p_013139,rereading,lab,community,high,early,west,1
p_013140,retrieval_practice,lab,undergraduate,high,late,west,1
p_013141,rereading,lab,community,high,late,west,0
p_013142,retrieval_practice,lab,undergraduate,high,late,west,1
p_013143,retrieval_practice,remote,undergraduate,high,early,west,1
p_013144,rereading,remote,undergraduate,high,early,east,0
p_013145,retrieval_practice,lab,undergraduate,high,late,west,1
p_013146,rereading,remote,undergraduate,high,late,east,1
p_013147,retrieval_practice,lab,undergraduate,low,late,west,0
p_013148,rereading,lab,community,low,early,east,0
p_013149,rereading,lab,undergraduate,low,early,east,0
p_013150,retrieval_practice,lab,undergraduate,high,late,east,0
p_013151,retrieval_practice,remote,community,low,late,west,0
p_013152,retrieval_practice,remote,undergraduate,low,early,west,0
p_013153,rereading,lab,undergraduate,low,early,east,0
p_013154,retrieval_practice,lab,undergraduate,high,early,west,1
p_013155,rereading,remote,undergraduate,high,late,west,0
p_013156,rereading,remote,undergraduate,high,early,west,1
p_013157,retrieval_practice,lab,undergraduate,low,late,west,0
p_013158,retrieval_practice,remote,undergraduate,high,early,west,0
p_013159,retrieval_practice,remote,undergraduate,high,late,west,1
p_013160,retrieval_practice,remote,undergraduate,low,early,east,0
p_013161,retrieval_practice,remote,undergraduate,high,late,east,0
p_013162,retrieval_practice,remote,community,low,early,west,1
p_013163,retrieval_practice,lab,undergraduate,high,early,east,1
p_013164,retrieval_practice,lab,undergraduate,high,late,west,0
p_013165,retrieval_practice,lab,undergraduate,high,late,east,1
p_013166,rereading,remote,undergraduate,high,early,west,0
p_013167,rereading,lab,undergraduate,low,late,west,0
p_013168,rereading,lab,undergraduate,high,early,west,1
p_013169,retrieval_practice,lab,community,low,early,west,1
p_013170,retrieval_practice,lab,community,low,early,east,1
p_013171,retrieval_practice,lab,undergraduate,high,early,east,0
p_013172,rereading,lab,community,high,early,east,0
p_013173,retrieval_practice,remote,undergraduate,high,early,east,0
p_013174,retrieval_practice,lab,undergraduate,high,early,west,1
p_013175,retrieval_practice,lab,undergraduate,low,late,west,1
p_013176,retrieval_practice,lab,community,low,early,east,0
p_013177,retrieval_practice,lab,undergraduate,low,late,west,0
p_013178,rereading,lab,undergraduate,high,early,east,1
p_013179,retrieval_practice,remote,community,low,late,west,1
p_013180,rereading,remote,undergraduate,low,early,east,0
p_013181,rereading,lab,undergraduate,high,late,west,1
p_013182,rereading,remote,community,high,early,east,0
p_013183,retrieval_practice,lab,community,low,late,east,1
p_013184,retrieval_practice,remote,community,high,early,east,0
p_013185,rereading,remote,community,high,early,east,0
p_013186,retrieval_practice,remote,community,low,early,east,1
p_013187,rereading,remote,undergraduate,high,early,east,1
p_013188,retrieval_practice,lab,community,high,early,west,0
p_013189,rereading,lab,community,low,early,east,1
p_013190,retrieval_practice,remote,community,high,late,west,1
p_013191,retrieval_practice,lab,undergraduate,low,early,east,0
p_013192,retrieval_practice,remote,community,low,late,east,1
p_013193,retrieval_practice,remote,community,low,late,east,1
p_013194,rereading,lab,undergraduate,high,late,west,0
p_013195,rereading,remote,community,high,early,west,0
p_013196,retrieval_practice,remote,undergraduate,high,late,east,1
p_013197,rereading,remote,community,low,late,east,0
p_013198,retrieval_practice,lab,undergraduate,low,early,east,0
p_013199,retrieval_practice,remote,community,high,late,west,0
p_013200,rereading,lab,undergraduate,low,late,east,1
p_013201,rereading,remote,undergraduate,high,late,west,0
p_013202,rereading,lab,undergraduate,low,early,east,1
p_013203,retrieval_practice,lab,undergraduate,high,early,west,1
p_013204,retrieval_practice,remote,undergraduate,low,early,east,0
p_013205,retrieval_practice,remote,undergraduate,high,late,east,0
p_013206,rereading,remote,undergraduate,high,early,east,0
p_013207,rereading,remote,undergraduate,high,early,east,1
p_013208,retrieval_practice,remote,community,high,late,west,1
p_013209,rereading,remote,community,low,late,west,0
p_013210,rereading,lab,undergraduate,low,late,west,1
p_013211,rereading,remote,undergraduate,high,late,east,0
p_013212,retrieval_practice,lab,community,high,early,west,0
p_013213,rereading,lab,community,low,early,east,0
p_013214,retrieval_practice,remote,undergraduate,high,early,east,1
p_013215,retrieval_practice,lab,undergraduate,high,late,west,1
p_013216,rereading,lab,undergraduate,low,early,west,0
p_013217,rereading,lab,community,high,late,west,1
p_013218,retrieval_practice,lab,undergraduate,high,early,east,0
p_013219,retrieval_practice,lab,undergraduate,high,late,east,1
p_013220,retrieval_practice,lab,community,low,early,east,0
p_013221,retrieval_practice,remote,community,low,late,west,1
p_013222,retrieval_practice,remote,undergraduate,low,early,east,0
p_013223,rereading,lab,community,high,early,west,1
p_013224,retrieval_practice,lab,undergraduate,low,early,west,1
p_013225,retrieval_practice,lab,undergraduate,high,late,west,1
p_013226,retrieval_practice,lab,undergraduate,high,early,west,0
p_013227,rereading,lab,community,low,early,east,1
p_013228,retrieval_practice,remote,community,low,late,east,1
p_013229,rereading,lab,undergraduate,high,late,east,1
p_013230,rereading,lab,community,high,late,west,1
p_013231,rereading,remote,undergraduate,high,late,west,0
p_013232,rereading,lab,community,low,late,west,0
p_013233,retrieval_practice,remote,undergraduate,high,late,west,1
p_013234,retrieval_practice,lab,community,low,late,east,1
p_013235,rereading,lab,undergraduate,high,late,west,1
p_013236,rereading,lab,undergraduate,high,early,east,1
p_013237,retrieval_practice,lab,community,low,early,east,0
p_013238,retrieval_practice,remote,undergraduate,low,late,east,1
p_013239,rereading,lab,undergraduate,high,late,west,0
p_013240,retrieval_practice,lab,undergraduate,low,late,west,1
p_013241,retrieval_practice,remote,community,low,late,west,1
p_013242,retrieval_practice,lab,undergraduate,low,late,east,0
p_013243,retrieval_practice,remote,community,high,late,east,0
p_013244,rereading,remote,community,high,early,east,1
p_013245,rereading,lab,undergraduate,low,early,east,1
p_013246,rereading,lab,undergraduate,high,late,west,1
p_013247,rereading,lab,undergraduate,low,early,west,1
p_013248,rereading,lab,undergraduate,high,late,east,1
p_013249,retrieval_practice,remote,undergraduate,high,early,east,1
p_013250,rereading,remote,undergraduate,high,late,east,0
p_013251,rereading,remote,undergraduate,low,early,west,1
p_013252,rereading,remote,undergraduate,high,late,east,0
p_013253,retrieval_practice,lab,undergraduate,low,early,west,0
p_013254,retrieval_practice,lab,community,high,early,west,1
p_013255,rereading,remote,undergraduate,low,late,east,0
p_013256,retrieval_practice,remote,undergraduate,low,late,east,0
p_013257,retrieval_practice,lab,undergraduate,low,late,east,0
p_013258,rereading,remote,undergraduate,low,late,west,0
p_013259,rereading,remote,undergraduate,low,late,east,0
p_013260,rereading,lab,undergraduate,low,early,west,0
p_013261,rereading,lab,community,high,early,west,1
p_013262,rereading,lab,community,low,late,east,1
p_013263,rereading,lab,community,low,late,west,0
p_013264,rereading,lab,undergraduate,low,late,west,1
p_013265,retrieval_practice,lab,undergraduate,high,early,east,1
p_013266,retrieval_practice,remote,undergraduate,high,early,east,0
p_013267,retrieval_practice,remote,undergraduate,low,late,east,1
p_013268,retrieval_practice,lab,community,high,late,west,1
p_013269,rereading,remote,community,high,early,west,0
p_013270,retrieval_practice,lab,undergraduate,low,early,west,0
p_013271,retrieval_practice,lab,community,low,early,east,1
p_013272,retrieval_practice,lab,undergraduate,low,early,west,1
p_013273,retrieval_practice,lab,undergraduate,high,late,west,1
p_013274,retrieval_practice,lab,community,high,late,east,0
p_013275,rereading,lab,undergraduate,high,late,west,0
p_013276,retrieval_practice,lab,undergraduate,low,early,east,1
p_013277,rereading,lab,undergraduate,high,late,east,0
p_013278,rereading,remote,undergraduate,low,late,west,1
p_013279,retrieval_practice,remote,community,low,early,east,0
p_013280,rereading,lab,undergraduate,low,early,east,0
p_013281,retrieval_practice,remote,community,high,early,east,0
p_013282,retrieval_practice,lab,undergraduate,low,early,west,0
p_013283,retrieval_practice,lab,undergraduate,high,early,east,1
p_013284,retrieval_practice,lab,community,low,early,west,0
p_013285,retrieval_practice,lab,undergraduate,low,early,east,1
p_013286,retrieval_practice,lab,community,low,early,east,0
p_013287,retrieval_practice,lab,undergraduate,low,early,east,0
p_013288,rereading,remote,undergraduate,low,early,west,1
p_013289,rereading,lab,community,low,early,west,0
p_013290,retrieval_practice,lab,community,high,late,east,0
p_013291,rereading,remote,undergraduate,high,late,west,1
p_013292,retrieval_practice,remote,undergraduate,low,late,east,1
p_013293,retrieval_practice,lab,undergraduate,high,late,east,1
p_013294,retrieval_practice,lab,undergraduate,high,early,east,0
p_013295,rereading,lab,undergraduate,low,late,west,1
p_013296,rereading,lab,community,low,early,west,0
p_013297,rereading,remote,undergraduate,low,late,west,1
p_013298,retrieval_practice,remote,undergraduate,high,late,east,1
p_013299,retrieval_practice,lab,undergraduate,high,late,west,1
p_013300,retrieval_practice,lab,community,low,late,west,1
p_013301,rereading,remote,undergraduate,low,early,west,1
p_013302,retrieval_practice,lab,community,low,late,west,1
p_013303,retrieval_practice,lab,undergraduate,low,late,east,0
p_013304,retrieval_practice,lab,community,low,late,east,1
p_013305,retrieval_practice,lab,undergraduate,low,early,east,0
p_013306,retrieval_practice,remote,undergraduate,high,early,west,1
p_013307,rereading,remote,undergraduate,low,early,west,0
p_013308,rereading,lab,undergraduate,low,early,east,0
p_013309,rereading,remote,community,low,early,east,1
p_013310,rereading,lab,community,low,early,west,1
p_013311,retrieval_practice,remote,undergraduate,high,late,east,0
p_013312,rereading,remote,community,high,late,east,1
p_013313,rereading,remote,undergraduate,low,early,east,1
p_013314,retrieval_practice,remote,undergraduate,low,late,east,0
p_013315,rereading,remote,community,high,early,east,0
p_013316,retrieval_practice,remote,community,low,early,east,0
p_013317,rereading,lab,undergraduate,high,early,east,0
p_013318,retrieval_practice,remote,undergraduate,high,early,east,1
p_013319,rereading,remote,undergraduate,low,late,west,0
p_013320,rereading,remote,undergraduate,low,early,west,0
p_013321,retrieval_practice,lab,undergraduate,low,early,west,0
p_013322,retrieval_practice,lab,community,low,late,east,1
p_013323,rereading,lab,community,low,late,east,0
p_013324,retrieval_practice,lab,community,low,early,west,1
p_013325,retrieval_practice,remote,community,high,late,east,0
p_013326,rereading,lab,undergraduate,low,late,east,0
p_013327,rereading,lab,community,low,late,west,0
p_013328,retrieval_practice,lab,undergraduate,high,early,east,1
p_013329,retrieval_practice,lab,undergraduate,high,early,west,1
p_013330,retrieval_practice,lab,community,high,early,east,1
p_013331,rereading,lab,undergraduate,high,late,west,1
p_013332,rereading,lab,undergraduate,low,late,west,0
p_013333,retrieval_practice,remote,undergraduate,low,early,east,1
p_013334,rereading,lab,undergraduate,high,late,east,1
p_013335,retrieval_practice,lab,undergraduate,low,early,east,0
p_013336,rereading,remote,undergraduate,low,early,west,0
p_013337,retrieval_practice,lab,community,low,early,west,1
p_013338,rereading,lab,community,high,late,west,1
p_013339,retrieval_practice,lab,undergraduate,high,early,east,1
p_013340,retrieval_practice,lab,community,low,late,east,1
p_013341,rereading,remote,community,high,early,east,0
p_013342,rereading,lab,undergraduate,high,late,east,1
p_013343,retrieval_practice,lab,undergraduate,low,early,east,1
p_013344,rereading,remote,undergraduate,low,early,west,1
p_013345,rereading,lab,community,high,late,east,0
p_013346,rereading,lab,undergraduate,low,late,east,1
p_013347,rereading,remote,undergraduate,high,late,east,0
p_013348,rereading,remote,undergraduate,high,late,east,0
p_013349,retrieval_practice,remote,undergraduate,high,early,east,1
p_013350,rereading,remote,community,low,early,west,0
p_013351,rereading,lab,undergraduate,low,early,east,0
p_013352,retrieval_practice,lab,community,high,early,east,1
p_013353,retrieval_practice,lab,undergraduate,low,early,east,1
p_013354,retrieval_practice,remote,undergraduate,low,late,west,1
p_013355,rereading,remote,community,high,late,east,1
p_013356,rereading,lab,community,low,late,west,1
p_013357,retrieval_practice,lab,undergraduate,low,late,west,0
p_013358,rereading,remote,community,high,late,west,1
p_013359,retrieval_practice,lab,community,low,late,west,1
p_013360,retrieval_practice,remote,community,high,early,west,1
p_013361,retrieval_practice,lab,community,low,early,west,0
p_013362,rereading,lab,undergraduate,low,early,west,0
p_013363,retrieval_practice,lab,community,high,early,east,1
p_013364,retrieval_practice,lab,undergraduate,high,early,west,0
p_013365,retrieval_practice,lab,community,high,early,east,0
p_013366,retrieval_practice,lab,community,high,early,east,1
p_013367,rereading,remote,community,low,late,east,1
p_013368,rereading,lab,undergraduate,high,early,west,1
p_013369,retrieval_practice,lab,undergraduate,high,early,west,1
p_013370,retrieval_practice,lab,undergraduate,high,late,west,1
p_013371,rereading,lab,undergraduate,low,early,west,1
p_013372,retrieval_practice,remote,undergraduate,low,late,east,0
p_013373,retrieval_practice,lab,undergraduate,low,early,east,0
p_013374,rereading,lab,community,high,late,east,1
p_013375,rereading,remote,undergraduate,low,early,east,1
p_013376,retrieval_practice,lab,undergraduate,high,late,east,0
p_013377,retrieval_practice,remote,community,high,early,east,1
p_013378,rereading,remote,undergraduate,high,early,east,0
p_013379,rereading,lab,undergraduate,high,late,west,0
p_013380,rereading,lab,undergraduate,high,early,east,1
p_013381,rereading,lab,undergraduate,low,early,east,1
p_013382,rereading,lab,undergraduate,low,late,east,1
p_013383,rereading,lab,undergraduate,high,early,east,1
p_013384,retrieval_practice,remote,undergraduate,high,early,west,1
p_013385,rereading,lab,undergraduate,low,late,west,1
p_013386,retrieval_practice,remote,community,low,late,west,0
p_013387,rereading,lab,community,low,late,east,0
p_013388,rereading,lab,community,high,early,west,1
p_013389,rereading,lab,undergraduate,low,early,west,0
p_013390,retrieval_practice,remote,undergraduate,high,early,east,0
p_013391,retrieval_practice,lab,community,low,late,west,0
p_013392,rereading,lab,undergraduate,high,late,east,1
p_013393,rereading,lab,undergraduate,low,late,east,1
p_013394,retrieval_practice,lab,community,low,late,east,1
p_013395,retrieval_practice,remote,undergraduate,high,late,east,1
p_013396,retrieval_practice,lab,undergraduate,low,late,west,0
p_013397,rereading,lab,undergraduate,low,early,west,1
p_013398,rereading,lab,community,low,early,east,1
p_013399,rereading,lab,community,low,early,east,1
p_013400,retrieval_practice,remote,undergraduate,low,early,west,0
p_013401,rereading,remote,undergraduate,high,early,west,1
p_013402,retrieval_practice,lab,undergraduate,high,late,east,0
p_013403,retrieval_practice,lab,undergraduate,high,early,east,0
p_013404,retrieval_practice,lab,undergraduate,low,early,east,0
p_013405,retrieval_practice,lab,undergraduate,high,early,east,0
p_013406,rereading,lab,community,high,early,east,1
p_013407,rereading,lab,undergraduate,high,early,west,1
p_013408,rereading,lab,community,high,late,west,0
p_013409,retrieval_practice,remote,undergraduate,high,late,west,0
p_013410,retrieval_practice,lab,community,high,late,west,0
p_013411,rereading,remote,undergraduate,high,late,east,0
p_013412,retrieval_practice,remote,undergraduate,high,late,west,0
p_013413,retrieval_practice,lab,community,high,early,west,0
p_013414,rereading,remote,undergraduate,high,late,west,1
p_013415,retrieval_practice,lab,community,high,late,west,1
p_013416,retrieval_practice,lab,undergraduate,high,early,west,1
p_013417,rereading,remote,undergraduate,high,early,west,0
p_013418,retrieval_practice,lab,undergraduate,high,late,east,1
p_013419,retrieval_practice,remote,community,low,late,west,1
p_013420,rereading,lab,community,high,late,west,0
p_013421,rereading,remote,undergraduate,high,early,east,0
p_013422,retrieval_practice,remote,community,low,early,east,0
p_013423,retrieval_practice,lab,community,low,early,west,0
p_013424,retrieval_practice,lab,undergraduate,low,early,west,0
p_013425,retrieval_practice,remote,undergraduate,high,late,east,0
p_013426,rereading,remote,community,low,late,west,1
p_013427,retrieval_practice,lab,community,high,early,east,1
p_013428,rereading,lab,undergraduate,low,late,west,1
p_013429,retrieval_practice,lab,community,high,late,west,0
p_013430,retrieval_practice,lab,community,high,late,east,1
p_013431,rereading,remote,undergraduate,high,early,west,0
p_013432,rereading,lab,community,low,early,west,0
p_013433,rereading,remote,community,high,late,east,0
p_013434,rereading,lab,community,high,early,west,0
p_013435,retrieval_practice,lab,community,high,late,west,0
p_013436,rereading,remote,community,low,early,west,1
p_013437,rereading,lab,undergraduate,low,late,east,0
p_013438,rereading,remote,undergraduate,low,early,east,0
p_013439,retrieval_practice,remote,undergraduate,high,early,west,1
p_013440,rereading,lab,undergraduate,low,late,east,1
p_013441,retrieval_practice,lab,undergraduate,high,late,east,0
p_013442,rereading,lab,community,high,late,east,1
p_013443,rereading,lab,undergraduate,low,early,east,1
p_013444,rereading,remote,community,low,early,east,0
p_013445,rereading,lab,undergraduate,low,late,east,1
p_013446,rereading,lab,undergraduate,low,late,east,0
p_013447,retrieval_practice,remote,community,high,early,west,1
p_013448,rereading,lab,undergraduate,low,late,east,1
p_013449,rereading,lab,undergraduate,low,early,east,0
p_013450,rereading,remote,community,low,early,west,0
p_013451,retrieval_practice,lab,undergraduate,low,early,east,0
p_013452,rereading,remote,undergraduate,low,early,east,1
p_013453,rereading,lab,undergraduate,low,late,east,0
p_013454,rereading,lab,undergraduate,high,late,west,0
p_013455,retrieval_practice,remote,undergraduate,low,late,east,0
p_013456,rereading,lab,undergraduate,low,early,east,0
p_013457,retrieval_practice,remote,community,low,late,west,0
p_013458,retrieval_practice,remote,community,low,early,east,1
p_013459,rereading,lab,undergraduate,low,late,east,1
p_013460,rereading,lab,undergraduate,high,late,west,0
p_013461,retrieval_practice,lab,community,high,early,east,1
p_013462,retrieval_practice,lab,undergraduate,high,early,west,1
p_013463,rereading,lab,undergraduate,high,early,west,0
p_013464,rereading,remote,undergraduate,low,late,east,0
p_013465,retrieval_practice,lab,undergraduate,high,early,east,1
p_013466,rereading,lab,community,high,early,east,1
p_013467,retrieval_practice,remote,community,high,late,east,1
p_013468,rereading,lab,undergraduate,high,early,west,1
p_013469,rereading,lab,community,low,late,east,1
p_013470,retrieval_practice,lab,undergraduate,high,late,west,0
p_013471,rereading,lab,community,low,early,east,0
p_013472,retrieval_practice,lab,community,low,late,east,0
p_013473,retrieval_practice,lab,community,low,early,west,1
p_013474,rereading,remote,community,high,early,east,1
p_013475,rereading,lab,undergraduate,low,late,west,1
p_013476,retrieval_practice,remote,community,high,late,east,1
p_013477,retrieval_practice,remote,undergraduate,high,early,east,0
p_013478,retrieval_practice,lab,undergraduate,high,early,east,1
p_013479,rereading,lab,community,high,late,west,0
p_013480,retrieval_practice,remote,community,low,late,east,0
p_013481,retrieval_practice,remote,undergraduate,low,late,east,1
p_013482,retrieval_practice,lab,community,high,early,west,1
p_013483,retrieval_practice,lab,community,high,late,west,0
p_013484,rereading,lab,undergraduate,low,late,west,1
p_013485,rereading,lab,undergraduate,high,early,west,1
p_013486,retrieval_practice,lab,community,low,late,east,1
p_013487,retrieval_practice,remote,community,high,late,west,0
p_013488,rereading,lab,undergraduate,low,early,east,0
p_013489,rereading,lab,undergraduate,low,late,west,0
p_013490,retrieval_practice,remote,undergraduate,low,late,west,0
p_013491,rereading,lab,undergraduate,low,early,east,0
p_013492,rereading,remote,undergraduate,high,late,east,0
p_013493,retrieval_practice,remote,undergraduate,high,late,west,1
p_013494,rereading,lab,undergraduate,high,late,west,0
p_013495,retrieval_practice,remote,community,high,early,east,0
p_013496,rereading,remote,community,high,early,west,1
p_013497,retrieval_practice,remote,community,high,late,west,1
p_013498,rereading,lab,community,low,late,west,1
p_013499,retrieval_practice,remote,community,high,early,east,0
p_013500,retrieval_practice,lab,community,low,early,east,0
p_013501,retrieval_practice,lab,undergraduate,high,late,west,1
p_013502,retrieval_practice,lab,undergraduate,low,late,east,0
p_013503,rereading,lab,undergraduate,high,late,west,1
p_013504,rereading,lab,community,high,early,west,1
p_013505,rereading,remote,undergraduate,high,late,east,0
p_013506,rereading,remote,community,high,early,west,0
p_013507,retrieval_practice,remote,undergraduate,high,early,west,1
p_013508,retrieval_practice,remote,undergraduate,low,early,west,0
p_013509,rereading,lab,undergraduate,high,late,east,0
p_013510,rereading,remote,undergraduate,high,early,west,1
p_013511,retrieval_practice,remote,undergraduate,low,late,east,0
p_013512,retrieval_practice,lab,community,high,late,west,1
p_013513,retrieval_practice,remote,undergraduate,low,early,east,0
p_013514,retrieval_practice,remote,undergraduate,high,early,east,1
p_013515,retrieval_practice,lab,undergraduate,high,late,west,0
p_013516,rereading,lab,community,high,late,west,0
p_013517,retrieval_practice,lab,undergraduate,high,early,east,1
p_013518,retrieval_practice,lab,community,high,early,west,1
p_013519,rereading,lab,undergraduate,high,early,east,0
p_013520,retrieval_practice,lab,undergraduate,low,late,west,0
p_013521,rereading,lab,undergraduate,high,late,east,1
p_013522,retrieval_practice,lab,undergraduate,high,early,east,1
p_013523,rereading,remote,undergraduate,low,late,west,1
p_013524,retrieval_practice,remote,undergraduate,high,early,west,1
p_013525,rereading,remote,community,low,late,west,0
p_013526,retrieval_practice,lab,community,high,early,east,1
p_013527,rereading,remote,community,high,late,east,1
p_013528,retrieval_practice,remote,community,high,late,east,1
p_013529,rereading,lab,undergraduate,low,early,west,1
p_013530,retrieval_practice,lab,community,high,late,west,1
p_013531,retrieval_practice,remote,undergraduate,high,late,west,0
p_013532,retrieval_practice,remote,undergraduate,low,early,east,1
p_013533,retrieval_practice,lab,community,low,early,west,0
p_013534,retrieval_practice,remote,undergraduate,low,late,east,1
p_013535,rereading,remote,undergraduate,low,late,east,0
p_013536,retrieval_practice,lab,undergraduate,low,late,east,1
p_013537,rereading,lab,undergraduate,low,early,west,0
p_013538,rereading,lab,undergraduate,low,early,east,0
p_013539,retrieval_practice,lab,community,low,late,west,0
p_013540,rereading,lab,community,high,late,east,0
p_013541,rereading,lab,undergraduate,high,early,west,1
p_013542,retrieval_practice,lab,community,low,late,west,0
p_013543,retrieval_practice,lab,community,high,late,east,1
p_013544,retrieval_practice,lab,community,low,early,west,1
p_013545,rereading,lab,undergraduate,low,late,west,0
p_013546,retrieval_practice,remote,undergraduate,high,early,west,0
p_013547,retrieval_practice,remote,community,high,late,east,1
p_013548,rereading,remote,community,high,early,east,1
p_013549,retrieval_practice,lab,undergraduate,high,early,east,0
p_013550,retrieval_practice,remote,undergraduate,low,early,west,1
p_013551,retrieval_practice,lab,undergraduate,high,early,west,0
p_013552,rereading,remote,community,high,early,west,1
p_013553,rereading,lab,undergraduate,high,late,east,0
p_013554,rereading,lab,community,low,early,west,0
p_013555,retrieval_practice,lab,community,high,early,east,0
p_013556,rereading,remote,undergraduate,low,early,east,1
p_013557,retrieval_practice,lab,undergraduate,high,late,east,0
p_013558,retrieval_practice,remote,undergraduate,low,early,east,1
p_013559,rereading,lab,undergraduate,low,late,east,0
p_013560,retrieval_practice,lab,undergraduate,low,early,east,1
p_013561,retrieval_practice,lab,community,high,late,west,0
p_013562,retrieval_practice,lab,community,high,late,east,1
p_013563,rereading,lab,community,low,early,west,1
p_013564,retrieval_practice,remote,community,low,early,east,1
p_013565,retrieval_practice,lab,undergraduate,low,early,west,1
p_013566,rereading,remote,undergraduate,low,late,west,0
p_013567,retrieval_practice,remote,undergraduate,low,late,west,0
p_013568,retrieval_practice,remote,community,high,early,west,1
p_013569,rereading,lab,community,high,early,east,1
p_013570,rereading,lab,undergraduate,high,late,east,1
p_013571,retrieval_practice,remote,undergraduate,low,early,west,1
p_013572,rereading,lab,undergraduate,low,late,west,1
p_013573,retrieval_practice,remote,community,high,late,west,1
p_013574,retrieval_practice,lab,undergraduate,low,early,west,0
p_013575,rereading,lab,undergraduate,low,early,east,0
p_013576,retrieval_practice,lab,community,low,early,east,0
p_013577,retrieval_practice,remote,community,low,early,east,1
p_013578,rereading,lab,undergraduate,low,early,east,1
p_013579,rereading,lab,community,high,early,west,1
p_013580,rereading,remote,undergraduate,high,early,east,1
p_013581,retrieval_practice,remote,undergraduate,high,late,west,1
p_013582,retrieval_practice,remote,undergraduate,high,early,west,1
p_013583,rereading,remote,undergraduate,high,late,east,1
p_013584,retrieval_practice,lab,undergraduate,high,late,west,1
p_013585,retrieval_practice,lab,undergraduate,low,early,east,0
p_013586,retrieval_practice,lab,undergraduate,high,late,west,1
p_013587,retrieval_practice,lab,community,low,late,east,1
p_013588,retrieval_practice,remote,community,low,late,west,1
p_013589,rereading,lab,community,low,late,west,0
p_013590,retrieval_practice,lab,community,low,early,east,1
p_013591,retrieval_practice,lab,community,low,early,west,1
p_013592,rereading,lab,community,high,late,west,0
p_013593,retrieval_practice,lab,community,low,late,east,0
p_013594,retrieval_practice,remote,community,low,late,east,0
p_013595,rereading,lab,undergraduate,low,early,west,0
p_013596,rereading,remote,undergraduate,low,late,east,1
p_013597,rereading,lab,undergraduate,low,late,west,0
p_013598,retrieval_practice,remote,undergraduate,high,late,west,1
p_013599,rereading,remote,undergraduate,low,late,west,0
p_013600,retrieval_practice,remote,undergraduate,low,late,west,0
p_013601,rereading,remote,undergraduate,high,late,east,0
p_013602,rereading,lab,undergraduate,low,early,west,1
p_013603,rereading,lab,undergraduate,high,late,east,1
p_013604,retrieval_practice,remote,undergraduate,low,late,east,1
p_013605,rereading,remote,undergraduate,low,late,east,0
p_013606,rereading,remote,undergraduate,low,late,west,0
p_013607,rereading,lab,community,low,early,west,0
p_013608,rereading,lab,community,high,late,west,0
p_013609,retrieval_practice,lab,community,high,late,east,1
p_013610,retrieval_practice,remote,undergraduate,high,late,east,0
p_013611,rereading,remote,undergraduate,high,late,west,0
p_013612,retrieval_practice,lab,community,low,late,east,1
p_013613,rereading,remote,community,low,late,west,1
p_013614,retrieval_practice,remote,undergraduate,low,late,west,1
p_013615,rereading,remote,undergraduate,high,early,west,0
p_013616,retrieval_practice,lab,undergraduate,low,late,west,0
p_013617,rereading,remote,undergraduate,low,early,west,1
p_013618,rereading,remote,community,high,late,west,1
p_013619,retrieval_practice,lab,undergraduate,low,late,east,1
p_013620,retrieval_practice,remote,undergraduate,low,early,east,1
p_013621,rereading,lab,undergraduate,high,late,west,0
p_013622,rereading,lab,undergraduate,high,early,west,1
p_013623,retrieval_practice,lab,undergraduate,high,late,west,0
p_013624,rereading,lab,undergraduate,high,early,east,0
p_013625,retrieval_practice,lab,undergraduate,high,early,west,1
p_013626,rereading,remote,undergraduate,low,late,west,1
p_013627,retrieval_practice,lab,undergraduate,low,late,west,1
p_013628,rereading,lab,undergraduate,high,late,west,1
p_013629,retrieval_practice,lab,undergraduate,high,late,east,1
p_013630,rereading,lab,undergraduate,low,early,west,1
p_013631,retrieval_practice,remote,undergraduate,high,late,east,1
p_013632,rereading,remote,undergraduate,high,late,west,0
p_013633,rereading,lab,undergraduate,high,early,east,1
p_013634,rereading,lab,undergraduate,low,late,east,0
p_013635,retrieval_practice,lab,undergraduate,high,late,west,0
p_013636,rereading,remote,undergraduate,high,early,west,1
p_013637,rereading,lab,undergraduate,high,late,east,0
p_013638,retrieval_practice,remote,community,high,late,east,0
p_013639,rereading,lab,community,low,late,east,0
p_013640,retrieval_practice,remote,undergraduate,low,early,east,0
p_013641,rereading,remote,undergraduate,high,late,west,1
p_013642,retrieval_practice,remote,undergraduate,high,late,west,1
p_013643,retrieval_practice,lab,undergraduate,low,late,east,0
p_013644,retrieval_practice,lab,community,high,early,west,1
p_013645,rereading,lab,undergraduate,low,early,east,1
p_013646,retrieval_practice,lab,community,low,late,west,1
p_013647,rereading,lab,undergraduate,low,late,west,0
p_013648,rereading,remote,community,high,late,east,1
p_013649,rereading,lab,community,high,early,west,1
p_013650,rereading,remote,undergraduate,low,early,east,1
p_013651,retrieval_practice,remote,undergraduate,high,early,west,1
p_013652,retrieval_practice,lab,community,high,late,east,1
p_013653,rereading,lab,undergraduate,high,early,west,0
p_013654,rereading,lab,undergraduate,low,late,east,1
p_013655,retrieval_practice,remote,community,high,late,west,1
p_013656,rereading,lab,community,high,early,west,1
p_013657,rereading,lab,undergraduate,high,early,west,1
p_013658,rereading,remote,community,low,early,west,1
p_013659,rereading,remote,community,high,late,east,1
p_013660,retrieval_practice,lab,undergraduate,high,late,west,0
p_013661,rereading,lab,undergraduate,high,late,west,1
p_013662,retrieval_practice,lab,undergraduate,high,early,west,0
p_013663,rereading,remote,undergraduate,high,late,west,1
p_013664,rereading,remote,community,low,late,east,0
p_013665,retrieval_practice,lab,undergraduate,high,early,west,0
p_013666,rereading,lab,undergraduate,high,late,west,0
p_013667,retrieval_practice,remote,undergraduate,high,late,east,1
p_013668,retrieval_practice,lab,community,high,late,west,1
p_013669,rereading,remote,undergraduate,high,late,east,0
p_013670,rereading,lab,undergraduate,low,late,east,1
p_013671,rereading,lab,undergraduate,low,late,west,1
p_013672,rereading,remote,undergraduate,low,late,west,0
p_013673,retrieval_practice,remote,undergraduate,low,late,west,1
p_013674,retrieval_practice,remote,community,high,early,west,1
p_013675,retrieval_practice,lab,community,high,late,west,0
p_013676,retrieval_practice,remote,community,high,late,west,0
p_013677,rereading,remote,undergraduate,high,early,east,1
p_013678,retrieval_practice,remote,community,high,late,east,0
p_013679,retrieval_practice,remote,undergraduate,low,early,east,1
p_013680,rereading,remote,undergraduate,high,late,west,1
p_013681,retrieval_practice,lab,community,high,early,west,1
p_013682,rereading,remote,undergraduate,high,early,west,1
p_013683,rereading,remote,community,high,early,west,1
p_013684,retrieval_practice,lab,undergraduate,low,late,east,0
p_013685,retrieval_practice,lab,community,low,early,east,1
p_013686,rereading,remote,undergraduate,low,early,west,1
p_013687,rereading,remote,undergraduate,low,early,east,1
p_013688,rereading,remote,community,high,late,west,0
p_013689,retrieval_practice,remote,community,high,late,west,0
p_013690,retrieval_practice,lab,undergraduate,low,early,west,0
p_013691,rereading,lab,undergraduate,high,late,west,0
p_013692,retrieval_practice,lab,undergraduate,low,early,west,1
p_013693,rereading,lab,community,low,early,east,0
p_013694,rereading,remote,undergraduate,low,early,west,1
p_013695,rereading,remote,undergraduate,high,late,east,1
p_013696,rereading,remote,community,high,early,west,0
p_013697,retrieval_practice,lab,undergraduate,high,early,west,0
p_013698,retrieval_practice,lab,undergraduate,high,late,west,0
p_013699,rereading,lab,undergraduate,high,late,west,1
p_013700,rereading,lab,community,low,early,east,1
p_013701,rereading,remote,community,high,late,west,0
p_013702,retrieval_practice,lab,community,low,early,west,0
p_013703,retrieval_practice,remote,undergraduate,high,late,east,1
p_013704,rereading,lab,undergraduate,low,late,west,1
p_013705,rereading,lab,undergraduate,high,late,east,0
p_013706,rereading,lab,undergraduate,high,early,west,1
p_013707,rereading,remote,undergraduate,low,late,west,0
p_013708,retrieval_practice,remote,community,low,early,east,0
p_013709,retrieval_practice,remote,undergraduate,low,late,east,1
p_013710,retrieval_practice,remote,undergraduate,low,late,east,1
p_013711,retrieval_practice,lab,undergraduate,high,late,east,0
p_013712,retrieval_practice,lab,undergraduate,low,early,east,1
p_013713,retrieval_practice,lab,community,high,early,east,1
p_013714,retrieval_practice,lab,community,low,late,west,0
p_013715,retrieval_practice,lab,community,low,late,east,1
p_013716,retrieval_practice,lab,undergraduate,high,late,west,0
p_013717,rereading,remote,community,high,early,west,1
p_013718,retrieval_practice,remote,community,high,early,west,1
p_013719,retrieval_practice,remote,undergraduate,high,late,west,1
p_013720,retrieval_practice,remote,undergraduate,low,late,east,0
p_013721,rereading,lab,community,low,late,west,0
p_013722,retrieval_practice,lab,undergraduate,high,early,east,1
p_013723,rereading,lab,community,high,late,west,0
p_013724,rereading,lab,undergraduate,low,early,east,1
p_013725,rereading,lab,undergraduate,high,early,west,1
p_013726,rereading,remote,undergraduate,high,late,west,0
p_013727,rereading,lab,undergraduate,low,late,west,0
p_013728,rereading,remote,undergraduate,low,late,east,0
p_013729,retrieval_practice,remote,undergraduate,high,early,east,0
p_013730,retrieval_practice,lab,community,low,early,east,1
p_013731,retrieval_practice,remote,undergraduate,low,early,east,0
p_013732,retrieval_practice,remote,undergraduate,high,early,east,1
p_013733,rereading,lab,undergraduate,high,early,west,0
p_013734,rereading,lab,community,low,late,east,1
p_013735,rereading,lab,community,low,early,west,0
p_013736,rereading,lab,undergraduate,low,early,west,0
p_013737,retrieval_practice,lab,community,high,early,east,0
p_013738,rereading,remote,community,low,early,east,1
p_013739,rereading,lab,undergraduate,low,late,west,0
p_013740,rereading,lab,undergraduate,low,early,west,1
p_013741,rereading,lab,community,high,late,west,1
p_013742,rereading,remote,undergraduate,low,late,east,1
p_013743,retrieval_practice,remote,community,high,late,east,1
p_013744,rereading,remote,undergraduate,high,early,west,1
p_013745,rereading,lab,community,low,late,west,0
p_013746,rereading,lab,community,high,late,west,1
p_013747,retrieval_practice,lab,undergraduate,low,early,east,0
p_013748,retrieval_practice,lab,community,high,early,west,1
p_013749,rereading,lab,undergraduate,low,late,east,1
p_013750,rereading,lab,undergraduate,low,late,east,0
p_013751,rereading,lab,community,high,late,east,1
p_013752,rereading,remote,community,low,late,west,0
p_013753,rereading,remote,undergraduate,high,early,east,1
p_013754,retrieval_practice,lab,community,low,late,west,1
p_013755,retrieval_practice,lab,undergraduate,high,late,west,0
p_013756,retrieval_practice,lab,community,high,late,west,0
p_013757,rereading,remote,community,high,late,west,0
p_013758,rereading,lab,undergraduate,high,early,east,1
p_013759,rereading,lab,community,high,late,east,1
p_013760,rereading,lab,undergraduate,low,late,west,0
p_013761,retrieval_practice,lab,undergraduate,high,early,west,1
p_013762,retrieval_practice,lab,undergraduate,low,early,east,0
p_013763,rereading,remote,undergraduate,low,late,east,1
p_013764,rereading,lab,community,low,late,west,1
p_013765,retrieval_practice,remote,undergraduate,low,early,east,0
p_013766,rereading,remote,undergraduate,low,late,east,0
p_013767,rereading,remote,community,high,late,east,1
p_013768,retrieval_practice,lab,undergraduate,high,early,east,1
p_013769,rereading,remote,community,low,late,west,1
p_013770,rereading,lab,undergraduate,low,late,east,1
p_013771,rereading,remote,community,high,late,west,0
p_013772,retrieval_practice,lab,community,low,late,west,1
p_013773,rereading,lab,undergraduate,high,late,east,0
p_013774,rereading,lab,community,high,late,west,1
p_013775,rereading,lab,undergraduate,low,late,east,1
p_013776,retrieval_practice,remote,undergraduate,low,late,east,1
p_013777,rereading,remote,undergraduate,low,early,west,0
p_013778,retrieval_practice,lab,community,low,early,east,1
p_013779,retrieval_practice,lab,undergraduate,low,early,east,0
p_013780,retrieval_practice,lab,undergraduate,high,late,east,1
p_013781,rereading,lab,undergraduate,high,late,east,1
p_013782,rereading,lab,undergraduate,high,late,west,1
p_013783,rereading,lab,community,high,early,east,1
p_013784,rereading,remote,undergraduate,high,late,west,0
p_013785,rereading,lab,undergraduate,low,early,west,1
p_013786,rereading,lab,undergraduate,high,late,east,1
p_013787,rereading,remote,community,low,early,east,0
p_013788,rereading,lab,undergraduate,low,late,west,0
p_013789,rereading,remote,undergraduate,high,late,east,1
p_013790,retrieval_practice,lab,community,low,early,east,0
p_013791,retrieval_practice,lab,undergraduate,high,late,west,0
p_013792,rereading,lab,community,low,late,west,1
p_013793,rereading,remote,undergraduate,low,early,west,0
p_013794,rereading,remote,community,low,early,east,0
p_013795,rereading,lab,community,low,early,east,0
p_013796,retrieval_practice,lab,undergraduate,high,late,west,1
p_013797,retrieval_practice,lab,community,low,early,east,0
p_013798,retrieval_practice,lab,undergraduate,high,late,west,0
p_013799,retrieval_practice,lab,undergraduate,low,early,west,0
p_013800,retrieval_practice,remote,community,low,early,east,0
p_013801,retrieval_practice,remote,community,high,late,east,1
p_013802,rereading,lab,undergraduate,high,late,east,1
p_013803,rereading,remote,undergraduate,high,late,west,0
p_013804,retrieval_practice,remote,undergraduate,low,late,east,0
p_013805,rereading,lab,community,high,early,west,1
p_013806,retrieval_practice,lab,community,high,late,west,0
p_013807,retrieval_practice,lab,undergraduate,high,early,east,1
p_013808,retrieval_practice,lab,community,high,early,east,1
p_013809,rereading,lab,community,low,late,west,1
p_013810,retrieval_practice,lab,community,high,late,west,1
p_013811,rereading,remote,undergraduate,low,late,east,0
p_013812,rereading,remote,undergraduate,low,late,west,1
p_013813,rereading,remote,undergraduate,low,late,west,0
p_013814,retrieval_practice,remote,community,low,late,west,1
p_013815,retrieval_practice,lab,undergraduate,low,late,west,0
p_013816,retrieval_practice,lab,undergraduate,high,early,west,1
p_013817,rereading,lab,undergraduate,high,late,east,0
p_013818,rereading,remote,community,low,late,east,0
p_013819,rereading,lab,community,low,late,east,1
p_013820,retrieval_practice,lab,undergraduate,high,late,west,0
p_013821,retrieval_practice,remote,undergraduate,high,early,east,1
p_013822,rereading,lab,undergraduate,high,early,west,0
p_013823,retrieval_practice,lab,undergraduate,low,early,west,0
p_013824,rereading,lab,undergraduate,high,late,east,1
p_013825,retrieval_practice,remote,community,low,early,west,1
p_013826,rereading,lab,community,high,late,east,0
p_013827,retrieval_practice,lab,community,low,late,east,0
p_013828,rereading,lab,community,high,early,west,1
p_013829,rereading,remote,community,high,early,west,0
p_013830,retrieval_practice,lab,community,low,early,east,0
p_013831,retrieval_practice,lab,undergraduate,low,early,east,1
p_013832,rereading,lab,undergraduate,low,late,east,1
p_013833,retrieval_practice,remote,undergraduate,high,early,west,1
p_013834,rereading,lab,community,high,early,west,1
p_013835,rereading,remote,community,high,early,east,1
p_013836,rereading,remote,community,high,early,west,0
p_013837,rereading,lab,community,high,early,east,1
p_013838,retrieval_practice,lab,community,low,late,west,1
p_013839,rereading,lab,undergraduate,low,early,east,0
p_013840,retrieval_practice,lab,undergraduate,low,late,east,1
p_013841,rereading,lab,undergraduate,low,late,west,0
p_013842,retrieval_practice,lab,community,low,early,west,1
p_013843,retrieval_practice,lab,community,high,late,east,1
p_013844,rereading,lab,community,low,early,west,0
p_013845,retrieval_practice,lab,undergraduate,high,late,east,0
p_013846,rereading,lab,community,high,early,west,1
p_013847,retrieval_practice,lab,undergraduate,high,late,east,1
p_013848,rereading,lab,community,low,late,west,0
p_013849,rereading,lab,undergraduate,high,early,east,1
p_013850,retrieval_practice,lab,undergraduate,high,late,east,1
p_013851,rereading,lab,undergraduate,low,late,west,0
p_013852,retrieval_practice,remote,undergraduate,low,early,east,1
p_013853,rereading,remote,community,low,late,west,0
p_013854,rereading,lab,community,low,early,west,1
p_013855,rereading,lab,undergraduate,high,late,west,1
p_013856,retrieval_practice,lab,community,high,late,west,1
p_013857,retrieval_practice,lab,undergraduate,high,early,east,0
p_013858,retrieval_practice,lab,undergraduate,low,early,west,1
p_013859,rereading,remote,undergraduate,low,early,west,1
p_013860,rereading,remote,community,low,late,east,0
p_013861,retrieval_practice,lab,community,low,early,east,0
p_013862,rereading,lab,community,high,early,west,0
p_013863,retrieval_practice,remote,undergraduate,low,late,east,0
p_013864,retrieval_practice,lab,community,high,early,east,1
p_013865,rereading,lab,undergraduate,low,early,west,1
p_013866,retrieval_practice,lab,community,low,early,east,0
p_013867,rereading,lab,undergraduate,high,early,west,0
p_013868,retrieval_practice,remote,undergraduate,low,early,east,1
p_013869,retrieval_practice,lab,undergraduate,high,late,east,0
p_013870,retrieval_practice,lab,undergraduate,high,early,east,1
p_013871,rereading,lab,community,high,late,east,0
p_013872,rereading,remote,undergraduate,high,late,east,1
p_013873,rereading,remote,undergraduate,high,late,east,0
p_013874,retrieval_practice,remote,undergraduate,low,early,west,0
p_013875,retrieval_practice,lab,community,high,late,east,1
p_013876,retrieval_practice,lab,community,low,late,west,1
p_013877,rereading,lab,undergraduate,low,late,west,0
p_013878,retrieval_practice,lab,undergraduate,low,late,east,1
p_013879,rereading,lab,undergraduate,high,late,west,1
p_013880,rereading,lab,undergraduate,low,late,east,0
p_013881,rereading,remote,undergraduate,high,late,west,0
p_013882,rereading,lab,community,high,late,east,0
p_013883,retrieval_practice,lab,community,high,early,east,0
p_013884,rereading,lab,community,low,late,west,0
p_013885,rereading,lab,undergraduate,high,late,west,1
p_013886,retrieval_practice,remote,undergraduate,low,late,east,0
p_013887,rereading,remote,undergraduate,high,late,west,0
p_013888,retrieval_practice,lab,community,high,early,east,0
p_013889,retrieval_practice,lab,undergraduate,high,late,west,0
p_013890,rereading,remote,undergraduate,low,early,west,1
p_013891,retrieval_practice,remote,community,low,late,east,1
p_013892,retrieval_practice,lab,community,low,late,west,1
p_013893,rereading,remote,undergraduate,low,early,west,0
p_013894,rereading,remote,undergraduate,high,late,west,1
p_013895,retrieval_practice,lab,undergraduate,high,late,east,0
p_013896,rereading,remote,community,high,early,east,1
p_013897,rereading,lab,community,high,early,east,0
p_013898,retrieval_practice,lab,community,high,early,west,1
p_013899,rereading,lab,community,low,early,west,1
p_013900,rereading,remote,community,high,late,west,0
p_013901,rereading,lab,community,high,late,east,0
p_013902,retrieval_practice,remote,undergraduate,low,early,west,1
p_013903,rereading,lab,undergraduate,high,late,east,0
p_013904,retrieval_practice,lab,undergraduate,high,late,west,1
p_013905,retrieval_practice,lab,undergraduate,high,early,east,1
p_013906,rereading,lab,community,high,early,east,0
p_013907,rereading,lab,undergraduate,low,late,west,1
p_013908,retrieval_practice,remote,community,low,early,west,1
p_013909,retrieval_practice,remote,undergraduate,low,early,west,0
p_013910,retrieval_practice,remote,undergraduate,high,early,west,1
p_013911,rereading,lab,community,low,early,west,1
p_013912,rereading,remote,undergraduate,low,early,west,1
p_013913,retrieval_practice,lab,undergraduate,low,late,east,1
p_013914,rereading,lab,community,high,late,west,1
p_013915,retrieval_practice,lab,community,high,late,west,1
p_013916,rereading,remote,undergraduate,low,late,east,1
p_013917,rereading,remote,undergraduate,low,late,east,1
p_013918,rereading,lab,undergraduate,low,late,west,1
p_013919,retrieval_practice,lab,community,high,late,west,1
p_013920,retrieval_practice,lab,community,low,early,west,0
p_013921,retrieval_practice,remote,undergraduate,low,late,west,0
p_013922,retrieval_practice,lab,undergraduate,high,early,west,1
p_013923,retrieval_practice,remote,community,low,early,east,1
p_013924,rereading,lab,undergraduate,high,early,east,0
p_013925,rereading,lab,undergraduate,high,late,east,1
p_013926,rereading,remote,undergraduate,high,early,west,0
p_013927,rereading,lab,undergraduate,low,early,west,0
p_013928,rereading,lab,undergraduate,low,late,east,0
p_013929,rereading,remote,undergraduate,high,early,west,1
p_013930,retrieval_practice,lab,community,high,late,west,0
p_013931,rereading,lab,community,low,early,east,0
p_013932,retrieval_practice,remote,community,high,late,west,0
p_013933,rereading,lab,community,high,late,east,1
p_013934,retrieval_practice,lab,undergraduate,low,early,west,0
p_013935,rereading,lab,community,high,early,east,0
p_013936,retrieval_practice,lab,community,low,late,east,1
p_013937,rereading,lab,undergraduate,low,early,west,1
p_013938,retrieval_practice,lab,community,low,late,west,1
p_013939,retrieval_practice,remote,undergraduate,low,late,west,1
p_013940,retrieval_practice,remote,community,high,late,west,0
p_013941,rereading,lab,undergraduate,low,early,west,1
p_013942,rereading,remote,undergraduate,high,late,east,1
p_013943,retrieval_practice,remote,community,low,late,west,1
p_013944,retrieval_practice,remote,undergraduate,low,late,west,1
p_013945,retrieval_practice,lab,undergraduate,high,late,east,1
p_013946,retrieval_practice,lab,undergraduate,low,late,east,1
p_013947,rereading,lab,community,high,late,east,1
p_013948,retrieval_practice,lab,undergraduate,high,early,east,1
p_013949,retrieval_practice,lab,undergraduate,high,late,west,0
p_013950,rereading,lab,community,high,early,east,1
p_013951,rereading,lab,community,high,late,west,0
p_013952,retrieval_practice,remote,undergraduate,low,early,east,0
p_013953,rereading,lab,undergraduate,low,early,east,1
p_013954,retrieval_practice,lab,undergraduate,low,late,west,1
p_013955,rereading,lab,community,low,late,west,0
p_013956,retrieval_practice,lab,undergraduate,low,early,east,0
p_013957,retrieval_practice,remote,undergraduate,low,late,west,0
p_013958,rereading,lab,undergraduate,low,early,east,0
p_013959,retrieval_practice,remote,undergraduate,low,early,east,1
p_013960,retrieval_practice,lab,undergraduate,low,late,west,0
p_013961,retrieval_practice,lab,community,low,late,east,0
p_013962,retrieval_practice,remote,undergraduate,low,late,east,0
p_013963,rereading,lab,community,high,early,east,1
p_013964,rereading,lab,undergraduate,low,early,west,1
p_013965,retrieval_practice,lab,undergraduate,low,early,west,0
p_013966,retrieval_practice,lab,community,high,late,east,1
p_013967,rereading,lab,community,high,early,west,1
p_013968,rereading,remote,undergraduate,high,early,west,0
p_013969,retrieval_practice,lab,undergraduate,low,late,west,0
p_013970,retrieval_practice,lab,community,high,early,east,1
p_013971,rereading,lab,community,high,early,west,1
p_013972,rereading,lab,community,low,early,east,1
p_013973,retrieval_practice,lab,community,low,early,east,1
p_013974,retrieval_practice,lab,undergraduate,high,late,east,0
p_013975,rereading,lab,community,low,early,east,0
p_013976,rereading,lab,community,low,early,east,0
p_013977,rereading,lab,undergraduate,high,late,west,0
p_013978,retrieval_practice,remote,undergraduate,high,early,east,1
p_013979,rereading,lab,undergraduate,high,early,east,1
p_013980,retrieval_practice,lab,community,low,late,west,0
p_013981,rereading,lab,undergraduate,high,late,west,1
p_013982,retrieval_practice,lab,community,high,late,east,0
p_013983,retrieval_practice,lab,community,high,late,west,0
p_013984,retrieval_practice,lab,undergraduate,low,late,west,0
p_013985,rereading,lab,community,high,late,east,0
p_013986,retrieval_practice,lab,community,low,early,east,1
p_013987,retrieval_practice,remote,undergraduate,high,late,east,1
p_013988,rereading,lab,community,high,late,west,0
p_013989,rereading,lab,community,high,late,east,0
p_013990,rereading,remote,undergraduate,low,late,east,0
p_013991,retrieval_practice,lab,undergraduate,high,early,west,1
p_013992,retrieval_practice,lab,community,low,early,east,0
p_013993,retrieval_practice,lab,undergraduate,high,early,west,1
p_013994,retrieval_practice,lab,community,low,early,east,0
p_013995,retrieval_practice,lab,undergraduate,high,early,east,0
p_013996,rereading,remote,undergraduate,high,early,east,1
p_013997,retrieval_practice,lab,community,low,late,east,1
p_013998,rereading,remote,community,low,early,west,0
p_013999,rereading,remote,undergraduate,low,early,west,1
p_014000,retrieval_practice,lab,community,high,early,west,1
p_014001,retrieval_practice,lab,community,high,early,east,1
p_014002,retrieval_practice,remote,undergraduate,high,late,east,0
p_014003,retrieval_practice,lab,community,low,early,east,0
p_014004,rereading,lab,undergraduate,low,late,west,1
p_014005,rereading,lab,undergraduate,low,early,east,1
p_014006,rereading,lab,undergraduate,low,early,west,0
p_014007,rereading,remote,community,low,early,west,0
p_014008,retrieval_practice,lab,undergraduate,low,late,east,1
p_014009,retrieval_practice,lab,undergraduate,high,early,west,0
p_014010,rereading,lab,community,high,early,east,1
p_014011,rereading,remote,community,high,early,east,1
p_014012,retrieval_practice,lab,community,high,early,west,0
p_014013,rereading,lab,undergraduate,high,late,east,1
p_014014,retrieval_practice,remote,undergraduate,high,early,east,1
p_014015,rereading,lab,undergraduate,high,late,east,1
p_014016,rereading,remote,undergraduate,low,early,west,0
p_014017,rereading,lab,community,low,late,east,0
p_014018,rereading,lab,undergraduate,high,early,west,0
p_014019,rereading,lab,undergraduate,high,late,west,0
p_014020,retrieval_practice,lab,undergraduate,low,early,east,1
p_014021,retrieval_practice,lab,undergraduate,high,early,west,0
p_014022,rereading,remote,undergraduate,low,early,east,0
p_014023,retrieval_practice,lab,undergraduate,high,early,east,1
p_014024,rereading,lab,undergraduate,high,late,west,0
p_014025,retrieval_practice,lab,community,high,late,east,0
p_014026,rereading,lab,undergraduate,low,late,west,0
p_014027,rereading,lab,undergraduate,low,early,west,1
p_014028,retrieval_practice,remote,community,high,late,east,1
p_014029,retrieval_practice,remote,undergraduate,low,early,west,0
p_014030,rereading,lab,community,low,late,west,1
p_014031,retrieval_practice,remote,community,high,early,east,0
p_014032,retrieval_practice,remote,undergraduate,high,early,east,1
p_014033,retrieval_practice,remote,community,high,late,east,1
p_014034,rereading,lab,undergraduate,high,early,east,1
p_014035,rereading,lab,community,high,early,west,0
p_014036,rereading,lab,undergraduate,low,early,west,0
p_014037,retrieval_practice,lab,undergraduate,low,late,west,0
p_014038,retrieval_practice,lab,community,low,early,west,0
p_014039,rereading,lab,undergraduate,high,early,east,0
p_014040,rereading,remote,community,high,early,west,0
p_014041,rereading,lab,community,low,early,east,0
p_014042,rereading,remote,undergraduate,low,early,east,1
p_014043,rereading,lab,community,low,early,east,0
p_014044,rereading,lab,undergraduate,low,late,west,0
p_014045,retrieval_practice,lab,community,high,late,east,0
p_014046,retrieval_practice,lab,undergraduate,high,early,east,1
p_014047,retrieval_practice,lab,undergraduate,high,early,west,1
p_014048,retrieval_practice,lab,community,high,early,east,0
p_014049,rereading,lab,undergraduate,low,late,west,0
p_014050,rereading,remote,undergraduate,high,late,west,0
p_014051,rereading,lab,undergraduate,high,early,west,1
p_014052,rereading,lab,undergraduate,high,late,east,0
p_014053,retrieval_practice,lab,community,high,early,west,1
p_014054,rereading,remote,undergraduate,low,late,east,1
p_014055,rereading,lab,community,high,early,west,0
p_014056,retrieval_practice,lab,undergraduate,low,early,west,0
p_014057,retrieval_practice,remote,undergraduate,low,late,east,0
p_014058,retrieval_practice,lab,community,high,late,east,1
p_014059,retrieval_practice,lab,undergraduate,low,early,west,0
p_014060,rereading,remote,undergraduate,high,late,west,1
p_014061,rereading,lab,community,high,early,east,0
p_014062,retrieval_practice,lab,undergraduate,low,early,west,0
p_014063,retrieval_practice,remote,community,high,late,east,0
p_014064,rereading,remote,undergraduate,high,early,east,0
p_014065,retrieval_practice,remote,community,high,late,east,0
p_014066,rereading,lab,community,low,late,east,1
p_014067,rereading,lab,undergraduate,low,late,east,1
p_014068,rereading,remote,undergraduate,low,late,west,0
p_014069,rereading,lab,undergraduate,low,late,east,0
p_014070,rereading,lab,undergraduate,low,late,east,1
p_014071,retrieval_practice,lab,undergraduate,high,late,west,1
p_014072,retrieval_practice,lab,community,high,early,west,1
p_014073,retrieval_practice,remote,community,high,late,east,1
p_014074,retrieval_practice,remote,community,low,early,west,0
p_014075,rereading,remote,community,high,late,east,1
p_014076,rereading,remote,community,low,late,west,0
p_014077,rereading,lab,undergraduate,high,early,east,1
p_014078,rereading,remote,undergraduate,low,late,west,0
p_014079,rereading,remote,undergraduate,low,early,west,1
p_014080,rereading,lab,undergraduate,high,late,west,1
p_014081,retrieval_practice,remote,community,low,early,west,0
p_014082,rereading,lab,undergraduate,high,early,east,1
p_014083,retrieval_practice,lab,undergraduate,high,late,east,1
p_014084,rereading,remote,undergraduate,low,late,west,1
p_014085,retrieval_practice,remote,undergraduate,low,late,west,0
p_014086,retrieval_practice,lab,community,low,early,west,0
p_014087,rereading,lab,undergraduate,high,late,east,0
p_014088,rereading,remote,undergraduate,low,late,west,0
p_014089,retrieval_practice,lab,community,high,early,east,1
p_014090,rereading,lab,undergraduate,low,late,east,0
p_014091,retrieval_practice,lab,undergraduate,low,late,west,1
p_014092,rereading,remote,undergraduate,high,late,west,1
p_014093,rereading,lab,community,low,late,west,0
p_014094,rereading,lab,undergraduate,low,early,west,0
p_014095,retrieval_practice,lab,community,low,early,east,1
p_014096,rereading,remote,community,low,late,east,1
p_014097,rereading,lab,community,low,early,east,1
p_014098,rereading,lab,undergraduate,low,late,west,1
p_014099,rereading,lab,undergraduate,high,early,west,1
p_014100,rereading,lab,undergraduate,low,late,east,1
p_014101,retrieval_practice,lab,undergraduate,high,early,west,1
p_014102,retrieval_practice,remote,undergraduate,low,early,east,1
p_014103,retrieval_practice,lab,undergraduate,low,early,west,0
p_014104,retrieval_practice,lab,undergraduate,low,early,west,1
p_014105,retrieval_practice,lab,undergraduate,high,early,west,1
p_014106,rereading,lab,undergraduate,high,early,east,1
p_014107,retrieval_practice,lab,undergraduate,high,late,east,1
p_014108,rereading,lab,undergraduate,low,late,west,1
p_014109,retrieval_practice,lab,community,high,late,east,0
p_014110,rereading,lab,undergraduate,low,late,east,0
p_014111,retrieval_practice,remote,community,low,late,west,1
p_014112,rereading,lab,community,high,early,west,1
p_014113,retrieval_practice,lab,undergraduate,low,early,west,0
p_014114,retrieval_practice,remote,undergraduate,high,late,west,1
p_014115,retrieval_practice,remote,undergraduate,low,late,east,1
p_014116,rereading,remote,undergraduate,high,early,east,0
p_014117,retrieval_practice,remote,community,high,late,west,0
p_014118,rereading,lab,undergraduate,high,early,west,1
p_014119,rereading,lab,undergraduate,low,late,east,0
p_014120,rereading,remote,undergraduate,high,early,east,1
p_014121,retrieval_practice,remote,undergraduate,high,early,west,0
p_014122,retrieval_practice,lab,community,low,late,west,0
p_014123,retrieval_practice,lab,undergraduate,low,early,east,0
p_014124,rereading,lab,undergraduate,low,early,west,0
p_014125,rereading,remote,undergraduate,high,early,west,1
p_014126,retrieval_practice,lab,undergraduate,high,late,east,1
p_014127,retrieval_practice,lab,community,low,late,east,1
p_014128,rereading,remote,undergraduate,high,early,west,1
p_014129,retrieval_practice,lab,undergraduate,high,late,east,0
p_014130,rereading,lab,undergraduate,high,late,east,0
p_014131,retrieval_practice,lab,community,high,early,west,0
p_014132,rereading,remote,undergraduate,low,early,west,0
p_014133,retrieval_practice,lab,undergraduate,low,early,east,1
p_014134,rereading,lab,community,low,late,east,0
p_014135,rereading,lab,undergraduate,high,early,east,0
p_014136,rereading,lab,community,low,late,west,1
p_014137,rereading,lab,undergraduate,low,late,east,1
p_014138,retrieval_practice,lab,community,low,early,east,0
p_014139,rereading,lab,undergraduate,low,late,west,1
p_014140,rereading,lab,undergraduate,high,early,east,1
p_014141,rereading,remote,undergraduate,low,early,west,1
p_014142,retrieval_practice,lab,community,high,late,east,0
p_014143,retrieval_practice,lab,community,high,late,west,0
p_014144,retrieval_practice,lab,undergraduate,low,early,west,1
p_014145,rereading,lab,undergraduate,low,late,west,1
p_014146,rereading,remote,community,high,late,west,0
p_014147,retrieval_practice,lab,community,low,late,west,0
p_014148,retrieval_practice,lab,undergraduate,high,late,west,1
p_014149,retrieval_practice,remote,undergraduate,high,early,west,1
p_014150,rereading,lab,community,low,early,east,1
p_014151,rereading,remote,undergraduate,high,late,west,1
p_014152,retrieval_practice,lab,community,high,late,west,0
p_014153,rereading,lab,community,low,late,west,1
p_014154,rereading,lab,community,high,early,east,0
p_014155,rereading,remote,undergraduate,low,early,west,0
p_014156,rereading,lab,undergraduate,low,early,east,0
p_014157,retrieval_practice,remote,community,low,late,east,0
p_014158,rereading,lab,undergraduate,high,early,west,0
p_014159,rereading,lab,community,high,late,east,1
p_014160,rereading,lab,community,low,late,west,1
p_014161,retrieval_practice,remote,community,high,late,east,0
p_014162,retrieval_practice,lab,community,high,early,east,1
p_014163,retrieval_practice,remote,undergraduate,high,early,west,1
p_014164,retrieval_practice,lab,undergraduate,high,late,east,0
p_014165,rereading,remote,undergraduate,low,late,east,1
p_014166,retrieval_practice,remote,undergraduate,low,late,west,1
p_014167,retrieval_practice,remote,undergraduate,high,late,east,0
p_014168,rereading,lab,undergraduate,low,late,east,1
p_014169,retrieval_practice,lab,undergraduate,low,early,west,1
p_014170,rereading,lab,community,low,late,east,1
p_014171,retrieval_practice,lab,community,low,late,west,0
p_014172,retrieval_practice,lab,undergraduate,low,early,west,0
p_014173,rereading,remote,community,high,early,west,0
p_014174,rereading,lab,undergraduate,high,late,west,1
p_014175,rereading,lab,community,low,early,west,1
p_014176,rereading,lab,community,high,early,west,0
p_014177,retrieval_practice,remote,community,high,early,east,1
p_014178,retrieval_practice,lab,community,high,late,west,1
p_014179,rereading,lab,community,high,early,west,1
p_014180,rereading,lab,undergraduate,high,early,east,0
p_014181,retrieval_practice,lab,undergraduate,high,late,east,1
p_014182,retrieval_practice,lab,undergraduate,low,late,east,1
p_014183,retrieval_practice,lab,undergraduate,high,early,west,0
p_014184,rereading,remote,community,low,early,west,0
p_014185,rereading,lab,community,low,late,east,0
p_014186,retrieval_practice,lab,community,low,early,west,0
p_014187,rereading,remote,undergraduate,low,early,west,0
p_014188,rereading,lab,undergraduate,low,early,west,0
p_014189,retrieval_practice,remote,undergraduate,low,early,east,0
p_014190,retrieval_practice,lab,undergraduate,high,late,east,1
p_014191,rereading,lab,community,high,early,west,0
p_014192,retrieval_practice,remote,undergraduate,low,early,west,1
p_014193,rereading,lab,undergraduate,low,late,east,1
p_014194,retrieval_practice,lab,undergraduate,high,early,east,1
p_014195,retrieval_practice,lab,undergraduate,high,early,west,1
p_014196,rereading,lab,community,low,early,west,0
p_014197,rereading,remote,community,high,early,west,0
p_014198,retrieval_practice,remote,undergraduate,high,early,west,1
p_014199,rereading,remote,undergraduate,low,early,west,1
p_014200,rereading,lab,undergraduate,high,late,east,1
p_014201,rereading,lab,undergraduate,high,early,west,1
p_014202,rereading,lab,community,high,early,east,0
p_014203,retrieval_practice,lab,community,high,late,east,1
p_014204,retrieval_practice,lab,undergraduate,low,late,east,1
p_014205,rereading,remote,undergraduate,high,late,west,1
p_014206,rereading,lab,undergraduate,high,late,west,1
p_014207,rereading,lab,community,low,early,west,1
p_014208,rereading,lab,undergraduate,high,early,west,0
p_014209,retrieval_practice,lab,community,low,early,west,0
p_014210,retrieval_practice,lab,community,low,early,west,0
p_014211,rereading,lab,community,high,late,east,1
p_014212,rereading,lab,community,low,early,east,1
p_014213,rereading,remote,undergraduate,high,late,west,1
p_014214,rereading,lab,community,low,early,east,1
p_014215,retrieval_practice,lab,community,low,late,east,1
p_014216,retrieval_practice,remote,community,high,late,west,0
p_014217,rereading,lab,community,low,early,east,1
p_014218,retrieval_practice,lab,community,low,late,east,0
p_014219,rereading,remote,community,high,late,west,0
p_014220,retrieval_practice,lab,community,high,late,west,1
p_014221,rereading,lab,undergraduate,high,late,west,1
p_014222,rereading,lab,undergraduate,low,late,west,1
p_014223,retrieval_practice,lab,undergraduate,low,early,east,0
p_014224,retrieval_practice,remote,undergraduate,high,late,west,0
p_014225,retrieval_practice,remote,undergraduate,high,early,west,1
p_014226,rereading,remote,undergraduate,low,early,east,0
p_014227,rereading,remote,community,high,late,west,1
p_014228,retrieval_practice,remote,community,low,early,east,1
p_014229,rereading,lab,community,low,early,west,0
p_014230,rereading,lab,undergraduate,low,early,east,1
p_014231,rereading,remote,undergraduate,high,early,west,0
p_014232,rereading,remote,undergraduate,high,early,east,1
p_014233,retrieval_practice,remote,undergraduate,high,early,east,0
p_014234,rereading,remote,undergraduate,high,early,west,0
p_014235,rereading,lab,community,high,late,west,0
p_014236,rereading,remote,community,low,late,east,0
p_014237,retrieval_practice,lab,undergraduate,high,early,east,0
p_014238,retrieval_practice,lab,undergraduate,high,late,east,0
p_014239,retrieval_practice,lab,community,high,early,east,0
p_014240,rereading,remote,undergraduate,high,early,east,0
p_014241,retrieval_practice,remote,undergraduate,high,late,east,0
p_014242,retrieval_practice,lab,community,high,early,west,0
p_014243,rereading,remote,undergraduate,low,early,east,0
p_014244,rereading,lab,community,low,late,east,0
p_014245,rereading,remote,undergraduate,low,late,east,0
p_014246,retrieval_practice,remote,community,high,early,east,1
p_014247,rereading,lab,undergraduate,high,late,west,0
p_014248,retrieval_practice,lab,community,high,late,west,0
p_014249,retrieval_practice,remote,community,high,early,west,1
p_014250,rereading,lab,community,high,late,west,0
p_014251,retrieval_practice,remote,undergraduate,low,early,west,1
p_014252,retrieval_practice,lab,undergraduate,high,late,east,1
p_014253,retrieval_practice,remote,undergraduate,low,early,east,0
p_014254,retrieval_practice,lab,undergraduate,low,early,west,0
p_014255,rereading,lab,undergraduate,high,late,west,1
p_014256,rereading,remote,undergraduate,high,late,west,1
p_014257,rereading,lab,undergraduate,high,early,west,0
p_014258,retrieval_practice,remote,undergraduate,high,late,east,0
p_014259,retrieval_practice,lab,community,low,early,east,0
p_014260,retrieval_practice,lab,undergraduate,low,late,west,0
p_014261,rereading,lab,community,high,late,east,1
p_014262,rereading,lab,community,low,early,east,1
p_014263,retrieval_practice,remote,undergraduate,high,late,east,1
p_014264,rereading,remote,undergraduate,high,late,east,1
p_014265,retrieval_practice,lab,undergraduate,high,late,east,0
p_014266,retrieval_practice,lab,community,low,late,east,0
p_014267,rereading,lab,community,high,late,west,1
p_014268,retrieval_practice,lab,community,high,late,east,1
p_014269,rereading,remote,undergraduate,high,late,east,1
p_014270,rereading,lab,community,high,late,west,1
p_014271,retrieval_practice,lab,community,low,early,east,0
p_014272,rereading,remote,community,high,late,west,1
p_014273,rereading,remote,community,high,late,east,0
p_014274,retrieval_practice,remote,community,low,late,east,0
p_014275,retrieval_practice,lab,undergraduate,low,early,west,1
p_014276,rereading,remote,undergraduate,low,late,east,0
p_014277,rereading,remote,community,high,early,west,0
p_014278,rereading,lab,undergraduate,low,late,west,0
p_014279,retrieval_practice,lab,community,high,early,west,0
p_014280,rereading,remote,undergraduate,high,early,west,1
p_014281,retrieval_practice,lab,undergraduate,high,late,east,0
p_014282,retrieval_practice,lab,community,high,late,west,0
p_014283,retrieval_practice,remote,undergraduate,low,early,east,0
p_014284,rereading,lab,community,high,early,east,0
p_014285,rereading,lab,community,low,late,east,0
p_014286,retrieval_practice,remote,undergraduate,low,early,west,1
p_014287,retrieval_practice,remote,undergraduate,low,early,east,1
p_014288,rereading,remote,undergraduate,low,early,west,0
p_014289,rereading,lab,community,high,late,east,1
p_014290,retrieval_practice,remote,undergraduate,high,early,west,0
p_014291,retrieval_practice,remote,community,low,early,east,1
p_014292,retrieval_practice,remote,undergraduate,high,early,west,0
p_014293,retrieval_practice,lab,community,high,late,west,1
p_014294,retrieval_practice,remote,community,high,early,west,0
p_014295,retrieval_practice,lab,community,low,early,east,0
p_014296,rereading,remote,undergraduate,low,early,east,0
p_014297,rereading,lab,undergraduate,high,early,east,0
p_014298,rereading,lab,community,high,late,east,1
p_014299,rereading,remote,undergraduate,low,late,west,0
p_014300,retrieval_practice,lab,community,high,late,east,0
p_014301,retrieval_practice,lab,undergraduate,low,late,west,1
p_014302,retrieval_practice,lab,undergraduate,low,early,west,1
p_014303,retrieval_practice,remote,undergraduate,low,late,east,0
p_014304,retrieval_practice,remote,community,low,late,east,0
p_014305,rereading,lab,undergraduate,high,early,east,0
p_014306,retrieval_practice,lab,community,low,early,west,0
p_014307,rereading,remote,undergraduate,high,late,east,1
p_014308,rereading,lab,community,low,late,west,0
p_014309,rereading,lab,undergraduate,low,late,west,0
p_014310,rereading,lab,undergraduate,high,late,east,1
p_014311,retrieval_practice,lab,undergraduate,low,late,east,0
p_014312,retrieval_practice,lab,community,low,late,west,1
p_014313,retrieval_practice,remote,undergraduate,low,early,west,1
p_014314,rereading,lab,undergraduate,low,early,west,0
p_014315,retrieval_practice,lab,undergraduate,low,late,east,1
p_014316,retrieval_practice,lab,undergraduate,high,early,east,1
p_014317,rereading,lab,community,high,early,west,1
p_014318,retrieval_practice,lab,community,high,late,east,1
p_014319,rereading,remote,community,high,late,east,1
p_014320,rereading,lab,community,low,early,east,0
p_014321,retrieval_practice,remote,undergraduate,low,early,west,0
p_014322,retrieval_practice,remote,undergraduate,low,late,east,0
p_014323,rereading,lab,community,high,late,west,1
p_014324,retrieval_practice,remote,undergraduate,low,early,east,1
p_014325,rereading,lab,undergraduate,low,late,west,0
p_014326,retrieval_practice,lab,community,high,late,east,0
p_014327,retrieval_practice,remote,undergraduate,high,late,east,0
p_014328,rereading,lab,undergraduate,low,late,west,1
p_014329,retrieval_practice,remote,community,high,early,west,0
p_014330,rereading,remote,undergraduate,low,late,west,0
p_014331,retrieval_practice,lab,community,low,late,east,0
p_014332,retrieval_practice,lab,undergraduate,low,late,east,1
p_014333,rereading,lab,undergraduate,high,late,west,1
p_014334,retrieval_practice,remote,community,low,early,west,1
p_014335,rereading,remote,community,low,late,west,0
p_014336,rereading,lab,undergraduate,low,early,west,1
p_014337,retrieval_practice,remote,undergraduate,low,late,west,0
p_014338,rereading,lab,community,low,late,west,0
p_014339,retrieval_practice,lab,undergraduate,high,early,west,1
p_014340,rereading,remote,undergraduate,low,late,east,0
p_014341,rereading,lab,undergraduate,high,early,east,0
p_014342,rereading,lab,community,low,early,west,1
p_014343,retrieval_practice,remote,undergraduate,high,early,east,0
p_014344,rereading,lab,undergraduate,high,late,west,1
p_014345,retrieval_practice,lab,community,low,late,west,0
p_014346,retrieval_practice,lab,community,high,late,west,0
p_014347,retrieval_practice,lab,community,low,late,west,0
p_014348,retrieval_practice,lab,community,low,early,west,1
p_014349,rereading,remote,community,high,early,west,1
p_014350,retrieval_practice,lab,community,low,early,east,1
p_014351,retrieval_practice,remote,undergraduate,high,late,east,1
p_014352,retrieval_practice,remote,undergraduate,high,early,east,0
p_014353,rereading,lab,undergraduate,low,late,east,1
p_014354,retrieval_practice,lab,undergraduate,high,late,east,0
p_014355,retrieval_practice,lab,community,high,early,east,1
p_014356,rereading,remote,undergraduate,high,late,west,1
p_014357,rereading,remote,undergraduate,low,early,east,1
p_014358,retrieval_practice,lab,undergraduate,high,late,east,1
p_014359,retrieval_practice,remote,undergraduate,low,late,west,0
p_014360,retrieval_practice,lab,undergraduate,low,late,west,1
p_014361,rereading,lab,undergraduate,high,late,west,1
p_014362,retrieval_practice,lab,community,low,late,west,0
p_014363,rereading,lab,community,high,early,west,0
p_014364,retrieval_practice,remote,undergraduate,low,late,west,0
p_014365,retrieval_practice,lab,undergraduate,low,early,east,1
p_014366,retrieval_practice,remote,undergraduate,high,late,east,0
p_014367,rereading,remote,community,high,early,west,0
p_014368,rereading,remote,community,low,early,west,1
p_014369,rereading,lab,community,high,late,west,1
p_014370,rereading,remote,community,low,late,east,0
p_014371,rereading,remote,undergraduate,low,early,east,0
p_014372,rereading,remote,undergraduate,low,late,east,0
p_014373,rereading,remote,undergraduate,low,late,east,0
p_014374,retrieval_practice,lab,undergraduate,high,late,east,1
p_014375,retrieval_practice,remote,community,high,early,west,1
p_014376,rereading,lab,undergraduate,low,late,east,1
p_014377,rereading,remote,undergraduate,high,early,west,0
p_014378,rereading,remote,undergraduate,high,late,east,0
p_014379,retrieval_practice,lab,community,high,late,east,1
p_014380,rereading,lab,community,low,late,west,0
p_014381,rereading,remote,undergraduate,low,early,west,1
p_014382,retrieval_practice,lab,undergraduate,high,late,west,0
p_014383,retrieval_practice,lab,undergraduate,low,late,east,1
p_014384,retrieval_practice,remote,undergraduate,low,late,west,0
p_014385,rereading,lab,community,high,late,west,0
p_014386,retrieval_practice,remote,undergraduate,low,early,east,1
p_014387,rereading,lab,community,low,late,east,1
p_014388,retrieval_practice,remote,community,high,early,west,0
p_014389,retrieval_practice,remote,community,low,late,west,1
p_014390,rereading,lab,community,low,early,west,1
p_014391,retrieval_practice,remote,undergraduate,low,late,east,0
p_014392,retrieval_practice,remote,undergraduate,high,late,east,0
p_014393,retrieval_practice,remote,community,low,early,east,0
p_014394,retrieval_practice,remote,community,low,late,west,0
p_014395,retrieval_practice,lab,community,low,late,east,0
p_014396,rereading,remote,community,high,early,west,1
p_014397,rereading,lab,community,high,early,west,0
p_014398,retrieval_practice,remote,undergraduate,low,early,west,0
p_014399,rereading,remote,undergraduate,low,late,east,0
p_014400,rereading,remote,undergraduate,low,late,west,1
p_014401,rereading,remote,undergraduate,high,early,west,0
p_014402,retrieval_practice,lab,undergraduate,high,late,east,0
p_014403,rereading,remote,undergraduate,low,late,west,1
p_014404,retrieval_practice,remote,community,high,late,east,0
p_014405,rereading,remote,community,low,late,east,0
p_014406,retrieval_practice,remote,undergraduate,high,late,east,1
p_014407,rereading,remote,undergraduate,low,early,west,0
p_014408,rereading,lab,undergraduate,high,late,east,1
p_014409,retrieval_practice,lab,community,high,late,west,1
p_014410,retrieval_practice,lab,undergraduate,low,early,east,0
p_014411,rereading,remote,undergraduate,low,late,east,0
p_014412,rereading,lab,undergraduate,high,early,west,0
p_014413,retrieval_practice,remote,undergraduate,high,early,west,0
p_014414,rereading,remote,community,low,late,west,1
p_014415,retrieval_practice,lab,undergraduate,high,early,west,0
p_014416,rereading,lab,community,high,late,west,0
p_014417,rereading,lab,community,low,late,west,0
p_014418,rereading,lab,undergraduate,low,late,east,1
p_014419,retrieval_practice,lab,undergraduate,high,late,east,0
p_014420,retrieval_practice,lab,community,high,early,east,1
p_014421,retrieval_practice,remote,undergraduate,high,early,east,0
p_014422,retrieval_practice,lab,community,low,late,west,0
p_014423,retrieval_practice,lab,community,low,late,west,1
p_014424,rereading,remote,undergraduate,high,late,east,0
p_014425,retrieval_practice,lab,undergraduate,high,early,west,0
p_014426,rereading,lab,community,low,late,east,1
p_014427,retrieval_practice,lab,undergraduate,low,late,east,1
p_014428,rereading,lab,undergraduate,low,late,east,1
p_014429,rereading,lab,undergraduate,high,late,west,1
p_014430,retrieval_practice,lab,undergraduate,high,early,west,1
p_014431,rereading,lab,community,low,late,west,0
p_014432,retrieval_practice,lab,undergraduate,low,early,west,1
p_014433,retrieval_practice,remote,undergraduate,low,late,west,0
p_014434,rereading,remote,community,low,early,west,0
p_014435,retrieval_practice,lab,undergraduate,low,late,east,1
p_014436,rereading,lab,undergraduate,low,early,west,0
p_014437,retrieval_practice,remote,undergraduate,low,late,east,1
p_014438,rereading,remote,community,high,late,west,0
p_014439,retrieval_practice,lab,community,high,early,west,0
p_014440,rereading,remote,undergraduate,low,late,east,1
p_014441,rereading,remote,community,low,early,west,1
p_014442,retrieval_practice,lab,undergraduate,high,early,east,0
p_014443,retrieval_practice,lab,community,low,early,west,1
p_014444,rereading,lab,community,low,late,east,1
p_014445,retrieval_practice,lab,community,high,early,west,1
p_014446,rereading,lab,undergraduate,high,early,west,1
p_014447,rereading,lab,community,high,early,west,1
p_014448,retrieval_practice,remote,undergraduate,high,late,east,1
p_014449,rereading,remote,community,low,late,west,0
p_014450,retrieval_practice,remote,undergraduate,low,late,west,0
p_014451,retrieval_practice,remote,undergraduate,high,late,west,1
p_014452,rereading,remote,undergraduate,high,late,west,1
p_014453,rereading,remote,community,low,early,east,1
p_014454,retrieval_practice,lab,undergraduate,high,early,west,0
p_014455,rereading,lab,undergraduate,low,late,east,1
p_014456,rereading,lab,undergraduate,high,early,east,0
p_014457,rereading,remote,undergraduate,low,late,east,0
p_014458,retrieval_practice,lab,community,low,early,east,1
p_014459,retrieval_practice,lab,community,high,late,east,0
p_014460,retrieval_practice,remote,undergraduate,low,early,west,1
p_014461,retrieval_practice,remote,undergraduate,high,late,east,0
p_014462,retrieval_practice,lab,undergraduate,high,early,west,0
p_014463,retrieval_practice,remote,undergraduate,low,early,east,0
p_014464,retrieval_practice,remote,undergraduate,high,early,east,0
p_014465,rereading,lab,community,high,early,east,0
p_014466,rereading,remote,community,high,late,west,0
p_014467,rereading,remote,community,low,late,east,0
p_014468,retrieval_practice,lab,community,high,late,east,1
p_014469,rereading,lab,community,low,late,west,1
p_014470,rereading,lab,community,low,late,east,0
p_014471,rereading,remote,community,low,early,west,0
p_014472,rereading,remote,community,low,late,east,1
p_014473,retrieval_practice,remote,undergraduate,low,late,east,0
p_014474,rereading,lab,undergraduate,high,early,east,0
p_014475,retrieval_practice,lab,undergraduate,low,early,east,0
p_014476,rereading,lab,community,high,early,west,0
p_014477,retrieval_practice,lab,undergraduate,high,early,east,1
p_014478,retrieval_practice,lab,community,low,late,west,1
p_014479,retrieval_practice,remote,undergraduate,high,late,west,0
p_014480,rereading,lab,undergraduate,high,early,west,1
p_014481,retrieval_practice,lab,undergraduate,low,early,west,0
p_014482,retrieval_practice,lab,undergraduate,low,early,west,0
p_014483,rereading,lab,community,high,early,east,0
p_014484,retrieval_practice,lab,undergraduate,high,early,east,1
p_014485,rereading,remote,community,low,early,west,1
p_014486,rereading,remote,community,low,early,east,0
p_014487,retrieval_practice,lab,undergraduate,high,early,east,1
p_014488,rereading,lab,community,high,late,east,0
p_014489,rereading,remote,undergraduate,high,early,west,0
p_014490,retrieval_practice,lab,undergraduate,low,early,east,1
p_014491,retrieval_practice,remote,undergraduate,low,late,east,0
p_014492,rereading,remote,community,high,late,east,0
p_014493,rereading,remote,undergraduate,high,early,west,1
p_014494,rereading,lab,community,low,early,east,1
p_014495,retrieval_practice,lab,community,high,early,east,0
p_014496,retrieval_practice,remote,community,low,late,east,0
p_014497,rereading,lab,community,low,late,west,1
p_014498,retrieval_practice,remote,community,low,late,west,0
p_014499,retrieval_practice,remote,undergraduate,high,late,east,0
p_014500,rereading,remote,community,high,early,west,1
p_014501,retrieval_practice,lab,undergraduate,low,early,west,1
p_014502,retrieval_practice,lab,undergraduate,high,early,east,1
p_014503,retrieval_practice,lab,undergraduate,high,late,east,1
p_014504,rereading,remote,undergraduate,low,late,west,0
p_014505,retrieval_practice,lab,community,low,late,east,1
p_014506,retrieval_practice,lab,community,high,late,east,1
p_014507,retrieval_practice,lab,community,high,late,west,0
p_014508,rereading,remote,undergraduate,low,early,west,0
p_014509,rereading,lab,undergraduate,low,early,west,1
p_014510,rereading,lab,undergraduate,low,early,west,1
p_014511,rereading,lab,community,low,early,east,1
p_014512,rereading,lab,community,low,late,west,1
p_014513,rereading,remote,undergraduate,high,early,west,0
p_014514,rereading,remote,undergraduate,low,late,east,0
p_014515,retrieval_practice,remote,undergraduate,low,late,east,0
p_014516,rereading,lab,community,high,late,east,1
p_014517,rereading,lab,undergraduate,low,early,west,0
p_014518,retrieval_practice,lab,undergraduate,low,late,east,1
p_014519,retrieval_practice,remote,undergraduate,high,late,east,1
p_014520,retrieval_practice,remote,community,low,late,east,0
p_014521,retrieval_practice,lab,community,high,early,west,0
p_014522,rereading,lab,undergraduate,low,early,west,1
p_014523,rereading,remote,community,high,early,east,1
p_014524,rereading,remote,undergraduate,high,late,east,0
p_014525,retrieval_practice,lab,community,high,late,east,0
p_014526,rereading,lab,undergraduate,low,early,west,0
p_014527,rereading,remote,undergraduate,high,early,west,1
p_014528,retrieval_practice,lab,community,high,late,east,0
p_014529,rereading,lab,undergraduate,high,late,east,1
p_014530,rereading,lab,undergraduate,low,late,east,0
p_014531,retrieval_practice,lab,community,low,late,west,1
p_014532,rereading,remote,undergraduate,low,early,east,0
p_014533,retrieval_practice,remote,undergraduate,low,early,east,0
p_014534,retrieval_practice,lab,community,low,late,east,1
p_014535,rereading,remote,undergraduate,high,early,west,1
p_014536,rereading,remote,undergraduate,low,late,east,1
p_014537,retrieval_practice,lab,community,high,late,east,0
p_014538,rereading,lab,community,high,early,east,0
p_014539,retrieval_practice,lab,undergraduate,low,early,east,1
p_014540,retrieval_practice,remote,undergraduate,high,early,west,1
p_014541,retrieval_practice,remote,undergraduate,low,early,east,0
p_014542,rereading,remote,community,low,early,east,1
p_014543,rereading,lab,community,low,early,west,0
p_014544,rereading,lab,undergraduate,low,late,west,1
p_014545,rereading,lab,undergraduate,low,early,west,0
p_014546,rereading,lab,community,high,early,east,0
p_014547,retrieval_practice,lab,undergraduate,high,late,west,1
p_014548,retrieval_practice,remote,community,low,late,east,0
p_014549,rereading,remote,undergraduate,high,early,east,0
p_014550,rereading,remote,community,high,late,west,1
p_014551,rereading,lab,undergraduate,low,late,west,1
p_014552,rereading,remote,undergraduate,low,late,west,1
p_014553,retrieval_practice,lab,undergraduate,low,late,east,0
p_014554,retrieval_practice,lab,undergraduate,high,early,east,1
p_014555,retrieval_practice,lab,undergraduate,low,early,west,0
p_014556,retrieval_practice,lab,undergraduate,low,early,west,1
p_014557,retrieval_practice,lab,undergraduate,high,early,west,1
p_014558,rereading,lab,undergraduate,low,early,west,1
p_014559,rereading,remote,undergraduate,low,late,west,0
p_014560,rereading,remote,undergraduate,low,late,east,1
p_014561,retrieval_practice,lab,undergraduate,high,early,west,0
p_014562,rereading,remote,undergraduate,high,late,east,1
p_014563,retrieval_practice,remote,undergraduate,high,late,east,1
p_014564,retrieval_practice,lab,undergraduate,high,early,east,0
p_014565,retrieval_practice,remote,community,low,late,east,0
p_014566,rereading,remote,community,high,late,east,0
p_014567,rereading,lab,community,low,late,east,1
p_014568,rereading,lab,undergraduate,high,early,east,1
p_014569,rereading,remote,undergraduate,low,late,west,1
p_014570,rereading,lab,community,low,late,west,1
p_014571,rereading,remote,undergraduate,low,early,west,0
p_014572,retrieval_practice,lab,undergraduate,high,early,west,0
p_014573,rereading,lab,undergraduate,high,late,west,0
p_014574,retrieval_practice,lab,undergraduate,high,early,west,0
p_014575,retrieval_practice,remote,undergraduate,high,late,west,0
p_014576,rereading,remote,community,low,early,east,1
p_014577,rereading,lab,community,low,early,east,1
p_014578,rereading,remote,undergraduate,low,early,west,0
p_014579,retrieval_practice,lab,community,low,early,east,0
p_014580,rereading,remote,undergraduate,high,early,east,1
p_014581,rereading,remote,undergraduate,high,late,west,0
p_014582,rereading,lab,community,low,late,west,1
p_014583,rereading,lab,community,high,late,east,0
p_014584,rereading,remote,community,low,early,west,1
p_014585,rereading,remote,undergraduate,high,early,east,0
p_014586,rereading,lab,community,low,early,west,0
p_014587,retrieval_practice,lab,undergraduate,low,late,west,1
p_014588,retrieval_practice,remote,undergraduate,high,late,east,1
p_014589,rereading,lab,community,high,late,east,1
p_014590,rereading,remote,undergraduate,high,early,east,0
p_014591,rereading,lab,undergraduate,high,early,west,0
p_014592,retrieval_practice,remote,community,low,late,east,1
p_014593,retrieval_practice,lab,undergraduate,low,late,west,0
p_014594,rereading,remote,community,high,early,east,1
p_014595,retrieval_practice,remote,community,low,early,east,1
p_014596,rereading,remote,undergraduate,low,late,east,1
p_014597,retrieval_practice,lab,undergraduate,high,early,east,1
p_014598,rereading,lab,community,low,late,east,1
p_014599,retrieval_practice,lab,community,high,early,east,0
p_014600,rereading,remote,undergraduate,high,late,east,0
p_014601,rereading,lab,undergraduate,low,late,east,1
p_014602,rereading,lab,undergraduate,high,late,east,1
p_014603,rereading,remote,undergraduate,high,early,west,1
p_014604,rereading,lab,undergraduate,high,late,east,0
p_014605,retrieval_practice,lab,undergraduate,high,early,east,0
p_014606,rereading,lab,community,low,early,east,1
p_014607,rereading,lab,community,high,early,west,1
p_014608,retrieval_practice,remote,undergraduate,high,early,east,0
p_014609,rereading,lab,community,low,early,east,0
p_014610,rereading,lab,undergraduate,low,late,west,0
p_014611,retrieval_practice,lab,community,low,late,east,0
p_014612,rereading,remote,undergraduate,high,late,east,0
p_014613,rereading,lab,undergraduate,high,early,east,0
p_014614,rereading,remote,community,low,late,east,1
p_014615,retrieval_practice,remote,undergraduate,low,late,east,1
p_014616,rereading,lab,undergraduate,high,early,west,1
p_014617,retrieval_practice,remote,community,high,late,west,1
p_014618,retrieval_practice,remote,undergraduate,high,early,east,0
p_014619,retrieval_practice,lab,community,high,late,west,0
p_014620,rereading,remote,undergraduate,high,early,west,1
p_014621,rereading,lab,undergraduate,low,early,west,1
p_014622,rereading,lab,community,high,early,west,1
p_014623,retrieval_practice,lab,undergraduate,high,late,west,0
p_014624,rereading,remote,undergraduate,high,early,east,1
p_014625,retrieval_practice,remote,undergraduate,high,late,east,0
p_014626,rereading,remote,undergraduate,low,early,east,0
p_014627,retrieval_practice,lab,community,low,early,west,0
p_014628,retrieval_practice,lab,undergraduate,high,late,west,1
p_014629,retrieval_practice,lab,undergraduate,low,early,east,0
p_014630,retrieval_practice,remote,community,low,late,west,1
p_014631,rereading,lab,undergraduate,low,late,east,0
p_014632,rereading,lab,undergraduate,high,early,east,0
p_014633,retrieval_practice,remote,undergraduate,low,early,west,0
p_014634,rereading,lab,community,high,early,east,1
p_014635,rereading,lab,undergraduate,high,late,west,0
p_014636,rereading,lab,community,low,early,west,1
p_014637,retrieval_practice,lab,undergraduate,high,early,east,0
p_014638,rereading,remote,undergraduate,low,early,east,1
p_014639,rereading,lab,community,low,early,east,0
p_014640,rereading,lab,community,low,late,west,1
p_014641,rereading,lab,undergraduate,low,early,west,0
p_014642,rereading,lab,undergraduate,low,late,west,0
p_014643,retrieval_practice,lab,undergraduate,low,late,east,0
p_014644,retrieval_practice,lab,undergraduate,high,early,west,1
p_014645,rereading,remote,undergraduate,low,early,west,1
p_014646,retrieval_practice,remote,undergraduate,low,early,west,0
p_014647,rereading,lab,undergraduate,low,early,east,1
p_014648,rereading,lab,undergraduate,low,late,west,1
p_014649,rereading,lab,undergraduate,high,early,east,0
p_014650,retrieval_practice,remote,community,low,late,east,0
p_014651,retrieval_practice,lab,undergraduate,low,early,east,1
p_014652,rereading,lab,community,high,early,west,1
p_014653,rereading,lab,community,low,late,east,1
p_014654,retrieval_practice,remote,undergraduate,high,early,east,0
p_014655,rereading,lab,undergraduate,low,late,east,1
p_014656,retrieval_practice,lab,undergraduate,high,early,east,0
p_014657,retrieval_practice,lab,community,high,early,west,0
p_014658,retrieval_practice,lab,undergraduate,high,early,east,0
p_014659,rereading,lab,undergraduate,high,early,west,0
p_014660,rereading,lab,undergraduate,high,early,west,1
p_014661,rereading,lab,undergraduate,high,late,east,0
p_014662,retrieval_practice,lab,undergraduate,high,late,west,0
p_014663,rereading,lab,undergraduate,low,late,east,0
p_014664,retrieval_practice,lab,community,high,late,west,0
p_014665,retrieval_practice,lab,undergraduate,high,late,west,0
p_014666,rereading,lab,community,low,late,east,1
p_014667,retrieval_practice,lab,undergraduate,low,early,east,1
p_014668,retrieval_practice,lab,community,high,late,west,0
p_014669,retrieval_practice,remote,community,low,early,east,1
p_014670,rereading,remote,undergraduate,high,late,west,1
p_014671,retrieval_practice,lab,community,low,early,west,1
p_014672,rereading,remote,undergraduate,high,late,west,1
p_014673,retrieval_practice,remote,community,low,early,west,0
p_014674,retrieval_practice,lab,undergraduate,high,early,east,1
p_014675,rereading,remote,community,high,early,west,1
p_014676,retrieval_practice,remote,community,high,early,west,1
p_014677,rereading,lab,undergraduate,high,late,east,1
p_014678,rereading,lab,community,low,early,west,0
p_014679,retrieval_practice,remote,undergraduate,low,early,east,1
p_014680,rereading,lab,undergraduate,high,late,east,0
p_014681,retrieval_practice,remote,community,high,early,east,1
p_014682,rereading,lab,community,high,late,west,0
p_014683,rereading,lab,undergraduate,high,late,east,1
p_014684,rereading,lab,undergraduate,high,early,east,0
p_014685,rereading,lab,community,low,late,east,1
p_014686,retrieval_practice,remote,undergraduate,high,early,west,1
p_014687,retrieval_practice,remote,community,low,late,east,1
p_014688,retrieval_practice,lab,undergraduate,high,late,east,1
p_014689,retrieval_practice,remote,undergraduate,high,late,east,1
p_014690,retrieval_practice,lab,undergraduate,low,early,east,1
p_014691,rereading,lab,community,low,early,east,0
p_014692,retrieval_practice,remote,community,low,early,east,1
p_014693,rereading,lab,community,low,late,west,0
p_014694,rereading,lab,undergraduate,high,late,east,1
p_014695,rereading,lab,undergraduate,high,late,west,1
p_014696,rereading,lab,community,low,late,west,1
p_014697,retrieval_practice,remote,community,low,early,west,0
p_014698,retrieval_practice,lab,community,high,late,west,1
p_014699,rereading,remote,undergraduate,high,early,west,1
p_014700,rereading,remote,undergraduate,low,early,west,0
p_014701,rereading,remote,undergraduate,high,late,west,1
p_014702,retrieval_practice,lab,undergraduate,low,late,east,1
p_014703,retrieval_practice,remote,undergraduate,high,early,east,1
p_014704,retrieval_practice,lab,undergraduate,high,early,east,0
p_014705,rereading,lab,community,low,early,east,1
p_014706,rereading,lab,undergraduate,high,late,east,1
p_014707,retrieval_practice,lab,undergraduate,high,late,west,1
p_014708,retrieval_practice,lab,undergraduate,low,late,west,1
p_014709,retrieval_practice,remote,community,high,early,west,1
p_014710,rereading,lab,undergraduate,high,early,east,0
p_014711,retrieval_practice,lab,community,high,early,west,1
p_014712,retrieval_practice,remote,undergraduate,high,late,east,1
p_014713,rereading,lab,community,low,late,west,0
p_014714,rereading,lab,undergraduate,high,early,east,1
p_014715,rereading,lab,undergraduate,low,late,west,1
p_014716,retrieval_practice,lab,community,high,early,west,0
p_014717,rereading,remote,community,low,late,west,0
p_014718,rereading,lab,undergraduate,low,early,east,0
p_014719,rereading,lab,undergraduate,low,early,west,0
p_014720,rereading,remote,undergraduate,high,early,west,0
p_014721,retrieval_practice,remote,undergraduate,high,early,west,0
p_014722,rereading,lab,community,low,early,west,1
p_014723,rereading,lab,community,low,early,west,0
p_014724,retrieval_practice,remote,undergraduate,low,late,east,0
p_014725,rereading,lab,community,high,early,west,1
p_014726,rereading,remote,undergraduate,low,late,east,0
p_014727,rereading,lab,undergraduate,high,late,east,0
p_014728,retrieval_practice,lab,community,high,early,west,1
p_014729,retrieval_practice,lab,community,low,early,east,0
p_014730,rereading,remote,undergraduate,high,early,west,0
p_014731,retrieval_practice,lab,community,low,early,east,1
p_014732,retrieval_practice,lab,undergraduate,low,late,west,1
p_014733,rereading,remote,undergraduate,high,early,east,0
p_014734,rereading,remote,undergraduate,high,late,west,1
p_014735,retrieval_practice,lab,undergraduate,low,late,west,0
p_014736,rereading,remote,undergraduate,low,early,east,0
p_014737,rereading,lab,community,low,late,east,0
p_014738,retrieval_practice,lab,undergraduate,high,early,east,0
p_014739,retrieval_practice,lab,undergraduate,high,late,east,1
p_014740,rereading,lab,undergraduate,high,late,east,1
p_014741,retrieval_practice,remote,community,low,late,west,1
p_014742,retrieval_practice,lab,community,high,late,east,0
p_014743,rereading,remote,undergraduate,high,early,west,0
p_014744,retrieval_practice,remote,undergraduate,low,early,east,0
p_014745,rereading,lab,community,low,early,west,0
p_014746,rereading,remote,undergraduate,high,late,west,1
p_014747,retrieval_practice,remote,undergraduate,high,late,east,0
p_014748,rereading,remote,undergraduate,high,early,east,0
p_014749,rereading,remote,undergraduate,high,late,west,0
p_014750,rereading,lab,community,low,early,west,0
p_014751,rereading,lab,undergraduate,high,late,east,1
p_014752,rereading,lab,undergraduate,high,late,east,0
p_014753,rereading,remote,community,high,late,west,0
p_014754,retrieval_practice,remote,undergraduate,high,late,west,0
p_014755,retrieval_practice,remote,community,high,early,east,1
p_014756,retrieval_practice,lab,undergraduate,high,late,west,1
p_014757,retrieval_practice,lab,community,high,late,east,1
p_014758,rereading,lab,undergraduate,high,early,east,0
p_014759,retrieval_practice,remote,community,low,early,west,1
p_014760,retrieval_practice,remote,community,high,late,east,0
p_014761,retrieval_practice,lab,community,low,early,west,0
p_014762,retrieval_practice,lab,undergraduate,low,early,east,0
p_014763,retrieval_practice,lab,undergraduate,high,early,east,1
p_014764,retrieval_practice,lab,community,high,early,west,1
p_014765,rereading,lab,community,low,early,east,1
p_014766,rereading,lab,undergraduate,high,early,west,0
p_014767,rereading,lab,community,low,late,east,1
p_014768,rereading,remote,undergraduate,high,late,west,1
p_014769,rereading,lab,undergraduate,high,early,east,0
p_014770,rereading,lab,undergraduate,low,early,west,1
p_014771,rereading,lab,undergraduate,high,late,east,0
p_014772,retrieval_practice,lab,undergraduate,high,early,east,1
p_014773,rereading,remote,undergraduate,high,late,west,0
p_014774,retrieval_practice,remote,undergraduate,low,late,west,0
p_014775,rereading,remote,community,low,late,west,1
p_014776,retrieval_practice,remote,undergraduate,low,late,east,0
p_014777,retrieval_practice,remote,community,high,late,east,1
p_014778,rereading,remote,undergraduate,high,early,west,0
p_014779,retrieval_practice,lab,undergraduate,low,early,west,1
p_014780,retrieval_practice,lab,community,low,early,east,0
p_014781,rereading,lab,undergraduate,low,late,west,0
p_014782,rereading,lab,community,low,early,west,1
p_014783,retrieval_practice,lab,undergraduate,low,early,east,0
p_014784,rereading,remote,community,low,early,east,1
p_014785,rereading,lab,undergraduate,high,late,east,1
p_014786,rereading,lab,community,high,early,east,1
p_014787,rereading,lab,undergraduate,high,early,east,1
p_014788,rereading,lab,undergraduate,high,late,west,0
p_014789,rereading,remote,undergraduate,high,late,west,0
p_014790,rereading,lab,undergraduate,high,early,west,1
p_014791,rereading,lab,undergraduate,low,late,east,1
p_014792,retrieval_practice,remote,undergraduate,low,early,west,0
p_014793,rereading,remote,undergraduate,low,early,west,1
p_014794,retrieval_practice,remote,undergraduate,low,late,west,0
p_014795,retrieval_practice,lab,community,low,late,west,0
p_014796,retrieval_practice,lab,community,low,early,east,1
p_014797,rereading,remote,undergraduate,low,early,west,0
p_014798,retrieval_practice,remote,undergraduate,high,early,west,1
p_014799,retrieval_practice,lab,community,high,late,east,1
p_014800,retrieval_practice,lab,undergraduate,high,late,east,0
p_014801,rereading,lab,undergraduate,high,early,east,0
p_014802,retrieval_practice,remote,community,low,late,west,1
p_014803,rereading,lab,undergraduate,high,early,east,0
p_014804,retrieval_practice,lab,undergraduate,high,early,west,1
p_014805,rereading,lab,community,low,late,east,0
p_014806,retrieval_practice,remote,community,high,late,west,0
p_014807,rereading,lab,undergraduate,low,early,west,0
p_014808,retrieval_practice,lab,undergraduate,high,late,east,1
p_014809,retrieval_practice,remote,undergraduate,high,early,west,0
p_014810,retrieval_practice,lab,undergraduate,high,early,west,0
p_014811,rereading,remote,community,low,early,west,1
p_014812,retrieval_practice,lab,community,low,early,west,1
p_014813,retrieval_practice,remote,undergraduate,high,late,west,0
p_014814,rereading,lab,undergraduate,low,late,west,1
p_014815,rereading,lab,undergraduate,high,late,west,0
p_014816,retrieval_practice,lab,community,high,early,east,0
p_014817,retrieval_practice,remote,community,high,early,west,1
p_014818,rereading,lab,undergraduate,high,late,west,1
p_014819,rereading,lab,undergraduate,low,late,east,0
p_014820,rereading,lab,community,low,early,east,1
p_014821,rereading,lab,community,low,late,west,0
p_014822,retrieval_practice,lab,undergraduate,low,early,west,0
p_014823,rereading,remote,undergraduate,high,early,west,0
p_014824,rereading,lab,community,low,late,east,0
p_014825,rereading,lab,undergraduate,low,late,east,1
p_014826,retrieval_practice,remote,community,high,early,east,0
p_014827,retrieval_practice,remote,undergraduate,low,late,east,1
p_014828,rereading,remote,undergraduate,low,late,west,0
p_014829,retrieval_practice,remote,undergraduate,low,early,east,1
p_014830,retrieval_practice,lab,undergraduate,high,early,west,0
p_014831,rereading,remote,undergraduate,low,early,east,0
p_014832,retrieval_practice,lab,community,low,early,east,0
p_014833,rereading,remote,undergraduate,high,late,west,1
p_014834,rereading,lab,community,high,late,east,0
p_014835,rereading,lab,undergraduate,high,late,east,1
p_014836,retrieval_practice,lab,community,high,late,east,0
p_014837,retrieval_practice,remote,community,low,late,west,0
p_014838,rereading,lab,undergraduate,high,late,east,1
p_014839,retrieval_practice,remote,undergraduate,high,early,west,1
p_014840,retrieval_practice,lab,undergraduate,high,late,east,0
p_014841,retrieval_practice,lab,community,high,late,west,1
p_014842,rereading,remote,undergraduate,low,early,west,1
p_014843,rereading,lab,community,high,early,east,1
p_014844,retrieval_practice,lab,community,high,late,east,1
p_014845,rereading,lab,undergraduate,high,late,east,1
p_014846,rereading,lab,undergraduate,high,late,east,1
p_014847,retrieval_practice,remote,undergraduate,low,early,west,1
p_014848,retrieval_practice,lab,community,low,late,west,1
p_014849,rereading,lab,undergraduate,high,late,east,1
p_014850,rereading,remote,undergraduate,low,late,east,0
p_014851,rereading,lab,undergraduate,high,late,east,0
p_014852,retrieval_practice,lab,community,low,early,west,0
p_014853,rereading,lab,undergraduate,low,late,west,1
p_014854,rereading,lab,undergraduate,low,early,east,1
p_014855,retrieval_practice,lab,community,high,late,east,1
p_014856,rereading,lab,undergraduate,low,early,east,1
p_014857,retrieval_practice,lab,undergraduate,low,early,west,1
p_014858,retrieval_practice,lab,undergraduate,low,late,east,0
p_014859,rereading,remote,community,low,early,west,1
p_014860,retrieval_practice,remote,undergraduate,low,early,west,0
p_014861,retrieval_practice,lab,undergraduate,high,late,west,1
p_014862,rereading,lab,community,low,early,west,0
p_014863,rereading,lab,undergraduate,high,early,west,0
p_014864,rereading,remote,undergraduate,high,late,east,1
p_014865,retrieval_practice,lab,community,high,early,west,1
p_014866,rereading,remote,undergraduate,high,early,east,0
p_014867,rereading,lab,undergraduate,low,late,east,1
p_014868,retrieval_practice,lab,undergraduate,low,early,east,1
p_014869,rereading,lab,undergraduate,low,late,east,0
p_014870,retrieval_practice,lab,community,low,late,west,0
p_014871,retrieval_practice,remote,community,high,late,east,1
p_014872,retrieval_practice,lab,community,low,early,west,1
p_014873,rereading,lab,undergraduate,low,early,west,0
p_014874,retrieval_practice,remote,community,high,late,west,1
p_014875,rereading,remote,undergraduate,low,early,east,1
p_014876,rereading,remote,community,high,late,east,0
p_014877,retrieval_practice,remote,community,low,early,west,1
p_014878,rereading,lab,community,high,early,east,1
p_014879,rereading,lab,undergraduate,high,late,west,1
p_014880,retrieval_practice,remote,undergraduate,low,early,west,1
p_014881,rereading,lab,community,high,early,west,0
p_014882,rereading,remote,community,high,late,east,0
p_014883,rereading,remote,undergraduate,low,early,east,1
p_014884,rereading,lab,community,low,early,east,0
p_014885,retrieval_practice,remote,undergraduate,high,early,west,0
p_014886,rereading,lab,community,low,early,west,1
p_014887,rereading,remote,undergraduate,low,late,east,1
p_014888,retrieval_practice,remote,undergraduate,high,early,east,1
p_014889,rereading,lab,community,high,late,east,1
p_014890,rereading,remote,community,low,late,east,1
p_014891,rereading,lab,undergraduate,low,early,west,0
p_014892,retrieval_practice,lab,community,low,early,east,0
p_014893,retrieval_practice,lab,undergraduate,high,late,east,0
p_014894,retrieval_practice,lab,community,low,late,east,1
p_014895,retrieval_practice,lab,undergraduate,high,early,east,0
p_014896,rereading,lab,undergraduate,high,late,west,1
p_014897,rereading,remote,undergraduate,low,early,east,0
p_014898,rereading,lab,undergraduate,low,early,west,0
p_014899,rereading,lab,undergraduate,low,early,east,0
p_014900,rereading,lab,undergraduate,high,late,east,0
p_014901,rereading,remote,undergraduate,high,late,west,0
p_014902,retrieval_practice,lab,community,low,early,east,0
p_014903,retrieval_practice,lab,community,low,early,east,1
p_014904,retrieval_practice,lab,undergraduate,low,late,west,0
p_014905,retrieval_practice,lab,community,high,early,east,0
p_014906,retrieval_practice,remote,community,high,late,west,1
p_014907,retrieval_practice,remote,community,high,early,east,0
p_014908,rereading,lab,undergraduate,low,early,east,0
p_014909,retrieval_practice,lab,undergraduate,low,late,east,1
p_014910,retrieval_practice,lab,undergraduate,low,late,west,0
p_014911,retrieval_practice,lab,undergraduate,low,early,west,0
p_014912,rereading,remote,undergraduate,high,late,west,0
p_014913,retrieval_practice,remote,community,low,early,west,0
p_014914,retrieval_practice,remote,undergraduate,high,early,west,1
p_014915,retrieval_practice,remote,community,high,early,east,1
p_014916,rereading,lab,community,high,early,east,0
p_014917,retrieval_practice,lab,community,high,early,east,0
p_014918,rereading,lab,undergraduate,low,early,east,0
p_014919,retrieval_practice,remote,undergraduate,low,early,west,0
p_014920,rereading,remote,undergraduate,high,late,west,0
p_014921,rereading,remote,undergraduate,high,late,east,0
p_014922,retrieval_practice,lab,undergraduate,high,late,east,0
p_014923,retrieval_practice,lab,community,high,late,west,0
p_014924,rereading,lab,community,high,early,east,0
p_014925,retrieval_practice,lab,community,high,late,west,0
p_014926,rereading,lab,community,low,late,west,1
p_014927,rereading,remote,community,high,early,west,1
p_014928,retrieval_practice,lab,undergraduate,low,late,east,1
p_014929,retrieval_practice,lab,community,low,late,west,1
p_014930,rereading,lab,undergraduate,high,late,west,0
p_014931,retrieval_practice,lab,community,high,early,west,1
p_014932,retrieval_practice,lab,undergraduate,low,early,east,0
p_014933,retrieval_practice,lab,community,low,late,east,0
p_014934,rereading,remote,undergraduate,high,late,east,0
p_014935,retrieval_practice,remote,undergraduate,low,late,west,0
p_014936,rereading,lab,undergraduate,high,early,west,0
p_014937,rereading,remote,community,low,early,west,1
p_014938,rereading,remote,undergraduate,high,late,west,0
p_014939,retrieval_practice,lab,community,high,early,east,1
p_014940,rereading,remote,undergraduate,high,early,west,0
p_014941,rereading,lab,community,high,late,west,0
p_014942,retrieval_practice,lab,community,low,late,east,0
p_014943,retrieval_practice,lab,undergraduate,low,early,east,0
p_014944,rereading,remote,undergraduate,low,early,west,1
p_014945,retrieval_practice,lab,undergraduate,low,early,east,1
p_014946,retrieval_practice,remote,community,low,late,west,1
p_014947,rereading,lab,community,high,early,east,0
p_014948,rereading,lab,undergraduate,low,late,west,1
p_014949,rereading,lab,undergraduate,high,early,east,1
p_014950,retrieval_practice,remote,community,high,late,east,1
p_014951,retrieval_practice,remote,undergraduate,low,early,east,0
p_014952,rereading,lab,undergraduate,high,late,east,1
p_014953,retrieval_practice,remote,community,high,early,east,1
p_014954,rereading,lab,undergraduate,low,late,east,1
p_014955,retrieval_practice,remote,undergraduate,high,early,west,1
p_014956,retrieval_practice,remote,community,low,late,east,1
p_014957,retrieval_practice,lab,community,high,late,west,1
p_014958,retrieval_practice,lab,community,low,early,east,1
p_014959,rereading,lab,undergraduate,high,late,east,1
p_014960,retrieval_practice,remote,undergraduate,high,early,east,1
p_014961,rereading,remote,undergraduate,high,late,west,0
p_014962,rereading,remote,undergraduate,high,late,west,0
p_014963,retrieval_practice,lab,undergraduate,low,late,east,0
p_014964,retrieval_practice,lab,undergraduate,high,early,west,1
p_014965,retrieval_practice,lab,undergraduate,low,late,east,1
p_014966,rereading,lab,undergraduate,low,late,west,0
p_014967,retrieval_practice,lab,undergraduate,high,late,west,1
p_014968,retrieval_practice,lab,community,low,early,east,0
p_014969,retrieval_practice,lab,community,low,early,west,0
p_014970,rereading,remote,undergraduate,high,early,east,0
p_014971,rereading,lab,undergraduate,high,late,west,1
p_014972,retrieval_practice,lab,undergraduate,high,early,east,1
p_014973,rereading,remote,undergraduate,high,late,east,0
p_014974,retrieval_practice,lab,community,low,early,west,1
p_014975,rereading,lab,undergraduate,high,late,west,1
p_014976,retrieval_practice,lab,community,high,late,west,1
p_014977,rereading,lab,community,high,early,west,1
p_014978,rereading,lab,undergraduate,high,early,west,1
p_014979,retrieval_practice,lab,community,low,late,west,0
p_014980,rereading,remote,undergraduate,low,late,west,1
p_014981,retrieval_practice,remote,community,low,early,east,0
p_014982,rereading,lab,community,low,early,east,1
p_014983,rereading,remote,community,low,late,west,1
p_014984,retrieval_practice,remote,undergraduate,high,late,west,1
p_014985,rereading,remote,community,low,late,east,1
p_014986,retrieval_practice,remote,undergraduate,high,early,east,0
p_014987,rereading,lab,community,low,late,east,1
p_014988,rereading,remote,undergraduate,high,late,east,1
p_014989,rereading,lab,community,low,early,east,1
p_014990,retrieval_practice,lab,community,high,late,west,1
p_014991,retrieval_practice,lab,undergraduate,low,early,east,0
p_014992,rereading,lab,undergraduate,low,late,east,0
p_014993,rereading,remote,community,low,early,east,0
p_014994,retrieval_practice,lab,undergraduate,high,late,west,0
p_014995,retrieval_practice,lab,community,low,early,east,1
p_014996,rereading,remote,undergraduate,low,early,east,0
p_014997,rereading,lab,undergraduate,low,late,east,1
p_014998,retrieval_practice,remote,community,high,early,east,0
p_014999,retrieval_practice,lab,undergraduate,low,late,west,1
p_015000,rereading,remote,undergraduate,low,early,west,0
p_015001,retrieval_practice,remote,undergraduate,low,early,east,1
p_015002,retrieval_practice,lab,undergraduate,high,late,west,1
p_015003,retrieval_practice,lab,undergraduate,low,late,east,0
p_015004,retrieval_practice,lab,community,high,early,west,0
p_015005,rereading,remote,undergraduate,low,late,east,1
p_015006,rereading,remote,undergraduate,low,early,west,1
p_015007,rereading,lab,undergraduate,low,early,west,0
p_015008,rereading,remote,undergraduate,high,late,west,0
p_015009,retrieval_practice,remote,undergraduate,high,late,west,1
p_015010,rereading,lab,undergraduate,low,late,west,0
p_015011,rereading,lab,undergraduate,high,late,east,1
p_015012,rereading,remote,undergraduate,low,early,west,1
p_015013,retrieval_practice,lab,undergraduate,low,late,west,0
p_015014,retrieval_practice,lab,undergraduate,low,late,west,1
p_015015,rereading,lab,undergraduate,low,early,west,0
p_015016,rereading,lab,community,low,late,east,1
p_015017,rereading,lab,undergraduate,high,late,west,0
p_015018,retrieval_practice,lab,community,low,early,west,0
p_015019,retrieval_practice,lab,community,high,late,west,0
p_015020,rereading,lab,undergraduate,high,late,east,1
p_015021,rereading,remote,community,low,early,east,1
p_015022,rereading,remote,undergraduate,high,early,west,1
p_015023,retrieval_practice,remote,undergraduate,low,late,east,0
p_015024,retrieval_practice,remote,community,high,early,west,1
p_015025,retrieval_practice,lab,undergraduate,high,late,east,0
p_015026,rereading,remote,undergraduate,high,late,west,0
p_015027,retrieval_practice,lab,undergraduate,high,early,east,0
p_015028,rereading,lab,undergraduate,high,early,west,0
p_015029,retrieval_practice,lab,community,low,late,east,0
p_015030,rereading,lab,community,high,late,east,0
p_015031,retrieval_practice,lab,community,high,early,west,1
p_015032,rereading,lab,undergraduate,low,late,east,0
p_015033,rereading,lab,community,low,late,west,1
p_015034,rereading,lab,undergraduate,low,early,east,1
p_015035,rereading,lab,undergraduate,high,early,east,0
p_015036,rereading,lab,undergraduate,high,late,west,0
p_015037,rereading,remote,community,high,late,east,1
p_015038,rereading,remote,community,low,early,east,1
p_015039,rereading,remote,community,high,late,west,0
p_015040,rereading,lab,undergraduate,low,early,west,1
p_015041,retrieval_practice,lab,undergraduate,high,early,west,0
p_015042,rereading,remote,undergraduate,high,late,east,0
p_015043,rereading,lab,community,high,late,west,1
p_015044,retrieval_practice,lab,undergraduate,high,early,west,0
p_015045,retrieval_practice,lab,undergraduate,high,early,west,0
p_015046,retrieval_practice,lab,undergraduate,high,early,east,1
p_015047,rereading,remote,community,low,late,west,0
p_015048,retrieval_practice,lab,undergraduate,low,late,west,1
p_015049,retrieval_practice,remote,community,low,late,east,0
p_015050,rereading,lab,undergraduate,high,late,east,0
p_015051,rereading,lab,community,low,late,east,1
p_015052,retrieval_practice,remote,undergraduate,high,late,west,1
p_015053,retrieval_practice,lab,undergraduate,high,early,east,0
p_015054,rereading,lab,undergraduate,high,early,east,1
p_015055,retrieval_practice,lab,undergraduate,high,late,west,1
p_015056,retrieval_practice,lab,community,high,late,east,0
p_015057,retrieval_practice,lab,undergraduate,high,early,east,0
p_015058,retrieval_practice,remote,community,low,early,west,1
p_015059,retrieval_practice,remote,undergraduate,high,early,west,1
p_015060,rereading,lab,community,high,early,east,1
p_015061,rereading,remote,undergraduate,high,early,west,0
p_015062,retrieval_practice,remote,undergraduate,high,late,east,0
p_015063,retrieval_practice,lab,undergraduate,low,early,east,1
p_015064,retrieval_practice,remote,undergraduate,low,early,west,0
p_015065,retrieval_practice,lab,community,high,early,east,0
p_015066,retrieval_practice,lab,undergraduate,high,late,east,1
p_015067,retrieval_practice,remote,undergraduate,low,late,east,0
p_015068,retrieval_practice,lab,undergraduate,high,late,west,1
p_015069,retrieval_practice,lab,undergraduate,high,late,east,1
p_015070,retrieval_practice,lab,community,low,late,west,1
p_015071,rereading,remote,undergraduate,high,late,west,1
p_015072,rereading,remote,undergraduate,high,late,east,0
p_015073,rereading,lab,community,low,early,east,1
p_015074,rereading,lab,undergraduate,low,late,west,0
p_015075,rereading,remote,undergraduate,high,early,east,0
p_015076,retrieval_practice,lab,undergraduate,low,late,east,0
p_015077,retrieval_practice,lab,community,high,early,east,0
p_015078,retrieval_practice,remote,community,low,early,west,1
p_015079,rereading,lab,undergraduate,low,early,east,1
p_015080,rereading,remote,community,high,early,west,1
p_015081,retrieval_practice,lab,community,high,late,west,1
p_015082,rereading,lab,undergraduate,low,early,west,0
p_015083,retrieval_practice,lab,undergraduate,low,late,west,1
p_015084,rereading,lab,undergraduate,low,early,west,0
p_015085,rereading,remote,undergraduate,low,early,east,1
p_015086,rereading,lab,community,low,late,east,0
p_015087,rereading,lab,undergraduate,low,early,east,0
p_015088,retrieval_practice,lab,undergraduate,high,late,east,1
p_015089,rereading,lab,undergraduate,low,early,west,1
p_015090,retrieval_practice,lab,undergraduate,high,late,east,1
p_015091,rereading,lab,undergraduate,high,late,east,0
p_015092,retrieval_practice,remote,community,high,late,west,1
p_015093,rereading,lab,community,high,late,east,1
p_015094,retrieval_practice,lab,community,low,early,west,1
p_015095,rereading,lab,undergraduate,high,late,west,1
p_015096,rereading,lab,undergraduate,low,late,east,1
p_015097,rereading,remote,community,low,late,east,1
p_015098,rereading,lab,community,low,early,east,0
p_015099,retrieval_practice,remote,community,low,early,west,1
p_015100,rereading,lab,community,high,early,east,0
p_015101,rereading,remote,undergraduate,low,late,west,0
p_015102,rereading,remote,undergraduate,low,early,west,1
p_015103,retrieval_practice,remote,undergraduate,low,early,east,1
p_015104,rereading,lab,undergraduate,high,late,west,0
p_015105,retrieval_practice,lab,undergraduate,low,early,west,0
p_015106,retrieval_practice,remote,undergraduate,high,late,west,0
p_015107,retrieval_practice,remote,undergraduate,low,early,west,0
p_015108,retrieval_practice,lab,community,low,late,east,0
p_015109,rereading,remote,undergraduate,low,late,east,1
p_015110,retrieval_practice,lab,undergraduate,low,late,east,0
p_015111,retrieval_practice,remote,community,low,late,west,1
p_015112,rereading,lab,community,low,early,east,0
p_015113,retrieval_practice,lab,undergraduate,high,early,west,1
p_015114,rereading,remote,undergraduate,low,late,west,0
p_015115,rereading,remote,undergraduate,low,early,west,1
p_015116,retrieval_practice,lab,community,low,early,east,1
p_015117,retrieval_practice,lab,community,high,late,west,0
p_015118,rereading,lab,community,high,early,east,0
p_015119,retrieval_practice,remote,undergraduate,low,late,east,0
p_015120,rereading,lab,undergraduate,low,late,east,1
p_015121,retrieval_practice,remote,undergraduate,low,early,east,0
p_015122,rereading,lab,community,high,early,east,0
p_015123,rereading,lab,community,high,early,west,1
p_015124,rereading,lab,undergraduate,low,early,west,1
p_015125,rereading,lab,undergraduate,high,late,east,1
p_015126,retrieval_practice,remote,undergraduate,high,late,west,1
p_015127,rereading,remote,undergraduate,low,early,west,1
p_015128,retrieval_practice,remote,undergraduate,high,early,west,1
p_015129,retrieval_practice,remote,community,low,early,west,1
p_015130,rereading,remote,community,high,late,east,0
p_015131,rereading,lab,community,high,early,west,0
p_015132,retrieval_practice,remote,community,low,late,west,1
p_015133,rereading,remote,undergraduate,low,early,west,0
p_015134,rereading,remote,community,low,early,west,0
p_015135,retrieval_practice,lab,community,low,early,east,0
p_015136,retrieval_practice,remote,community,low,early,east,0
p_015137,retrieval_practice,lab,undergraduate,low,late,east,1
p_015138,retrieval_practice,lab,community,high,early,west,0
p_015139,rereading,remote,undergraduate,low,late,west,0
p_015140,rereading,remote,community,low,late,west,0
p_015141,rereading,lab,undergraduate,low,late,west,1
p_015142,rereading,lab,undergraduate,high,early,east,0
p_015143,retrieval_practice,lab,undergraduate,low,late,west,1
p_015144,rereading,lab,community,high,early,east,1
p_015145,retrieval_practice,remote,community,high,late,east,1
p_015146,retrieval_practice,remote,undergraduate,low,early,west,1
p_015147,retrieval_practice,remote,undergraduate,high,early,east,1
p_015148,rereading,lab,community,high,late,east,1
p_015149,rereading,remote,undergraduate,high,late,east,1
p_015150,rereading,lab,community,high,early,west,0
p_015151,retrieval_practice,remote,community,high,early,east,1
p_015152,retrieval_practice,lab,undergraduate,high,late,west,1
p_015153,rereading,remote,community,low,early,west,0
p_015154,rereading,lab,community,low,early,west,1
p_015155,retrieval_practice,lab,undergraduate,high,early,west,1
p_015156,retrieval_practice,lab,undergraduate,high,late,west,1
p_015157,retrieval_practice,lab,undergraduate,high,early,east,1
p_015158,rereading,remote,community,low,early,east,0
p_015159,retrieval_practice,lab,undergraduate,high,early,west,0
p_015160,retrieval_practice,remote,undergraduate,low,late,west,1
p_015161,retrieval_practice,lab,community,low,late,east,1
p_015162,rereading,remote,undergraduate,high,late,east,1
p_015163,retrieval_practice,remote,undergraduate,low,early,east,1
p_015164,retrieval_practice,lab,community,low,early,east,0
p_015165,rereading,lab,undergraduate,low,late,west,1
p_015166,retrieval_practice,remote,undergraduate,low,early,west,0
p_015167,rereading,remote,community,high,early,west,0
p_015168,rereading,lab,community,high,early,west,0
p_015169,retrieval_practice,remote,undergraduate,low,late,east,1
p_015170,retrieval_practice,remote,community,high,late,east,1
p_015171,retrieval_practice,remote,undergraduate,high,early,west,0
p_015172,retrieval_practice,lab,undergraduate,high,early,east,0
p_015173,retrieval_practice,lab,undergraduate,high,early,west,1
p_015174,retrieval_practice,lab,undergraduate,low,late,west,1
p_015175,retrieval_practice,remote,community,high,late,west,0
p_015176,retrieval_practice,lab,undergraduate,low,late,east,1
p_015177,retrieval_practice,lab,undergraduate,low,early,east,1
p_015178,retrieval_practice,remote,undergraduate,low,late,west,0
p_015179,rereading,lab,community,low,early,east,1
p_015180,retrieval_practice,lab,undergraduate,high,early,west,1
p_015181,retrieval_practice,remote,undergraduate,low,early,east,0
p_015182,retrieval_practice,remote,undergraduate,high,late,west,0
p_015183,retrieval_practice,remote,community,low,early,east,0
p_015184,rereading,remote,community,high,early,east,1
p_015185,rereading,lab,community,high,late,west,0
p_015186,retrieval_practice,lab,community,low,early,east,1
p_015187,retrieval_practice,lab,community,high,late,east,0
p_015188,rereading,lab,undergraduate,high,early,east,1
p_015189,retrieval_practice,lab,community,low,early,west,0
p_015190,rereading,lab,community,high,early,east,0
p_015191,rereading,remote,undergraduate,high,late,east,0
p_015192,rereading,lab,undergraduate,high,late,west,1
p_015193,retrieval_practice,remote,undergraduate,low,early,east,0
p_015194,rereading,lab,undergraduate,low,late,east,1
p_015195,retrieval_practice,remote,undergraduate,high,late,west,1
p_015196,rereading,lab,undergraduate,high,early,east,0
p_015197,rereading,lab,undergraduate,high,late,east,0
p_015198,retrieval_practice,lab,community,high,late,west,0
p_015199,retrieval_practice,remote,community,low,early,west,1
p_015200,retrieval_practice,lab,undergraduate,low,late,west,1
p_015201,retrieval_practice,remote,undergraduate,low,late,east,1
p_015202,rereading,remote,community,high,late,west,1
p_015203,rereading,remote,undergraduate,low,early,east,1
p_015204,retrieval_practice,lab,community,low,late,west,0
p_015205,rereading,lab,community,low,late,west,0
p_015206,rereading,lab,community,high,late,west,0
p_015207,rereading,lab,community,low,early,east,0
p_015208,retrieval_practice,lab,undergraduate,low,early,west,0
p_015209,retrieval_practice,remote,undergraduate,low,late,east,0
p_015210,rereading,lab,community,high,late,west,1
p_015211,retrieval_practice,remote,community,high,late,east,1
p_015212,retrieval_practice,remote,community,low,late,east,0
p_015213,retrieval_practice,remote,undergraduate,high,late,east,0
p_015214,retrieval_practice,remote,community,high,late,west,0
p_015215,retrieval_practice,lab,community,low,late,east,0
p_015216,rereading,remote,undergraduate,high,early,west,1
p_015217,rereading,remote,undergraduate,low,early,east,0
p_015218,rereading,lab,undergraduate,high,early,east,0
p_015219,rereading,lab,community,high,early,east,0
p_015220,retrieval_practice,lab,undergraduate,high,early,west,1
p_015221,rereading,lab,undergraduate,low,early,east,1
p_015222,retrieval_practice,remote,community,high,early,east,1
p_015223,retrieval_practice,lab,community,high,late,west,0
p_015224,rereading,lab,community,low,late,west,0
p_015225,rereading,lab,community,low,early,west,1
p_015226,rereading,remote,undergraduate,low,early,west,1
p_015227,rereading,remote,community,low,late,east,0
p_015228,retrieval_practice,lab,community,high,late,west,0
p_015229,retrieval_practice,lab,community,high,late,east,1
p_015230,rereading,lab,undergraduate,low,late,west,1
p_015231,rereading,lab,undergraduate,high,early,west,1
p_015232,retrieval_practice,lab,undergraduate,low,early,west,1
p_015233,rereading,lab,undergraduate,high,early,east,1
p_015234,rereading,lab,undergraduate,low,early,west,0
p_015235,retrieval_practice,remote,community,high,late,west,0
p_015236,retrieval_practice,remote,community,high,early,west,1
p_015237,rereading,lab,community,high,early,west,1
p_015238,retrieval_practice,remote,community,low,late,west,1
p_015239,rereading,remote,community,high,late,west,0
p_015240,retrieval_practice,lab,undergraduate,high,early,east,1
p_015241,retrieval_practice,lab,undergraduate,low,late,east,1
p_015242,retrieval_practice,lab,community,low,early,east,0
p_015243,retrieval_practice,lab,undergraduate,low,late,east,0
p_015244,retrieval_practice,lab,undergraduate,high,late,west,1
p_015245,rereading,remote,undergraduate,low,late,east,1
p_015246,retrieval_practice,lab,community,high,early,west,0
p_015247,retrieval_practice,remote,undergraduate,low,early,east,1
p_015248,retrieval_practice,remote,undergraduate,high,early,west,1
p_015249,retrieval_practice,lab,undergraduate,low,early,east,1
p_015250,retrieval_practice,lab,undergraduate,high,late,east,1
p_015251,rereading,remote,undergraduate,low,early,west,0
p_015252,retrieval_practice,lab,undergraduate,low,early,west,1
p_015253,rereading,lab,community,high,late,west,1
p_015254,retrieval_practice,lab,community,low,late,east,0
p_015255,rereading,lab,undergraduate,low,late,east,0
p_015256,retrieval_practice,remote,community,high,late,east,1
p_015257,retrieval_practice,remote,community,low,early,west,1
p_015258,retrieval_practice,lab,community,high,late,east,1
p_015259,rereading,lab,community,high,late,west,1
p_015260,rereading,remote,community,high,late,west,0
p_015261,retrieval_practice,lab,community,low,late,west,1
p_015262,rereading,lab,community,low,late,east,1
p_015263,retrieval_practice,lab,undergraduate,high,late,west,1
p_015264,retrieval_practice,lab,undergraduate,low,late,east,1
p_015265,rereading,remote,undergraduate,high,late,west,1
p_015266,retrieval_practice,lab,community,high,early,east,0
p_015267,rereading,lab,undergraduate,low,late,west,0
p_015268,retrieval_practice,remote,undergraduate,low,late,east,0
p_015269,rereading,lab,undergraduate,high,early,west,1
p_015270,retrieval_practice,lab,undergraduate,high,late,west,0
p_015271,retrieval_practice,remote,community,high,early,east,0
p_015272,retrieval_practice,remote,community,high,early,east,0
p_015273,rereading,lab,community,low,late,east,0
p_015274,retrieval_practice,lab,community,low,early,east,1
p_015275,rereading,remote,community,low,early,east,1
p_015276,rereading,remote,undergraduate,high,late,west,1
p_015277,retrieval_practice,lab,community,high,late,west,1
p_015278,retrieval_practice,remote,undergraduate,high,early,west,1
p_015279,retrieval_practice,remote,undergraduate,low,late,east,1
p_015280,retrieval_practice,lab,community,low,early,west,0
p_015281,rereading,lab,undergraduate,low,early,west,0
p_015282,retrieval_practice,remote,undergraduate,high,early,east,0
p_015283,rereading,remote,undergraduate,low,late,west,1
p_015284,rereading,lab,undergraduate,low,late,west,1
p_015285,rereading,lab,undergraduate,high,early,east,1
p_015286,retrieval_practice,remote,undergraduate,low,late,west,0
p_015287,rereading,lab,undergraduate,high,early,west,0
p_015288,rereading,lab,undergraduate,high,late,west,0
p_015289,retrieval_practice,remote,undergraduate,high,early,east,1
p_015290,retrieval_practice,remote,undergraduate,high,early,west,0
p_015291,rereading,lab,undergraduate,high,late,east,1
p_015292,rereading,lab,undergraduate,high,late,west,0
p_015293,rereading,remote,community,high,late,west,0
p_015294,rereading,lab,undergraduate,high,late,east,0
p_015295,retrieval_practice,lab,undergraduate,high,late,east,0
p_015296,retrieval_practice,remote,undergraduate,high,late,west,1
p_015297,rereading,remote,undergraduate,low,late,east,1
p_015298,rereading,lab,undergraduate,high,early,east,1
p_015299,retrieval_practice,remote,community,high,late,west,0
p_015300,retrieval_practice,lab,community,low,early,west,0
p_015301,retrieval_practice,remote,undergraduate,low,late,east,0
p_015302,rereading,remote,community,high,late,west,0
p_015303,retrieval_practice,lab,community,high,late,west,0
p_015304,retrieval_practice,remote,community,low,late,east,1
p_015305,rereading,lab,undergraduate,low,late,east,1
p_015306,retrieval_practice,lab,undergraduate,low,early,west,1
p_015307,rereading,lab,community,high,late,west,1
p_015308,rereading,remote,undergraduate,high,early,east,1
p_015309,rereading,lab,community,low,early,west,1
p_015310,rereading,lab,undergraduate,low,late,west,1
p_015311,rereading,remote,undergraduate,low,late,west,0
p_015312,rereading,remote,community,high,late,east,0
p_015313,rereading,remote,undergraduate,low,late,west,1
p_015314,retrieval_practice,remote,community,low,late,east,0
p_015315,rereading,remote,undergraduate,low,early,west,0
p_015316,retrieval_practice,lab,undergraduate,high,early,east,0
p_015317,retrieval_practice,lab,undergraduate,high,early,west,1
p_015318,rereading,lab,community,low,early,west,0
p_015319,retrieval_practice,lab,community,low,early,west,1
p_015320,rereading,lab,undergraduate,low,late,west,0
p_015321,retrieval_practice,lab,community,low,early,east,1
p_015322,rereading,remote,undergraduate,high,late,west,0
p_015323,retrieval_practice,lab,undergraduate,high,early,east,0
p_015324,retrieval_practice,remote,community,low,early,east,0
p_015325,retrieval_practice,lab,community,high,late,east,0
p_015326,rereading,lab,community,high,late,east,0
p_015327,retrieval_practice,lab,undergraduate,high,late,east,1
p_015328,retrieval_practice,lab,undergraduate,high,early,west,0
p_015329,rereading,lab,undergraduate,low,late,east,0
p_015330,retrieval_practice,lab,undergraduate,low,early,west,0
p_015331,retrieval_practice,remote,undergraduate,high,late,west,0
p_015332,rereading,remote,undergraduate,low,early,east,1
p_015333,retrieval_practice,lab,undergraduate,high,early,west,0
p_015334,retrieval_practice,lab,community,low,late,east,1
p_015335,retrieval_practice,lab,undergraduate,high,late,west,0
p_015336,rereading,remote,undergraduate,high,late,west,0
p_015337,rereading,lab,community,low,early,east,0
p_015338,rereading,lab,undergraduate,high,early,east,0
p_015339,rereading,remote,undergraduate,high,early,east,1
p_015340,retrieval_practice,lab,community,high,late,west,1
p_015341,retrieval_practice,lab,undergraduate,high,early,east,0
p_015342,retrieval_practice,remote,undergraduate,low,early,west,1
p_015343,rereading,remote,community,high,early,west,1
p_015344,retrieval_practice,remote,undergraduate,low,late,east,0
p_015345,rereading,remote,undergraduate,low,late,west,0
p_015346,retrieval_practice,lab,undergraduate,low,late,east,1
p_015347,retrieval_practice,remote,undergraduate,high,early,west,0
p_015348,retrieval_practice,lab,community,high,late,west,0
p_015349,rereading,remote,undergraduate,high,late,east,1
p_015350,rereading,lab,community,high,late,west,0
p_015351,retrieval_practice,lab,undergraduate,low,late,east,1
p_015352,rereading,lab,undergraduate,high,late,east,0
p_015353,rereading,remote,undergraduate,high,late,east,1
p_015354,rereading,remote,undergraduate,low,late,west,1
p_015355,retrieval_practice,lab,undergraduate,low,early,east,1
p_015356,rereading,remote,undergraduate,low,early,east,1
p_015357,retrieval_practice,lab,undergraduate,high,late,west,1
p_015358,retrieval_practice,remote,undergraduate,low,late,east,0
p_015359,retrieval_practice,lab,community,low,late,east,0
p_015360,rereading,lab,undergraduate,high,late,west,0
p_015361,retrieval_practice,remote,community,low,early,west,1
p_015362,retrieval_practice,remote,undergraduate,low,early,west,1
p_015363,retrieval_practice,lab,community,high,late,east,0
p_015364,retrieval_practice,lab,undergraduate,low,late,east,0
p_015365,rereading,remote,community,high,early,west,1
p_015366,retrieval_practice,remote,undergraduate,low,early,west,0
p_015367,retrieval_practice,lab,community,low,late,east,1
p_015368,rereading,lab,undergraduate,low,early,west,0
p_015369,rereading,remote,undergraduate,high,early,east,1
p_015370,retrieval_practice,lab,undergraduate,high,late,west,0
p_015371,retrieval_practice,lab,undergraduate,high,early,west,1
p_015372,retrieval_practice,lab,community,low,late,east,1
p_015373,retrieval_practice,lab,undergraduate,low,early,east,0
p_015374,rereading,lab,undergraduate,high,early,east,0
p_015375,rereading,remote,community,high,early,west,0
p_015376,rereading,remote,undergraduate,high,late,west,0
p_015377,rereading,lab,community,high,late,west,1
p_015378,rereading,remote,undergraduate,low,late,east,0
p_015379,retrieval_practice,remote,undergraduate,low,early,east,0
p_015380,retrieval_practice,lab,community,high,early,east,1
p_015381,rereading,lab,undergraduate,low,early,west,0
p_015382,rereading,remote,community,low,late,west,0
p_015383,rereading,remote,undergraduate,low,early,west,0
p_015384,retrieval_practice,remote,community,low,early,east,0
p_015385,rereading,lab,undergraduate,low,late,west,1
p_015386,rereading,lab,undergraduate,low,late,west,1
p_015387,retrieval_practice,remote,undergraduate,low,late,east,1
p_015388,retrieval_practice,lab,community,high,early,west,1
p_015389,retrieval_practice,lab,undergraduate,low,late,west,1
p_015390,rereading,lab,undergraduate,low,early,west,1
p_015391,rereading,lab,undergraduate,high,late,west,0
p_015392,rereading,lab,community,high,late,west,1
p_015393,retrieval_practice,remote,undergraduate,low,early,west,0
p_015394,rereading,remote,community,low,early,west,0
p_015395,retrieval_practice,lab,community,high,early,west,0
p_015396,retrieval_practice,remote,community,high,early,east,1
p_015397,retrieval_practice,lab,community,high,late,east,1
p_015398,retrieval_practice,lab,community,high,late,east,0
p_015399,rereading,lab,undergraduate,low,early,east,1
p_015400,retrieval_practice,lab,undergraduate,low,early,west,0
p_015401,retrieval_practice,lab,community,low,early,west,0
p_015402,retrieval_practice,remote,undergraduate,low,late,west,1
p_015403,rereading,remote,community,low,early,east,0
p_015404,rereading,lab,undergraduate,high,early,west,1
p_015405,retrieval_practice,lab,undergraduate,low,late,east,0
p_015406,retrieval_practice,remote,undergraduate,low,early,west,1
p_015407,rereading,lab,undergraduate,low,early,west,1
p_015408,rereading,lab,community,high,early,east,1
p_015409,rereading,remote,undergraduate,high,early,west,0
p_015410,retrieval_practice,lab,community,low,early,west,0
p_015411,rereading,remote,undergraduate,high,late,east,0
p_015412,retrieval_practice,lab,undergraduate,high,early,east,0
p_015413,retrieval_practice,lab,undergraduate,high,late,west,0
p_015414,rereading,lab,undergraduate,high,early,west,1
p_015415,rereading,lab,undergraduate,high,early,west,1
p_015416,retrieval_practice,remote,undergraduate,low,late,east,1
p_015417,retrieval_practice,remote,community,high,early,west,1
p_015418,rereading,lab,undergraduate,high,early,east,0
p_015419,retrieval_practice,lab,undergraduate,low,late,east,1
p_015420,retrieval_practice,lab,undergraduate,high,late,west,0
p_015421,rereading,lab,community,low,late,west,1
p_015422,retrieval_practice,remote,undergraduate,high,late,east,0
p_015423,rereading,lab,undergraduate,high,late,west,0
p_015424,retrieval_practice,lab,community,low,late,east,1
p_015425,rereading,lab,community,low,early,east,1
p_015426,retrieval_practice,lab,undergraduate,low,early,east,1
p_015427,retrieval_practice,remote,undergraduate,high,late,east,0
p_015428,rereading,lab,undergraduate,low,late,west,0
p_015429,rereading,remote,undergraduate,high,early,east,1
p_015430,rereading,lab,community,high,early,west,0
p_015431,rereading,lab,undergraduate,high,late,west,1
p_015432,retrieval_practice,lab,community,low,late,east,0
p_015433,retrieval_practice,lab,community,high,late,east,1
p_015434,rereading,lab,community,low,late,east,1
p_015435,retrieval_practice,lab,community,high,late,east,1
p_015436,retrieval_practice,lab,community,high,late,east,1
p_015437,retrieval_practice,lab,undergraduate,high,late,west,1
p_015438,retrieval_practice,lab,undergraduate,low,late,east,1
p_015439,retrieval_practice,lab,community,low,early,west,0
p_015440,rereading,lab,undergraduate,low,early,east,0
p_015441,rereading,lab,community,low,late,east,1
p_015442,retrieval_practice,remote,undergraduate,low,late,east,0
p_015443,rereading,remote,community,low,late,east,0
p_015444,rereading,lab,undergraduate,low,early,west,0
p_015445,retrieval_practice,lab,undergraduate,high,late,east,1
p_015446,retrieval_practice,remote,undergraduate,high,late,east,1
p_015447,retrieval_practice,lab,undergraduate,high,late,west,0
p_015448,rereading,remote,community,low,late,west,1
p_015449,rereading,remote,community,high,late,east,1
p_015450,rereading,remote,community,low,early,west,1
p_015451,rereading,lab,undergraduate,high,late,east,0
p_015452,retrieval_practice,remote,undergraduate,high,early,west,0
p_015453,rereading,remote,undergraduate,low,late,west,1
p_015454,rereading,remote,undergraduate,low,late,east,0
p_015455,rereading,lab,undergraduate,high,early,west,1
p_015456,retrieval_practice,lab,community,high,late,west,0
p_015457,retrieval_practice,lab,undergraduate,low,late,east,0
p_015458,rereading,remote,undergraduate,high,early,west,0
p_015459,retrieval_practice,remote,community,low,early,east,0
p_015460,retrieval_practice,lab,undergraduate,low,early,west,1
p_015461,retrieval_practice,remote,undergraduate,low,late,west,1
p_015462,retrieval_practice,remote,undergraduate,high,late,east,1
p_015463,rereading,lab,undergraduate,high,late,east,1
p_015464,retrieval_practice,lab,undergraduate,high,early,west,0
p_015465,retrieval_practice,lab,community,high,late,west,0
p_015466,rereading,remote,community,high,early,west,0
p_015467,retrieval_practice,lab,undergraduate,high,early,west,0
p_015468,retrieval_practice,remote,community,high,early,west,0
p_015469,retrieval_practice,lab,undergraduate,low,late,west,0
p_015470,rereading,lab,community,low,early,west,1
p_015471,retrieval_practice,lab,undergraduate,high,early,west,0
p_015472,retrieval_practice,remote,community,low,early,west,1
p_015473,retrieval_practice,remote,undergraduate,low,early,west,0
p_015474,retrieval_practice,lab,community,high,late,west,0
p_015475,retrieval_practice,remote,community,high,late,west,0
p_015476,retrieval_practice,remote,undergraduate,low,early,east,0
p_015477,retrieval_practice,lab,community,high,late,west,1
p_015478,retrieval_practice,lab,undergraduate,high,early,west,1
p_015479,rereading,lab,undergraduate,high,early,west,1
p_015480,retrieval_practice,lab,undergraduate,low,early,west,0
p_015481,retrieval_practice,lab,undergraduate,high,late,west,1
p_015482,retrieval_practice,remote,community,high,early,east,1
p_015483,retrieval_practice,remote,undergraduate,low,late,east,0
p_015484,rereading,remote,undergraduate,high,early,west,1
p_015485,retrieval_practice,lab,undergraduate,low,late,west,0
p_015486,retrieval_practice,lab,undergraduate,low,late,west,1
p_015487,rereading,remote,community,low,early,west,1
p_015488,retrieval_practice,lab,undergraduate,low,early,east,1
p_015489,retrieval_practice,lab,community,low,late,east,0
p_015490,retrieval_practice,remote,community,high,late,west,1
p_015491,rereading,lab,undergraduate,low,early,west,1
p_015492,retrieval_practice,lab,community,low,early,east,0
p_015493,retrieval_practice,lab,community,low,early,east,1
p_015494,rereading,remote,undergraduate,low,late,west,0
p_015495,retrieval_practice,lab,undergraduate,high,late,west,0
p_015496,retrieval_practice,remote,undergraduate,low,late,west,1
p_015497,rereading,remote,undergraduate,low,early,east,0
p_015498,rereading,remote,undergraduate,low,early,west,0
p_015499,retrieval_practice,remote,community,high,early,west,1
p_015500,retrieval_practice,remote,community,high,late,east,1
p_015501,rereading,lab,community,high,early,east,1
p_015502,rereading,lab,undergraduate,high,early,east,1
p_015503,rereading,remote,undergraduate,high,late,east,0
p_015504,retrieval_practice,lab,community,high,late,west,0
p_015505,retrieval_practice,lab,undergraduate,high,late,west,0
p_015506,rereading,lab,undergraduate,high,late,east,0
p_015507,rereading,lab,undergraduate,high,late,east,1
p_015508,retrieval_practice,lab,community,high,early,west,0
p_015509,rereading,remote,community,high,early,east,0
p_015510,retrieval_practice,lab,undergraduate,low,late,west,1
p_015511,rereading,lab,community,low,early,east,1
p_015512,retrieval_practice,remote,community,low,late,east,0
p_015513,rereading,lab,undergraduate,low,late,east,0
p_015514,retrieval_practice,remote,community,high,late,east,1
p_015515,retrieval_practice,remote,community,high,early,west,0
p_015516,retrieval_practice,lab,community,high,early,west,1
p_015517,retrieval_practice,remote,community,high,early,west,0
p_015518,retrieval_practice,lab,undergraduate,high,early,east,0
p_015519,rereading,lab,undergraduate,low,late,east,0
p_015520,rereading,lab,undergraduate,low,early,east,0
p_015521,retrieval_practice,remote,community,low,early,east,0
p_015522,retrieval_practice,remote,undergraduate,high,early,west,1
p_015523,rereading,lab,community,low,late,west,0
p_015524,rereading,lab,community,low,early,west,0
p_015525,retrieval_practice,lab,undergraduate,low,early,east,1
p_015526,rereading,lab,undergraduate,low,late,west,0
p_015527,rereading,remote,undergraduate,low,late,west,0
p_015528,retrieval_practice,remote,undergraduate,low,early,west,0
p_015529,rereading,remote,undergraduate,low,late,west,1
p_015530,retrieval_practice,remote,undergraduate,low,early,east,1
p_015531,rereading,remote,undergraduate,high,early,west,1
p_015532,rereading,remote,undergraduate,high,early,east,1
p_015533,rereading,remote,community,high,late,west,1
p_015534,retrieval_practice,lab,community,high,late,east,1
p_015535,rereading,lab,community,high,late,west,1
p_015536,retrieval_practice,remote,undergraduate,high,late,east,1
p_015537,rereading,lab,undergraduate,low,early,east,1
p_015538,rereading,lab,undergraduate,low,late,west,0
p_015539,rereading,lab,community,high,early,east,1
p_015540,retrieval_practice,remote,undergraduate,high,early,west,0
p_015541,rereading,remote,community,high,late,east,1
p_015542,retrieval_practice,lab,community,low,late,west,0
p_015543,rereading,lab,community,low,early,east,1
p_015544,retrieval_practice,lab,community,low,early,east,1
p_015545,retrieval_practice,remote,community,high,late,east,0
p_015546,rereading,remote,undergraduate,high,late,east,0
p_015547,rereading,remote,undergraduate,high,early,east,0
p_015548,rereading,lab,undergraduate,low,early,east,0
p_015549,rereading,lab,undergraduate,high,early,east,0
p_015550,retrieval_practice,lab,undergraduate,high,early,west,1
p_015551,retrieval_practice,remote,undergraduate,high,late,east,1
p_015552,retrieval_practice,lab,community,low,late,west,1
p_015553,retrieval_practice,lab,community,low,early,west,0
p_015554,rereading,lab,undergraduate,low,late,east,1
p_015555,rereading,lab,community,high,late,east,0
p_015556,retrieval_practice,lab,community,high,early,east,1
p_015557,retrieval_practice,remote,undergraduate,low,late,east,1
p_015558,rereading,remote,undergraduate,low,late,west,0
p_015559,rereading,remote,undergraduate,low,early,west,0
p_015560,retrieval_practice,lab,community,high,early,west,1
p_015561,retrieval_practice,lab,community,high,late,west,0
p_015562,retrieval_practice,lab,undergraduate,low,late,east,1
p_015563,retrieval_practice,remote,undergraduate,low,late,west,0
p_015564,retrieval_practice,remote,undergraduate,high,early,east,1
p_015565,retrieval_practice,remote,community,high,early,east,0
p_015566,rereading,lab,undergraduate,high,early,east,0
p_015567,rereading,remote,undergraduate,high,early,west,0
p_015568,retrieval_practice,lab,community,high,late,west,1
p_015569,retrieval_practice,lab,community,high,early,east,1
p_015570,rereading,lab,undergraduate,low,early,east,0
p_015571,retrieval_practice,remote,community,low,late,east,0
p_015572,rereading,lab,community,high,early,east,0
p_015573,rereading,remote,undergraduate,high,late,east,0
p_015574,retrieval_practice,remote,undergraduate,low,early,east,1
p_015575,retrieval_practice,remote,undergraduate,low,early,west,0
p_015576,retrieval_practice,lab,undergraduate,low,early,east,0
p_015577,retrieval_practice,lab,community,high,early,east,1
p_015578,rereading,remote,community,low,early,east,0
p_015579,rereading,remote,undergraduate,low,late,west,1
p_015580,retrieval_practice,lab,community,high,late,west,0
p_015581,retrieval_practice,lab,undergraduate,low,late,west,1
p_015582,retrieval_practice,lab,community,high,late,west,1
p_015583,rereading,remote,undergraduate,low,late,west,0
p_015584,rereading,lab,community,high,late,east,1
p_015585,retrieval_practice,remote,undergraduate,low,late,east,1
p_015586,retrieval_practice,remote,undergraduate,high,early,west,0
p_015587,rereading,remote,undergraduate,high,early,west,1
p_015588,retrieval_practice,lab,undergraduate,high,late,west,1
p_015589,retrieval_practice,lab,community,low,early,east,1
p_015590,rereading,remote,undergraduate,low,late,east,0
p_015591,retrieval_practice,lab,undergraduate,low,early,east,0
p_015592,rereading,remote,undergraduate,high,early,east,1
p_015593,retrieval_practice,lab,community,low,late,west,1
p_015594,rereading,remote,undergraduate,high,late,west,0
p_015595,retrieval_practice,remote,undergraduate,low,late,east,1
p_015596,retrieval_practice,remote,undergraduate,high,early,east,0
p_015597,rereading,remote,undergraduate,low,early,east,1
p_015598,rereading,lab,undergraduate,high,early,west,1
p_015599,rereading,lab,undergraduate,high,early,east,0
p_015600,retrieval_practice,remote,undergraduate,low,late,east,0
p_015601,retrieval_practice,remote,undergraduate,high,early,west,0
p_015602,retrieval_practice,remote,undergraduate,low,early,east,1
p_015603,rereading,lab,undergraduate,low,late,west,1
p_015604,retrieval_practice,lab,undergraduate,high,early,east,0
p_015605,retrieval_practice,remote,community,low,late,west,1
p_015606,rereading,lab,undergraduate,high,late,east,0
p_015607,retrieval_practice,lab,community,high,late,east,1
p_015608,retrieval_practice,lab,undergraduate,high,early,east,1
p_015609,rereading,remote,undergraduate,low,early,east,0
p_015610,retrieval_practice,lab,community,high,late,west,0
p_015611,rereading,lab,community,high,early,west,1
p_015612,retrieval_practice,remote,community,low,early,east,1
p_015613,rereading,lab,community,high,early,east,1
p_015614,retrieval_practice,remote,undergraduate,high,early,west,1
p_015615,rereading,lab,undergraduate,high,late,west,0
p_015616,rereading,lab,undergraduate,low,early,east,0
p_015617,rereading,lab,undergraduate,high,late,west,1
p_015618,rereading,lab,undergraduate,low,early,west,0
p_015619,retrieval_practice,lab,community,low,early,west,1
p_015620,rereading,remote,undergraduate,high,late,east,1
p_015621,rereading,lab,community,high,late,east,0
p_015622,retrieval_practice,lab,community,low,early,east,0
p_015623,retrieval_practice,lab,undergraduate,low,late,west,0
p_015624,rereading,lab,undergraduate,low,early,west,1
p_015625,rereading,lab,community,low,early,west,1
p_015626,rereading,remote,undergraduate,high,late,west,0
p_015627,retrieval_practice,remote,community,low,late,west,1
p_015628,retrieval_practice,lab,undergraduate,low,early,east,1
p_015629,retrieval_practice,lab,community,low,late,east,1
p_015630,rereading,remote,undergraduate,high,early,east,1
p_015631,rereading,lab,community,low,early,east,1
p_015632,rereading,lab,undergraduate,high,early,east,0
p_015633,rereading,remote,undergraduate,high,early,east,1
p_015634,retrieval_practice,remote,community,high,early,east,0
p_015635,retrieval_practice,remote,undergraduate,high,early,west,1
p_015636,retrieval_practice,lab,undergraduate,low,late,west,0
p_015637,retrieval_practice,remote,undergraduate,high,early,east,0
p_015638,retrieval_practice,remote,community,high,early,east,1
p_015639,rereading,remote,community,low,early,east,0
p_015640,rereading,lab,undergraduate,high,early,west,1
p_015641,rereading,remote,undergraduate,high,late,west,0
p_015642,rereading,lab,undergraduate,high,early,west,1
p_015643,retrieval_practice,lab,community,high,early,west,0
p_015644,rereading,lab,undergraduate,low,early,east,0
p_015645,rereading,lab,undergraduate,low,late,west,1
p_015646,retrieval_practice,lab,undergraduate,low,early,east,0
p_015647,retrieval_practice,lab,undergraduate,low,late,east,0
p_015648,retrieval_practice,lab,community,high,late,east,1
p_015649,rereading,remote,undergraduate,low,early,east,0
p_015650,retrieval_practice,remote,community,high,late,east,1
p_015651,retrieval_practice,remote,undergraduate,high,early,east,0
p_015652,rereading,lab,community,high,early,east,0
p_015653,rereading,remote,undergraduate,high,late,west,0
p_015654,retrieval_practice,lab,undergraduate,high,early,west,1
p_015655,rereading,remote,undergraduate,low,late,west,0
p_015656,retrieval_practice,lab,undergraduate,low,late,west,1
p_015657,rereading,lab,undergraduate,low,late,west,1
p_015658,retrieval_practice,lab,community,high,early,east,0
p_015659,retrieval_practice,lab,community,high,late,east,1
p_015660,rereading,lab,community,low,late,west,0
p_015661,rereading,remote,community,low,late,east,0
p_015662,retrieval_practice,lab,community,high,late,west,0
p_015663,retrieval_practice,lab,community,low,late,west,0
p_015664,rereading,lab,community,low,early,east,0
p_015665,rereading,lab,undergraduate,high,late,east,0
p_015666,rereading,lab,undergraduate,high,early,east,0
p_015667,rereading,lab,community,low,late,east,1
p_015668,retrieval_practice,remote,community,high,late,east,1
p_015669,rereading,lab,community,low,early,east,1
p_015670,rereading,remote,undergraduate,high,early,east,0
p_015671,rereading,lab,undergraduate,high,early,west,1
p_015672,rereading,remote,community,high,late,east,0
p_015673,retrieval_practice,lab,community,high,early,east,0
p_015674,rereading,lab,undergraduate,high,late,west,0
p_015675,retrieval_practice,remote,community,low,early,west,1
p_015676,rereading,remote,undergraduate,high,early,east,1
p_015677,retrieval_practice,remote,undergraduate,low,early,east,0
p_015678,retrieval_practice,lab,community,high,early,west,0
p_015679,rereading,remote,undergraduate,low,early,west,0
p_015680,rereading,remote,community,high,early,east,1
p_015681,retrieval_practice,remote,undergraduate,high,early,east,0
p_015682,retrieval_practice,lab,community,high,early,east,0
p_015683,retrieval_practice,lab,undergraduate,low,early,east,1
p_015684,rereading,lab,undergraduate,low,early,west,1
p_015685,retrieval_practice,lab,community,low,late,east,0
p_015686,rereading,lab,undergraduate,high,late,west,1
p_015687,retrieval_practice,lab,community,low,late,west,1
p_015688,retrieval_practice,lab,undergraduate,low,late,west,1
p_015689,rereading,remote,community,low,early,west,1
p_015690,retrieval_practice,lab,undergraduate,low,early,east,0
p_015691,rereading,remote,undergraduate,low,early,east,1
p_015692,rereading,lab,community,low,early,east,1
p_015693,rereading,lab,undergraduate,low,early,east,0
p_015694,rereading,lab,undergraduate,low,late,east,0
p_015695,retrieval_practice,lab,community,low,early,east,0
p_015696,rereading,lab,community,low,early,east,1
p_015697,rereading,remote,community,low,early,west,0
p_015698,rereading,remote,undergraduate,high,late,east,0
p_015699,rereading,lab,community,low,early,west,1
p_015700,retrieval_practice,lab,community,high,late,west,1
p_015701,retrieval_practice,lab,community,high,early,east,0
p_015702,rereading,lab,undergraduate,high,late,east,1
p_015703,rereading,lab,community,high,late,west,1
p_015704,retrieval_practice,lab,community,low,late,west,0
p_015705,retrieval_practice,lab,undergraduate,high,late,west,1
p_015706,rereading,lab,undergraduate,low,early,west,1
p_015707,retrieval_practice,lab,undergraduate,low,late,west,0
p_015708,retrieval_practice,lab,community,high,early,west,0
p_015709,retrieval_practice,remote,undergraduate,low,late,west,0
p_015710,retrieval_practice,lab,community,low,late,east,0
p_015711,rereading,remote,community,low,early,east,1
p_015712,rereading,remote,undergraduate,high,late,west,1
p_015713,rereading,remote,undergraduate,high,late,west,1
p_015714,rereading,remote,undergraduate,high,early,west,1
p_015715,rereading,lab,undergraduate,low,late,east,1
p_015716,retrieval_practice,lab,undergraduate,low,early,west,0
p_015717,rereading,remote,undergraduate,low,late,east,0
p_015718,retrieval_practice,lab,undergraduate,high,early,west,1
p_015719,rereading,remote,undergraduate,high,late,east,0
p_015720,retrieval_practice,lab,community,high,late,east,0
p_015721,retrieval_practice,lab,community,high,early,east,1
p_015722,rereading,remote,undergraduate,high,late,east,0
p_015723,retrieval_practice,remote,undergraduate,low,early,west,0
p_015724,rereading,lab,community,high,early,west,1
p_015725,rereading,remote,undergraduate,low,early,west,1
p_015726,rereading,remote,community,low,early,east,0
p_015727,retrieval_practice,remote,undergraduate,low,early,east,0
p_015728,retrieval_practice,remote,undergraduate,low,late,east,0
p_015729,rereading,lab,community,low,late,west,1
p_015730,retrieval_practice,remote,community,low,late,east,1
p_015731,retrieval_practice,lab,undergraduate,high,late,east,0
p_015732,rereading,lab,undergraduate,high,late,east,1
p_015733,retrieval_practice,lab,undergraduate,high,late,east,1
p_015734,retrieval_practice,remote,undergraduate,high,early,east,0
p_015735,rereading,lab,community,high,early,west,1
p_015736,rereading,lab,community,high,early,west,1
p_015737,retrieval_practice,lab,undergraduate,high,late,west,0
p_015738,retrieval_practice,lab,undergraduate,low,late,east,1
p_015739,rereading,remote,undergraduate,low,late,west,0
p_015740,retrieval_practice,lab,community,low,early,east,0
p_015741,retrieval_practice,lab,undergraduate,low,late,east,1
p_015742,rereading,lab,community,high,early,west,1
p_015743,rereading,lab,undergraduate,low,late,west,1
p_015744,retrieval_practice,lab,community,low,late,east,0
p_015745,retrieval_practice,lab,undergraduate,low,early,west,1
p_015746,retrieval_practice,lab,undergraduate,high,late,east,0
p_015747,rereading,lab,undergraduate,high,early,east,0
p_015748,rereading,lab,undergraduate,high,late,west,0
p_015749,rereading,lab,undergraduate,high,early,west,1
p_015750,retrieval_practice,remote,undergraduate,low,late,east,0
p_015751,retrieval_practice,remote,community,high,late,east,0
p_015752,retrieval_practice,lab,community,high,early,east,1
p_015753,retrieval_practice,lab,undergraduate,low,early,west,0
p_015754,rereading,lab,community,low,early,east,0
p_015755,rereading,lab,undergraduate,high,late,east,1
p_015756,rereading,lab,community,high,early,east,0
p_015757,rereading,lab,undergraduate,high,early,east,0
p_015758,rereading,lab,undergraduate,low,early,east,0
p_015759,retrieval_practice,remote,undergraduate,high,late,east,0
p_015760,rereading,lab,community,high,early,east,1
p_015761,rereading,remote,undergraduate,high,early,east,0
p_015762,rereading,remote,undergraduate,high,early,east,0
p_015763,rereading,lab,undergraduate,low,early,east,1
p_015764,rereading,lab,undergraduate,low,late,east,1
p_015765,rereading,lab,undergraduate,high,late,west,1
p_015766,rereading,lab,undergraduate,high,late,east,1
p_015767,retrieval_practice,lab,undergraduate,low,early,east,1
p_015768,rereading,remote,undergraduate,high,late,east,1
p_015769,rereading,remote,community,low,early,west,0
p_015770,retrieval_practice,remote,community,low,late,west,0
p_015771,rereading,remote,community,high,early,west,1
p_015772,rereading,lab,undergraduate,high,late,east,0
p_015773,retrieval_practice,remote,community,low,early,east,1
p_015774,retrieval_practice,lab,undergraduate,low,late,west,0
p_015775,retrieval_practice,lab,community,high,early,east,1
p_015776,retrieval_practice,remote,community,high,late,east,1
p_015777,rereading,lab,undergraduate,low,late,west,1
p_015778,rereading,lab,undergraduate,low,early,west,0
p_015779,rereading,lab,community,high,early,west,0
p_015780,retrieval_practice,lab,community,low,early,west,0
p_015781,retrieval_practice,remote,community,low,late,east,0
p_015782,rereading,remote,undergraduate,high,early,east,1
p_015783,retrieval_practice,lab,undergraduate,low,early,east,0
p_015784,retrieval_practice,lab,undergraduate,high,late,west,1
p_015785,rereading,remote,community,low,early,west,0
p_015786,rereading,remote,undergraduate,low,early,east,0
p_015787,rereading,remote,undergraduate,high,early,east,0
p_015788,retrieval_practice,remote,undergraduate,low,late,east,1
p_015789,rereading,lab,undergraduate,high,early,west,0
p_015790,retrieval_practice,lab,community,high,late,west,0
p_015791,retrieval_practice,lab,community,high,late,west,0
p_015792,rereading,remote,undergraduate,high,early,west,1
p_015793,retrieval_practice,remote,undergraduate,high,early,west,1
p_015794,retrieval_practice,remote,undergraduate,low,late,east,1
p_015795,retrieval_practice,lab,undergraduate,high,early,east,0
p_015796,retrieval_practice,lab,community,low,late,east,1
p_015797,rereading,remote,undergraduate,high,early,west,1
p_015798,retrieval_practice,remote,undergraduate,low,early,east,0
p_015799,rereading,lab,undergraduate,low,early,west,0
p_015800,retrieval_practice,lab,undergraduate,low,late,east,0
p_015801,retrieval_practice,lab,undergraduate,low,early,east,0
p_015802,rereading,lab,undergraduate,high,early,east,1
p_015803,rereading,lab,community,high,early,west,0
p_015804,rereading,lab,undergraduate,low,late,west,0
p_015805,retrieval_practice,lab,community,high,late,west,1
p_015806,rereading,lab,undergraduate,low,early,west,0
p_015807,retrieval_practice,lab,undergraduate,low,late,east,1
p_015808,retrieval_practice,lab,community,high,late,west,0
p_015809,retrieval_practice,remote,undergraduate,low,early,west,1
p_015810,retrieval_practice,lab,community,high,early,east,1
p_015811,retrieval_practice,lab,community,high,early,east,1
p_015812,rereading,lab,community,high,late,east,1
p_015813,retrieval_practice,remote,undergraduate,high,late,east,0
p_015814,rereading,remote,undergraduate,low,late,east,0
p_015815,retrieval_practice,remote,undergraduate,high,early,east,1
p_015816,rereading,remote,community,high,early,west,0
p_015817,retrieval_practice,lab,undergraduate,high,early,west,0
p_015818,rereading,remote,undergraduate,high,late,east,0
p_015819,retrieval_practice,lab,undergraduate,low,early,west,1
p_015820,rereading,lab,undergraduate,high,late,east,1
p_015821,rereading,lab,undergraduate,low,early,east,0
p_015822,retrieval_practice,remote,undergraduate,high,early,east,1
p_015823,retrieval_practice,remote,undergraduate,high,early,west,0
p_015824,retrieval_practice,remote,undergraduate,high,late,west,1
p_015825,rereading,lab,undergraduate,low,late,east,0
p_015826,rereading,lab,undergraduate,low,late,west,0
p_015827,rereading,lab,community,high,early,west,1
p_015828,retrieval_practice,remote,community,low,early,west,0
p_015829,retrieval_practice,remote,community,high,late,west,0
p_015830,retrieval_practice,lab,undergraduate,high,early,west,0
p_015831,rereading,remote,community,high,early,west,1
p_015832,rereading,lab,community,low,early,east,0
p_015833,rereading,remote,undergraduate,low,early,west,1
p_015834,retrieval_practice,lab,undergraduate,low,late,east,0
p_015835,rereading,lab,undergraduate,low,late,west,0
p_015836,rereading,lab,community,low,early,east,1
p_015837,rereading,remote,undergraduate,low,late,east,1
p_015838,rereading,lab,undergraduate,high,late,east,1
p_015839,rereading,lab,community,low,early,east,1
p_015840,retrieval_practice,remote,undergraduate,high,late,west,0
p_015841,retrieval_practice,lab,undergraduate,low,late,west,0
p_015842,retrieval_practice,remote,undergraduate,high,early,east,1
p_015843,rereading,remote,community,low,early,east,1
p_015844,rereading,remote,undergraduate,low,early,east,1
p_015845,retrieval_practice,lab,community,high,early,east,1
p_015846,retrieval_practice,lab,community,low,late,east,0
p_015847,retrieval_practice,remote,undergraduate,high,early,east,0
p_015848,rereading,remote,undergraduate,low,early,west,0
p_015849,rereading,lab,community,low,late,west,1
p_015850,rereading,lab,undergraduate,low,late,east,0
p_015851,rereading,remote,undergraduate,high,late,east,0
p_015852,retrieval_practice,remote,community,low,late,east,0
p_015853,rereading,lab,undergraduate,low,early,east,0
p_015854,rereading,remote,community,high,late,east,1
p_015855,rereading,lab,undergraduate,high,late,east,1
p_015856,rereading,lab,community,high,late,east,1
p_015857,retrieval_practice,remote,undergraduate,low,late,east,0
p_015858,retrieval_practice,lab,undergraduate,low,early,west,0
p_015859,retrieval_practice,remote,undergraduate,low,early,west,0
p_015860,rereading,lab,community,low,late,west,1
p_015861,rereading,lab,undergraduate,low,late,west,0
p_015862,retrieval_practice,remote,undergraduate,low,late,east,0
p_015863,rereading,remote,undergraduate,high,late,west,1
p_015864,retrieval_practice,remote,community,low,late,east,1
p_015865,rereading,lab,undergraduate,high,late,west,1
p_015866,rereading,lab,undergraduate,high,late,west,0
p_015867,rereading,lab,community,high,early,west,1
p_015868,rereading,lab,community,low,early,east,1
p_015869,retrieval_practice,lab,community,high,early,east,1
p_015870,retrieval_practice,remote,community,low,late,east,0
p_015871,retrieval_practice,remote,community,high,early,west,1
p_015872,rereading,lab,undergraduate,high,early,east,1
p_015873,rereading,lab,undergraduate,high,early,west,1
p_015874,retrieval_practice,remote,community,low,late,west,1
p_015875,retrieval_practice,lab,community,high,late,west,1
p_015876,retrieval_practice,lab,undergraduate,high,late,west,1
p_015877,retrieval_practice,lab,undergraduate,low,late,east,0
p_015878,retrieval_practice,lab,undergraduate,high,late,west,1
p_015879,rereading,lab,community,high,late,west,1
p_015880,retrieval_practice,remote,undergraduate,high,late,east,0
p_015881,retrieval_practice,remote,undergraduate,low,late,west,1
p_015882,retrieval_practice,lab,undergraduate,low,late,east,0
p_015883,rereading,lab,undergraduate,high,early,east,1
p_015884,retrieval_practice,lab,community,low,late,east,0
p_015885,rereading,remote,undergraduate,low,late,east,1
p_015886,rereading,lab,undergraduate,high,late,east,1
p_015887,retrieval_practice,lab,undergraduate,high,late,east,1
p_015888,retrieval_practice,remote,undergraduate,high,late,east,1
p_015889,rereading,lab,community,low,late,west,0
p_015890,retrieval_practice,lab,community,high,early,east,1
p_015891,rereading,lab,undergraduate,low,early,west,1
p_015892,rereading,remote,undergraduate,high,late,west,0
p_015893,retrieval_practice,lab,undergraduate,low,late,west,0
p_015894,retrieval_practice,remote,undergraduate,low,early,east,1
p_015895,retrieval_practice,lab,community,high,late,west,1
p_015896,rereading,remote,undergraduate,high,early,east,0
p_015897,rereading,lab,community,low,early,west,0
p_015898,rereading,lab,undergraduate,low,early,west,0
p_015899,retrieval_practice,remote,community,high,late,west,1
p_015900,retrieval_practice,lab,undergraduate,low,early,west,0
p_015901,retrieval_practice,lab,undergraduate,high,early,west,0
p_015902,retrieval_practice,lab,community,high,late,east,1
p_015903,retrieval_practice,lab,undergraduate,low,early,west,0
p_015904,rereading,remote,undergraduate,low,late,east,1
p_015905,rereading,lab,community,low,early,east,0
p_015906,retrieval_practice,lab,community,low,early,east,1
p_015907,retrieval_practice,lab,undergraduate,low,early,east,0
p_015908,retrieval_practice,remote,undergraduate,high,early,west,0
p_015909,retrieval_practice,lab,community,low,early,west,1
p_015910,rereading,lab,community,high,early,west,1
p_015911,retrieval_practice,remote,community,high,early,west,1
p_015912,rereading,remote,community,high,early,west,1
p_015913,retrieval_practice,lab,undergraduate,low,early,east,1
p_015914,rereading,lab,undergraduate,high,late,west,1
p_015915,rereading,lab,community,low,early,east,0
p_015916,rereading,lab,undergraduate,low,late,west,0
p_015917,rereading,lab,community,low,late,west,1
p_015918,rereading,lab,undergraduate,high,late,west,0
p_015919,retrieval_practice,remote,undergraduate,high,late,west,0
p_015920,rereading,remote,undergraduate,low,late,west,0
p_015921,retrieval_practice,lab,undergraduate,low,early,west,0
p_015922,rereading,lab,undergraduate,low,late,east,0
p_015923,retrieval_practice,remote,community,high,early,west,0
p_015924,retrieval_practice,lab,undergraduate,high,late,east,1
p_015925,rereading,lab,undergraduate,high,early,west,0
p_015926,rereading,lab,community,high,late,east,0
p_015927,rereading,lab,community,low,late,west,1
p_015928,rereading,remote,undergraduate,high,early,east,1
p_015929,retrieval_practice,remote,community,high,early,east,1
p_015930,retrieval_practice,lab,community,high,early,east,0
p_015931,retrieval_practice,lab,undergraduate,low,early,west,0
p_015932,retrieval_practice,remote,undergraduate,low,early,west,1
p_015933,retrieval_practice,lab,community,low,early,east,0
p_015934,retrieval_practice,lab,undergraduate,high,early,west,0
p_015935,retrieval_practice,remote,community,high,early,west,1
p_015936,rereading,remote,undergraduate,low,early,east,0
p_015937,rereading,lab,community,low,early,west,1
p_015938,rereading,lab,community,low,late,east,0
p_015939,retrieval_practice,lab,undergraduate,low,late,west,1
p_015940,rereading,remote,undergraduate,high,late,east,0
p_015941,rereading,remote,community,low,early,east,1
p_015942,rereading,remote,undergraduate,high,late,east,1
p_015943,rereading,remote,community,high,late,east,0
p_015944,rereading,remote,undergraduate,high,early,east,1
p_015945,rereading,lab,community,low,early,east,0
p_015946,rereading,lab,community,high,late,west,0
p_015947,retrieval_practice,remote,undergraduate,low,early,east,1
p_015948,retrieval_practice,remote,community,low,early,east,0
p_015949,rereading,remote,community,low,early,west,0
p_015950,retrieval_practice,lab,undergraduate,low,late,west,1
p_015951,retrieval_practice,lab,undergraduate,low,early,west,1
p_015952,retrieval_practice,remote,undergraduate,low,early,east,0
p_015953,rereading,lab,undergraduate,low,early,west,1
p_015954,rereading,lab,undergraduate,low,early,east,0
p_015955,retrieval_practice,lab,community,high,late,west,1
p_015956,rereading,lab,community,low,early,east,0
p_015957,rereading,lab,undergraduate,high,early,west,1
p_015958,retrieval_practice,lab,community,high,late,west,1
p_015959,retrieval_practice,remote,undergraduate,low,late,west,0
p_015960,retrieval_practice,lab,undergraduate,high,early,east,1
p_015961,retrieval_practice,lab,undergraduate,low,late,east,0
p_015962,retrieval_practice,remote,undergraduate,low,early,west,1
p_015963,rereading,lab,community,low,late,east,0
p_015964,retrieval_practice,remote,community,high,late,west,0
p_015965,rereading,lab,community,high,early,west,1
p_015966,retrieval_practice,lab,undergraduate,low,late,east,0
p_015967,retrieval_practice,remote,undergraduate,low,late,west,1
p_015968,rereading,lab,community,high,early,east,0
p_015969,rereading,lab,undergraduate,high,early,west,0
p_015970,rereading,remote,community,low,early,west,0
p_015971,retrieval_practice,remote,community,low,late,west,0
p_015972,rereading,remote,undergraduate,high,early,east,0
p_015973,rereading,lab,undergraduate,low,early,east,0
p_015974,retrieval_practice,lab,community,high,late,east,1
p_015975,rereading,remote,undergraduate,low,late,east,0
p_015976,retrieval_practice,lab,undergraduate,low,late,east,0
p_015977,retrieval_practice,lab,undergraduate,high,late,west,0
p_015978,rereading,remote,undergraduate,low,early,east,1
p_015979,retrieval_practice,lab,community,low,early,east,1
p_015980,retrieval_practice,lab,community,high,early,west,1
p_015981,retrieval_practice,lab,community,high,late,east,1
p_015982,retrieval_practice,lab,undergraduate,low,late,east,0
p_015983,rereading,remote,undergraduate,low,late,west,1
p_015984,retrieval_practice,remote,undergraduate,low,early,west,0
p_015985,rereading,lab,undergraduate,high,early,west,1
p_015986,rereading,lab,community,high,late,east,1
p_015987,retrieval_practice,lab,community,low,late,west,0
p_015988,rereading,lab,community,low,early,west,1
p_015989,rereading,remote,community,low,early,west,0
p_015990,retrieval_practice,lab,undergraduate,high,early,west,0
p_015991,retrieval_practice,lab,community,high,late,west,1
p_015992,rereading,remote,community,low,early,west,0
p_015993,rereading,lab,community,low,early,east,0
p_015994,rereading,lab,undergraduate,low,late,west,0
p_015995,rereading,remote,undergraduate,low,early,east,0
p_015996,retrieval_practice,lab,undergraduate,low,late,east,1
p_015997,rereading,lab,undergraduate,high,early,east,1
p_015998,rereading,lab,community,high,late,east,1
p_015999,retrieval_practice,remote,undergraduate,low,late,west,1
p_016000,rereading,lab,community,high,early,east,1
p_016001,retrieval_practice,remote,undergraduate,high,early,east,0
p_016002,rereading,lab,community,high,late,east,1
p_016003,retrieval_practice,remote,undergraduate,low,early,west,1
p_016004,rereading,lab,undergraduate,low,late,east,1
p_016005,retrieval_practice,lab,undergraduate,high,late,east,0
p_016006,retrieval_practice,lab,undergraduate,high,early,east,1
p_016007,retrieval_practice,lab,community,low,early,east,1
p_016008,rereading,lab,undergraduate,low,late,west,1
p_016009,retrieval_practice,lab,community,high,early,east,1
p_016010,retrieval_practice,remote,undergraduate,high,early,east,1
p_016011,retrieval_practice,lab,community,high,late,east,1
p_016012,rereading,lab,undergraduate,high,late,east,1
p_016013,retrieval_practice,lab,community,low,early,east,0
p_016014,rereading,remote,community,high,early,east,0
p_016015,retrieval_practice,lab,community,high,early,west,1
p_016016,rereading,remote,undergraduate,low,early,east,0
p_016017,rereading,remote,community,high,late,west,1
p_016018,retrieval_practice,remote,undergraduate,low,late,east,1
p_016019,retrieval_practice,lab,community,high,late,west,0
p_016020,rereading,remote,community,low,early,west,1
p_016021,rereading,remote,undergraduate,low,late,east,1
p_016022,rereading,lab,undergraduate,high,late,west,0
p_016023,retrieval_practice,remote,undergraduate,low,early,east,0
p_016024,rereading,remote,undergraduate,high,early,east,1
p_016025,retrieval_practice,lab,community,high,late,east,1
p_016026,retrieval_practice,remote,undergraduate,low,early,west,0
p_016027,retrieval_practice,lab,community,low,late,east,1
p_016028,rereading,remote,undergraduate,high,early,east,0
p_016029,retrieval_practice,lab,undergraduate,high,early,west,1
p_016030,retrieval_practice,remote,undergraduate,low,early,east,1
p_016031,retrieval_practice,lab,undergraduate,high,early,east,0
p_016032,retrieval_practice,remote,community,high,early,west,0
p_016033,rereading,lab,community,high,early,west,1
p_016034,rereading,remote,undergraduate,low,early,east,0
p_016035,rereading,lab,community,low,early,east,0
p_016036,retrieval_practice,remote,community,high,late,east,1
p_016037,retrieval_practice,remote,undergraduate,low,late,west,1
p_016038,rereading,remote,undergraduate,low,early,west,1
p_016039,retrieval_practice,lab,community,low,early,east,1
p_016040,retrieval_practice,lab,undergraduate,low,late,east,0
p_016041,retrieval_practice,lab,community,low,late,west,0
p_016042,retrieval_practice,lab,undergraduate,high,late,east,1
p_016043,retrieval_practice,lab,community,high,early,west,0
p_016044,retrieval_practice,remote,undergraduate,high,late,east,0
p_016045,rereading,lab,undergraduate,high,early,west,1
p_016046,retrieval_practice,lab,undergraduate,high,early,east,0
p_016047,rereading,remote,undergraduate,high,early,east,0
p_016048,retrieval_practice,remote,community,high,early,west,0
p_016049,rereading,remote,community,high,late,east,1
p_016050,rereading,lab,community,high,early,east,0
p_016051,rereading,lab,community,high,late,east,1
p_016052,rereading,lab,undergraduate,low,late,west,1
p_016053,rereading,remote,undergraduate,low,late,east,1
p_016054,retrieval_practice,lab,community,high,late,east,0
p_016055,rereading,lab,undergraduate,low,early,east,1
p_016056,rereading,lab,undergraduate,high,late,west,1
p_016057,retrieval_practice,remote,undergraduate,low,early,east,0
p_016058,rereading,remote,undergraduate,low,late,west,0
p_016059,rereading,remote,community,low,late,west,1
p_016060,rereading,lab,undergraduate,low,late,west,1
p_016061,rereading,remote,undergraduate,low,late,west,1
p_016062,rereading,lab,undergraduate,low,late,west,0
p_016063,rereading,remote,community,high,early,east,0
p_016064,rereading,lab,undergraduate,low,late,west,1
p_016065,rereading,lab,community,high,late,west,1
p_016066,rereading,lab,undergraduate,high,late,west,1
p_016067,retrieval_practice,lab,community,high,early,east,1
p_016068,retrieval_practice,lab,community,low,early,east,0
p_016069,rereading,lab,community,high,early,east,1
p_016070,retrieval_practice,remote,community,high,late,east,1
p_016071,retrieval_practice,lab,undergraduate,low,early,west,1
p_016072,retrieval_practice,lab,undergraduate,high,early,east,0
p_016073,retrieval_practice,lab,community,low,late,west,0
p_016074,rereading,lab,undergraduate,high,early,east,1
p_016075,retrieval_practice,remote,undergraduate,high,late,east,1
p_016076,retrieval_practice,lab,undergraduate,high,late,east,0
p_016077,rereading,lab,community,low,late,west,0
p_016078,rereading,lab,community,low,late,east,0
p_016079,rereading,lab,undergraduate,low,late,east,1
p_016080,rereading,remote,undergraduate,high,late,east,0
p_016081,retrieval_practice,remote,undergraduate,low,late,west,0
p_016082,rereading,lab,undergraduate,low,early,east,1
p_016083,rereading,lab,community,low,late,east,0
p_016084,retrieval_practice,remote,community,low,late,east,0
p_016085,retrieval_practice,lab,undergraduate,low,early,west,1
p_016086,retrieval_practice,lab,undergraduate,low,late,west,0
p_016087,retrieval_practice,remote,undergraduate,low,late,east,0
p_016088,rereading,lab,undergraduate,low,late,east,0
p_016089,rereading,lab,community,high,late,east,0
p_016090,retrieval_practice,remote,community,high,early,west,0
p_016091,retrieval_practice,lab,undergraduate,high,early,east,1
p_016092,rereading,remote,undergraduate,low,late,west,1
p_016093,retrieval_practice,lab,undergraduate,low,late,west,1
p_016094,rereading,lab,undergraduate,low,late,west,0
p_016095,rereading,remote,undergraduate,high,early,east,0
p_016096,retrieval_practice,remote,community,high,early,east,0
p_016097,rereading,lab,undergraduate,high,late,east,0
p_016098,rereading,remote,undergraduate,low,early,east,0
p_016099,retrieval_practice,remote,undergraduate,low,late,east,0
p_016100,retrieval_practice,remote,undergraduate,low,early,west,1
p_016101,retrieval_practice,lab,undergraduate,high,early,east,1
p_016102,rereading,lab,community,low,late,west,1
p_016103,retrieval_practice,lab,community,low,late,west,0
p_016104,rereading,remote,community,high,early,west,1
p_016105,rereading,remote,undergraduate,high,early,west,0
p_016106,retrieval_practice,remote,undergraduate,high,early,east,1
p_016107,rereading,lab,undergraduate,low,late,west,1
p_016108,retrieval_practice,lab,undergraduate,high,late,east,1
p_016109,rereading,lab,undergraduate,high,late,west,0
p_016110,rereading,lab,community,low,late,west,1
p_016111,retrieval_practice,remote,community,high,late,east,0
p_016112,retrieval_practice,remote,undergraduate,high,late,west,0
p_016113,retrieval_practice,lab,undergraduate,low,late,west,1
p_016114,retrieval_practice,remote,undergraduate,low,early,east,1
p_016115,rereading,remote,undergraduate,high,early,east,1
p_016116,retrieval_practice,lab,undergraduate,low,late,east,0
p_016117,rereading,lab,undergraduate,high,early,east,1
p_016118,retrieval_practice,lab,undergraduate,high,late,east,0
p_016119,rereading,remote,undergraduate,low,late,east,1
p_016120,retrieval_practice,lab,undergraduate,low,late,west,0
p_016121,retrieval_practice,lab,undergraduate,low,late,east,0
p_016122,rereading,remote,undergraduate,high,early,east,0
p_016123,retrieval_practice,lab,undergraduate,low,early,east,0
p_016124,retrieval_practice,lab,community,high,late,east,1
p_016125,rereading,lab,undergraduate,low,late,east,1
p_016126,retrieval_practice,lab,undergraduate,high,late,east,0
p_016127,rereading,lab,undergraduate,high,late,west,0
p_016128,retrieval_practice,lab,community,low,late,west,0
p_016129,retrieval_practice,remote,community,low,early,east,0
p_016130,retrieval_practice,remote,community,low,late,east,1
p_016131,rereading,remote,undergraduate,high,early,east,1
p_016132,rereading,remote,community,low,early,west,1
p_016133,retrieval_practice,remote,undergraduate,low,early,west,0
p_016134,rereading,remote,undergraduate,low,early,west,0
p_016135,retrieval_practice,lab,undergraduate,low,early,west,0
p_016136,retrieval_practice,remote,community,high,early,west,0
p_016137,rereading,remote,undergraduate,high,early,west,0
p_016138,rereading,lab,undergraduate,high,late,east,0
p_016139,retrieval_practice,remote,undergraduate,low,early,east,1
p_016140,rereading,lab,community,low,early,west,0
p_016141,rereading,lab,community,high,early,west,1
p_016142,retrieval_practice,lab,undergraduate,high,late,west,0
p_016143,rereading,lab,undergraduate,low,late,west,1
p_016144,rereading,remote,community,high,early,east,0
p_016145,rereading,lab,undergraduate,low,early,west,1
p_016146,retrieval_practice,lab,community,low,late,west,0
p_016147,retrieval_practice,lab,community,low,late,west,1
p_016148,retrieval_practice,remote,community,high,late,east,0
p_016149,rereading,lab,community,low,early,west,1
p_016150,retrieval_practice,lab,community,low,late,east,1
p_016151,retrieval_practice,remote,community,high,late,west,0
p_016152,rereading,remote,undergraduate,high,early,east,1
p_016153,rereading,lab,undergraduate,high,late,east,1
p_016154,rereading,lab,undergraduate,high,early,west,0
p_016155,retrieval_practice,lab,undergraduate,low,late,east,0
p_016156,rereading,remote,undergraduate,low,early,east,0
p_016157,rereading,remote,undergraduate,high,late,east,1
p_016158,rereading,lab,undergraduate,low,early,east,0
p_016159,retrieval_practice,remote,undergraduate,high,early,east,1
p_016160,rereading,remote,undergraduate,high,early,east,1
p_016161,rereading,remote,undergraduate,high,late,east,0
p_016162,retrieval_practice,lab,undergraduate,high,early,east,1
p_016163,retrieval_practice,remote,undergraduate,low,early,east,0
p_016164,rereading,lab,undergraduate,low,early,west,1
p_016165,rereading,lab,community,high,early,east,1
p_016166,retrieval_practice,remote,undergraduate,low,early,west,1
p_016167,retrieval_practice,lab,undergraduate,high,late,west,1
p_016168,retrieval_practice,lab,undergraduate,high,late,east,0
p_016169,retrieval_practice,remote,undergraduate,high,early,east,0
p_016170,retrieval_practice,lab,community,high,early,east,1
p_016171,retrieval_practice,lab,undergraduate,high,late,west,0
p_016172,retrieval_practice,lab,community,high,late,east,1
p_016173,retrieval_practice,remote,undergraduate,low,late,east,0
p_016174,rereading,lab,undergraduate,low,early,west,1
p_016175,rereading,remote,community,low,early,west,1
p_016176,rereading,remote,community,low,early,east,1
p_016177,rereading,lab,undergraduate,low,early,west,0
p_016178,retrieval_practice,remote,undergraduate,low,early,east,1
p_016179,retrieval_practice,remote,undergraduate,high,late,west,1
p_016180,rereading,lab,undergraduate,low,late,east,1
p_016181,rereading,remote,community,low,early,east,1
p_016182,retrieval_practice,remote,undergraduate,high,early,east,1
p_016183,rereading,lab,undergraduate,low,early,east,1
p_016184,rereading,lab,undergraduate,high,late,west,0
p_016185,rereading,lab,community,low,late,west,0
p_016186,rereading,remote,community,low,late,west,0
p_016187,rereading,remote,undergraduate,low,late,west,0
p_016188,rereading,lab,community,low,early,east,0
p_016189,rereading,lab,undergraduate,low,late,west,1
p_016190,retrieval_practice,remote,community,high,late,west,0
p_016191,retrieval_practice,lab,undergraduate,high,late,west,0
p_016192,rereading,lab,community,low,early,west,0
p_016193,retrieval_practice,remote,undergraduate,high,late,east,0
p_016194,retrieval_practice,remote,undergraduate,high,early,west,1
p_016195,rereading,lab,community,high,late,west,1
p_016196,rereading,lab,undergraduate,low,early,east,1
p_016197,rereading,remote,community,high,late,east,1
p_016198,retrieval_practice,lab,community,low,early,west,1
p_016199,retrieval_practice,remote,undergraduate,high,late,east,1
p_016200,rereading,lab,community,high,late,east,1
p_016201,retrieval_practice,remote,undergraduate,low,late,west,0
p_016202,retrieval_practice,lab,undergraduate,high,early,east,0
p_016203,retrieval_practice,lab,undergraduate,low,early,east,1
p_016204,rereading,lab,undergraduate,low,early,east,1
p_016205,retrieval_practice,lab,community,low,early,west,1
p_016206,retrieval_practice,remote,undergraduate,low,late,west,0
p_016207,retrieval_practice,remote,undergraduate,high,late,east,0
p_016208,retrieval_practice,remote,community,low,late,east,1
p_016209,retrieval_practice,lab,undergraduate,low,late,east,1
p_016210,rereading,remote,undergraduate,high,late,east,0
p_016211,rereading,lab,undergraduate,low,early,east,0
p_016212,retrieval_practice,remote,undergraduate,high,late,east,0
p_016213,retrieval_practice,lab,undergraduate,low,late,east,1
p_016214,retrieval_practice,lab,undergraduate,high,early,east,0
p_016215,retrieval_practice,lab,undergraduate,low,late,east,1
p_016216,retrieval_practice,lab,undergraduate,high,early,east,1
p_016217,retrieval_practice,lab,undergraduate,high,late,east,1
p_016218,rereading,remote,undergraduate,low,late,west,0
p_016219,retrieval_practice,lab,undergraduate,low,early,west,1
p_016220,rereading,remote,undergraduate,high,early,east,1
p_016221,rereading,remote,community,high,late,west,1
p_016222,rereading,remote,undergraduate,low,early,west,0
p_016223,rereading,lab,undergraduate,high,late,west,0
p_016224,retrieval_practice,lab,community,high,late,east,0
p_016225,rereading,lab,undergraduate,low,late,west,0
p_016226,rereading,remote,undergraduate,high,early,west,1
p_016227,retrieval_practice,lab,undergraduate,high,early,east,1
p_016228,rereading,lab,community,low,late,west,0
p_016229,rereading,lab,community,high,late,west,0
p_016230,retrieval_practice,lab,community,high,late,west,1
p_016231,retrieval_practice,lab,community,low,late,west,1
p_016232,retrieval_practice,lab,undergraduate,low,early,east,0
p_016233,rereading,lab,undergraduate,low,late,east,1
p_016234,rereading,remote,undergraduate,low,early,east,1
p_016235,rereading,lab,undergraduate,high,late,west,0
p_016236,rereading,lab,community,high,early,east,0
p_016237,retrieval_practice,remote,undergraduate,high,early,west,1
p_016238,retrieval_practice,lab,community,high,early,west,0
p_016239,retrieval_practice,lab,community,high,early,east,1
p_016240,retrieval_practice,remote,community,low,late,east,0
p_016241,retrieval_practice,lab,community,high,early,west,1
p_016242,rereading,lab,undergraduate,high,early,west,1
p_016243,retrieval_practice,lab,undergraduate,low,early,west,1
p_016244,retrieval_practice,remote,undergraduate,low,late,east,0
p_016245,rereading,remote,undergraduate,high,early,west,0
p_016246,retrieval_practice,remote,undergraduate,low,late,east,0
p_016247,rereading,lab,undergraduate,high,late,east,0
p_016248,retrieval_practice,remote,undergraduate,low,early,east,0
p_016249,rereading,remote,undergraduate,low,early,east,0
p_016250,rereading,remote,undergraduate,low,early,east,1
p_016251,rereading,remote,undergraduate,high,late,west,0
p_016252,retrieval_practice,lab,undergraduate,high,late,west,0
p_016253,rereading,remote,community,high,late,west,0
p_016254,retrieval_practice,lab,community,low,early,west,0
p_016255,rereading,remote,undergraduate,high,early,east,0
p_016256,retrieval_practice,lab,community,low,early,west,0
p_016257,rereading,remote,undergraduate,high,early,west,1
p_016258,retrieval_practice,remote,undergraduate,high,late,east,1
p_016259,retrieval_practice,lab,community,high,early,east,0
p_016260,retrieval_practice,lab,undergraduate,high,late,east,1
p_016261,retrieval_practice,lab,community,low,early,east,0
p_016262,retrieval_practice,remote,undergraduate,high,late,west,0
p_016263,rereading,remote,undergraduate,low,early,west,0
p_016264,retrieval_practice,lab,community,low,early,east,1
p_016265,retrieval_practice,lab,undergraduate,high,late,west,0
p_016266,retrieval_practice,remote,community,low,early,east,1
p_016267,retrieval_practice,remote,undergraduate,high,late,east,0
p_016268,rereading,lab,community,high,early,west,1
p_016269,retrieval_practice,remote,community,low,late,east,0
p_016270,retrieval_practice,remote,community,high,late,west,0
p_016271,rereading,lab,community,high,early,west,0
p_016272,retrieval_practice,remote,undergraduate,low,late,east,1
p_016273,rereading,remote,community,high,late,west,0
p_016274,retrieval_practice,remote,community,high,early,west,0
p_016275,retrieval_practice,lab,undergraduate,low,early,east,0
p_016276,retrieval_practice,lab,undergraduate,high,early,east,0
p_016277,rereading,lab,undergraduate,low,late,west,0
p_016278,rereading,lab,undergraduate,low,late,west,1
p_016279,retrieval_practice,remote,community,low,early,east,1
p_016280,retrieval_practice,remote,community,high,early,west,0
p_016281,rereading,lab,undergraduate,low,late,west,1
p_016282,retrieval_practice,remote,undergraduate,high,early,east,1
p_016283,rereading,remote,undergraduate,high,late,west,1
p_016284,rereading,lab,undergraduate,low,late,west,0
p_016285,rereading,lab,community,low,late,east,1
p_016286,rereading,lab,community,high,late,west,1
p_016287,retrieval_practice,lab,community,high,early,east,0
p_016288,retrieval_practice,remote,undergraduate,high,early,east,0
p_016289,retrieval_practice,remote,undergraduate,low,early,west,1
p_016290,retrieval_practice,remote,undergraduate,low,early,west,1
p_016291,rereading,lab,community,high,early,west,0
p_016292,retrieval_practice,remote,undergraduate,high,late,east,0
p_016293,retrieval_practice,remote,undergraduate,low,late,west,0
p_016294,rereading,lab,undergraduate,low,late,west,0
p_016295,retrieval_practice,lab,undergraduate,low,early,west,1
p_016296,retrieval_practice,lab,community,high,late,west,0
p_016297,rereading,lab,community,low,early,east,1
p_016298,rereading,lab,community,high,late,west,1
p_016299,rereading,lab,undergraduate,high,late,west,0
p_016300,retrieval_practice,remote,community,low,late,west,0
p_016301,rereading,remote,community,high,early,east,0
p_016302,rereading,lab,community,low,late,west,0
p_016303,retrieval_practice,remote,undergraduate,high,early,east,0
p_016304,rereading,lab,community,high,late,east,1
p_016305,retrieval_practice,remote,undergraduate,high,late,east,0
p_016306,retrieval_practice,lab,community,low,early,east,1
p_016307,rereading,lab,undergraduate,high,late,west,0
p_016308,rereading,remote,undergraduate,high,late,west,0
p_016309,rereading,remote,community,low,late,east,0
p_016310,retrieval_practice,lab,undergraduate,low,late,west,0
p_016311,retrieval_practice,remote,undergraduate,low,late,west,1
p_016312,retrieval_practice,lab,undergraduate,high,early,east,1
p_016313,retrieval_practice,lab,undergraduate,high,early,west,0
p_016314,rereading,lab,community,high,late,west,0
p_016315,retrieval_practice,lab,undergraduate,high,early,west,1
p_016316,retrieval_practice,lab,undergraduate,low,late,east,0
p_016317,retrieval_practice,lab,undergraduate,low,late,east,0
p_016318,retrieval_practice,lab,community,high,late,west,0
p_016319,retrieval_practice,lab,undergraduate,high,early,west,1
p_016320,rereading,lab,community,high,early,west,1
p_016321,rereading,remote,community,high,late,east,1
p_016322,retrieval_practice,lab,undergraduate,high,late,west,1
p_016323,rereading,remote,community,low,late,west,1
p_016324,retrieval_practice,lab,community,low,late,west,1
p_016325,rereading,lab,undergraduate,high,late,east,1
p_016326,rereading,remote,community,low,early,west,0
p_016327,rereading,lab,undergraduate,high,early,west,0
p_016328,retrieval_practice,lab,undergraduate,low,late,west,0
p_016329,rereading,remote,undergraduate,low,late,west,0
p_016330,rereading,lab,undergraduate,high,late,east,1
p_016331,retrieval_practice,remote,undergraduate,high,early,west,0
p_016332,retrieval_practice,lab,undergraduate,high,early,west,1
p_016333,rereading,remote,undergraduate,high,early,west,0
p_016334,rereading,lab,community,low,early,east,0
p_016335,retrieval_practice,remote,undergraduate,low,early,east,0
p_016336,retrieval_practice,lab,undergraduate,high,early,west,0
p_016337,rereading,lab,undergraduate,high,early,west,1
p_016338,rereading,lab,community,low,late,west,1
p_016339,rereading,lab,undergraduate,low,late,east,0
p_016340,retrieval_practice,lab,community,high,late,east,0
p_016341,retrieval_practice,lab,undergraduate,high,late,west,1
p_016342,rereading,remote,undergraduate,high,early,west,0
p_016343,retrieval_practice,lab,community,high,late,west,1
p_016344,rereading,remote,community,high,early,west,1
p_016345,retrieval_practice,lab,undergraduate,high,late,west,1
p_016346,rereading,remote,community,low,late,west,1
p_016347,retrieval_practice,remote,undergraduate,high,early,west,0
p_016348,retrieval_practice,lab,community,high,early,west,0
p_016349,rereading,remote,community,low,early,west,1
p_016350,rereading,lab,undergraduate,high,late,east,1
p_016351,rereading,remote,undergraduate,low,late,east,0
p_016352,retrieval_practice,remote,undergraduate,high,early,east,0
p_016353,rereading,lab,community,high,early,west,1
p_016354,rereading,lab,undergraduate,high,late,west,0
p_016355,rereading,remote,community,high,late,east,0
p_016356,retrieval_practice,lab,community,high,late,west,1
p_016357,rereading,lab,community,low,late,east,1
p_016358,retrieval_practice,remote,undergraduate,low,early,east,0
p_016359,retrieval_practice,remote,undergraduate,low,early,west,0
p_016360,rereading,remote,undergraduate,high,early,east,1
p_016361,retrieval_practice,lab,community,high,late,west,0
p_016362,rereading,lab,undergraduate,low,late,west,0
p_016363,retrieval_practice,remote,community,high,early,west,0
p_016364,rereading,lab,undergraduate,high,late,west,1
p_016365,rereading,remote,undergraduate,low,late,east,1
p_016366,rereading,remote,community,low,early,east,1
p_016367,rereading,remote,undergraduate,high,early,east,0
p_016368,rereading,lab,undergraduate,low,early,east,0
p_016369,retrieval_practice,remote,undergraduate,high,late,east,0
p_016370,retrieval_practice,lab,undergraduate,high,late,east,1
p_016371,retrieval_practice,lab,community,high,late,west,0
p_016372,retrieval_practice,remote,undergraduate,high,late,west,1
p_016373,retrieval_practice,lab,community,high,late,east,0
p_016374,rereading,lab,undergraduate,high,late,east,0
p_016375,retrieval_practice,lab,community,high,late,east,1
p_016376,retrieval_practice,lab,community,low,early,east,0
p_016377,rereading,remote,undergraduate,low,early,east,0
p_016378,retrieval_practice,lab,community,low,late,west,1
p_016379,retrieval_practice,remote,undergraduate,low,late,west,0
p_016380,rereading,lab,undergraduate,high,late,east,1
p_016381,retrieval_practice,lab,undergraduate,high,early,west,1
p_016382,rereading,lab,undergraduate,low,early,east,0
p_016383,rereading,lab,undergraduate,high,late,west,0
p_016384,retrieval_practice,lab,undergraduate,high,early,west,0
p_016385,retrieval_practice,lab,undergraduate,low,late,east,0
p_016386,retrieval_practice,lab,undergraduate,high,early,west,0
p_016387,rereading,lab,undergraduate,low,late,west,0
p_016388,rereading,lab,undergraduate,high,early,west,1
p_016389,retrieval_practice,lab,community,high,late,east,0
p_016390,retrieval_practice,lab,undergraduate,low,early,east,0
p_016391,retrieval_practice,lab,community,high,early,west,0
p_016392,retrieval_practice,remote,undergraduate,high,late,east,1
p_016393,rereading,remote,undergraduate,high,late,east,1
p_016394,rereading,lab,community,low,late,east,1
p_016395,rereading,lab,community,high,late,west,0
p_016396,rereading,lab,undergraduate,low,late,east,0
p_016397,retrieval_practice,remote,community,low,early,east,1
p_016398,retrieval_practice,remote,undergraduate,high,early,west,1
p_016399,rereading,lab,undergraduate,low,late,west,1
p_016400,retrieval_practice,remote,undergraduate,low,late,east,0
p_016401,rereading,remote,community,high,late,east,0
p_016402,rereading,remote,undergraduate,low,late,west,0
p_016403,rereading,remote,undergraduate,high,early,east,0
p_016404,retrieval_practice,remote,undergraduate,low,late,east,0
p_016405,retrieval_practice,remote,undergraduate,high,late,east,1
p_016406,retrieval_practice,lab,community,low,late,east,0
p_016407,retrieval_practice,lab,community,high,early,west,0
p_016408,rereading,lab,community,low,late,west,0
p_016409,retrieval_practice,remote,undergraduate,low,early,east,1
p_016410,retrieval_practice,remote,community,high,late,east,0
p_016411,retrieval_practice,remote,undergraduate,high,early,west,1
p_016412,retrieval_practice,lab,undergraduate,low,early,west,1
p_016413,retrieval_practice,remote,community,low,late,east,0
p_016414,retrieval_practice,remote,undergraduate,high,early,west,0
p_016415,retrieval_practice,remote,undergraduate,low,late,west,0
p_016416,rereading,remote,community,high,early,east,1
p_016417,rereading,lab,undergraduate,low,late,west,0
p_016418,retrieval_practice,lab,community,high,early,west,0
p_016419,retrieval_practice,remote,undergraduate,high,late,west,0
p_016420,retrieval_practice,lab,undergraduate,low,early,west,0
p_016421,retrieval_practice,remote,community,low,late,west,1
p_016422,retrieval_practice,remote,undergraduate,low,early,west,1
p_016423,rereading,lab,undergraduate,low,early,west,0
p_016424,rereading,remote,undergraduate,high,late,east,0
p_016425,retrieval_practice,lab,undergraduate,high,late,east,0
p_016426,rereading,remote,undergraduate,low,late,west,0
p_016427,rereading,lab,undergraduate,low,late,east,0
p_016428,retrieval_practice,remote,community,low,early,west,0
p_016429,rereading,lab,undergraduate,high,late,east,0
p_016430,rereading,lab,community,high,late,west,1
p_016431,rereading,lab,undergraduate,high,late,east,0
p_016432,retrieval_practice,lab,undergraduate,high,early,east,1
p_016433,rereading,lab,community,high,early,east,0
p_016434,retrieval_practice,lab,undergraduate,low,late,east,1
p_016435,rereading,lab,undergraduate,low,early,east,1
p_016436,rereading,lab,community,low,late,west,0
p_016437,retrieval_practice,lab,undergraduate,high,early,west,0
p_016438,retrieval_practice,lab,community,high,early,east,1
p_016439,rereading,lab,undergraduate,high,early,east,0
p_016440,retrieval_practice,remote,undergraduate,low,early,west,0
p_016441,retrieval_practice,lab,undergraduate,low,early,east,0
p_016442,rereading,remote,community,low,early,east,1
p_016443,retrieval_practice,lab,community,high,early,east,1
p_016444,rereading,lab,undergraduate,low,late,west,0
p_016445,retrieval_practice,lab,undergraduate,high,early,east,1
p_016446,rereading,lab,undergraduate,high,early,east,0
p_016447,rereading,remote,community,high,late,west,0
p_016448,retrieval_practice,remote,undergraduate,high,late,west,1
p_016449,rereading,remote,undergraduate,high,early,east,0
p_016450,retrieval_practice,remote,undergraduate,high,early,east,1
p_016451,rereading,lab,community,low,early,west,0
p_016452,rereading,lab,community,high,early,east,1
p_016453,retrieval_practice,remote,undergraduate,high,late,west,1
p_016454,retrieval_practice,remote,undergraduate,high,early,east,0
p_016455,retrieval_practice,lab,undergraduate,high,early,east,0
p_016456,retrieval_practice,lab,community,low,early,east,0
p_016457,rereading,lab,undergraduate,low,late,east,1
p_016458,retrieval_practice,remote,undergraduate,high,late,west,0
p_016459,rereading,remote,undergraduate,low,early,east,0
p_016460,rereading,lab,community,high,early,east,1
p_016461,retrieval_practice,lab,community,low,late,west,1
p_016462,retrieval_practice,lab,community,high,late,west,0
p_016463,rereading,lab,community,low,late,west,0
p_016464,rereading,remote,community,low,late,east,1
p_016465,retrieval_practice,lab,undergraduate,high,early,east,0
p_016466,retrieval_practice,remote,community,low,early,east,1
p_016467,retrieval_practice,lab,community,high,early,east,0
p_016468,retrieval_practice,remote,undergraduate,high,late,west,0
p_016469,rereading,lab,undergraduate,low,early,east,0
p_016470,rereading,remote,undergraduate,high,early,east,1
p_016471,retrieval_practice,lab,community,low,early,west,1
p_016472,retrieval_practice,lab,undergraduate,low,late,east,0
p_016473,rereading,remote,community,high,early,west,0
p_016474,rereading,remote,community,high,late,east,0
p_016475,rereading,lab,community,high,early,west,1
p_016476,retrieval_practice,remote,undergraduate,low,late,east,0
p_016477,retrieval_practice,lab,undergraduate,low,early,east,1
p_016478,retrieval_practice,remote,community,high,late,east,0
p_016479,rereading,remote,community,low,late,west,0
p_016480,rereading,remote,community,low,late,west,1
p_016481,retrieval_practice,remote,community,high,early,west,1
p_016482,retrieval_practice,remote,community,low,early,east,0
p_016483,retrieval_practice,lab,undergraduate,low,late,west,1
p_016484,retrieval_practice,remote,undergraduate,low,late,east,1
p_016485,rereading,remote,undergraduate,low,late,west,0
p_016486,rereading,lab,community,high,early,east,1
p_016487,rereading,lab,undergraduate,high,early,east,1
p_016488,rereading,remote,community,low,late,west,1
p_016489,retrieval_practice,remote,community,low,late,east,0
p_016490,retrieval_practice,lab,undergraduate,high,late,west,1
p_016491,rereading,lab,undergraduate,high,early,east,0
p_016492,rereading,lab,community,high,late,west,0
p_016493,retrieval_practice,lab,community,high,late,west,1
p_016494,retrieval_practice,lab,undergraduate,low,late,west,1
p_016495,rereading,remote,undergraduate,low,late,east,1
p_016496,rereading,remote,undergraduate,low,late,west,1
p_016497,retrieval_practice,lab,undergraduate,high,early,west,1
p_016498,retrieval_practice,lab,community,high,early,west,0
p_016499,retrieval_practice,lab,undergraduate,high,late,east,1
p_016500,rereading,remote,community,high,early,west,1
p_016501,rereading,lab,community,low,early,west,1
p_016502,retrieval_practice,lab,undergraduate,high,early,west,1
p_016503,retrieval_practice,lab,community,high,early,west,1
p_016504,rereading,remote,undergraduate,high,late,east,1
p_016505,retrieval_practice,lab,undergraduate,low,early,west,0
p_016506,retrieval_practice,lab,undergraduate,high,early,east,0
p_016507,retrieval_practice,lab,community,high,late,east,0
p_016508,rereading,lab,community,low,early,west,1
p_016509,retrieval_practice,lab,community,high,late,east,0
p_016510,retrieval_practice,lab,undergraduate,low,late,east,1
p_016511,rereading,lab,community,low,late,east,1
p_016512,retrieval_practice,lab,community,high,early,west,0
p_016513,rereading,lab,community,high,late,east,1
p_016514,rereading,lab,undergraduate,low,early,east,0
p_016515,rereading,remote,undergraduate,high,early,west,0
p_016516,retrieval_practice,remote,community,low,late,west,0
p_016517,rereading,remote,undergraduate,low,early,east,0
p_016518,rereading,remote,community,high,early,east,1
p_016519,rereading,lab,community,low,late,east,1
p_016520,retrieval_practice,lab,undergraduate,low,late,east,0
p_016521,rereading,remote,undergraduate,low,early,west,0
p_016522,retrieval_practice,lab,community,high,late,west,1
p_016523,retrieval_practice,lab,undergraduate,low,late,east,0
p_016524,rereading,remote,community,high,early,west,0
p_016525,retrieval_practice,lab,undergraduate,low,late,west,0
p_016526,retrieval_practice,lab,community,low,early,east,1
p_016527,retrieval_practice,remote,undergraduate,high,early,west,1
p_016528,retrieval_practice,lab,undergraduate,high,early,west,1
p_016529,rereading,remote,undergraduate,high,late,west,0
p_016530,retrieval_practice,lab,undergraduate,low,late,east,1
p_016531,retrieval_practice,remote,undergraduate,high,early,west,0
p_016532,retrieval_practice,lab,undergraduate,low,late,east,1
p_016533,retrieval_practice,lab,undergraduate,low,early,west,1
p_016534,rereading,lab,undergraduate,high,early,west,1
p_016535,rereading,remote,undergraduate,high,early,east,1
p_016536,rereading,lab,undergraduate,high,early,east,1
p_016537,rereading,remote,community,low,early,west,1
p_016538,retrieval_practice,lab,undergraduate,high,early,west,1
p_016539,retrieval_practice,remote,undergraduate,high,early,west,0
p_016540,rereading,remote,undergraduate,high,late,west,1
p_016541,retrieval_practice,remote,undergraduate,low,late,west,0
p_016542,retrieval_practice,lab,undergraduate,low,early,east,0
p_016543,rereading,lab,undergraduate,low,early,west,0
p_016544,retrieval_practice,remote,community,high,late,east,1
p_016545,rereading,remote,undergraduate,high,early,east,0
p_016546,rereading,lab,community,high,early,east,0
p_016547,rereading,remote,undergraduate,low,late,east,1
p_016548,rereading,lab,undergraduate,low,late,east,1
p_016549,retrieval_practice,lab,undergraduate,high,early,west,1
p_016550,retrieval_practice,lab,community,high,late,west,0
p_016551,rereading,lab,community,low,early,west,1
p_016552,rereading,lab,community,high,early,west,0
p_016553,rereading,lab,community,high,late,west,1
p_016554,retrieval_practice,remote,undergraduate,high,early,west,0
p_016555,retrieval_practice,lab,undergraduate,low,late,east,0
p_016556,rereading,remote,undergraduate,low,early,east,0
p_016557,rereading,lab,community,high,early,west,0
p_016558,rereading,remote,community,high,early,west,1
p_016559,rereading,remote,community,high,early,west,1
p_016560,retrieval_practice,lab,undergraduate,high,late,east,1
p_016561,retrieval_practice,lab,undergraduate,high,early,west,0
p_016562,rereading,remote,undergraduate,high,early,west,0
p_016563,retrieval_practice,remote,undergraduate,low,late,east,1
p_016564,rereading,lab,undergraduate,low,early,east,1
p_016565,retrieval_practice,lab,undergraduate,low,early,west,0
p_016566,retrieval_practice,lab,community,low,early,east,0
p_016567,rereading,remote,community,high,late,west,1
p_016568,rereading,lab,undergraduate,high,early,east,0
p_016569,rereading,remote,undergraduate,low,late,west,1
p_016570,retrieval_practice,lab,undergraduate,high,late,west,1
p_016571,retrieval_practice,lab,undergraduate,low,late,west,1
p_016572,retrieval_practice,lab,undergraduate,high,late,east,0
p_016573,retrieval_practice,lab,community,low,late,west,1
p_016574,retrieval_practice,remote,undergraduate,low,late,west,1
p_016575,rereading,lab,undergraduate,low,late,west,0
p_016576,rereading,remote,community,low,early,west,0
p_016577,retrieval_practice,lab,community,low,early,west,1
p_016578,retrieval_practice,lab,undergraduate,low,early,east,0
p_016579,rereading,remote,undergraduate,high,early,west,0
p_016580,retrieval_practice,remote,community,high,early,west,1
p_016581,rereading,lab,undergraduate,low,late,west,0
p_016582,rereading,remote,undergraduate,low,early,east,1
p_016583,rereading,remote,community,low,late,east,1
p_016584,rereading,lab,community,high,late,west,0
p_016585,retrieval_practice,lab,community,high,late,west,1
p_016586,rereading,lab,undergraduate,low,early,east,0
p_016587,rereading,remote,undergraduate,high,early,east,1
p_016588,rereading,lab,undergraduate,low,late,east,1
p_016589,retrieval_practice,remote,community,high,early,west,1
p_016590,retrieval_practice,lab,undergraduate,low,early,west,0
p_016591,rereading,remote,community,high,early,east,0
p_016592,retrieval_practice,lab,undergraduate,high,early,west,0
p_016593,rereading,remote,community,high,early,west,1
p_016594,retrieval_practice,remote,community,low,late,west,0
p_016595,retrieval_practice,remote,undergraduate,low,late,west,1
p_016596,retrieval_practice,remote,community,high,late,west,1
p_016597,rereading,remote,community,high,late,west,1
p_016598,rereading,lab,undergraduate,low,early,east,0
p_016599,retrieval_practice,lab,undergraduate,high,early,west,1
p_016600,rereading,lab,community,low,early,west,1
p_016601,retrieval_practice,lab,undergraduate,high,early,east,1
p_016602,rereading,lab,undergraduate,high,early,west,1
p_016603,retrieval_practice,lab,community,high,early,west,1
p_016604,retrieval_practice,lab,community,low,late,east,0
p_016605,retrieval_practice,lab,undergraduate,high,late,west,0
p_016606,rereading,lab,community,low,early,east,1
p_016607,retrieval_practice,lab,undergraduate,high,late,west,1
p_016608,rereading,remote,undergraduate,low,late,west,1
p_016609,retrieval_practice,lab,community,low,early,east,0
p_016610,retrieval_practice,remote,community,high,early,east,0
p_016611,retrieval_practice,lab,undergraduate,low,late,west,1
p_016612,retrieval_practice,remote,undergraduate,low,early,east,0
p_016613,rereading,lab,undergraduate,low,late,east,0
p_016614,rereading,lab,undergraduate,high,early,west,0
p_016615,rereading,remote,undergraduate,high,early,west,0
p_016616,rereading,lab,undergraduate,high,late,east,0
p_016617,rereading,remote,community,low,early,east,0
p_016618,rereading,lab,undergraduate,high,early,east,0
p_016619,rereading,lab,community,high,early,east,1
p_016620,retrieval_practice,lab,community,high,late,west,0
p_016621,retrieval_practice,lab,undergraduate,high,late,east,1
p_016622,retrieval_practice,lab,community,high,late,east,0
p_016623,rereading,lab,community,high,early,east,1
p_016624,retrieval_practice,lab,undergraduate,high,late,east,0
p_016625,retrieval_practice,remote,undergraduate,low,early,east,1
p_016626,rereading,lab,community,low,early,east,1
p_016627,retrieval_practice,lab,community,low,early,east,0
p_016628,rereading,lab,community,high,late,east,0
p_016629,rereading,lab,community,high,early,west,1
p_016630,rereading,remote,community,low,early,west,0
p_016631,rereading,lab,undergraduate,high,early,east,1
p_016632,retrieval_practice,remote,undergraduate,high,early,east,0
p_016633,rereading,remote,community,high,early,west,0
p_016634,rereading,remote,undergraduate,high,early,east,1
p_016635,rereading,remote,community,low,early,west,0
p_016636,retrieval_practice,lab,community,low,early,west,1
p_016637,retrieval_practice,remote,undergraduate,low,late,west,0
p_016638,rereading,lab,undergraduate,high,late,east,0
p_016639,retrieval_practice,remote,undergraduate,low,late,west,1
p_016640,rereading,lab,community,high,late,west,0
p_016641,retrieval_practice,remote,community,high,early,west,1
p_016642,rereading,lab,undergraduate,low,late,west,0
p_016643,retrieval_practice,lab,community,high,early,east,1
p_016644,rereading,lab,undergraduate,low,early,east,1
p_016645,rereading,remote,undergraduate,low,late,west,0
p_016646,rereading,lab,community,high,late,east,0
p_016647,rereading,lab,undergraduate,high,late,west,1
p_016648,retrieval_practice,lab,undergraduate,low,early,west,0
p_016649,retrieval_practice,lab,undergraduate,high,early,west,0
p_016650,rereading,remote,undergraduate,low,early,east,0
p_016651,retrieval_practice,remote,undergraduate,low,late,east,0
p_016652,retrieval_practice,lab,undergraduate,low,early,west,0
p_016653,retrieval_practice,remote,undergraduate,low,late,west,0
p_016654,retrieval_practice,lab,undergraduate,low,early,east,1
p_016655,retrieval_practice,lab,undergraduate,low,early,east,0
p_016656,rereading,lab,undergraduate,high,early,east,0
p_016657,retrieval_practice,lab,undergraduate,high,early,east,1
p_016658,retrieval_practice,remote,community,low,early,east,1
p_016659,rereading,remote,undergraduate,low,late,west,0
p_016660,rereading,lab,undergraduate,low,late,west,0
p_016661,rereading,lab,undergraduate,high,late,east,1
p_016662,retrieval_practice,lab,community,high,late,east,0
p_016663,retrieval_practice,remote,undergraduate,low,early,east,1
p_016664,retrieval_practice,remote,undergraduate,high,early,west,0
p_016665,rereading,remote,community,high,late,east,1
p_016666,retrieval_practice,remote,community,high,early,east,1
p_016667,rereading,remote,community,low,early,west,0
p_016668,rereading,remote,community,low,late,east,0
p_016669,rereading,remote,undergraduate,low,late,west,0
p_016670,rereading,remote,undergraduate,high,late,east,0
p_016671,rereading,lab,undergraduate,high,late,east,0
p_016672,rereading,lab,undergraduate,low,late,east,1
p_016673,rereading,remote,undergraduate,low,early,east,1
p_016674,retrieval_practice,remote,undergraduate,high,early,east,0
p_016675,rereading,remote,community,high,early,east,0
p_016676,retrieval_practice,remote,undergraduate,low,early,east,0
p_016677,retrieval_practice,lab,undergraduate,high,late,west,0
p_016678,rereading,lab,undergraduate,high,early,west,1
p_016679,retrieval_practice,remote,undergraduate,high,late,west,0
p_016680,retrieval_practice,lab,undergraduate,high,late,east,1
p_016681,rereading,remote,undergraduate,low,early,east,0
p_016682,rereading,lab,undergraduate,low,late,east,1
p_016683,retrieval_practice,lab,undergraduate,low,early,west,1
p_016684,retrieval_practice,lab,community,low,early,east,1
p_016685,retrieval_practice,lab,undergraduate,high,early,east,1
p_016686,retrieval_practice,remote,community,high,late,west,0
p_016687,rereading,lab,community,high,late,west,1
p_016688,rereading,remote,undergraduate,low,early,east,1
p_016689,rereading,remote,undergraduate,low,late,east,1
p_016690,retrieval_practice,lab,community,low,early,east,1
p_016691,retrieval_practice,lab,community,low,early,west,1
p_016692,retrieval_practice,remote,undergraduate,high,early,east,1
p_016693,rereading,lab,undergraduate,high,early,east,1
p_016694,rereading,remote,undergraduate,high,early,west,1
p_016695,rereading,lab,community,high,late,west,0
p_016696,rereading,lab,undergraduate,high,late,east,0
p_016697,rereading,remote,community,low,early,east,0
p_016698,rereading,lab,undergraduate,high,early,east,1
p_016699,rereading,lab,community,high,late,west,0
p_016700,rereading,remote,undergraduate,low,late,east,0
p_016701,retrieval_practice,lab,undergraduate,low,early,west,0
p_016702,rereading,remote,undergraduate,high,early,east,1
p_016703,rereading,remote,undergraduate,low,late,west,1
p_016704,rereading,lab,undergraduate,high,late,east,0
p_016705,rereading,remote,undergraduate,low,early,east,0
p_016706,retrieval_practice,lab,undergraduate,low,late,east,0
p_016707,rereading,lab,community,low,early,east,1
p_016708,retrieval_practice,lab,undergraduate,high,early,west,0
p_016709,rereading,lab,undergraduate,low,late,east,0
p_016710,rereading,lab,undergraduate,low,early,east,0
p_016711,retrieval_practice,remote,community,low,early,east,0
p_016712,retrieval_practice,remote,community,high,early,east,0
p_016713,retrieval_practice,lab,community,high,late,west,0
p_016714,retrieval_practice,lab,community,low,late,west,1
p_016715,retrieval_practice,lab,community,high,late,west,0
p_016716,retrieval_practice,remote,community,high,late,west,1
p_016717,retrieval_practice,lab,community,high,early,west,1
p_016718,retrieval_practice,lab,undergraduate,low,early,east,0
p_016719,retrieval_practice,lab,undergraduate,high,late,west,1
p_016720,retrieval_practice,lab,community,high,late,west,1
p_016721,retrieval_practice,lab,undergraduate,low,late,west,0
p_016722,rereading,lab,undergraduate,high,early,west,1
p_016723,retrieval_practice,remote,undergraduate,high,late,west,1
p_016724,rereading,remote,undergraduate,high,late,west,1
p_016725,rereading,lab,community,high,late,east,1
p_016726,retrieval_practice,remote,community,high,late,east,0
p_016727,retrieval_practice,lab,undergraduate,low,late,east,0
p_016728,rereading,remote,undergraduate,low,early,west,0
p_016729,rereading,remote,undergraduate,high,late,east,0
p_016730,retrieval_practice,lab,undergraduate,low,early,east,1
p_016731,rereading,lab,undergraduate,low,early,west,0
p_016732,retrieval_practice,remote,undergraduate,low,late,east,0
p_016733,retrieval_practice,lab,undergraduate,high,late,east,0
p_016734,rereading,lab,undergraduate,high,early,west,0
p_016735,rereading,lab,community,high,late,east,0
p_016736,rereading,remote,undergraduate,low,early,east,1
p_016737,rereading,remote,community,high,late,west,0
p_016738,rereading,remote,undergraduate,low,early,west,0
p_016739,rereading,remote,undergraduate,high,early,west,0
p_016740,retrieval_practice,lab,undergraduate,high,early,west,0
p_016741,rereading,lab,community,low,early,east,1
p_016742,rereading,lab,undergraduate,high,early,west,1
p_016743,rereading,remote,undergraduate,low,early,east,0
p_016744,retrieval_practice,lab,community,high,early,west,1
p_016745,rereading,lab,community,high,early,east,1
p_016746,retrieval_practice,lab,community,high,late,east,1
p_016747,retrieval_practice,remote,undergraduate,high,late,west,0
p_016748,rereading,lab,community,high,early,west,1
p_016749,rereading,lab,undergraduate,low,early,east,0
p_016750,rereading,lab,community,high,early,west,1
p_016751,rereading,remote,undergraduate,low,late,west,0
p_016752,rereading,lab,community,high,late,west,1
p_016753,rereading,remote,community,high,late,east,0
p_016754,retrieval_practice,lab,community,low,early,west,0
p_016755,rereading,lab,undergraduate,high,late,east,1
p_016756,rereading,lab,undergraduate,low,late,west,0
p_016757,retrieval_practice,lab,community,low,early,west,1
p_016758,retrieval_practice,lab,undergraduate,low,late,west,1
p_016759,retrieval_practice,lab,community,low,early,east,1
p_016760,retrieval_practice,remote,undergraduate,high,late,west,1
p_016761,retrieval_practice,lab,undergraduate,low,early,east,0
p_016762,retrieval_practice,remote,undergraduate,high,early,west,1
p_016763,retrieval_practice,remote,undergraduate,low,late,west,1
p_016764,rereading,remote,undergraduate,low,early,east,1
p_016765,retrieval_practice,lab,undergraduate,low,early,east,0
p_016766,retrieval_practice,lab,undergraduate,low,late,west,1
p_016767,retrieval_practice,remote,community,low,early,west,0
p_016768,rereading,remote,community,high,late,west,1
p_016769,retrieval_practice,remote,community,high,late,west,0
p_016770,retrieval_practice,lab,community,high,early,east,1
p_016771,retrieval_practice,lab,undergraduate,low,late,west,0
p_016772,rereading,remote,undergraduate,low,early,west,1
p_016773,retrieval_practice,remote,undergraduate,high,late,east,0
p_016774,rereading,remote,undergraduate,high,early,east,1
p_016775,rereading,lab,community,low,late,east,1
p_016776,retrieval_practice,lab,undergraduate,low,early,west,0
p_016777,rereading,lab,undergraduate,high,early,west,0
p_016778,retrieval_practice,lab,community,high,late,west,0
p_016779,rereading,lab,undergraduate,high,late,east,0
p_016780,rereading,lab,undergraduate,high,late,east,0
p_016781,retrieval_practice,lab,community,low,early,east,1
p_016782,retrieval_practice,lab,undergraduate,low,early,east,1
p_016783,rereading,remote,community,high,late,west,1
p_016784,retrieval_practice,lab,undergraduate,high,early,east,0
p_016785,rereading,lab,community,low,early,west,1
p_016786,retrieval_practice,lab,community,low,late,west,1
p_016787,rereading,lab,community,high,early,west,1
p_016788,retrieval_practice,remote,undergraduate,low,late,west,0
p_016789,retrieval_practice,lab,undergraduate,low,late,east,1
p_016790,retrieval_practice,lab,undergraduate,high,late,east,1
p_016791,retrieval_practice,lab,undergraduate,high,early,west,0
p_016792,rereading,remote,community,low,early,west,1
p_016793,retrieval_practice,lab,undergraduate,low,early,east,0
p_016794,retrieval_practice,remote,undergraduate,high,early,east,0
p_016795,retrieval_practice,remote,community,low,late,west,1
p_016796,rereading,remote,undergraduate,high,early,west,0
p_016797,rereading,remote,undergraduate,high,late,west,1
p_016798,retrieval_practice,remote,community,low,early,west,0
p_016799,retrieval_practice,lab,undergraduate,low,late,east,0
p_016800,retrieval_practice,lab,community,low,late,west,0
p_016801,retrieval_practice,lab,undergraduate,low,early,east,0
p_016802,rereading,lab,community,high,early,west,1
p_016803,rereading,lab,undergraduate,high,late,east,1
p_016804,rereading,lab,community,low,late,east,0
p_016805,retrieval_practice,lab,community,low,early,east,0
p_016806,rereading,lab,undergraduate,high,late,west,1
p_016807,rereading,remote,community,low,early,east,1
p_016808,retrieval_practice,lab,undergraduate,high,late,east,0
p_016809,rereading,remote,undergraduate,low,late,east,0
p_016810,rereading,remote,undergraduate,high,early,west,0
p_016811,rereading,lab,community,high,late,east,0
p_016812,rereading,lab,undergraduate,low,early,east,1
p_016813,retrieval_practice,remote,undergraduate,low,late,west,0
p_016814,rereading,lab,undergraduate,high,late,west,1
p_016815,retrieval_practice,remote,community,low,early,east,1
p_016816,rereading,remote,undergraduate,high,early,west,0
p_016817,retrieval_practice,remote,undergraduate,low,late,east,0
p_016818,retrieval_practice,lab,undergraduate,low,late,west,0
p_016819,retrieval_practice,lab,community,low,late,west,1
p_016820,retrieval_practice,lab,undergraduate,high,early,east,0
p_016821,rereading,lab,undergraduate,low,early,west,1
p_016822,rereading,lab,community,low,early,east,0
p_016823,rereading,lab,undergraduate,low,early,west,1
p_016824,retrieval_practice,lab,undergraduate,high,late,east,0
p_016825,retrieval_practice,lab,undergraduate,high,late,west,1
p_016826,retrieval_practice,remote,undergraduate,low,early,west,1
p_016827,retrieval_practice,lab,undergraduate,high,early,west,1
p_016828,rereading,remote,undergraduate,low,late,west,0
p_016829,retrieval_practice,remote,community,low,early,east,1
p_016830,rereading,lab,community,low,early,west,1
p_016831,rereading,lab,undergraduate,low,early,west,1
p_016832,rereading,lab,community,low,early,west,1
p_016833,retrieval_practice,remote,community,low,late,west,0
p_016834,retrieval_practice,lab,community,low,early,east,0
p_016835,rereading,remote,undergraduate,low,late,west,0
p_016836,rereading,lab,undergraduate,low,late,west,0
p_016837,rereading,remote,community,high,early,east,0
p_016838,retrieval_practice,lab,undergraduate,high,early,east,1
p_016839,retrieval_practice,lab,community,high,early,west,1
p_016840,retrieval_practice,lab,community,high,late,east,0
p_016841,retrieval_practice,remote,undergraduate,high,early,east,1
p_016842,retrieval_practice,remote,undergraduate,low,late,east,1
p_016843,rereading,lab,community,low,late,west,1
p_016844,rereading,lab,community,low,late,east,1
p_016845,rereading,remote,community,low,early,east,1
p_016846,rereading,lab,undergraduate,high,early,east,1
p_016847,retrieval_practice,lab,community,low,late,west,1
p_016848,retrieval_practice,remote,community,low,late,east,0
p_016849,rereading,lab,undergraduate,high,late,east,1
p_016850,retrieval_practice,remote,undergraduate,low,early,west,0
p_016851,retrieval_practice,lab,community,high,early,west,1
p_016852,rereading,remote,undergraduate,low,early,west,0
p_016853,rereading,remote,community,low,late,east,1
p_016854,retrieval_practice,remote,community,low,late,east,0
p_016855,rereading,lab,undergraduate,low,early,west,1
p_016856,retrieval_practice,remote,undergraduate,low,late,east,1
p_016857,retrieval_practice,remote,community,low,late,east,1
p_016858,retrieval_practice,lab,undergraduate,low,early,west,1
p_016859,rereading,remote,community,high,early,east,0
p_016860,rereading,remote,undergraduate,low,late,east,0
p_016861,retrieval_practice,remote,undergraduate,low,late,east,0
p_016862,retrieval_practice,lab,undergraduate,low,early,east,1
p_016863,rereading,lab,community,low,late,west,0
p_016864,rereading,lab,community,low,early,east,0
p_016865,rereading,remote,undergraduate,low,early,west,0
p_016866,rereading,remote,community,high,early,east,1
p_016867,rereading,remote,undergraduate,low,early,west,0
p_016868,retrieval_practice,lab,community,high,late,west,1
p_016869,retrieval_practice,remote,undergraduate,high,early,east,0
p_016870,rereading,lab,undergraduate,low,late,west,0
p_016871,rereading,remote,community,low,early,east,0
p_016872,retrieval_practice,lab,undergraduate,high,early,west,0
p_016873,rereading,remote,community,high,late,west,1
p_016874,retrieval_practice,lab,community,low,early,east,1
p_016875,rereading,remote,community,low,late,west,0
p_016876,retrieval_practice,remote,undergraduate,high,late,west,0
p_016877,retrieval_practice,lab,community,low,early,west,1
p_016878,rereading,remote,community,high,early,east,1
p_016879,rereading,remote,undergraduate,high,early,west,0
p_016880,rereading,lab,undergraduate,high,early,west,1
p_016881,retrieval_practice,lab,undergraduate,high,late,east,0
p_016882,retrieval_practice,lab,community,high,early,east,0
p_016883,rereading,lab,undergraduate,low,early,east,1
p_016884,rereading,lab,undergraduate,low,late,east,0
p_016885,rereading,lab,undergraduate,low,early,east,0
p_016886,retrieval_practice,remote,undergraduate,high,late,west,0
p_016887,retrieval_practice,remote,undergraduate,high,early,west,0
p_016888,retrieval_practice,remote,community,low,early,east,0
p_016889,rereading,lab,community,high,late,west,1
p_016890,rereading,lab,community,low,early,west,0
p_016891,retrieval_practice,lab,community,high,early,west,0
p_016892,rereading,remote,community,high,late,west,1
p_016893,retrieval_practice,lab,undergraduate,high,early,east,0
p_016894,retrieval_practice,remote,community,high,early,east,0
p_016895,retrieval_practice,remote,undergraduate,high,early,east,1
p_016896,rereading,lab,community,low,late,west,0
p_016897,rereading,lab,undergraduate,high,early,west,0
p_016898,retrieval_practice,lab,undergraduate,low,early,east,1
p_016899,retrieval_practice,lab,undergraduate,low,late,east,0
p_016900,retrieval_practice,lab,undergraduate,high,early,east,1
p_016901,retrieval_practice,lab,undergraduate,high,late,west,1
p_016902,rereading,lab,community,high,late,west,0
p_016903,rereading,remote,community,low,late,east,1
p_016904,retrieval_practice,remote,community,low,late,east,1
p_016905,retrieval_practice,remote,community,low,late,east,0
p_016906,retrieval_practice,remote,community,high,early,west,1
p_016907,retrieval_practice,remote,undergraduate,low,early,west,0
p_016908,retrieval_practice,remote,undergraduate,low,early,west,0
p_016909,rereading,lab,undergraduate,high,early,east,0
p_016910,retrieval_practice,remote,community,low,late,west,1
p_016911,retrieval_practice,remote,community,high,early,east,0
p_016912,retrieval_practice,lab,undergraduate,high,late,west,0
p_016913,rereading,remote,community,high,early,west,0
p_016914,rereading,lab,undergraduate,high,early,west,0
p_016915,retrieval_practice,remote,undergraduate,high,late,east,0
p_016916,rereading,remote,undergraduate,low,late,east,1
p_016917,rereading,remote,undergraduate,high,late,west,0
p_016918,rereading,remote,undergraduate,high,late,west,1
p_016919,rereading,remote,community,low,early,east,0
p_016920,rereading,lab,undergraduate,low,late,west,1
p_016921,rereading,lab,community,high,late,east,0
p_016922,rereading,remote,undergraduate,low,early,east,1
p_016923,rereading,lab,undergraduate,low,early,west,1
p_016924,rereading,lab,undergraduate,low,early,west,1
p_016925,rereading,lab,undergraduate,high,early,east,1
p_016926,retrieval_practice,remote,community,low,early,east,0
p_016927,rereading,remote,community,low,late,east,0
p_016928,rereading,lab,community,low,early,east,0
p_016929,rereading,lab,undergraduate,high,late,west,0
p_016930,rereading,lab,undergraduate,low,late,east,1
p_016931,retrieval_practice,lab,undergraduate,high,late,east,0
p_016932,retrieval_practice,lab,community,high,early,west,0
p_016933,retrieval_practice,lab,undergraduate,high,early,west,0
p_016934,rereading,lab,undergraduate,low,late,west,0
p_016935,retrieval_practice,lab,community,high,early,west,0
p_016936,rereading,lab,community,low,early,east,0
p_016937,rereading,remote,undergraduate,high,early,east,1
p_016938,rereading,remote,undergraduate,high,late,west,1
p_016939,retrieval_practice,lab,undergraduate,low,late,west,1
p_016940,rereading,remote,undergraduate,high,early,west,0
p_016941,retrieval_practice,remote,community,low,late,east,0
p_016942,retrieval_practice,lab,undergraduate,low,early,west,1
p_016943,rereading,remote,undergraduate,low,late,west,0
p_016944,rereading,remote,undergraduate,low,late,east,1
p_016945,rereading,remote,undergraduate,low,early,east,0
p_016946,retrieval_practice,lab,community,low,early,west,0
p_016947,rereading,remote,undergraduate,high,early,west,0
p_016948,retrieval_practice,lab,undergraduate,low,late,west,0
p_016949,retrieval_practice,remote,undergraduate,high,early,west,0
p_016950,rereading,lab,community,low,early,east,0
p_016951,retrieval_practice,remote,community,high,late,west,1
p_016952,rereading,lab,community,high,late,west,0
p_016953,retrieval_practice,remote,undergraduate,high,early,east,1
p_016954,rereading,lab,community,low,late,west,0
p_016955,rereading,lab,community,high,late,east,1
p_016956,rereading,lab,community,low,late,east,0
p_016957,rereading,lab,community,low,late,west,0
p_016958,rereading,remote,community,low,late,east,1
p_016959,retrieval_practice,lab,community,high,late,east,1
p_016960,rereading,lab,undergraduate,low,late,west,1
p_016961,rereading,lab,undergraduate,low,late,west,1
p_016962,rereading,lab,community,high,late,west,1
p_016963,rereading,lab,undergraduate,low,late,east,1
p_016964,rereading,lab,undergraduate,high,late,west,0
p_016965,retrieval_practice,lab,community,low,late,east,1
p_016966,retrieval_practice,remote,community,low,early,east,0
p_016967,rereading,remote,community,low,late,west,0
p_016968,rereading,remote,community,high,early,west,0
p_016969,retrieval_practice,lab,community,low,early,west,1
p_016970,rereading,lab,undergraduate,low,late,west,1
p_016971,retrieval_practice,lab,undergraduate,low,early,east,0
p_016972,retrieval_practice,remote,undergraduate,high,late,east,1
p_016973,rereading,lab,undergraduate,low,late,east,1
p_016974,retrieval_practice,lab,undergraduate,low,late,west,0
p_016975,rereading,lab,undergraduate,low,late,west,1
p_016976,rereading,lab,community,low,late,east,1
p_016977,rereading,lab,undergraduate,high,late,east,0
p_016978,retrieval_practice,lab,community,high,late,east,0
p_016979,rereading,lab,community,high,early,west,0
p_016980,retrieval_practice,lab,undergraduate,high,early,east,1
p_016981,retrieval_practice,lab,community,low,late,west,0
p_016982,retrieval_practice,remote,community,low,early,west,1
p_016983,retrieval_practice,remote,community,high,late,east,1
p_016984,rereading,remote,undergraduate,high,late,west,0
p_016985,rereading,lab,community,high,early,east,0
p_016986,retrieval_practice,lab,undergraduate,low,late,west,0
p_016987,retrieval_practice,remote,undergraduate,low,late,east,1
p_016988,rereading,lab,community,high,early,east,1
p_016989,rereading,lab,undergraduate,low,early,east,0
p_016990,rereading,lab,undergraduate,high,late,west,1
p_016991,rereading,lab,undergraduate,high,late,west,0
p_016992,retrieval_practice,remote,undergraduate,high,early,west,1
p_016993,retrieval_practice,lab,undergraduate,high,early,west,0
p_016994,rereading,lab,undergraduate,high,late,west,1
p_016995,rereading,remote,undergraduate,high,early,west,0
p_016996,retrieval_practice,remote,undergraduate,high,late,west,1
p_016997,rereading,remote,undergraduate,high,early,west,1
p_016998,rereading,lab,undergraduate,high,late,east,0
p_016999,rereading,remote,community,high,late,east,1
p_017000,retrieval_practice,lab,community,low,late,east,1
p_017001,retrieval_practice,remote,undergraduate,high,early,east,0
p_017002,rereading,lab,undergraduate,low,late,east,0
p_017003,rereading,lab,community,high,late,east,1
p_017004,rereading,lab,undergraduate,high,early,east,0
p_017005,retrieval_practice,remote,community,high,late,east,0
p_017006,retrieval_practice,remote,undergraduate,high,late,east,1
p_017007,rereading,lab,community,high,late,west,1
p_017008,retrieval_practice,lab,undergraduate,high,early,west,1
p_017009,rereading,lab,community,low,early,east,1
p_017010,rereading,lab,undergraduate,high,early,east,0
p_017011,retrieval_practice,remote,undergraduate,high,late,east,0
p_017012,rereading,remote,undergraduate,low,early,east,0
p_017013,rereading,remote,undergraduate,high,early,east,0
p_017014,retrieval_practice,remote,community,high,late,west,0
p_017015,rereading,remote,undergraduate,high,late,east,1
p_017016,retrieval_practice,lab,undergraduate,low,late,east,0
p_017017,retrieval_practice,remote,community,low,early,west,0
p_017018,rereading,remote,undergraduate,high,early,east,1
p_017019,retrieval_practice,lab,undergraduate,high,early,east,1
p_017020,retrieval_practice,lab,community,low,late,east,1
p_017021,rereading,lab,community,low,early,west,0
p_017022,retrieval_practice,lab,undergraduate,low,early,west,0
p_017023,retrieval_practice,remote,community,high,late,east,0
p_017024,retrieval_practice,lab,undergraduate,high,early,east,0
p_017025,retrieval_practice,lab,undergraduate,low,late,east,0
p_017026,retrieval_practice,lab,undergraduate,low,late,west,1
p_017027,rereading,lab,undergraduate,low,early,east,0
p_017028,rereading,remote,undergraduate,high,late,west,0
p_017029,rereading,remote,community,high,early,east,0
p_017030,retrieval_practice,remote,community,low,early,west,0
p_017031,retrieval_practice,lab,community,high,early,east,0
p_017032,retrieval_practice,remote,undergraduate,high,early,west,1
p_017033,retrieval_practice,lab,community,high,early,east,0
p_017034,retrieval_practice,lab,undergraduate,high,late,west,1
p_017035,retrieval_practice,lab,undergraduate,high,late,west,0
p_017036,retrieval_practice,lab,undergraduate,low,late,east,1
p_017037,rereading,lab,undergraduate,high,late,west,0
p_017038,rereading,lab,undergraduate,high,late,east,1
p_017039,retrieval_practice,lab,community,low,early,east,1
p_017040,rereading,lab,community,high,late,west,0
p_017041,retrieval_practice,remote,undergraduate,high,early,east,0
p_017042,rereading,lab,undergraduate,high,late,east,0
p_017043,rereading,remote,undergraduate,low,early,east,1
p_017044,rereading,lab,community,low,early,east,1
p_017045,rereading,lab,undergraduate,low,early,west,1
p_017046,rereading,lab,community,high,late,east,0
p_017047,rereading,remote,undergraduate,low,early,east,0
p_017048,rereading,lab,community,high,early,east,0
p_017049,rereading,remote,undergraduate,low,late,east,0
p_017050,rereading,lab,community,low,early,east,1
p_017051,retrieval_practice,lab,community,high,late,west,0
p_017052,rereading,remote,community,high,late,east,1
p_017053,rereading,remote,community,high,late,east,1
p_017054,retrieval_practice,lab,undergraduate,high,late,west,0
p_017055,retrieval_practice,remote,undergraduate,high,late,west,1
p_017056,retrieval_practice,lab,community,high,early,west,0
p_017057,rereading,remote,community,high,early,west,1
p_017058,retrieval_practice,remote,undergraduate,low,late,west,0
p_017059,rereading,lab,undergraduate,low,late,east,1
p_017060,retrieval_practice,remote,undergraduate,low,early,west,0
p_017061,retrieval_practice,lab,undergraduate,high,early,east,1
p_017062,rereading,remote,community,high,late,west,0
p_017063,rereading,remote,community,high,early,west,1
p_017064,rereading,remote,undergraduate,high,late,east,1
p_017065,retrieval_practice,remote,community,low,late,east,1
p_017066,retrieval_practice,remote,undergraduate,low,early,east,0
p_017067,rereading,lab,undergraduate,high,late,west,1
p_017068,retrieval_practice,remote,undergraduate,low,early,east,1
p_017069,retrieval_practice,remote,undergraduate,high,late,east,1
p_017070,retrieval_practice,remote,community,low,early,west,0
p_017071,retrieval_practice,lab,undergraduate,high,early,west,1
p_017072,rereading,lab,community,high,early,east,0
p_017073,retrieval_practice,lab,undergraduate,low,late,east,1
p_017074,retrieval_practice,lab,undergraduate,high,early,west,1
p_017075,rereading,remote,community,high,late,east,0
p_017076,retrieval_practice,remote,undergraduate,low,late,west,1
p_017077,retrieval_practice,lab,undergraduate,low,late,east,0
p_017078,retrieval_practice,remote,undergraduate,high,late,west,0
p_017079,retrieval_practice,lab,undergraduate,low,late,east,1
p_017080,rereading,remote,community,high,early,east,0
p_017081,rereading,remote,undergraduate,high,early,east,1
p_017082,retrieval_practice,lab,community,high,early,west,1
p_017083,retrieval_practice,lab,community,high,early,east,0
p_017084,retrieval_practice,lab,undergraduate,high,late,west,0
p_017085,retrieval_practice,lab,undergraduate,high,late,west,0
p_017086,rereading,lab,undergraduate,high,early,west,0
p_017087,retrieval_practice,lab,undergraduate,low,late,east,1
p_017088,retrieval_practice,lab,undergraduate,high,early,east,0
p_017089,rereading,remote,community,high,early,east,1
p_017090,retrieval_practice,remote,undergraduate,low,late,west,0
p_017091,retrieval_practice,lab,community,low,late,west,1
p_017092,retrieval_practice,lab,community,high,late,east,1
p_017093,rereading,remote,community,low,early,east,0
p_017094,retrieval_practice,remote,undergraduate,high,late,west,0
p_017095,retrieval_practice,lab,undergraduate,low,late,west,0
p_017096,rereading,lab,community,high,late,east,0
p_017097,retrieval_practice,lab,undergraduate,high,late,west,0
p_017098,rereading,remote,undergraduate,high,early,east,1
p_017099,rereading,remote,community,low,late,west,1
p_017100,retrieval_practice,remote,undergraduate,high,early,west,1
p_017101,rereading,lab,undergraduate,low,early,west,0
p_017102,retrieval_practice,remote,community,high,early,east,1
p_017103,rereading,remote,community,high,early,east,1
p_017104,rereading,remote,community,low,late,east,0
p_017105,rereading,remote,community,low,late,east,0
p_017106,rereading,remote,undergraduate,high,late,west,0
p_017107,retrieval_practice,remote,community,high,late,west,1
p_017108,retrieval_practice,lab,undergraduate,high,late,east,1
p_017109,retrieval_practice,lab,community,low,late,west,1
p_017110,retrieval_practice,lab,community,high,early,west,0
p_017111,retrieval_practice,lab,community,high,early,west,0
p_017112,rereading,remote,community,low,late,west,0
p_017113,rereading,lab,undergraduate,low,early,west,0
p_017114,rereading,lab,undergraduate,low,early,east,0
p_017115,retrieval_practice,remote,undergraduate,low,late,east,1
p_017116,retrieval_practice,lab,community,high,early,east,1
p_017117,retrieval_practice,lab,undergraduate,low,early,east,0
p_017118,retrieval_practice,lab,undergraduate,high,early,east,1
p_017119,retrieval_practice,lab,undergraduate,low,early,west,1
p_017120,retrieval_practice,remote,undergraduate,low,early,west,1
p_017121,retrieval_practice,remote,undergraduate,high,late,east,0
p_017122,retrieval_practice,remote,undergraduate,low,late,east,1
p_017123,rereading,lab,community,low,early,east,0
p_017124,retrieval_practice,lab,community,high,early,east,1
p_017125,rereading,remote,undergraduate,high,early,west,0
p_017126,retrieval_practice,remote,undergraduate,low,early,west,1
p_017127,retrieval_practice,remote,community,low,early,east,0
p_017128,rereading,lab,undergraduate,high,early,east,0
p_017129,retrieval_practice,lab,undergraduate,low,early,east,0
p_017130,rereading,remote,undergraduate,high,late,west,1
p_017131,rereading,lab,undergraduate,low,late,east,0
p_017132,rereading,lab,undergraduate,high,early,west,1
p_017133,retrieval_practice,lab,undergraduate,low,early,east,1
p_017134,retrieval_practice,lab,community,high,late,east,1
p_017135,rereading,remote,community,high,late,east,1
p_017136,rereading,lab,community,low,late,east,0
p_017137,rereading,remote,undergraduate,high,early,west,0
p_017138,rereading,lab,undergraduate,high,early,west,0
p_017139,rereading,remote,undergraduate,low,late,west,0
p_017140,rereading,lab,community,low,early,west,0
p_017141,rereading,lab,community,high,early,east,1
p_017142,rereading,remote,community,low,early,east,1
p_017143,rereading,lab,undergraduate,low,early,west,0
p_017144,retrieval_practice,remote,undergraduate,low,late,west,1
p_017145,rereading,lab,community,low,early,west,0
p_017146,rereading,lab,undergraduate,high,early,east,1
p_017147,rereading,lab,undergraduate,low,early,west,1
p_017148,retrieval_practice,remote,undergraduate,low,late,east,0
p_017149,rereading,remote,community,high,late,east,0
p_017150,rereading,lab,undergraduate,low,late,west,0
p_017151,rereading,lab,community,high,early,east,1
p_017152,retrieval_practice,remote,community,high,early,east,1
p_017153,rereading,lab,undergraduate,high,early,east,1
p_017154,rereading,lab,undergraduate,low,early,west,0
p_017155,retrieval_practice,remote,undergraduate,low,early,west,0
p_017156,rereading,remote,community,low,late,east,0
p_017157,retrieval_practice,lab,undergraduate,low,late,east,1
p_017158,retrieval_practice,remote,undergraduate,low,late,west,0
p_017159,retrieval_practice,lab,community,low,early,west,1
p_017160,rereading,lab,community,low,early,west,0
p_017161,retrieval_practice,remote,undergraduate,high,late,east,0
p_017162,rereading,remote,undergraduate,low,late,west,0
p_017163,retrieval_practice,remote,undergraduate,high,early,east,1
p_017164,rereading,remote,undergraduate,low,late,west,0
p_017165,rereading,remote,community,low,late,west,0
p_017166,rereading,lab,community,high,early,east,1
p_017167,retrieval_practice,remote,community,low,late,west,0
p_017168,retrieval_practice,lab,community,low,early,west,0
p_017169,retrieval_practice,remote,community,low,early,east,1
p_017170,rereading,lab,undergraduate,high,early,west,1
p_017171,rereading,lab,community,high,early,east,0
p_017172,retrieval_practice,lab,undergraduate,high,early,west,1
p_017173,retrieval_practice,lab,undergraduate,low,late,west,1
p_017174,retrieval_practice,lab,undergraduate,low,late,west,1
p_017175,rereading,lab,community,high,early,west,1
p_017176,retrieval_practice,lab,undergraduate,low,early,east,1
p_017177,retrieval_practice,lab,undergraduate,low,early,east,1
p_017178,rereading,remote,community,low,late,west,1
p_017179,rereading,remote,undergraduate,high,late,east,0
p_017180,retrieval_practice,lab,undergraduate,low,early,west,1
p_017181,retrieval_practice,lab,community,low,late,east,0
p_017182,rereading,lab,community,high,late,west,1
p_017183,retrieval_practice,lab,undergraduate,high,early,west,1
p_017184,rereading,remote,community,high,early,west,1
p_017185,rereading,lab,undergraduate,high,early,west,0
p_017186,rereading,lab,undergraduate,high,late,east,0
p_017187,retrieval_practice,lab,community,low,early,east,0
p_017188,retrieval_practice,lab,community,high,late,east,1
p_017189,retrieval_practice,remote,undergraduate,high,early,east,1
p_017190,retrieval_practice,lab,undergraduate,high,early,west,0
p_017191,retrieval_practice,remote,undergraduate,low,early,west,1
p_017192,retrieval_practice,remote,undergraduate,high,early,west,0
p_017193,retrieval_practice,lab,community,low,early,east,0
p_017194,retrieval_practice,remote,undergraduate,low,late,east,1
p_017195,retrieval_practice,lab,undergraduate,high,early,east,0
p_017196,rereading,lab,undergraduate,low,early,east,1
p_017197,rereading,lab,community,low,late,west,1
p_017198,rereading,remote,undergraduate,low,late,west,1
p_017199,retrieval_practice,lab,undergraduate,low,early,west,1
p_017200,retrieval_practice,remote,undergraduate,high,early,west,0
p_017201,rereading,lab,community,low,late,east,1
p_017202,retrieval_practice,remote,undergraduate,high,early,east,0
p_017203,rereading,remote,undergraduate,high,late,east,0
p_017204,retrieval_practice,remote,undergraduate,high,late,west,0
p_017205,retrieval_practice,remote,undergraduate,high,early,west,0
p_017206,retrieval_practice,lab,undergraduate,low,early,west,1
p_017207,retrieval_practice,lab,undergraduate,high,late,west,1
p_017208,retrieval_practice,lab,community,high,early,west,0
p_017209,rereading,lab,undergraduate,high,late,west,1
p_017210,rereading,remote,community,high,early,west,0
p_017211,retrieval_practice,lab,undergraduate,low,early,west,1
p_017212,retrieval_practice,lab,undergraduate,low,early,west,0
p_017213,rereading,lab,undergraduate,low,early,east,1
p_017214,retrieval_practice,remote,undergraduate,low,early,west,1
p_017215,retrieval_practice,remote,undergraduate,high,early,east,1
p_017216,retrieval_practice,remote,undergraduate,high,early,east,0
p_017217,retrieval_practice,remote,community,high,early,west,0
p_017218,retrieval_practice,lab,undergraduate,low,late,west,1
p_017219,rereading,remote,community,low,early,east,0
p_017220,retrieval_practice,lab,community,low,late,east,0
p_017221,rereading,lab,community,low,late,east,1
p_017222,rereading,remote,undergraduate,low,early,east,0
p_017223,retrieval_practice,lab,undergraduate,low,early,east,1
p_017224,retrieval_practice,lab,undergraduate,high,early,east,1
p_017225,retrieval_practice,lab,undergraduate,low,late,west,1
p_017226,rereading,remote,community,low,early,west,1
p_017227,rereading,remote,undergraduate,low,early,east,0
p_017228,retrieval_practice,lab,undergraduate,low,early,east,0
p_017229,rereading,lab,undergraduate,high,late,east,1
p_017230,rereading,lab,undergraduate,high,early,east,1
p_017231,rereading,lab,undergraduate,low,late,west,0
p_017232,retrieval_practice,lab,undergraduate,high,early,west,1
p_017233,retrieval_practice,lab,undergraduate,low,early,east,1
p_017234,retrieval_practice,remote,undergraduate,high,late,west,1
p_017235,rereading,lab,community,high,late,east,1
p_017236,rereading,remote,undergraduate,low,early,west,0
p_017237,rereading,lab,undergraduate,high,late,east,0
p_017238,rereading,lab,community,high,early,west,0
p_017239,rereading,lab,community,low,late,east,0
p_017240,retrieval_practice,lab,undergraduate,low,late,west,0
p_017241,retrieval_practice,lab,undergraduate,low,early,east,0
p_017242,rereading,lab,community,high,early,east,0
p_017243,retrieval_practice,remote,undergraduate,high,early,west,0
p_017244,rereading,remote,undergraduate,high,early,east,0
p_017245,retrieval_practice,remote,undergraduate,high,early,east,0
p_017246,retrieval_practice,remote,undergraduate,low,late,west,0
p_017247,rereading,lab,undergraduate,low,late,east,1
p_017248,retrieval_practice,remote,undergraduate,low,early,east,1
p_017249,retrieval_practice,lab,undergraduate,high,late,east,1
p_017250,rereading,remote,community,low,early,east,0
p_017251,retrieval_practice,lab,undergraduate,low,early,east,0
p_017252,retrieval_practice,lab,community,low,early,east,0
p_017253,rereading,remote,undergraduate,high,early,west,1
p_017254,retrieval_practice,remote,undergraduate,high,early,west,0
p_017255,retrieval_practice,remote,community,low,early,west,1
p_017256,rereading,remote,community,low,early,west,0
p_017257,retrieval_practice,lab,community,low,early,east,0
p_017258,rereading,lab,undergraduate,low,late,west,1
p_017259,retrieval_practice,remote,undergraduate,low,early,west,1
p_017260,rereading,lab,undergraduate,low,early,west,0
p_017261,retrieval_practice,lab,undergraduate,high,early,east,0
p_017262,rereading,lab,undergraduate,high,early,west,1
p_017263,retrieval_practice,remote,undergraduate,low,early,east,0
p_017264,retrieval_practice,lab,community,high,early,east,1
p_017265,rereading,lab,community,high,late,east,0
p_017266,retrieval_practice,lab,undergraduate,low,late,east,0
p_017267,retrieval_practice,remote,community,low,early,west,1
p_017268,retrieval_practice,lab,undergraduate,high,late,west,1
p_017269,rereading,remote,undergraduate,high,late,west,0
p_017270,rereading,remote,undergraduate,high,late,east,0
p_017271,rereading,remote,undergraduate,high,late,west,1
p_017272,rereading,lab,undergraduate,high,late,west,1
p_017273,retrieval_practice,remote,undergraduate,low,early,west,1
p_017274,rereading,remote,community,high,late,west,0
p_017275,retrieval_practice,lab,undergraduate,high,early,east,1
p_017276,retrieval_practice,remote,undergraduate,low,early,east,1
p_017277,rereading,lab,undergraduate,high,early,east,0
p_017278,rereading,lab,undergraduate,low,early,west,1
p_017279,retrieval_practice,lab,undergraduate,low,late,east,1
p_017280,retrieval_practice,lab,undergraduate,low,early,east,0
p_017281,retrieval_practice,remote,community,low,early,east,1
p_017282,rereading,lab,community,high,late,west,1
p_017283,retrieval_practice,lab,community,low,late,west,1
p_017284,rereading,remote,undergraduate,low,early,east,0
p_017285,rereading,remote,community,high,early,east,0
p_017286,retrieval_practice,remote,undergraduate,high,early,east,0
p_017287,retrieval_practice,lab,undergraduate,low,early,west,1
p_017288,retrieval_practice,lab,undergraduate,low,early,east,1
p_017289,retrieval_practice,lab,community,low,early,west,0
p_017290,retrieval_practice,lab,undergraduate,low,early,west,0
p_017291,rereading,remote,undergraduate,low,early,east,0
p_017292,rereading,remote,undergraduate,low,late,east,0
p_017293,rereading,lab,community,high,early,west,0
p_017294,retrieval_practice,lab,community,low,early,east,1
p_017295,rereading,remote,undergraduate,low,late,west,1
p_017296,retrieval_practice,remote,community,low,late,east,1
p_017297,retrieval_practice,remote,undergraduate,high,early,west,0
p_017298,retrieval_practice,remote,community,low,early,west,0
p_017299,retrieval_practice,remote,community,high,late,east,0
p_017300,rereading,lab,undergraduate,high,late,east,1
p_017301,retrieval_practice,remote,undergraduate,low,late,east,0
p_017302,retrieval_practice,lab,undergraduate,high,early,west,0
p_017303,retrieval_practice,remote,undergraduate,low,late,west,0
p_017304,rereading,remote,undergraduate,high,early,west,0
p_017305,rereading,lab,undergraduate,high,early,east,1
p_017306,retrieval_practice,lab,community,high,early,west,1
p_017307,rereading,lab,undergraduate,high,late,west,0
p_017308,rereading,remote,undergraduate,high,late,east,0
p_017309,rereading,remote,community,high,early,west,0
p_017310,rereading,lab,community,high,early,west,0
p_017311,rereading,lab,community,low,late,east,1
p_017312,rereading,remote,undergraduate,low,early,east,0
p_017313,rereading,lab,community,high,late,west,1
p_017314,retrieval_practice,lab,undergraduate,low,early,east,0
p_017315,rereading,lab,undergraduate,high,late,east,1
p_017316,retrieval_practice,remote,undergraduate,low,late,east,0
p_017317,retrieval_practice,lab,undergraduate,high,late,west,0
p_017318,retrieval_practice,remote,undergraduate,high,early,west,0
p_017319,rereading,remote,community,high,late,east,0
p_017320,rereading,lab,community,low,early,east,1
p_017321,rereading,lab,community,high,late,west,0
p_017322,retrieval_practice,remote,undergraduate,low,late,east,0
p_017323,retrieval_practice,lab,community,high,late,east,0
p_017324,rereading,lab,community,high,early,west,0
p_017325,rereading,lab,undergraduate,high,late,east,0
p_017326,rereading,remote,undergraduate,high,early,west,0
p_017327,rereading,lab,community,high,late,west,0
p_017328,rereading,lab,undergraduate,low,early,east,0
p_017329,retrieval_practice,lab,undergraduate,low,late,west,0
p_017330,rereading,lab,community,low,late,east,0
p_017331,retrieval_practice,remote,community,high,early,east,0
p_017332,retrieval_practice,lab,undergraduate,high,early,west,0
p_017333,rereading,lab,undergraduate,low,late,west,1
p_017334,retrieval_practice,lab,undergraduate,low,late,east,0
p_017335,rereading,lab,community,low,early,west,1
p_017336,retrieval_practice,remote,undergraduate,high,early,west,1
p_017337,rereading,lab,undergraduate,high,late,east,0
p_017338,rereading,lab,community,high,late,west,1
p_017339,retrieval_practice,lab,community,high,early,east,0
p_017340,rereading,lab,undergraduate,low,late,east,0
p_017341,rereading,lab,undergraduate,high,early,east,0
p_017342,retrieval_practice,lab,undergraduate,low,late,east,1
p_017343,retrieval_practice,remote,undergraduate,low,late,west,1
p_017344,rereading,remote,undergraduate,low,early,west,0
p_017345,retrieval_practice,remote,community,low,early,east,0
p_017346,rereading,remote,undergraduate,low,late,east,0
p_017347,rereading,remote,undergraduate,low,late,east,1
p_017348,rereading,lab,undergraduate,high,late,west,1
p_017349,retrieval_practice,remote,undergraduate,low,early,east,0
p_017350,retrieval_practice,remote,undergraduate,high,late,west,1
p_017351,retrieval_practice,lab,community,low,late,east,1
p_017352,retrieval_practice,remote,undergraduate,high,late,east,1
p_017353,rereading,remote,undergraduate,low,late,west,1
p_017354,retrieval_practice,lab,undergraduate,low,late,east,0
p_017355,retrieval_practice,remote,community,high,early,east,0
p_017356,retrieval_practice,lab,community,high,late,east,1
p_017357,retrieval_practice,remote,community,low,early,west,1
p_017358,rereading,remote,undergraduate,low,early,west,1
p_017359,rereading,lab,community,high,late,west,1
p_017360,retrieval_practice,remote,undergraduate,low,late,west,1
p_017361,retrieval_practice,lab,undergraduate,low,late,east,0
p_017362,retrieval_practice,remote,undergraduate,low,late,west,0
p_017363,rereading,remote,undergraduate,high,late,west,1
p_017364,rereading,lab,undergraduate,low,late,west,0
p_017365,retrieval_practice,lab,undergraduate,high,early,east,0
p_017366,rereading,lab,undergraduate,high,late,west,0
p_017367,rereading,remote,community,high,late,west,0
p_017368,retrieval_practice,lab,undergraduate,low,early,west,1
p_017369,retrieval_practice,remote,undergraduate,high,late,east,0
p_017370,retrieval_practice,lab,undergraduate,high,late,west,0
p_017371,retrieval_practice,remote,community,high,early,west,1
p_017372,retrieval_practice,remote,community,low,late,east,1
p_017373,rereading,lab,community,low,late,east,0
p_017374,retrieval_practice,remote,community,low,late,east,1
p_017375,retrieval_practice,lab,undergraduate,low,late,west,0
p_017376,retrieval_practice,lab,community,high,late,east,0
p_017377,retrieval_practice,remote,undergraduate,low,late,west,1
p_017378,retrieval_practice,lab,undergraduate,low,late,east,1
p_017379,retrieval_practice,lab,undergraduate,high,early,west,0
p_017380,rereading,lab,community,high,early,east,0
p_017381,retrieval_practice,remote,community,high,early,east,0
p_017382,retrieval_practice,remote,undergraduate,high,early,west,1
p_017383,rereading,lab,community,high,early,west,0
p_017384,retrieval_practice,lab,community,high,late,west,1
p_017385,retrieval_practice,lab,undergraduate,high,early,west,0
p_017386,retrieval_practice,lab,community,low,late,west,0
p_017387,retrieval_practice,lab,community,low,late,east,0
p_017388,rereading,lab,undergraduate,high,early,west,1
p_017389,rereading,remote,community,low,late,east,1
p_017390,rereading,remote,undergraduate,high,early,east,1
p_017391,retrieval_practice,remote,undergraduate,low,late,east,0
p_017392,retrieval_practice,remote,community,high,late,east,1
p_017393,retrieval_practice,lab,undergraduate,high,early,east,1
p_017394,retrieval_practice,remote,community,low,late,east,0
p_017395,retrieval_practice,lab,community,high,early,west,1
p_017396,retrieval_practice,lab,undergraduate,low,early,east,0
p_017397,retrieval_practice,lab,undergraduate,high,late,east,1
p_017398,rereading,remote,community,high,late,east,0
p_017399,retrieval_practice,lab,community,high,early,east,1
p_017400,retrieval_practice,remote,community,high,late,east,0
p_017401,rereading,lab,undergraduate,high,early,east,1
p_017402,retrieval_practice,remote,undergraduate,high,early,east,1
p_017403,rereading,remote,undergraduate,high,early,east,1
p_017404,retrieval_practice,lab,undergraduate,low,late,east,0
p_017405,rereading,lab,community,high,early,east,1
p_017406,retrieval_practice,remote,community,high,early,east,1
p_017407,rereading,lab,community,high,late,west,0
p_017408,retrieval_practice,remote,community,low,late,east,0
p_017409,retrieval_practice,lab,undergraduate,high,early,east,1
p_017410,rereading,lab,undergraduate,low,late,east,0
p_017411,retrieval_practice,remote,community,low,late,east,0
p_017412,retrieval_practice,lab,community,high,late,west,0
p_017413,retrieval_practice,lab,undergraduate,high,early,west,1
p_017414,retrieval_practice,remote,community,low,late,east,1
p_017415,rereading,lab,undergraduate,low,early,east,1
p_017416,rereading,remote,undergraduate,low,early,east,0
p_017417,retrieval_practice,lab,community,low,early,west,0
p_017418,retrieval_practice,lab,undergraduate,low,late,east,0
p_017419,retrieval_practice,remote,community,high,late,west,1
p_017420,retrieval_practice,lab,undergraduate,low,early,east,0
p_017421,rereading,remote,undergraduate,high,late,east,1
p_017422,retrieval_practice,remote,undergraduate,high,late,west,0
p_017423,rereading,remote,community,high,late,east,1
p_017424,retrieval_practice,remote,community,high,early,west,0
p_017425,rereading,lab,community,low,early,east,1
p_017426,retrieval_practice,remote,undergraduate,low,early,west,0
p_017427,rereading,lab,community,low,early,east,0
p_017428,rereading,lab,undergraduate,high,early,west,1
p_017429,retrieval_practice,lab,undergraduate,high,late,west,0
p_017430,rereading,remote,undergraduate,low,early,east,0
p_017431,rereading,lab,community,low,early,east,1
p_017432,retrieval_practice,remote,undergraduate,low,early,east,0
p_017433,retrieval_practice,lab,undergraduate,high,early,west,1
p_017434,rereading,remote,undergraduate,high,late,east,0
p_017435,retrieval_practice,lab,undergraduate,high,early,east,1
p_017436,rereading,lab,community,low,late,east,1
p_017437,rereading,remote,undergraduate,low,late,east,1
p_017438,rereading,remote,community,low,early,east,1
p_017439,rereading,lab,community,high,late,west,1
p_017440,retrieval_practice,lab,community,low,late,east,0
p_017441,rereading,lab,undergraduate,high,late,east,1
p_017442,rereading,lab,undergraduate,low,late,west,0
p_017443,rereading,remote,undergraduate,low,late,east,1
p_017444,retrieval_practice,lab,undergraduate,high,early,east,0
p_017445,retrieval_practice,remote,undergraduate,low,late,west,0
p_017446,rereading,lab,community,low,late,west,1
p_017447,retrieval_practice,lab,community,high,early,east,1
p_017448,retrieval_practice,remote,community,high,late,east,0
p_017449,retrieval_practice,lab,community,high,late,east,0
p_017450,retrieval_practice,lab,undergraduate,high,early,east,1
p_017451,retrieval_practice,remote,community,low,late,east,1
p_017452,retrieval_practice,remote,community,high,late,east,0
p_017453,rereading,remote,community,high,early,west,1
p_017454,retrieval_practice,lab,undergraduate,low,late,west,0
p_017455,retrieval_practice,remote,undergraduate,high,early,west,0
p_017456,retrieval_practice,lab,community,low,late,east,0
p_017457,rereading,remote,undergraduate,low,early,west,0
p_017458,retrieval_practice,lab,undergraduate,low,early,east,0
p_017459,retrieval_practice,lab,undergraduate,high,late,west,1
p_017460,rereading,lab,undergraduate,low,late,east,1
p_017461,rereading,remote,undergraduate,high,late,west,1
p_017462,rereading,remote,community,low,early,east,0
p_017463,rereading,lab,community,low,late,west,0
p_017464,rereading,lab,undergraduate,high,late,west,1
p_017465,retrieval_practice,remote,undergraduate,high,early,west,1
p_017466,retrieval_practice,lab,undergraduate,high,early,west,0
p_017467,rereading,lab,undergraduate,low,late,west,0
p_017468,rereading,lab,undergraduate,low,late,east,0
p_017469,retrieval_practice,lab,undergraduate,low,late,west,0
p_017470,retrieval_practice,lab,undergraduate,high,late,east,1
p_017471,rereading,lab,undergraduate,high,early,west,1
p_017472,rereading,remote,community,high,late,east,0
p_017473,rereading,lab,undergraduate,high,early,west,1
p_017474,retrieval_practice,lab,undergraduate,high,early,west,0
p_017475,rereading,remote,community,high,early,east,1
p_017476,retrieval_practice,remote,undergraduate,low,early,west,0
p_017477,rereading,remote,community,high,late,east,1
p_017478,rereading,lab,undergraduate,high,early,west,0
p_017479,rereading,lab,undergraduate,low,early,east,1
p_017480,rereading,lab,undergraduate,high,early,west,0
p_017481,retrieval_practice,remote,community,low,late,west,1
p_017482,rereading,remote,undergraduate,high,early,west,1
p_017483,rereading,lab,community,high,late,west,0
p_017484,rereading,remote,undergraduate,high,early,west,0
p_017485,rereading,lab,undergraduate,high,late,west,1
p_017486,retrieval_practice,lab,undergraduate,low,early,west,1
p_017487,rereading,lab,undergraduate,high,late,west,1
p_017488,retrieval_practice,remote,undergraduate,low,early,west,1
p_017489,rereading,lab,undergraduate,low,late,east,1
p_017490,rereading,lab,community,high,early,west,1
p_017491,retrieval_practice,remote,undergraduate,low,late,west,0
p_017492,retrieval_practice,remote,community,high,early,east,1
p_017493,rereading,lab,undergraduate,low,early,east,0
p_017494,retrieval_practice,remote,undergraduate,low,early,west,0
p_017495,retrieval_practice,remote,community,low,early,west,0
p_017496,retrieval_practice,remote,undergraduate,low,late,west,1
p_017497,rereading,remote,community,high,late,east,1
p_017498,retrieval_practice,lab,community,high,early,east,0
p_017499,retrieval_practice,remote,community,low,late,west,0
p_017500,rereading,lab,community,low,late,west,0
p_017501,rereading,remote,undergraduate,low,early,west,0
p_017502,rereading,remote,community,high,late,east,1
p_017503,retrieval_practice,lab,community,low,early,west,0
p_017504,rereading,remote,undergraduate,low,early,east,0
p_017505,rereading,lab,community,high,late,west,0
p_017506,rereading,lab,undergraduate,low,early,west,1
p_017507,retrieval_practice,lab,community,low,late,east,0
p_017508,rereading,remote,undergraduate,high,late,west,0
p_017509,retrieval_practice,lab,undergraduate,low,late,west,0
p_017510,rereading,lab,undergraduate,low,early,west,0
p_017511,rereading,lab,undergraduate,high,late,east,1
p_017512,retrieval_practice,lab,undergraduate,low,late,west,1
p_017513,rereading,remote,community,high,early,west,0
p_017514,retrieval_practice,lab,undergraduate,high,late,west,1
p_017515,retrieval_practice,remote,community,high,late,west,1
p_017516,retrieval_practice,remote,undergraduate,low,early,east,0
p_017517,retrieval_practice,lab,undergraduate,low,early,east,1
p_017518,retrieval_practice,remote,community,low,late,west,0
p_017519,rereading,lab,community,low,late,west,0
p_017520,rereading,lab,undergraduate,high,early,west,1
p_017521,retrieval_practice,lab,community,high,late,west,1
p_017522,rereading,remote,community,high,early,west,1
p_017523,rereading,lab,community,high,late,east,1
p_017524,rereading,remote,community,low,early,west,1
p_017525,rereading,remote,undergraduate,low,early,west,0
p_017526,retrieval_practice,lab,community,high,early,west,0
p_017527,retrieval_practice,remote,community,high,early,east,0
p_017528,rereading,remote,undergraduate,low,late,east,0
p_017529,retrieval_practice,lab,undergraduate,low,late,west,1
p_017530,rereading,lab,community,high,early,east,0
p_017531,retrieval_practice,remote,undergraduate,low,early,east,0
p_017532,retrieval_practice,lab,community,high,early,west,1
